brand,model,model_year,transmission,price_tier,body_type,fuel_type,car_key
Honda,City,2015,Automatic,1. Eco (<300k),Sedan/SUV,Petrol/Diesel,1
Honda,City,2023,Automatic,2. Mid-Low (300k-500k),Sedan/SUV,Petrol/Diesel,2
BMW,220i,2025,Automatic,4. Premium (>1M),Sedan/SUV,Petrol/Diesel,3
Toyota,HILUX,2022,Automatic,2. Mid-Low (300k-500k),Sedan/SUV,Petrol/Diesel,4
Porsche,911,2016,Automatic,4. Premium (>1M),Sedan/SUV,Petrol/Diesel,5
Toyota,CAMRY,2012,Automatic,1. Eco (<300k),Sedan/SUV,Petrol/Diesel,6
Isuzu,MU-X,2021,Automatic,3. Mid-High (500k-1M),Sedan/SUV,Petrol/Diesel,7
Toyota,YARIS,2014,Automatic,1. Eco (<300k),Sedan/SUV,Petrol/Diesel,8
Isuzu,D-MAX,2025,Manual,3. Mid-High (500k-1M),Sedan/SUV,Petrol/Diesel,9
Honda,City,2014,Automatic,1. Eco (<300k),Sedan/SUV,Petrol/Diesel,10
Isuzu,D-MAX,2023,Automatic,3. Mid-High (500k-1M),Sedan/SUV,Petrol/Diesel,11
Toyota,Corolla,2021,Automatic,2. Mid-Low (300k-500k),Sedan/SUV,Petrol/Diesel,12
Isuzu,D-MAX,2020,Automatic,3. Mid-High (500k-1M),Sedan/SUV,Petrol/Diesel,13
Toyota,CAMRY,2022,Automatic,3. Mid-High (500k-1M),Sedan/SUV,Petrol/Diesel,14
Isuzu,D-MAX,2023,Manual,2. Mid-Low (300k-500k),Sedan/SUV,Petrol/Diesel,15
Isuzu,D-MAX,2025,Automatic,3. Mid-High (500k-1M),Sedan/SUV,Petrol/Diesel,16
Mazda,3,2020,Automatic,2. Mid-Low (300k-500k),Sedan/SUV,Petrol/Diesel,17
Toyota,HILUX,2019,Automatic,3. Mid-High (500k-1M),Sedan/SUV,Petrol/Diesel,18
Ford,RANGER,2020,Automatic,2. Mid-Low (300k-500k),Sedan/SUV,Petrol/Diesel,19
Ford,EVEREST,2023,Automatic,4. Premium (>1M),Sedan/SUV,Petrol/Diesel,20
Toyota,Corolla,2024,Automatic,3. Mid-High (500k-1M),Sedan/SUV,Petrol/Diesel,21
Mercedes-Benz,C220,2022,Automatic,4. Premium (>1M),Sedan/SUV,Petrol/Diesel,22
Volvo,V40,2014,Automatic,1. Eco (<300k),Sedan/SUV,Petrol/Diesel,23
Toyota,HILUX,2023,Automatic,3. Mid-High (500k-1M),Sedan/SUV,Petrol/Diesel,24
Ford,RANGER,2018,Automatic,2. Mid-Low (300k-500k),Sedan/SUV,Petrol/Diesel,25
Mercedes-Benz,GLC300,2020,Automatic,4. Premium (>1M),Sedan/SUV,Petrol/Diesel,26
Toyota,HILUX,2020,Automatic,3. Mid-High (500k-1M),Sedan/SUV,Petrol/Diesel,27
BMW,X3,2019,Automatic,4. Premium (>1M),Sedan/SUV,Petrol/Diesel,28
Honda,CR-V,2024,Automatic,4. Premium (>1M),Sedan/SUV,Petrol/Diesel,29
ORA,Good,2022,Automatic,2. Mid-Low (300k-500k),Sedan/SUV,Petrol/Diesel,30
Volkswagen,CARAVELLE,2017,Automatic,3. Mid-High (500k-1M),Sedan/SUV,Petrol/Diesel,31
BMW,520d,2017,Automatic,3. Mid-High (500k-1M),Sedan/SUV,Petrol/Diesel,32
Toyota,CAMRY,2015,Automatic,2. Mid-Low (300k-500k),Sedan/SUV,Petrol/Diesel,33
Nissan,NP,2016,Manual,1. Eco (<300k),Sedan/SUV,Petrol/Diesel,34
Isuzu,MU-X,2023,Automatic,3. Mid-High (500k-1M),Sedan/SUV,Petrol/Diesel,35
Toyota,CAMRY,2020,Automatic,3. Mid-High (500k-1M),Sedan/SUV,Petrol/Diesel,36
Mitsubishi,PAJERO,2021,Automatic,3. Mid-High (500k-1M),Sedan/SUV,Petrol/Diesel,37
Toyota,FORTUNER,2022,Automatic,3. Mid-High (500k-1M),Sedan/SUV,Petrol/Diesel,38
Honda,CR-V,2019,Automatic,3. Mid-High (500k-1M),Sedan/SUV,Petrol/Diesel,39
Honda,HR-V,2019,Automatic,2. Mid-Low (300k-500k),Sedan/SUV,Petrol/Diesel,40
Mercedes-Benz,E350,2019,Automatic,3. Mid-High (500k-1M),Sedan/SUV,Petrol/Diesel,41
Isuzu,MU-X,2018,Automatic,3. Mid-High (500k-1M),Sedan/SUV,Petrol/Diesel,42
Honda,City,2021,Automatic,2. Mid-Low (300k-500k),Sedan/SUV,Petrol/Diesel,43
Ford,RANGER,2015,Manual,1. Eco (<300k),Sedan/SUV,Petrol/Diesel,44
Toyota,CAMRY,2019,Automatic,3. Mid-High (500k-1M),Sedan/SUV,Petrol/Diesel,45
Honda,CR-V,2022,Automatic,3. Mid-High (500k-1M),Sedan/SUV,Petrol/Diesel,46
Honda,HR-V,2025,Automatic,3. Mid-High (500k-1M),Sedan/SUV,Petrol/Diesel,47
Honda,HR-V,2024,Automatic,3. Mid-High (500k-1M),Sedan/SUV,Petrol/Diesel,48
Mitsubishi,PAJERO,2023,Automatic,3. Mid-High (500k-1M),Sedan/SUV,Petrol/Diesel,49
Mazda,CX-5,2018,Automatic,2. Mid-Low (300k-500k),Sedan/SUV,Petrol/Diesel,50
Honda,CIVIC,2010,Automatic,1. Eco (<300k),Sedan/SUV,Petrol/Diesel,51
Toyota,Yaris,2018,Automatic,2. Mid-Low (300k-500k),Sedan/SUV,Petrol/Diesel,52
Honda,JAZZ,2021,Automatic,2. Mid-Low (300k-500k),Sedan/SUV,Petrol/Diesel,53
Toyota,YARIS,2017,Automatic,1. Eco (<300k),Sedan/SUV,Petrol/Diesel,54
Mitsubishi,TRITON,2023,Manual,2. Mid-Low (300k-500k),Sedan/SUV,Petrol/Diesel,55
Honda,City,2024,Automatic,3. Mid-High (500k-1M),Sedan/SUV,Petrol/Diesel,56
Toyota,Yaris,2022,Automatic,2. Mid-Low (300k-500k),Sedan/SUV,Petrol/Diesel,57
Mitsubishi,PAJERO,2020,Automatic,3. Mid-High (500k-1M),Sedan/SUV,Petrol/Diesel,58
Honda,ACCORD,2019,Automatic,3. Mid-High (500k-1M),Sedan/SUV,Petrol/Diesel,59
Isuzu,MU-X,2022,Automatic,3. Mid-High (500k-1M),Sedan/SUV,Petrol/Diesel,60
Suzuki,SWIFT,2022,Automatic,2. Mid-Low (300k-500k),Sedan/SUV,Petrol/Diesel,61
Toyota,VIOS,2021,Automatic,2. Mid-Low (300k-500k),Sedan/SUV,Petrol/Diesel,62
Ford,RANGER,2019,Automatic,2. Mid-Low (300k-500k),Sedan/SUV,Petrol/Diesel,63
Toyota,Corolla,2023,Automatic,3. Mid-High (500k-1M),Sedan/SUV,Petrol/Diesel,64
Isuzu,D-MAX,2024,Manual,3. Mid-High (500k-1M),Sedan/SUV,Petrol/Diesel,65
Toyota,YARIS,2022,Automatic,2. Mid-Low (300k-500k),Sedan/SUV,Petrol/Diesel,66
Mazda,CX-5,2022,Automatic,3. Mid-High (500k-1M),Sedan/SUV,Petrol/Diesel,67
Honda,CR-V,2021,Automatic,3. Mid-High (500k-1M),Sedan/SUV,Petrol/Diesel,68
Toyota,HILUX,2022,Automatic,3. Mid-High (500k-1M),Sedan/SUV,Petrol/Diesel,69
Toyota,CAMRY,2018,Automatic,3. Mid-High (500k-1M),Sedan/SUV,Petrol/Diesel,70
Toyota,ALPHARD,2020,Automatic,4. Premium (>1M),Sedan/SUV,Petrol/Diesel,71
Toyota,FORTUNER,2014,Automatic,2. Mid-Low (300k-500k),Sedan/SUV,Petrol/Diesel,72
Isuzu,D-MAX,2022,Manual,2. Mid-Low (300k-500k),Sedan/SUV,Petrol/Diesel,73
Toyota,AVANZA,2013,Automatic,1. Eco (<300k),Sedan/SUV,Petrol/Diesel,74
Toyota,HILUX,2015,Manual,1. Eco (<300k),Sedan/SUV,Petrol/Diesel,75
Hyundai,H-1,2022,Automatic,3. Mid-High (500k-1M),Sedan/SUV,Petrol/Diesel,76
Hyundai,H-1,2018,Automatic,3. Mid-High (500k-1M),Sedan/SUV,Petrol/Diesel,77
Hyundai,H-1,2014,Automatic,3. Mid-High (500k-1M),Sedan/SUV,Petrol/Diesel,78
Toyota,VELLFIRE,2018,Automatic,4. Premium (>1M),Sedan/SUV,Petrol/Diesel,79
Ford,RANGER,2017,Automatic,2. Mid-Low (300k-500k),Sedan/SUV,Petrol/Diesel,80
Mercedes-Benz,GLA250,2018,Automatic,3. Mid-High (500k-1M),Sedan/SUV,Petrol/Diesel,81
BMW,320d,2023,Automatic,4. Premium (>1M),Sedan/SUV,Petrol/Diesel,82
Toyota,ALPHARD,2016,Automatic,4. Premium (>1M),Sedan/SUV,Petrol/Diesel,83
Ford,EVEREST,2021,Automatic,3. Mid-High (500k-1M),Sedan/SUV,Petrol/Diesel,84
Ford,EVEREST,2020,Automatic,3. Mid-High (500k-1M),Sedan/SUV,Petrol/Diesel,85
Honda,JAZZ,2012,Automatic,1. Eco (<300k),Sedan/SUV,Petrol/Diesel,86
Honda,CIVIC,2019,Automatic,2. Mid-Low (300k-500k),Sedan/SUV,Petrol/Diesel,87
Honda,ACCORD,2021,Automatic,3. Mid-High (500k-1M),Sedan/SUV,Petrol/Diesel,88
Honda,CIVIC,2023,Automatic,3. Mid-High (500k-1M),Sedan/SUV,Petrol/Diesel,89
Ford,RANGER,2022,Manual,3. Mid-High (500k-1M),Sedan/SUV,Petrol/Diesel,90
Honda,City,2019,Automatic,2. Mid-Low (300k-500k),Sedan/SUV,Petrol/Diesel,91
Ford,EVEREST,2019,Automatic,3. Mid-High (500k-1M),Sedan/SUV,Petrol/Diesel,92
BMW,X6,2023,Automatic,4. Premium (>1M),Sedan/SUV,Petrol/Diesel,93
BMW,X1,2024,Automatic,4. Premium (>1M),Sedan/SUV,Petrol/Diesel,94
Mitsubishi,TRITON,2024,Automatic,3. Mid-High (500k-1M),Sedan/SUV,Petrol/Diesel,95
Mitsubishi,TRITON,2020,Manual,2. Mid-Low (300k-500k),Sedan/SUV,Petrol/Diesel,96
Mitsubishi,PAJERO,2017,Automatic,3. Mid-High (500k-1M),Sedan/SUV,Petrol/Diesel,97
Isuzu,MU-X,2019,Automatic,3. Mid-High (500k-1M),Sedan/SUV,Petrol/Diesel,98
Isuzu,D-MAX,2014,Manual,1. Eco (<300k),Sedan/SUV,Petrol/Diesel,99
Mitsubishi,PAJERO,2019,Automatic,3. Mid-High (500k-1M),Sedan/SUV,Petrol/Diesel,100
Mazda,BT-50,2023,Manual,2. Mid-Low (300k-500k),Sedan/SUV,Petrol/Diesel,101
Nissan,ALMERA,2018,Automatic,1. Eco (<300k),Sedan/SUV,Petrol/Diesel,102
Nissan,ALMERA,2021,Automatic,2. Mid-Low (300k-500k),Sedan/SUV,Petrol/Diesel,103
Mitsubishi,TRITON,2022,Automatic,2. Mid-Low (300k-500k),Sedan/SUV,Petrol/Diesel,104
Mazda,CX-5,2018,Automatic,3. Mid-High (500k-1M),Sedan/SUV,Petrol/Diesel,105
Nissan,Terra,2023,Automatic,3. Mid-High (500k-1M),Sedan/SUV,Petrol/Diesel,106
Nissan,TEANA,2011,Automatic,1. Eco (<300k),Sedan/SUV,Petrol/Diesel,107
Nissan,ALMERA,2019,Automatic,1. Eco (<300k),Sedan/SUV,Petrol/Diesel,108
Nissan,ALMERA,2025,Automatic,2. Mid-Low (300k-500k),Sedan/SUV,Petrol/Diesel,109
Mazda,3,2020,Automatic,3. Mid-High (500k-1M),Sedan/SUV,Petrol/Diesel,110
Mazda,3,2023,Automatic,3. Mid-High (500k-1M),Sedan/SUV,Petrol/Diesel,111
Mazda,3,2021,Automatic,3. Mid-High (500k-1M),Sedan/SUV,Petrol/Diesel,112
Mazda,CX-30,2022,Automatic,3. Mid-High (500k-1M),Sedan/SUV,Petrol/Diesel,113
Nissan,ALMERA,2020,Automatic,2. Mid-Low (300k-500k),Sedan/SUV,Petrol/Diesel,114
Toyota,C-HR,2018,Automatic,2. Mid-Low (300k-500k),Sedan/SUV,Petrol/Diesel,115
Hyundai,Stargazer,2023,Automatic,3. Mid-High (500k-1M),Sedan/SUV,Petrol/Diesel,116
Suzuki,XL7,2021,Automatic,2. Mid-Low (300k-500k),Sedan/SUV,Petrol/Diesel,117
BMW,320d,2017,Automatic,3. Mid-High (500k-1M),Sedan/SUV,Petrol/Diesel,118
Ford,RANGER,2023,Automatic,3. Mid-High (500k-1M),Sedan/SUV,Petrol/Diesel,119
Toyota,HIACE,2019,Automatic,3. Mid-High (500k-1M),Sedan/SUV,Petrol/Diesel,120
Mazda,BT-50,2025,Automatic,3. Mid-High (500k-1M),Sedan/SUV,Petrol/Diesel,121
Toyota,FORTUNER,2017,Automatic,3. Mid-High (500k-1M),Sedan/SUV,Petrol/Diesel,122
Mitsubishi,TRITON,2020,Automatic,2. Mid-Low (300k-500k),Sedan/SUV,Petrol/Diesel,123
Ford,RANGER,2022,Automatic,2. Mid-Low (300k-500k),Sedan/SUV,Petrol/Diesel,124
Toyota,Yaris,2019,Automatic,2. Mid-Low (300k-500k),Sedan/SUV,Petrol/Diesel,125
Mazda,2,2018,Automatic,1. Eco (<300k),Sedan/SUV,Petrol/Diesel,126
Mitsubishi,PAJERO,2022,Automatic,3. Mid-High (500k-1M),Sedan/SUV,Petrol/Diesel,127
Mitsubishi,ATTRAGE,2016,Automatic,1. Eco (<300k),Sedan/SUV,Petrol/Diesel,128
Kia,GRAND,2019,Automatic,3. Mid-High (500k-1M),Sedan/SUV,Petrol/Diesel,129
Honda,CIVIC,2013,Automatic,1. Eco (<300k),Sedan/SUV,Petrol/Diesel,130
Nissan,X-TRAIL,2020,Automatic,3. Mid-High (500k-1M),Sedan/SUV,Petrol/Diesel,131
Mazda,CX-3,2023,Automatic,3. Mid-High (500k-1M),Sedan/SUV,Petrol/Diesel,132
Honda,CR-V,2023,Automatic,3. Mid-High (500k-1M),Sedan/SUV,Petrol/Diesel,133
Ford,EVEREST,2023,Automatic,3. Mid-High (500k-1M),Sedan/SUV,Petrol/Diesel,134
Mazda,3,2019,Automatic,3. Mid-High (500k-1M),Sedan/SUV,Petrol/Diesel,135
Toyota,Corolla,2017,Automatic,2. Mid-Low (300k-500k),Sedan/SUV,Petrol/Diesel,136
Mazda,2,2022,Automatic,2. Mid-Low (300k-500k),Sedan/SUV,Petrol/Diesel,137
Toyota,Corolla,2022,Automatic,3. Mid-High (500k-1M),Sedan/SUV,Petrol/Diesel,138
Honda,HR-V,2016,Automatic,2. Mid-Low (300k-500k),Sedan/SUV,Petrol/Diesel,139
Mazda,3,2024,Automatic,3. Mid-High (500k-1M),Sedan/SUV,Petrol/Diesel,140
Toyota,FORTUNER,2021,Automatic,3. Mid-High (500k-1M),Sedan/SUV,Petrol/Diesel,141
Mitsubishi,TRITON,2023,Automatic,3. Mid-High (500k-1M),Sedan/SUV,Petrol/Diesel,142
Mazda,CX-5,2020,Automatic,3. Mid-High (500k-1M),Sedan/SUV,Petrol/Diesel,143
Mazda,2,2019,Automatic,2. Mid-Low (300k-500k),Sedan/SUV,Petrol/Diesel,144
Mitsubishi,PAJERO,2014,Automatic,1. Eco (<300k),Sedan/SUV,Petrol/Diesel,145
Honda,BR-V,2018,Automatic,2. Mid-Low (300k-500k),Sedan/SUV,Petrol/Diesel,146
Toyota,HILUX,2023,Manual,2. Mid-Low (300k-500k),Sedan/SUV,Petrol/Diesel,147
Toyota,FORTUNER,2015,Automatic,3. Mid-High (500k-1M),Sedan/SUV,Petrol/Diesel,148
Nissan,SYLPHY,2014,Automatic,1. Eco (<300k),Sedan/SUV,Petrol/Diesel,149
Suzuki,SWIFT,2019,Automatic,1. Eco (<300k),Sedan/SUV,Petrol/Diesel,150
Honda,City,2019,Automatic,1. Eco (<300k),Sedan/SUV,Petrol/Diesel,151
Haval,H6,2021,Automatic,2. Mid-Low (300k-500k),Sedan/SUV,Petrol/Diesel,152
Toyota,Corolla,2019,Automatic,2. Mid-Low (300k-500k),Sedan/SUV,Petrol/Diesel,153
Suzuki,Ciaz,2017,Automatic,1. Eco (<300k),Sedan/SUV,Petrol/Diesel,154
Toyota,SIENTA,2018,Automatic,2. Mid-Low (300k-500k),Sedan/SUV,Petrol/Diesel,155
Nissan,NP,2020,Manual,1. Eco (<300k),Sedan/SUV,Petrol/Diesel,156
Toyota,Corolla,2015,Automatic,1. Eco (<300k),Sedan/SUV,Petrol/Diesel,157
Honda,CIVIC,2009,Automatic,1. Eco (<300k),Sedan/SUV,Petrol/Diesel,158
Honda,HR-V,2023,Automatic,3. Mid-High (500k-1M),Sedan/SUV,Petrol/Diesel,159
Toyota,Majesty,2020,Automatic,4. Premium (>1M),Sedan/SUV,Petrol/Diesel,160
Toyota,YARIS,2023,Automatic,2. Mid-Low (300k-500k),Sedan/SUV,Petrol/Diesel,161
Toyota,FORTUNER,2013,Automatic,2. Mid-Low (300k-500k),Sedan/SUV,Petrol/Diesel,162
Toyota,HILUX,2020,Automatic,2. Mid-Low (300k-500k),Sedan/SUV,Petrol/Diesel,163
ORA,Good,2021,Automatic,2. Mid-Low (300k-500k),Sedan/SUV,Petrol/Diesel,164
Honda,CIVIC,2020,Automatic,2. Mid-Low (300k-500k),Sedan/SUV,Petrol/Diesel,165
MG,HS,2021,Automatic,2. Mid-Low (300k-500k),Sedan/SUV,Petrol/Diesel,166
Toyota,HILUX,2019,Automatic,2. Mid-Low (300k-500k),Sedan/SUV,Petrol/Diesel,167
Honda,City,2022,Automatic,2. Mid-Low (300k-500k),Sedan/SUV,Petrol/Diesel,168
Honda,City,2020,Automatic,2. Mid-Low (300k-500k),Sedan/SUV,Petrol/Diesel,169
Honda,HR-V,2017,Automatic,2. Mid-Low (300k-500k),Sedan/SUV,Petrol/Diesel,170
Honda,CR-V,2011,Automatic,1. Eco (<300k),Sedan/SUV,Petrol/Diesel,171
Toyota,YARIS,2008,Automatic,1. Eco (<300k),Sedan/SUV,Petrol/Diesel,172
MG,MG3,2017,Automatic,1. Eco (<300k),Sedan/SUV,Petrol/Diesel,173
Toyota,Veloz,2022,Automatic,3. Mid-High (500k-1M),Sedan/SUV,Petrol/Diesel,174
Honda,ACCORD,2017,Automatic,2. Mid-Low (300k-500k),Sedan/SUV,Petrol/Diesel,175
Toyota,COROLLA,1999,Automatic,1. Eco (<300k),Sedan/SUV,Petrol/Diesel,176
Toyota,CELICA,1997,Manual,3. Mid-High (500k-1M),Sedan/SUV,Petrol/Diesel,177
MG,MG3,2019,Automatic,1. Eco (<300k),Sedan/SUV,Petrol/Diesel,178
Toyota,HILUX,1997,Manual,1. Eco (<300k),Sedan/SUV,Petrol/Diesel,179
Toyota,HILUX,2016,Manual,1. Eco (<300k),Sedan/SUV,Petrol/Diesel,180
Toyota,YARIS,2018,Automatic,1. Eco (<300k),Sedan/SUV,Petrol/Diesel,181
Nissan,MARCH,2014,Manual,1. Eco (<300k),Sedan/SUV,Petrol/Diesel,182
Honda,City,2013,Automatic,1. Eco (<300k),Sedan/SUV,Petrol/Diesel,183
Toyota,CAMRY,2014,Automatic,1. Eco (<300k),Sedan/SUV,Petrol/Diesel,184
Hyundai,H-1,2014,Automatic,2. Mid-Low (300k-500k),Sedan/SUV,Petrol/Diesel,185
Toyota,YARIS,2015,Automatic,1. Eco (<300k),Sedan/SUV,Petrol/Diesel,186
Mitsubishi,PAJERO,2011,Automatic,1. Eco (<300k),Sedan/SUV,Petrol/Diesel,187
Ford,RANGER,2013,Automatic,1. Eco (<300k),Sedan/SUV,Petrol/Diesel,188
Mitsubishi,PAJERO,2010,Automatic,1. Eco (<300k),Sedan/SUV,Petrol/Diesel,189
Mercedes-Benz,C200,2005,Automatic,1. Eco (<300k),Sedan/SUV,Petrol/Diesel,190
Toyota,Yaris,2024,Automatic,2. Mid-Low (300k-500k),Sedan/SUV,Petrol/Diesel,191
BMW,218i,2016,Automatic,2. Mid-Low (300k-500k),Sedan/SUV,Petrol/Diesel,192
Land,Rover,2024,Automatic,4. Premium (>1M),Sedan/SUV,Petrol/Diesel,193
Toyota,FORTUNER,2020,Automatic,3. Mid-High (500k-1M),Sedan/SUV,Petrol/Diesel,194
Honda,CR-V,2013,Automatic,1. Eco (<300k),Sedan/SUV,Petrol/Diesel,195
Toyota,Yaris,2019,Automatic,1. Eco (<300k),Sedan/SUV,Petrol/Diesel,196
Hyundai,H-1,2017,Automatic,2. Mid-Low (300k-500k),Sedan/SUV,Petrol/Diesel,197
BMW,530e,2025,Automatic,4. Premium (>1M),Sedan/SUV,Petrol/Diesel,198
BMW,330e,2025,Automatic,4. Premium (>1M),Sedan/SUV,Petrol/Diesel,199
BMW,330e,2021,Automatic,4. Premium (>1M),Sedan/SUV,Petrol/Diesel,200
BMW,330e,2020,Automatic,4. Premium (>1M),Sedan/SUV,Petrol/Diesel,201
BMW,X1,2021,Automatic,4. Premium (>1M),Sedan/SUV,Petrol/Diesel,202
BMW,320d,2024,Automatic,4. Premium (>1M),Sedan/SUV,Petrol/Diesel,203
BMW,iX3,2021,Automatic,4. Premium (>1M),Sedan/SUV,Petrol/Diesel,204
Mercedes-Benz,CLS300,2020,Automatic,4. Premium (>1M),Sedan/SUV,Petrol/Diesel,205
BMW,X3,2025,Automatic,4. Premium (>1M),Sedan/SUV,Petrol/Diesel,206
Mini,COOPER,2020,Automatic,4. Premium (>1M),Sedan/SUV,Petrol/Diesel,207
Mercedes-Benz,C220,2020,Automatic,4. Premium (>1M),Sedan/SUV,Petrol/Diesel,208
Honda,JAZZ,2015,Automatic,2. Mid-Low (300k-500k),Sedan/SUV,Petrol/Diesel,209
BMW,X1,2014,Automatic,2. Mid-Low (300k-500k),Sedan/SUV,Petrol/Diesel,210
Toyota,VIOS,2014,Automatic,1. Eco (<300k),Sedan/SUV,Petrol/Diesel,211
Honda,ACCORD,2007,Automatic,1. Eco (<300k),Sedan/SUV,Petrol/Diesel,212
Isuzu,MU-X,2015,Automatic,2. Mid-Low (300k-500k),Sedan/SUV,Petrol/Diesel,213
Toyota,Corolla,2020,Automatic,2. Mid-Low (300k-500k),Sedan/SUV,Petrol/Diesel,214
Toyota,CAMRY,2024,Automatic,4. Premium (>1M),Sedan/SUV,Petrol/Diesel,215
Honda,CR-V,2013,Automatic,2. Mid-Low (300k-500k),Sedan/SUV,Petrol/Diesel,216
Mitsubishi,TRITON,2019,Manual,2. Mid-Low (300k-500k),Sedan/SUV,Petrol/Diesel,217
Toyota,HILUX,2025,Automatic,3. Mid-High (500k-1M),Sedan/SUV,Petrol/Diesel,218
Honda,City,2024,Automatic,2. Mid-Low (300k-500k),Sedan/SUV,Petrol/Diesel,219
Mercedes-Benz,C220,2023,Automatic,4. Premium (>1M),Sedan/SUV,Petrol/Diesel,220
Honda,HR-V,2015,Automatic,2. Mid-Low (300k-500k),Sedan/SUV,Petrol/Diesel,221
Mitsubishi,PAJERO,2012,Automatic,2. Mid-Low (300k-500k),Sedan/SUV,Petrol/Diesel,222
Mercedes-Benz,E300,2022,Automatic,4. Premium (>1M),Sedan/SUV,Petrol/Diesel,223
Isuzu,D-MAX,2024,Automatic,3. Mid-High (500k-1M),Sedan/SUV,Petrol/Diesel,224
Honda,CR-V,2019,Automatic,2. Mid-Low (300k-500k),Sedan/SUV,Petrol/Diesel,225
Toyota,Corolla,2021,Automatic,3. Mid-High (500k-1M),Sedan/SUV,Petrol/Diesel,226
Mitsubishi,Xpander,2020,Automatic,2. Mid-Low (300k-500k),Sedan/SUV,Petrol/Diesel,227
MG,ZS,2021,Automatic,2. Mid-Low (300k-500k),Sedan/SUV,Petrol/Diesel,228
Mercedes-Benz,C180,2012,Automatic,2. Mid-Low (300k-500k),Sedan/SUV,Petrol/Diesel,229
Mitsubishi,TRITON,2018,Manual,1. Eco (<300k),Sedan/SUV,Petrol/Diesel,230
Mitsubishi,TRITON,2021,Manual,1. Eco (<300k),Sedan/SUV,Petrol/Diesel,231
Honda,ACCORD,2009,Automatic,1. Eco (<300k),Sedan/SUV,Petrol/Diesel,232
Isuzu,D-MAX,2021,Automatic,2. Mid-Low (300k-500k),Sedan/SUV,Petrol/Diesel,233
Honda,HR-V,2018,Automatic,2. Mid-Low (300k-500k),Sedan/SUV,Petrol/Diesel,234
Isuzu,MU-X,2014,Automatic,2. Mid-Low (300k-500k),Sedan/SUV,Petrol/Diesel,235
Honda,CR-V,2008,Automatic,1. Eco (<300k),Sedan/SUV,Petrol/Diesel,236
Toyota,FORTUNER,2013,Automatic,1. Eco (<300k),Sedan/SUV,Petrol/Diesel,237
Ford,EVEREST,2017,Automatic,2. Mid-Low (300k-500k),Sedan/SUV,Petrol/Diesel,238
Mercedes-Benz,E220,2017,Automatic,3. Mid-High (500k-1M),Sedan/SUV,Petrol/Diesel,239
BMW,220i,2024,Automatic,4. Premium (>1M),Sedan/SUV,Petrol/Diesel,240
Mercedes-Benz,C300,2020,Automatic,3. Mid-High (500k-1M),Sedan/SUV,Petrol/Diesel,241
BMW,320d,2019,Automatic,3. Mid-High (500k-1M),Sedan/SUV,Petrol/Diesel,242
Mercedes-Benz,E350,2017,Automatic,3. Mid-High (500k-1M),Sedan/SUV,Petrol/Diesel,243
BMW,X1,2023,Automatic,4. Premium (>1M),Sedan/SUV,Petrol/Diesel,244
Hyundai,H-1,2021,Automatic,3. Mid-High (500k-1M),Sedan/SUV,Petrol/Diesel,245
Mercedes-Benz,C300,2022,Automatic,3. Mid-High (500k-1M),Sedan/SUV,Petrol/Diesel,246
BMW,520d,2019,Automatic,4. Premium (>1M),Sedan/SUV,Petrol/Diesel,247
Mercedes-Benz,C43,2023,Automatic,4. Premium (>1M),Sedan/SUV,Petrol/Diesel,248
Mercedes-Benz,CLS220,2023,Automatic,4. Premium (>1M),Sedan/SUV,Petrol/Diesel,249
Toyota,HILUX,2024,Automatic,2. Mid-Low (300k-500k),Sedan/SUV,Petrol/Diesel,250
Isuzu,D-MAX,2023,Automatic,2. Mid-Low (300k-500k),Sedan/SUV,Petrol/Diesel,251
Toyota,VIOS,2017,Automatic,1. Eco (<300k),Sedan/SUV,Petrol/Diesel,252
Mazda,2,2020,Automatic,1. Eco (<300k),Sedan/SUV,Petrol/Diesel,253
Toyota,YARIS,2019,Automatic,1. Eco (<300k),Sedan/SUV,Petrol/Diesel,254
BMW,520d,2022,Automatic,4. Premium (>1M),Sedan/SUV,Petrol/Diesel,255
Porsche,CAYENNE,2026,Automatic,4. Premium (>1M),Sedan/SUV,Petrol/Diesel,256
Honda,HR-V,2020,Automatic,2. Mid-Low (300k-500k),Sedan/SUV,Petrol/Diesel,257
Porsche,MACAN,2025,Automatic,4. Premium (>1M),Sedan/SUV,Petrol/Diesel,258
Toyota,FORTUNER,2020,Automatic,4. Premium (>1M),Sedan/SUV,Petrol/Diesel,259
Hyundai,H-1,2020,Automatic,3. Mid-High (500k-1M),Sedan/SUV,Petrol/Diesel,260
Isuzu,D-MAX,2014,Automatic,2. Mid-Low (300k-500k),Sedan/SUV,Petrol/Diesel,261
Isuzu,D-MAX,2021,Automatic,3. Mid-High (500k-1M),Sedan/SUV,Petrol/Diesel,262
BMW,X5,2015,Automatic,3. Mid-High (500k-1M),Sedan/SUV,Petrol/Diesel,263
Toyota,FORTUNER,2010,Automatic,2. Mid-Low (300k-500k),Sedan/SUV,Petrol/Diesel,264
Isuzu,MU-X,2013,Automatic,2. Mid-Low (300k-500k),Sedan/SUV,Petrol/Diesel,265
Honda,CR-V,2020,Automatic,3. Mid-High (500k-1M),Sedan/SUV,Petrol/Diesel,266
Toyota,Veloz,2023,Automatic,2. Mid-Low (300k-500k),Sedan/SUV,Petrol/Diesel,267
Mazda,CX-3,2016,Automatic,1. Eco (<300k),Sedan/SUV,Petrol/Diesel,268
Mitsubishi,PAJERO,2014,Automatic,2. Mid-Low (300k-500k),Sedan/SUV,Petrol/Diesel,269
Mercedes-Benz,S300,2007,Automatic,2. Mid-Low (300k-500k),Sedan/SUV,Petrol/Diesel,270
Mazda,CX-30,2021,Automatic,3. Mid-High (500k-1M),Sedan/SUV,Petrol/Diesel,271
Mercedes-Benz,C250,2018,Automatic,4. Premium (>1M),Sedan/SUV,Petrol/Diesel,272
Toyota,ALPHARD,2015,Automatic,4. Premium (>1M),Sedan/SUV,Petrol/Diesel,273
Mitsubishi,PAJERO,2018,Automatic,3. Mid-High (500k-1M),Sedan/SUV,Petrol/Diesel,274
Honda,ACCORD,2011,Automatic,1. Eco (<300k),Sedan/SUV,Petrol/Diesel,275
Isuzu,MU-X,2016,Automatic,2. Mid-Low (300k-500k),Sedan/SUV,Petrol/Diesel,276
Toyota,CAMRY,2016,Automatic,2. Mid-Low (300k-500k),Sedan/SUV,Petrol/Diesel,277
Hyundai,H-1,2017,Automatic,3. Mid-High (500k-1M),Sedan/SUV,Petrol/Diesel,278
Honda,CIVIC,2018,Automatic,2. Mid-Low (300k-500k),Sedan/SUV,Petrol/Diesel,279
Honda,CIVIC,2021,Automatic,3. Mid-High (500k-1M),Sedan/SUV,Petrol/Diesel,280
Honda,CIVIC,2022,Automatic,3. Mid-High (500k-1M),Sedan/SUV,Petrol/Diesel,281
Isuzu,D-MAX,2020,Automatic,2. Mid-Low (300k-500k),Sedan/SUV,Petrol/Diesel,282
Honda,WR-V,2023,Automatic,3. Mid-High (500k-1M),Sedan/SUV,Petrol/Diesel,283
Honda,CIVIC,2025,Automatic,3. Mid-High (500k-1M),Sedan/SUV,Petrol/Diesel,284
Volvo,S60,2021,Automatic,3. Mid-High (500k-1M),Sedan/SUV,Petrol/Diesel,285
Honda,Brio,2013,Manual,1. Eco (<300k),Sedan/SUV,Petrol/Diesel,286
Mazda,CX-5,2014,Automatic,1. Eco (<300k),Sedan/SUV,Petrol/Diesel,287
Lamborghini,HURACAN,2015,Automatic,4. Premium (>1M),Sedan/SUV,Petrol/Diesel,288
Porsche,CAYENNE,2019,Automatic,4. Premium (>1M),Sedan/SUV,Petrol/Diesel,289
Mercedes-Benz,CLE300,2024,Automatic,3. Mid-High (500k-1M),Sedan/SUV,Petrol/Diesel,290
Mercedes-Benz,E220,2016,Automatic,3. Mid-High (500k-1M),Sedan/SUV,Petrol/Diesel,291
Porsche,911,2014,Automatic,4. Premium (>1M),Sedan/SUV,Petrol/Diesel,292
Toyota,HILUX,2021,Manual,3. Mid-High (500k-1M),Sedan/SUV,Petrol/Diesel,293
Mercedes-Benz,V250,2023,Automatic,4. Premium (>1M),Sedan/SUV,Petrol/Diesel,294
Mercedes-Benz,CLS220,2022,Automatic,4. Premium (>1M),Sedan/SUV,Petrol/Diesel,295
Jeep,WRANGLER,2021,Automatic,4. Premium (>1M),Sedan/SUV,Petrol/Diesel,296
Isuzu,MU-X,2017,Automatic,3. Mid-High (500k-1M),Sedan/SUV,Petrol/Diesel,297
Mini,Countryman,2022,Automatic,3. Mid-High (500k-1M),Sedan/SUV,Petrol/Diesel,298
Mazda,CX-8,2021,Automatic,3. Mid-High (500k-1M),Sedan/SUV,Petrol/Diesel,299
Mercedes-Benz,GLC220,2020,Automatic,4. Premium (>1M),Sedan/SUV,Petrol/Diesel,300
Chevrolet,COLORADO,2018,Manual,1. Eco (<300k),Sedan/SUV,Petrol/Diesel,301
Toyota,VIOS,2016,Automatic,1. Eco (<300k),Sedan/SUV,Petrol/Diesel,302
Mercedes-Benz,E220,2006,Automatic,1. Eco (<300k),Sedan/SUV,Petrol/Diesel,303
Toyota,YARIS,2016,Automatic,1. Eco (<300k),Sedan/SUV,Petrol/Diesel,304
Hyundai,H-1,2019,Automatic,3. Mid-High (500k-1M),Sedan/SUV,Petrol/Diesel,305
Mercedes-Benz,GLA200,2022,Automatic,3. Mid-High (500k-1M),Sedan/SUV,Petrol/Diesel,306
Mitsubishi,PAJERO,2018,Automatic,2. Mid-Low (300k-500k),Sedan/SUV,Petrol/Diesel,307
Honda,City,2012,Automatic,1. Eco (<300k),Sedan/SUV,Petrol/Diesel,308
Honda,JAZZ,2009,Automatic,1. Eco (<300k),Sedan/SUV,Petrol/Diesel,309
Honda,CIVIC,2016,Automatic,2. Mid-Low (300k-500k),Sedan/SUV,Petrol/Diesel,310
Tata,XENON,2010,Manual,1. Eco (<300k),Sedan/SUV,Petrol/Diesel,311
Subaru,BRZ,2023,Manual,4. Premium (>1M),Sedan/SUV,Petrol/Diesel,312
Nissan,TEANA,2014,Automatic,1. Eco (<300k),Sedan/SUV,Petrol/Diesel,313
Toyota,HILUX,2018,Automatic,2. Mid-Low (300k-500k),Sedan/SUV,Petrol/Diesel,314
Toyota,HILUX,2021,Automatic,3. Mid-High (500k-1M),Sedan/SUV,Petrol/Diesel,315
Toyota,CAMRY,2021,Automatic,3. Mid-High (500k-1M),Sedan/SUV,Petrol/Diesel,316
Toyota,VELLFIRE,2019,Automatic,4. Premium (>1M),Sedan/SUV,Petrol/Diesel,317
Honda,CIVIC,2014,Automatic,1. Eco (<300k),Sedan/SUV,Petrol/Diesel,318
Mazda,CX-5,2016,Automatic,2. Mid-Low (300k-500k),Sedan/SUV,Petrol/Diesel,319
Toyota,FORTUNER,2024,Automatic,3. Mid-High (500k-1M),Sedan/SUV,Petrol/Diesel,320
Toyota,FORTUNER,2022,Automatic,4. Premium (>1M),Sedan/SUV,Petrol/Diesel,321
Toyota,FORTUNER,2021,Automatic,4. Premium (>1M),Sedan/SUV,Petrol/Diesel,322
Toyota,Yaris,2020,Automatic,1. Eco (<300k),Sedan/SUV,Petrol/Diesel,323
Toyota,FORTUNER,2023,Automatic,3. Mid-High (500k-1M),Sedan/SUV,Petrol/Diesel,324
Toyota,FORTUNER,2025,Automatic,3. Mid-High (500k-1M),Sedan/SUV,Petrol/Diesel,325
Toyota,HIACE,2021,Manual,3. Mid-High (500k-1M),Sedan/SUV,Petrol/Diesel,326
Toyota,INNOVA,2022,Automatic,3. Mid-High (500k-1M),Sedan/SUV,Petrol/Diesel,327
Toyota,Corolla,2022,Automatic,2. Mid-Low (300k-500k),Sedan/SUV,Petrol/Diesel,328
Toyota,ALPHARD,2022,Automatic,4. Premium (>1M),Sedan/SUV,Petrol/Diesel,329
Toyota,ALPHARD,2019,Automatic,4. Premium (>1M),Sedan/SUV,Petrol/Diesel,330
Mazda,CX-8,2023,Automatic,3. Mid-High (500k-1M),Sedan/SUV,Petrol/Diesel,331
Hyundai,H-1,2016,Automatic,3. Mid-High (500k-1M),Sedan/SUV,Petrol/Diesel,332
Honda,ACCORD,2023,Automatic,3. Mid-High (500k-1M),Sedan/SUV,Petrol/Diesel,333
Honda,ACCORD,2022,Automatic,3. Mid-High (500k-1M),Sedan/SUV,Petrol/Diesel,334
Honda,ACCORD,2025,Automatic,4. Premium (>1M),Sedan/SUV,Petrol/Diesel,335
Honda,CR-V,2023,Automatic,4. Premium (>1M),Sedan/SUV,Petrol/Diesel,336
Mazda,2,2021,Automatic,1. Eco (<300k),Sedan/SUV,Petrol/Diesel,337
Honda,BR-V,2020,Automatic,2. Mid-Low (300k-500k),Sedan/SUV,Petrol/Diesel,338
MG,HS,2019,Automatic,2. Mid-Low (300k-500k),Sedan/SUV,Petrol/Diesel,339
Ford,EVEREST,2022,Automatic,4. Premium (>1M),Sedan/SUV,Petrol/Diesel,340
Ford,EVEREST,2021,Automatic,2. Mid-Low (300k-500k),Sedan/SUV,Petrol/Diesel,341
Toyota,HARRIER,2018,Automatic,3. Mid-High (500k-1M),Sedan/SUV,Petrol/Diesel,342
Ford,EVEREST,2024,Automatic,4. Premium (>1M),Sedan/SUV,Petrol/Diesel,343
Ford,EVEREST,2022,Automatic,3. Mid-High (500k-1M),Sedan/SUV,Petrol/Diesel,344
Mazda,CX-5,2016,Automatic,1. Eco (<300k),Sedan/SUV,Petrol/Diesel,345
Ford,EVEREST,2025,Automatic,4. Premium (>1M),Sedan/SUV,Petrol/Diesel,346
Toyota,FORTUNER,2012,Automatic,2. Mid-Low (300k-500k),Sedan/SUV,Petrol/Diesel,347
Mazda,CX-5,2017,Automatic,1. Eco (<300k),Sedan/SUV,Petrol/Diesel,348
Ford,RANGER,2022,Automatic,3. Mid-High (500k-1M),Sedan/SUV,Petrol/Diesel,349
Ford,RANGER,2024,Automatic,3. Mid-High (500k-1M),Sedan/SUV,Petrol/Diesel,350
Ford,RANGER,2023,Automatic,4. Premium (>1M),Sedan/SUV,Petrol/Diesel,351
Ford,RANGER,2020,Automatic,3. Mid-High (500k-1M),Sedan/SUV,Petrol/Diesel,352
Mercedes-Benz,C220,2018,Automatic,3. Mid-High (500k-1M),Sedan/SUV,Petrol/Diesel,353
Toyota,HIACE,2018,Manual,3. Mid-High (500k-1M),Sedan/SUV,Petrol/Diesel,354
Mercedes-Benz,SPRINTER,2017,Automatic,4. Premium (>1M),Sedan/SUV,Petrol/Diesel,355
BMW,520d,2023,Automatic,4. Premium (>1M),Sedan/SUV,Petrol/Diesel,356
Mercedes-Benz,S300,2009,Automatic,3. Mid-High (500k-1M),Sedan/SUV,Petrol/Diesel,357
Toyota,ESQUIRE,2015,Automatic,3. Mid-High (500k-1M),Sedan/SUV,Petrol/Diesel,358
Mercedes-Benz,S500,2017,Automatic,4. Premium (>1M),Sedan/SUV,Petrol/Diesel,359
BMW,330e,2023,Automatic,4. Premium (>1M),Sedan/SUV,Petrol/Diesel,360
BMW,325i,2007,Automatic,3. Mid-High (500k-1M),Sedan/SUV,Petrol/Diesel,361
Honda,HR-V,2022,Automatic,3. Mid-High (500k-1M),Sedan/SUV,Petrol/Diesel,362
BMW,X7,2023,Automatic,4. Premium (>1M),Sedan/SUV,Petrol/Diesel,363
Mercedes-Benz,S300,2016,Automatic,4. Premium (>1M),Sedan/SUV,Petrol/Diesel,364
BMW,X1,2022,Automatic,3. Mid-High (500k-1M),Sedan/SUV,Petrol/Diesel,365
Mercedes-Benz,GLA200,2021,Automatic,3. Mid-High (500k-1M),Sedan/SUV,Petrol/Diesel,366
Mercedes-Benz,CLS53,2019,Automatic,4. Premium (>1M),Sedan/SUV,Petrol/Diesel,367
Mercedes-Benz,C220,2020,Automatic,3. Mid-High (500k-1M),Sedan/SUV,Petrol/Diesel,368
Kia,PICANTO,2013,Automatic,1. Eco (<300k),Sedan/SUV,Petrol/Diesel,369
Mercedes-Benz,C350,2018,Automatic,3. Mid-High (500k-1M),Sedan/SUV,Petrol/Diesel,370
Ford,RANGER,2002,Manual,1. Eco (<300k),Sedan/SUV,Petrol/Diesel,371
Honda,CR-V,2017,Automatic,2. Mid-Low (300k-500k),Sedan/SUV,Petrol/Diesel,372
Honda,JAZZ,2013,Automatic,1. Eco (<300k),Sedan/SUV,Petrol/Diesel,373
BMW,530e,2020,Automatic,3. Mid-High (500k-1M),Sedan/SUV,Petrol/Diesel,374
Mitsubishi,Xpander,2024,Automatic,3. Mid-High (500k-1M),Sedan/SUV,Petrol/Diesel,375
Mercedes-Benz,C180,2002,Automatic,1. Eco (<300k),Sedan/SUV,Petrol/Diesel,376
Nissan,Kicks,2020,Automatic,2. Mid-Low (300k-500k),Sedan/SUV,Petrol/Diesel,377
Mercedes-Benz,CLA200,2018,Automatic,3. Mid-High (500k-1M),Sedan/SUV,Petrol/Diesel,378
Honda,HR-V,2020,Automatic,3. Mid-High (500k-1M),Sedan/SUV,Petrol/Diesel,379
Mercedes-Benz,GLS350,2021,Automatic,4. Premium (>1M),Sedan/SUV,Petrol/Diesel,380
MG,ZS,2021,Automatic,1. Eco (<300k),Sedan/SUV,Petrol/Diesel,381
Mercedes-Benz,CLA250,2019,Automatic,3. Mid-High (500k-1M),Sedan/SUV,Petrol/Diesel,382
Toyota,Majesty,2025,Automatic,4. Premium (>1M),Sedan/SUV,Petrol/Diesel,383
BMW,X5,2017,Automatic,3. Mid-High (500k-1M),Sedan/SUV,Petrol/Diesel,384
BMW,330e,2019,Automatic,3. Mid-High (500k-1M),Sedan/SUV,Petrol/Diesel,385
Mini,Countryman,2017,Automatic,3. Mid-High (500k-1M),Sedan/SUV,Petrol/Diesel,386
Honda,CIVIC,2019,Automatic,3. Mid-High (500k-1M),Sedan/SUV,Petrol/Diesel,387
Porsche,CAYENNE,2012,Automatic,3. Mid-High (500k-1M),Sedan/SUV,Petrol/Diesel,388
Mercedes-Benz,E220,2019,Automatic,4. Premium (>1M),Sedan/SUV,Petrol/Diesel,389
Lexus,LM300h,2021,Automatic,4. Premium (>1M),Sedan/SUV,Petrol/Diesel,390
BMW,M2,2023,Automatic,4. Premium (>1M),Sedan/SUV,Petrol/Diesel,391
Hyundai,H-1,2013,Automatic,2. Mid-Low (300k-500k),Sedan/SUV,Petrol/Diesel,392
Mercedes-Benz,S560,2022,Automatic,4. Premium (>1M),Sedan/SUV,Petrol/Diesel,393
BMW,M760e,2024,Automatic,4. Premium (>1M),Sedan/SUV,Petrol/Diesel,394
Isuzu,D-MAX,2020,Manual,1. Eco (<300k),Sedan/SUV,Petrol/Diesel,395
Mini,Countryman,2021,Automatic,4. Premium (>1M),Sedan/SUV,Petrol/Diesel,396
Toyota,FORTUNER,2016,Automatic,3. Mid-High (500k-1M),Sedan/SUV,Petrol/Diesel,397
Hyundai,Staria,2023,Automatic,3. Mid-High (500k-1M),Sedan/SUV,Petrol/Diesel,398
Mercedes-Benz,S400,2014,Automatic,3. Mid-High (500k-1M),Sedan/SUV,Petrol/Diesel,399
Honda,City,2018,Automatic,2. Mid-Low (300k-500k),Sedan/SUV,Petrol/Diesel,400
Honda,HR-V,2018,Automatic,3. Mid-High (500k-1M),Sedan/SUV,Petrol/Diesel,401
Mercedes-Benz,CLA180,2015,Automatic,2. Mid-Low (300k-500k),Sedan/SUV,Petrol/Diesel,402
Suzuki,SWIFT,2014,Automatic,1. Eco (<300k),Sedan/SUV,Petrol/Diesel,403
Honda,ACCORD,2013,Automatic,2. Mid-Low (300k-500k),Sedan/SUV,Petrol/Diesel,404
Toyota,FORTUNER,2018,Automatic,3. Mid-High (500k-1M),Sedan/SUV,Petrol/Diesel,405
Mercedes-Benz,GLA200,2021,Automatic,4. Premium (>1M),Sedan/SUV,Petrol/Diesel,406
Mercedes-Benz,GLC250,2018,Automatic,3. Mid-High (500k-1M),Sedan/SUV,Petrol/Diesel,407
Isuzu,D-MAX,2022,Automatic,2. Mid-Low (300k-500k),Sedan/SUV,Petrol/Diesel,408
Honda,CIVIC,2020,Automatic,3. Mid-High (500k-1M),Sedan/SUV,Petrol/Diesel,409
Mercedes-Benz,CLS300,2018,Automatic,4. Premium (>1M),Sedan/SUV,Petrol/Diesel,410
Mini,COOPER,2015,Automatic,3. Mid-High (500k-1M),Sedan/SUV,Petrol/Diesel,411
Mercedes-Benz,C350,2023,Automatic,4. Premium (>1M),Sedan/SUV,Petrol/Diesel,412
Subaru,XV,2015,Automatic,1. Eco (<300k),Sedan/SUV,Petrol/Diesel,413
Mercedes-Benz,CLK200,2009,Automatic,3. Mid-High (500k-1M),Sedan/SUV,Petrol/Diesel,414
BYD,Dolphin,2024,Automatic,2. Mid-Low (300k-500k),Sedan/SUV,Petrol/Diesel,415
Honda,ACCORD,2010,Automatic,1. Eco (<300k),Sedan/SUV,Petrol/Diesel,416
Volvo,EX30,2024,Automatic,3. Mid-High (500k-1M),Sedan/SUV,Petrol/Diesel,417
Ford,RANGER,2018,Automatic,3. Mid-High (500k-1M),Sedan/SUV,Petrol/Diesel,418
Mercedes-Benz,E200,2015,Automatic,3. Mid-High (500k-1M),Sedan/SUV,Petrol/Diesel,419
Mercedes-Benz,C220,2024,Automatic,4. Premium (>1M),Sedan/SUV,Petrol/Diesel,420
Mercedes-Benz,CLS350,2011,Automatic,3. Mid-High (500k-1M),Sedan/SUV,Petrol/Diesel,421
Toyota,FORTUNER,2008,Automatic,2. Mid-Low (300k-500k),Sedan/SUV,Petrol/Diesel,422
BMW,220i,2026,Automatic,4. Premium (>1M),Sedan/SUV,Petrol/Diesel,423
Toyota,YARIS,2015,Automatic,2. Mid-Low (300k-500k),Sedan/SUV,Petrol/Diesel,424
Nissan,LEAF,2020,Automatic,2. Mid-Low (300k-500k),Sedan/SUV,Petrol/Diesel,425
Nissan,ALMERA,2012,Automatic,1. Eco (<300k),Sedan/SUV,Petrol/Diesel,426
Nissan,Note,2018,Automatic,1. Eco (<300k),Sedan/SUV,Petrol/Diesel,427
Toyota,HILUX,2018,Manual,1. Eco (<300k),Sedan/SUV,Petrol/Diesel,428
Honda,CR-V,2017,Automatic,3. Mid-High (500k-1M),Sedan/SUV,Petrol/Diesel,429
Toyota,VIOS,2012,Automatic,1. Eco (<300k),Sedan/SUV,Petrol/Diesel,430
Nissan,MARCH,2018,Automatic,1. Eco (<300k),Sedan/SUV,Petrol/Diesel,431
Chevrolet,CAPTIVA,2010,Automatic,1. Eco (<300k),Sedan/SUV,Petrol/Diesel,432
Ford,FOCUS,2012,Automatic,1. Eco (<300k),Sedan/SUV,Petrol/Diesel,433
Honda,ACCORD,2020,Automatic,3. Mid-High (500k-1M),Sedan/SUV,Petrol/Diesel,434
Toyota,VIOS,2004,Automatic,1. Eco (<300k),Sedan/SUV,Petrol/Diesel,435
Volvo,S60,2014,Automatic,1. Eco (<300k),Sedan/SUV,Petrol/Diesel,436
Mercedes-Benz,E350,2018,Automatic,3. Mid-High (500k-1M),Sedan/SUV,Petrol/Diesel,437
Toyota,Yaris,2025,Automatic,2. Mid-Low (300k-500k),Sedan/SUV,Petrol/Diesel,438
Mitsubishi,MIRAGE,2022,Automatic,2. Mid-Low (300k-500k),Sedan/SUV,Petrol/Diesel,439
Honda,City,2016,Automatic,2. Mid-Low (300k-500k),Sedan/SUV,Petrol/Diesel,440
Kia,GRAND,2021,Automatic,3. Mid-High (500k-1M),Sedan/SUV,Petrol/Diesel,441
Chevrolet,CAPTIVA,2016,Automatic,2. Mid-Low (300k-500k),Sedan/SUV,Petrol/Diesel,442
Mitsubishi,Xpander,2023,Automatic,3. Mid-High (500k-1M),Sedan/SUV,Petrol/Diesel,443
MG,Maxus9,2023,Automatic,4. Premium (>1M),Sedan/SUV,Petrol/Diesel,444
Mazda,3,2014,Automatic,1. Eco (<300k),Sedan/SUV,Petrol/Diesel,445
MG,ZS,2019,Automatic,1. Eco (<300k),Sedan/SUV,Petrol/Diesel,446
Mercedes-Benz,S300,2015,Automatic,4. Premium (>1M),Sedan/SUV,Petrol/Diesel,447
Mercedes-Benz,C200,2021,Automatic,4. Premium (>1M),Sedan/SUV,Petrol/Diesel,448
Mercedes-Benz,C43,2019,Automatic,4. Premium (>1M),Sedan/SUV,Petrol/Diesel,449
Mercedes-Benz,CLS300,2021,Automatic,4. Premium (>1M),Sedan/SUV,Petrol/Diesel,450
Toyota,ALPHARD,2023,Automatic,4. Premium (>1M),Sedan/SUV,Petrol/Diesel,451
Toyota,ALPHARD,2021,Automatic,4. Premium (>1M),Sedan/SUV,Petrol/Diesel,452
Volvo,V60,2021,Automatic,3. Mid-High (500k-1M),Sedan/SUV,Petrol/Diesel,453
Mercedes-Benz,E300,2021,Automatic,4. Premium (>1M),Sedan/SUV,Petrol/Diesel,454
Toyota,FORTUNER,2023,Automatic,4. Premium (>1M),Sedan/SUV,Petrol/Diesel,455
Toyota,CAMRY,2022,Automatic,4. Premium (>1M),Sedan/SUV,Petrol/Diesel,456
Mercedes-Benz,GLC220,2023,Automatic,4. Premium (>1M),Sedan/SUV,Petrol/Diesel,457
Kia,GRAND,2015,Automatic,3. Mid-High (500k-1M),Sedan/SUV,Petrol/Diesel,458
Mercedes-Benz,A200,2022,Automatic,3. Mid-High (500k-1M),Sedan/SUV,Petrol/Diesel,459
Mercedes-Benz,CLS220,2021,Automatic,4. Premium (>1M),Sedan/SUV,Petrol/Diesel,460
Mercedes-Benz,A200,2023,Automatic,3. Mid-High (500k-1M),Sedan/SUV,Petrol/Diesel,461
BMW,iX,2023,Automatic,4. Premium (>1M),Sedan/SUV,Petrol/Diesel,462
Nissan,NP,2017,Automatic,2. Mid-Low (300k-500k),Sedan/SUV,Petrol/Diesel,463
Mercedes-Benz,CLS53,2020,Automatic,4. Premium (>1M),Sedan/SUV,Petrol/Diesel,464
Hyundai,H-1,2012,Automatic,3. Mid-High (500k-1M),Sedan/SUV,Petrol/Diesel,465
Honda,ACCORD,2018,Automatic,2. Mid-Low (300k-500k),Sedan/SUV,Petrol/Diesel,466
ORA,Good,2023,Automatic,2. Mid-Low (300k-500k),Sedan/SUV,Petrol/Diesel,467
TESLA,Model,2025,Automatic,4. Premium (>1M),Sedan/SUV,Petrol/Diesel,468
Honda,BR-V,2016,Automatic,2. Mid-Low (300k-500k),Sedan/SUV,Petrol/Diesel,469
BMW,X1,2018,Automatic,3. Mid-High (500k-1M),Sedan/SUV,Petrol/Diesel,470
Jeep,CHEROKEE,1997,Automatic,1. Eco (<300k),Sedan/SUV,Petrol/Diesel,471
Audi,A8,2022,Automatic,4. Premium (>1M),Sedan/SUV,Petrol/Diesel,472
Mazda,3,2022,Automatic,3. Mid-High (500k-1M),Sedan/SUV,Petrol/Diesel,473
Mitsubishi,Xpander,2019,Automatic,2. Mid-Low (300k-500k),Sedan/SUV,Petrol/Diesel,474
Honda,CIVIC,2004,Automatic,1. Eco (<300k),Sedan/SUV,Petrol/Diesel,475
Porsche,Taycan,2023,Automatic,4. Premium (>1M),Sedan/SUV,Petrol/Diesel,476
Isuzu,D-MAX,2022,Manual,3. Mid-High (500k-1M),Sedan/SUV,Petrol/Diesel,477
Toyota,HILUX,2021,Manual,2. Mid-Low (300k-500k),Sedan/SUV,Petrol/Diesel,478
Honda,CIVIC,2016,Automatic,3. Mid-High (500k-1M),Sedan/SUV,Petrol/Diesel,479
Nissan,Frontier,2010,Manual,1. Eco (<300k),Sedan/SUV,Petrol/Diesel,480
Mercedes-Benz,CLA250,2018,Automatic,3. Mid-High (500k-1M),Sedan/SUV,Petrol/Diesel,481
Honda,JAZZ,2018,Automatic,2. Mid-Low (300k-500k),Sedan/SUV,Petrol/Diesel,482
Mazda,CX-5,2019,Automatic,2. Mid-Low (300k-500k),Sedan/SUV,Petrol/Diesel,483
BMW,X1,2017,Automatic,3. Mid-High (500k-1M),Sedan/SUV,Petrol/Diesel,484
Honda,CR-V,2018,Automatic,2. Mid-Low (300k-500k),Sedan/SUV,Petrol/Diesel,485
Nissan,Frontier,2003,Manual,1. Eco (<300k),Sedan/SUV,Petrol/Diesel,486
Mercedes-Benz,E240,2001,Automatic,1. Eco (<300k),Sedan/SUV,Petrol/Diesel,487
Mini,Countryman,2015,Automatic,2. Mid-Low (300k-500k),Sedan/SUV,Petrol/Diesel,488
Toyota,ALPHARD,2009,Automatic,3. Mid-High (500k-1M),Sedan/SUV,Petrol/Diesel,489
Chevrolet,COLORADO,2012,Manual,1. Eco (<300k),Sedan/SUV,Petrol/Diesel,490
Toyota,ALPHARD,2013,Automatic,3. Mid-High (500k-1M),Sedan/SUV,Petrol/Diesel,491
Mazda,2,2017,Automatic,1. Eco (<300k),Sedan/SUV,Petrol/Diesel,492
Toyota,FORTUNER,2013,Automatic,3. Mid-High (500k-1M),Sedan/SUV,Petrol/Diesel,493
Volkswagen,CARAVELLE,2012,Automatic,2. Mid-Low (300k-500k),Sedan/SUV,Petrol/Diesel,494
Mitsubishi,PAJERO,2012,Automatic,1. Eco (<300k),Sedan/SUV,Petrol/Diesel,495
Toyota,INNOVA,2023,Automatic,3. Mid-High (500k-1M),Sedan/SUV,Petrol/Diesel,496
Mercedes-Benz,CLA200,2017,Automatic,2. Mid-Low (300k-500k),Sedan/SUV,Petrol/Diesel,497
Toyota,INNOVA,2021,Automatic,3. Mid-High (500k-1M),Sedan/SUV,Petrol/Diesel,498
Nissan,NP,2018,Manual,2. Mid-Low (300k-500k),Sedan/SUV,Petrol/Diesel,499
Audi,TT,2022,Automatic,4. Premium (>1M),Sedan/SUV,Petrol/Diesel,500
Honda,City,2007,Automatic,1. Eco (<300k),Sedan/SUV,Petrol/Diesel,501
Toyota,SIENTA,2021,Automatic,2. Mid-Low (300k-500k),Sedan/SUV,Petrol/Diesel,502
Honda,CIVIC,2007,Automatic,1. Eco (<300k),Sedan/SUV,Petrol/Diesel,503
Toyota,HILUX,2018,Manual,2. Mid-Low (300k-500k),Sedan/SUV,Petrol/Diesel,504
Mercedes-Benz,E200,2021,Automatic,4. Premium (>1M),Sedan/SUV,Petrol/Diesel,505
Mercedes-Benz,E200,2003,Automatic,1. Eco (<300k),Sedan/SUV,Petrol/Diesel,506
BMW,320d,2018,Automatic,3. Mid-High (500k-1M),Sedan/SUV,Petrol/Diesel,507
Mercedes-Benz,C300,2023,Automatic,3. Mid-High (500k-1M),Sedan/SUV,Petrol/Diesel,508
BMW,520d,2020,Automatic,3. Mid-High (500k-1M),Sedan/SUV,Petrol/Diesel,509
Toyota,VIOS,2013,Automatic,1. Eco (<300k),Sedan/SUV,Petrol/Diesel,510
Toyota,CAMRY,2023,Automatic,3. Mid-High (500k-1M),Sedan/SUV,Petrol/Diesel,511
Mitsubishi,TRITON,2016,Automatic,2. Mid-Low (300k-500k),Sedan/SUV,Petrol/Diesel,512
Mitsubishi,TRITON,2014,Automatic,1. Eco (<300k),Sedan/SUV,Petrol/Diesel,513
Isuzu,ELF,2011,Manual,1. Eco (<300k),Sedan/SUV,Petrol/Diesel,514
ORA,Good,2025,Automatic,2. Mid-Low (300k-500k),Sedan/SUV,Petrol/Diesel,515
MG,ZS,2022,Automatic,1. Eco (<300k),Sedan/SUV,Petrol/Diesel,516
Toyota,Corolla,2011,Automatic,1. Eco (<300k),Sedan/SUV,Petrol/Diesel,517
Mercedes-Benz,GLC350,2023,Automatic,4. Premium (>1M),Sedan/SUV,Petrol/Diesel,518
Honda,ACCORD,2016,Automatic,2. Mid-Low (300k-500k),Sedan/SUV,Petrol/Diesel,519
Isuzu,D-MAX,2022,Automatic,3. Mid-High (500k-1M),Sedan/SUV,Petrol/Diesel,520
Toyota,C-HR,2019,Automatic,2. Mid-Low (300k-500k),Sedan/SUV,Petrol/Diesel,521
Toyota,Yaris,2024,Automatic,3. Mid-High (500k-1M),Sedan/SUV,Petrol/Diesel,522
BMW,X1,2016,Automatic,2. Mid-Low (300k-500k),Sedan/SUV,Petrol/Diesel,523
Toyota,YARIS,2024,Automatic,2. Mid-Low (300k-500k),Sedan/SUV,Petrol/Diesel,524
BMW,525d,2015,Automatic,3. Mid-High (500k-1M),Sedan/SUV,Petrol/Diesel,525
Mazda,2,2021,Automatic,2. Mid-Low (300k-500k),Sedan/SUV,Petrol/Diesel,526
Mazda,CX-5,2019,Automatic,3. Mid-High (500k-1M),Sedan/SUV,Petrol/Diesel,527
Ford,EVEREST,2018,Automatic,3. Mid-High (500k-1M),Sedan/SUV,Petrol/Diesel,528
Toyota,SIENTA,2017,Automatic,2. Mid-Low (300k-500k),Sedan/SUV,Petrol/Diesel,529
Toyota,YARIS,2011,Automatic,1. Eco (<300k),Sedan/SUV,Petrol/Diesel,530
Toyota,Veloz,2023,Automatic,3. Mid-High (500k-1M),Sedan/SUV,Petrol/Diesel,531
DEEPAL,S07,2024,Automatic,3. Mid-High (500k-1M),Sedan/SUV,Petrol/Diesel,532
Isuzu,MU-X,2023,Automatic,4. Premium (>1M),Sedan/SUV,Petrol/Diesel,533
Toyota,CAMRY,2017,Automatic,3. Mid-High (500k-1M),Sedan/SUV,Petrol/Diesel,534
Mazda,CX-30,2020,Automatic,3. Mid-High (500k-1M),Sedan/SUV,Petrol/Diesel,535
Toyota,HILUX,2022,Manual,2. Mid-Low (300k-500k),Sedan/SUV,Petrol/Diesel,536
Honda,City,2022,Automatic,3. Mid-High (500k-1M),Sedan/SUV,Petrol/Diesel,537
Mercedes-Benz,S300,2011,Automatic,3. Mid-High (500k-1M),Sedan/SUV,Petrol/Diesel,538
Honda,JAZZ,2019,Automatic,2. Mid-Low (300k-500k),Sedan/SUV,Petrol/Diesel,539
Mercedes-Benz,S280,1995,Automatic,1. Eco (<300k),Sedan/SUV,Petrol/Diesel,540
Mercedes-Benz,E200,2005,Automatic,1. Eco (<300k),Sedan/SUV,Petrol/Diesel,541
Mitsubishi,PAJERO,2013,Manual,1. Eco (<300k),Sedan/SUV,Petrol/Diesel,542
Honda,CR-V,2002,Automatic,1. Eco (<300k),Sedan/SUV,Petrol/Diesel,543
Mercedes-Benz,E230,1996,Automatic,1. Eco (<300k),Sedan/SUV,Petrol/Diesel,544
BMW,525i,2005,Automatic,1. Eco (<300k),Sedan/SUV,Petrol/Diesel,545
Mercedes-Benz,S500,2001,Automatic,1. Eco (<300k),Sedan/SUV,Petrol/Diesel,546
Volvo,EX30,2025,Automatic,3. Mid-High (500k-1M),Sedan/SUV,Petrol/Diesel,547
Toyota,LAND,2005,Automatic,3. Mid-High (500k-1M),Sedan/SUV,Petrol/Diesel,548
Subaru,XV,2016,Automatic,1. Eco (<300k),Sedan/SUV,Petrol/Diesel,549
BMW,530e,2019,Automatic,3. Mid-High (500k-1M),Sedan/SUV,Petrol/Diesel,550
Honda,CIVIC,2017,Automatic,3. Mid-High (500k-1M),Sedan/SUV,Petrol/Diesel,551
BMW,520d,2011,Automatic,4. Premium (>1M),Sedan/SUV,Petrol/Diesel,552
Honda,ACCORD,2015,Automatic,2. Mid-Low (300k-500k),Sedan/SUV,Petrol/Diesel,553
Mercedes-Benz,GLC43,2018,Automatic,4. Premium (>1M),Sedan/SUV,Petrol/Diesel,554
Mercedes-Benz,GLC43,2020,Automatic,4. Premium (>1M),Sedan/SUV,Petrol/Diesel,555
BMW,520d,2012,Automatic,4. Premium (>1M),Sedan/SUV,Petrol/Diesel,556
Audi,A5,2023,Automatic,4. Premium (>1M),Sedan/SUV,Petrol/Diesel,557
Mercedes-Benz,C350,2016,Automatic,3. Mid-High (500k-1M),Sedan/SUV,Petrol/Diesel,558
Mercedes-Benz,GLS350,2022,Automatic,4. Premium (>1M),Sedan/SUV,Petrol/Diesel,559
BMW,X6,2013,Automatic,3. Mid-High (500k-1M),Sedan/SUV,Petrol/Diesel,560
Toyota,HILUX,2016,Automatic,2. Mid-Low (300k-500k),Sedan/SUV,Petrol/Diesel,561
Nissan,X-TRAIL,2016,Automatic,2. Mid-Low (300k-500k),Sedan/SUV,Petrol/Diesel,562
Isuzu,D-MAX,2012,Manual,2. Mid-Low (300k-500k),Sedan/SUV,Petrol/Diesel,563
Mini,Countryman,2014,Automatic,2. Mid-Low (300k-500k),Sedan/SUV,Petrol/Diesel,564
Nissan,ALMERA,2013,Automatic,1. Eco (<300k),Sedan/SUV,Petrol/Diesel,565
Toyota,Veloz,2022,Automatic,2. Mid-Low (300k-500k),Sedan/SUV,Petrol/Diesel,566
Honda,CR-V,2018,Automatic,3. Mid-High (500k-1M),Sedan/SUV,Petrol/Diesel,567
Mazda,CX-8,2020,Automatic,3. Mid-High (500k-1M),Sedan/SUV,Petrol/Diesel,568
Mercedes-Benz,S560,2021,Automatic,4. Premium (>1M),Sedan/SUV,Petrol/Diesel,569
Toyota,FORTUNER,2011,Automatic,2. Mid-Low (300k-500k),Sedan/SUV,Petrol/Diesel,570
Toyota,VELLFIRE,2015,Automatic,4. Premium (>1M),Sedan/SUV,Petrol/Diesel,571
Toyota,HILUX,2024,Automatic,3. Mid-High (500k-1M),Sedan/SUV,Petrol/Diesel,572
Audi,Q2,2020,Automatic,3. Mid-High (500k-1M),Sedan/SUV,Petrol/Diesel,573
Nissan,Kicks,2022,Automatic,2. Mid-Low (300k-500k),Sedan/SUV,Petrol/Diesel,574
Honda,CIVIC,2017,Automatic,2. Mid-Low (300k-500k),Sedan/SUV,Petrol/Diesel,575
BMW,X1,2012,Automatic,2. Mid-Low (300k-500k),Sedan/SUV,Petrol/Diesel,576
Toyota,CAMRY,2007,Automatic,1. Eco (<300k),Sedan/SUV,Petrol/Diesel,577
Honda,City,2008,Automatic,1. Eco (<300k),Sedan/SUV,Petrol/Diesel,578
Mitsubishi,TRITON,2020,Manual,3. Mid-High (500k-1M),Sedan/SUV,Petrol/Diesel,579
Mazda,2,2024,Automatic,2. Mid-Low (300k-500k),Sedan/SUV,Petrol/Diesel,580
Toyota,VIOS,2020,Automatic,2. Mid-Low (300k-500k),Sedan/SUV,Petrol/Diesel,581
Honda,ACCORD,2017,Automatic,3. Mid-High (500k-1M),Sedan/SUV,Petrol/Diesel,582
Aion,Y,2023,Automatic,2. Mid-Low (300k-500k),Sedan/SUV,Petrol/Diesel,583
Honda,MOBILIO,2015,Automatic,1. Eco (<300k),Sedan/SUV,Petrol/Diesel,584
Suzuki,Ciaz,2018,Automatic,1. Eco (<300k),Sedan/SUV,Petrol/Diesel,585
Mitsubishi,ATTRAGE,2024,Automatic,2. Mid-Low (300k-500k),Sedan/SUV,Petrol/Diesel,586
MG,MG5,2021,Automatic,2. Mid-Low (300k-500k),Sedan/SUV,Petrol/Diesel,587
Honda,Brio,2012,Automatic,1. Eco (<300k),Sedan/SUV,Petrol/Diesel,588
MG,MG5,2023,Automatic,2. Mid-Low (300k-500k),Sedan/SUV,Petrol/Diesel,589
MG,MG3,2018,Automatic,1. Eco (<300k),Sedan/SUV,Petrol/Diesel,590
Toyota,Corolla,2014,Automatic,1. Eco (<300k),Sedan/SUV,Petrol/Diesel,591
Nissan,ALMERA,2020,Automatic,1. Eco (<300k),Sedan/SUV,Petrol/Diesel,592
MG,ZS,2018,Automatic,1. Eco (<300k),Sedan/SUV,Petrol/Diesel,593
Honda,City,2016,Automatic,1. Eco (<300k),Sedan/SUV,Petrol/Diesel,594
Toyota,YARIS,2021,Automatic,2. Mid-Low (300k-500k),Sedan/SUV,Petrol/Diesel,595
Mazda,2,2019,Automatic,1. Eco (<300k),Sedan/SUV,Petrol/Diesel,596
Mercedes-Benz,GLA200,2025,Automatic,4. Premium (>1M),Sedan/SUV,Petrol/Diesel,597
Toyota,VELLFIRE,2020,Automatic,4. Premium (>1M),Sedan/SUV,Petrol/Diesel,598
Toyota,FORTUNER,2025,Automatic,4. Premium (>1M),Sedan/SUV,Petrol/Diesel,599
Isuzu,D-MAX,2013,Manual,1. Eco (<300k),Sedan/SUV,Petrol/Diesel,600
Mini,Clubman,2012,Manual,3. Mid-High (500k-1M),Sedan/SUV,Petrol/Diesel,601
BMW,320i,2015,Automatic,2. Mid-Low (300k-500k),Sedan/SUV,Petrol/Diesel,602
Toyota,Corolla,2010,Automatic,1. Eco (<300k),Sedan/SUV,Petrol/Diesel,603
Mercedes-Benz,GLA200,2022,Automatic,4. Premium (>1M),Sedan/SUV,Petrol/Diesel,604
Honda,City,2017,Automatic,1. Eco (<300k),Sedan/SUV,Petrol/Diesel,605
Honda,HR-V,2026,Automatic,3. Mid-High (500k-1M),Sedan/SUV,Petrol/Diesel,606
Toyota,FORTUNER,2019,Automatic,3. Mid-High (500k-1M),Sedan/SUV,Petrol/Diesel,607
Mitsubishi,PAJERO,2016,Automatic,3. Mid-High (500k-1M),Sedan/SUV,Petrol/Diesel,608
Toyota,FORTUNER,2024,Automatic,4. Premium (>1M),Sedan/SUV,Petrol/Diesel,609
Isuzu,MU-X,2022,Automatic,4. Premium (>1M),Sedan/SUV,Petrol/Diesel,610
Honda,CIVIC,2018,Automatic,3. Mid-High (500k-1M),Sedan/SUV,Petrol/Diesel,611
Isuzu,MU-X,2024,Automatic,4. Premium (>1M),Sedan/SUV,Petrol/Diesel,612
Toyota,YARIS,2020,Automatic,2. Mid-Low (300k-500k),Sedan/SUV,Petrol/Diesel,613
GWM,Tank,2025,Automatic,4. Premium (>1M),Sedan/SUV,Petrol/Diesel,614
Mercedes-Benz,E220,2017,Automatic,4. Premium (>1M),Sedan/SUV,Petrol/Diesel,615
Toyota,Yaris,2023,Automatic,2. Mid-Low (300k-500k),Sedan/SUV,Petrol/Diesel,616
BMW,X7,2024,Automatic,4. Premium (>1M),Sedan/SUV,Petrol/Diesel,617
BMW,X3,2021,Automatic,4. Premium (>1M),Sedan/SUV,Petrol/Diesel,618
Suzuki,SWIFT,2013,Automatic,1. Eco (<300k),Sedan/SUV,Petrol/Diesel,619
BMW,320d,2020,Automatic,3. Mid-High (500k-1M),Sedan/SUV,Petrol/Diesel,620
BMW,530e,2018,Automatic,3. Mid-High (500k-1M),Sedan/SUV,Petrol/Diesel,621
Honda,JAZZ,2011,Automatic,1. Eco (<300k),Sedan/SUV,Petrol/Diesel,622
Mercedes-Benz,GLA200,2024,Automatic,4. Premium (>1M),Sedan/SUV,Petrol/Diesel,623
Honda,CIVIC,2005,Automatic,1. Eco (<300k),Sedan/SUV,Petrol/Diesel,624
Nissan,MARCH,2013,Manual,1. Eco (<300k),Sedan/SUV,Petrol/Diesel,625
Nissan,TEANA,2010,Automatic,1. Eco (<300k),Sedan/SUV,Petrol/Diesel,626
GWM,Tank,2025,Automatic,3. Mid-High (500k-1M),Sedan/SUV,Petrol/Diesel,627
GWM,Tank,2024,Automatic,4. Premium (>1M),Sedan/SUV,Petrol/Diesel,628
Toyota,Yaris,2025,Automatic,3. Mid-High (500k-1M),Sedan/SUV,Petrol/Diesel,629
Toyota,YARIS,2009,Automatic,1. Eco (<300k),Sedan/SUV,Petrol/Diesel,630
Toyota,Hilux,2026,Automatic,4. Premium (>1M),Sedan/SUV,Petrol/Diesel,631
Mercedes-Benz,C250,2019,Automatic,4. Premium (>1M),Sedan/SUV,Petrol/Diesel,632
Nissan,X-TRAIL,2019,Automatic,3. Mid-High (500k-1M),Sedan/SUV,Petrol/Diesel,633
Nissan,NP,2020,Automatic,2. Mid-Low (300k-500k),Sedan/SUV,Petrol/Diesel,634
Toyota,INNOVA,2024,Automatic,4. Premium (>1M),Sedan/SUV,Petrol/Diesel,635
Isuzu,D-MAX,2023,Manual,3. Mid-High (500k-1M),Sedan/SUV,Petrol/Diesel,636
Honda,BR-V,2019,Automatic,2. Mid-Low (300k-500k),Sedan/SUV,Petrol/Diesel,637
Toyota,VIOS,2022,Automatic,2. Mid-Low (300k-500k),Sedan/SUV,Petrol/Diesel,638
Mercedes-Benz,C220,2019,Automatic,3. Mid-High (500k-1M),Sedan/SUV,Petrol/Diesel,639
BMW,X3,2022,Automatic,4. Premium (>1M),Sedan/SUV,Petrol/Diesel,640
BMW,320d,2021,Automatic,4. Premium (>1M),Sedan/SUV,Petrol/Diesel,641
BMW,X1,2022,Automatic,4. Premium (>1M),Sedan/SUV,Petrol/Diesel,642
Honda,CIVIC,2015,Automatic,2. Mid-Low (300k-500k),Sedan/SUV,Petrol/Diesel,643
Ford,RANGER,2023,Manual,2. Mid-Low (300k-500k),Sedan/SUV,Petrol/Diesel,644
Nissan,Note,2019,Automatic,1. Eco (<300k),Sedan/SUV,Petrol/Diesel,645
Nissan,JUKE,2014,Automatic,1. Eco (<300k),Sedan/SUV,Petrol/Diesel,646
Hyundai,H-1,2012,Automatic,2. Mid-Low (300k-500k),Sedan/SUV,Petrol/Diesel,647
Isuzu,D-MAX,2010,Manual,1. Eco (<300k),Sedan/SUV,Petrol/Diesel,648
Isuzu,D-MAX,2010,Automatic,1. Eco (<300k),Sedan/SUV,Petrol/Diesel,649
Honda,City,2020,Automatic,1. Eco (<300k),Sedan/SUV,Petrol/Diesel,650
Honda,ACCORD,2013,Automatic,1. Eco (<300k),Sedan/SUV,Petrol/Diesel,651
Toyota,Corolla,2013,Automatic,1. Eco (<300k),Sedan/SUV,Petrol/Diesel,652
Toyota,SIENTA,2020,Automatic,2. Mid-Low (300k-500k),Sedan/SUV,Petrol/Diesel,653
Mitsubishi,PAJERO,2013,Automatic,2. Mid-Low (300k-500k),Sedan/SUV,Petrol/Diesel,654
Porsche,CAYENNE,2023,Automatic,4. Premium (>1M),Sedan/SUV,Petrol/Diesel,655
Toyota,HILUX,2016,Manual,2. Mid-Low (300k-500k),Sedan/SUV,Petrol/Diesel,656
Mercedes-Benz,GLA250,2019,Automatic,3. Mid-High (500k-1M),Sedan/SUV,Petrol/Diesel,657
Toyota,VIOS,2009,Automatic,1. Eco (<300k),Sedan/SUV,Petrol/Diesel,658
Toyota,Commuter,2019,Manual,3. Mid-High (500k-1M),Sedan/SUV,Petrol/Diesel,659
Honda,NSX,2019,Automatic,4. Premium (>1M),Sedan/SUV,Petrol/Diesel,660
Toyota,INNOVA,2019,Automatic,2. Mid-Low (300k-500k),Sedan/SUV,Petrol/Diesel,661
BMW,220i,2021,Automatic,3. Mid-High (500k-1M),Sedan/SUV,Petrol/Diesel,662
Honda,CR-V,2014,Automatic,1. Eco (<300k),Sedan/SUV,Petrol/Diesel,663
Honda,e:N1,2025,Automatic,3. Mid-High (500k-1M),Sedan/SUV,Petrol/Diesel,664
Mini,Countryman,2020,Automatic,3. Mid-High (500k-1M),Sedan/SUV,Petrol/Diesel,665
Toyota,Yaris,2023,Automatic,3. Mid-High (500k-1M),Sedan/SUV,Petrol/Diesel,666
Toyota,Corolla,2020,Automatic,3. Mid-High (500k-1M),Sedan/SUV,Petrol/Diesel,667
Honda,JAZZ,2020,Automatic,2. Mid-Low (300k-500k),Sedan/SUV,Petrol/Diesel,668
MG,HS,2020,Automatic,2. Mid-Low (300k-500k),Sedan/SUV,Petrol/Diesel,669
Honda,CR-V,2016,Automatic,2. Mid-Low (300k-500k),Sedan/SUV,Petrol/Diesel,670
BMW,320Li,2022,Automatic,4. Premium (>1M),Sedan/SUV,Petrol/Diesel,671
Mercedes-Benz,GLA200,2023,Automatic,3. Mid-High (500k-1M),Sedan/SUV,Petrol/Diesel,672
Mitsubishi,Xpander,2022,Automatic,2. Mid-Low (300k-500k),Sedan/SUV,Petrol/Diesel,673
Audi,Q3,2014,Automatic,3. Mid-High (500k-1M),Sedan/SUV,Petrol/Diesel,674
BMW,X1,2019,Automatic,3. Mid-High (500k-1M),Sedan/SUV,Petrol/Diesel,675
BMW,520d,2021,Automatic,3. Mid-High (500k-1M),Sedan/SUV,Petrol/Diesel,676
Mercedes-Benz,C250,2018,Automatic,3. Mid-High (500k-1M),Sedan/SUV,Petrol/Diesel,677
BMW,320d,2022,Automatic,4. Premium (>1M),Sedan/SUV,Petrol/Diesel,678
Mini,COOPER,2022,Automatic,3. Mid-High (500k-1M),Sedan/SUV,Petrol/Diesel,679
Toyota,CAMRY,2013,Automatic,1. Eco (<300k),Sedan/SUV,Petrol/Diesel,680
Hyundai,Staria,2024,Automatic,3. Mid-High (500k-1M),Sedan/SUV,Petrol/Diesel,681
MG,MG4,2023,Automatic,2. Mid-Low (300k-500k),Sedan/SUV,Petrol/Diesel,682
MG,MG4,2024,Automatic,2. Mid-Low (300k-500k),Sedan/SUV,Petrol/Diesel,683
MG,VS,2023,Automatic,2. Mid-Low (300k-500k),Sedan/SUV,Petrol/Diesel,684
Toyota,CAMRY,2010,Automatic,1. Eco (<300k),Sedan/SUV,Petrol/Diesel,685
Mercedes-Benz,GLC220,2022,Automatic,4. Premium (>1M),Sedan/SUV,Petrol/Diesel,686
Mercedes-Benz,E300,2020,Automatic,3. Mid-High (500k-1M),Sedan/SUV,Petrol/Diesel,687
Mazda,CX-30,2021,Automatic,2. Mid-Low (300k-500k),Sedan/SUV,Petrol/Diesel,688
Volkswagen,CARAVELLE,2020,Automatic,3. Mid-High (500k-1M),Sedan/SUV,Petrol/Diesel,689
Isuzu,D-MAX,2019,Manual,1. Eco (<300k),Sedan/SUV,Petrol/Diesel,690
Mitsubishi,Outlander,2021,Automatic,2. Mid-Low (300k-500k),Sedan/SUV,Petrol/Diesel,691
Mercedes-Benz,S500,2016,Automatic,3. Mid-High (500k-1M),Sedan/SUV,Petrol/Diesel,692
BMW,530e,2021,Automatic,3. Mid-High (500k-1M),Sedan/SUV,Petrol/Diesel,693
BMW,320d,2013,Automatic,2. Mid-Low (300k-500k),Sedan/SUV,Petrol/Diesel,694
Toyota,HILUX,2018,Automatic,3. Mid-High (500k-1M),Sedan/SUV,Petrol/Diesel,695
Mazda,CX-8,2019,Automatic,3. Mid-High (500k-1M),Sedan/SUV,Petrol/Diesel,696
Ford,RANGER,2021,Manual,3. Mid-High (500k-1M),Sedan/SUV,Petrol/Diesel,697
Mazda,3,2019,Automatic,2. Mid-Low (300k-500k),Sedan/SUV,Petrol/Diesel,698
Isuzu,D-MAX,2021,Manual,3. Mid-High (500k-1M),Sedan/SUV,Petrol/Diesel,699
Toyota,Corolla,2025,Automatic,3. Mid-High (500k-1M),Sedan/SUV,Petrol/Diesel,700
Mitsubishi,PAJERO,2015,Automatic,3. Mid-High (500k-1M),Sedan/SUV,Petrol/Diesel,701
Mazda,CX-30,2023,Automatic,3. Mid-High (500k-1M),Sedan/SUV,Petrol/Diesel,702
Mazda,CX-30,2025,Automatic,3. Mid-High (500k-1M),Sedan/SUV,Petrol/Diesel,703
Isuzu,D-MAX,2018,Manual,2. Mid-Low (300k-500k),Sedan/SUV,Petrol/Diesel,704
Isuzu,MU-X,2025,Automatic,3. Mid-High (500k-1M),Sedan/SUV,Petrol/Diesel,705
Honda,ACCORD,2024,Automatic,4. Premium (>1M),Sedan/SUV,Petrol/Diesel,706
Mercedes-Benz,E200,2014,Automatic,2. Mid-Low (300k-500k),Sedan/SUV,Petrol/Diesel,707
BMW,118i,2017,Automatic,3. Mid-High (500k-1M),Sedan/SUV,Petrol/Diesel,708
BMW,330e,2018,Automatic,3. Mid-High (500k-1M),Sedan/SUV,Petrol/Diesel,709
Mercedes-Benz,E200,2011,Automatic,2. Mid-Low (300k-500k),Sedan/SUV,Petrol/Diesel,710
BMW,730Li,2014,Automatic,3. Mid-High (500k-1M),Sedan/SUV,Petrol/Diesel,711
Mercedes-Benz,E220,2021,Automatic,4. Premium (>1M),Sedan/SUV,Petrol/Diesel,712
Mercedes-Benz,CLA200,2017,Automatic,3. Mid-High (500k-1M),Sedan/SUV,Petrol/Diesel,713
Ford,EVEREST,2024,Automatic,3. Mid-High (500k-1M),Sedan/SUV,Petrol/Diesel,714
Mercedes-Benz,ML250,2016,Automatic,3. Mid-High (500k-1M),Sedan/SUV,Petrol/Diesel,715
Mercedes-Benz,GLC220,2021,Automatic,4. Premium (>1M),Sedan/SUV,Petrol/Diesel,716
Mercedes-Benz,GLC300,2021,Automatic,4. Premium (>1M),Sedan/SUV,Petrol/Diesel,717
Nissan,TEANA,2019,Automatic,2. Mid-Low (300k-500k),Sedan/SUV,Petrol/Diesel,718
Mercedes-Benz,C300,2021,Automatic,3. Mid-High (500k-1M),Sedan/SUV,Petrol/Diesel,719
BMW,730Li,2013,Automatic,2. Mid-Low (300k-500k),Sedan/SUV,Petrol/Diesel,720
Mercedes-Benz,GLA200,2023,Automatic,4. Premium (>1M),Sedan/SUV,Petrol/Diesel,721
Volvo,V40,2017,Automatic,2. Mid-Low (300k-500k),Sedan/SUV,Petrol/Diesel,722
Ford,RANGER,2021,Manual,2. Mid-Low (300k-500k),Sedan/SUV,Petrol/Diesel,723
Ford,RANGER,2026,Automatic,3. Mid-High (500k-1M),Sedan/SUV,Petrol/Diesel,724
BMW,528i,2017,Automatic,3. Mid-High (500k-1M),Sedan/SUV,Petrol/Diesel,725
BMW,530e,2023,Automatic,4. Premium (>1M),Sedan/SUV,Petrol/Diesel,726
BMW,530e,2022,Automatic,3. Mid-High (500k-1M),Sedan/SUV,Petrol/Diesel,727
BMW,520d,2018,Automatic,3. Mid-High (500k-1M),Sedan/SUV,Petrol/Diesel,728
BMW,520d,2021,Automatic,4. Premium (>1M),Sedan/SUV,Petrol/Diesel,729
BMW,330Li,2021,Automatic,4. Premium (>1M),Sedan/SUV,Petrol/Diesel,730
Mercedes-Benz,A200,2026,Automatic,4. Premium (>1M),Sedan/SUV,Petrol/Diesel,731
Volvo,XC90,2019,Automatic,3. Mid-High (500k-1M),Sedan/SUV,Petrol/Diesel,732
Mercedes-Benz,S560,2020,Automatic,4. Premium (>1M),Sedan/SUV,Petrol/Diesel,733
BMW,325i,2009,Automatic,3. Mid-High (500k-1M),Sedan/SUV,Petrol/Diesel,734
BMW,X1,2023,Automatic,3. Mid-High (500k-1M),Sedan/SUV,Petrol/Diesel,735
Toyota,HILUX,2010,Manual,1. Eco (<300k),Sedan/SUV,Petrol/Diesel,736
Toyota,HIACE,2011,Manual,2. Mid-Low (300k-500k),Sedan/SUV,Petrol/Diesel,737
BMW,330e,2022,Automatic,3. Mid-High (500k-1M),Sedan/SUV,Petrol/Diesel,738
Audi,Q3,2021,Automatic,3. Mid-High (500k-1M),Sedan/SUV,Petrol/Diesel,739
BMW,X1,2021,Automatic,3. Mid-High (500k-1M),Sedan/SUV,Petrol/Diesel,740
BMW,X2,2021,Automatic,3. Mid-High (500k-1M),Sedan/SUV,Petrol/Diesel,741
Mercedes-Benz,Vito,2024,Automatic,4. Premium (>1M),Sedan/SUV,Petrol/Diesel,742
Mercedes-Benz,E300,2023,Automatic,4. Premium (>1M),Sedan/SUV,Petrol/Diesel,743
BMW,I8,2016,Automatic,4. Premium (>1M),Sedan/SUV,Petrol/Diesel,744
BMW,X3,2017,Automatic,3. Mid-High (500k-1M),Sedan/SUV,Petrol/Diesel,745
Honda,HR-V,2021,Automatic,2. Mid-Low (300k-500k),Sedan/SUV,Petrol/Diesel,746
Toyota,VELLFIRE,2014,Automatic,3. Mid-High (500k-1M),Sedan/SUV,Petrol/Diesel,747
Kia,GRAND,2017,Automatic,2. Mid-Low (300k-500k),Sedan/SUV,Petrol/Diesel,748
Nissan,ALMERA,2014,Automatic,1. Eco (<300k),Sedan/SUV,Petrol/Diesel,749
Toyota,INNOVA,2014,Automatic,1. Eco (<300k),Sedan/SUV,Petrol/Diesel,750
MG,MG5,2024,Automatic,2. Mid-Low (300k-500k),Sedan/SUV,Petrol/Diesel,751
Suzuki,SWIFT,2016,Automatic,1. Eco (<300k),Sedan/SUV,Petrol/Diesel,752
Toyota,CAMRY,2014,Automatic,2. Mid-Low (300k-500k),Sedan/SUV,Petrol/Diesel,753
Honda,CR-V,2015,Automatic,2. Mid-Low (300k-500k),Sedan/SUV,Petrol/Diesel,754
Honda,CR-X,1993,Automatic,3. Mid-High (500k-1M),Sedan/SUV,Petrol/Diesel,755
Nissan,SKYLINE,1993,Manual,4. Premium (>1M),Sedan/SUV,Petrol/Diesel,756
Jeep,WRANGLER,2001,Automatic,4. Premium (>1M),Sedan/SUV,Petrol/Diesel,757
Isuzu,D-MAX,2019,Manual,2. Mid-Low (300k-500k),Sedan/SUV,Petrol/Diesel,758
Toyota,HILUX,2021,Automatic,2. Mid-Low (300k-500k),Sedan/SUV,Petrol/Diesel,759
Mazda,2,2020,Automatic,2. Mid-Low (300k-500k),Sedan/SUV,Petrol/Diesel,760
Nissan,ALMERA,2015,Automatic,1. Eco (<300k),Sedan/SUV,Petrol/Diesel,761
Subaru,FORESTER,2020,Automatic,2. Mid-Low (300k-500k),Sedan/SUV,Petrol/Diesel,762
Honda,JAZZ,2017,Manual,1. Eco (<300k),Sedan/SUV,Petrol/Diesel,763
Mitsubishi,Lancer,2012,Automatic,1. Eco (<300k),Sedan/SUV,Petrol/Diesel,764
Toyota,FORTUNER,2015,Automatic,2. Mid-Low (300k-500k),Sedan/SUV,Petrol/Diesel,765
Mercedes-Benz,E200,2012,Automatic,3. Mid-High (500k-1M),Sedan/SUV,Petrol/Diesel,766
Mazda,2,2011,Automatic,1. Eco (<300k),Sedan/SUV,Petrol/Diesel,767
Toyota,Corolla,2016,Automatic,1. Eco (<300k),Sedan/SUV,Petrol/Diesel,768
Toyota,C-HR,2020,Automatic,2. Mid-Low (300k-500k),Sedan/SUV,Petrol/Diesel,769
Mercedes-Benz,C220,2025,Automatic,4. Premium (>1M),Sedan/SUV,Petrol/Diesel,770
Mazda,2,2015,Automatic,1. Eco (<300k),Sedan/SUV,Petrol/Diesel,771
BMW,X4,2021,Automatic,4. Premium (>1M),Sedan/SUV,Petrol/Diesel,772
BMW,330e,2022,Automatic,4. Premium (>1M),Sedan/SUV,Petrol/Diesel,773
BMW,X2,2018,Automatic,3. Mid-High (500k-1M),Sedan/SUV,Petrol/Diesel,774
BMW,530e,2022,Automatic,4. Premium (>1M),Sedan/SUV,Petrol/Diesel,775
Isuzu,D-MAX,2020,Manual,2. Mid-Low (300k-500k),Sedan/SUV,Petrol/Diesel,776
BMW,330e,2021,Automatic,3. Mid-High (500k-1M),Sedan/SUV,Petrol/Diesel,777
Mercedes-Benz,E300,2014,Automatic,3. Mid-High (500k-1M),Sedan/SUV,Petrol/Diesel,778
Mercedes-Benz,E220,2024,Automatic,4. Premium (>1M),Sedan/SUV,Petrol/Diesel,779
Toyota,Corolla,2016,Automatic,2. Mid-Low (300k-500k),Sedan/SUV,Petrol/Diesel,780
Toyota,CAMRY,2009,Automatic,1. Eco (<300k),Sedan/SUV,Petrol/Diesel,781
Toyota,VIOS,2003,Automatic,1. Eco (<300k),Sedan/SUV,Petrol/Diesel,782
BMW,X5,2024,Automatic,4. Premium (>1M),Sedan/SUV,Petrol/Diesel,783
Mercedes-Benz,E200,2017,Automatic,4. Premium (>1M),Sedan/SUV,Petrol/Diesel,784
Toyota,ALPHARD,2018,Automatic,4. Premium (>1M),Sedan/SUV,Petrol/Diesel,785
Toyota,HIACE,2015,Manual,3. Mid-High (500k-1M),Sedan/SUV,Petrol/Diesel,786
Isuzu,MU-X,2024,Automatic,3. Mid-High (500k-1M),Sedan/SUV,Petrol/Diesel,787
Isuzu,MU-X,2025,Automatic,4. Premium (>1M),Sedan/SUV,Petrol/Diesel,788
Toyota,YARIS,2019,Automatic,2. Mid-Low (300k-500k),Sedan/SUV,Petrol/Diesel,789
Honda,CIVIC,2004,Manual,1. Eco (<300k),Sedan/SUV,Petrol/Diesel,790
BYD,Atto,2023,Automatic,2. Mid-Low (300k-500k),Sedan/SUV,Petrol/Diesel,791
Ford,EVEREST,2015,Automatic,3. Mid-High (500k-1M),Sedan/SUV,Petrol/Diesel,792
Ford,RANGER,2016,Automatic,2. Mid-Low (300k-500k),Sedan/SUV,Petrol/Diesel,793
Kia,GRAND,2018,Automatic,3. Mid-High (500k-1M),Sedan/SUV,Petrol/Diesel,794
Mini,COOPER,2019,Automatic,4. Premium (>1M),Sedan/SUV,Petrol/Diesel,795
Toyota,AVANZA,2012,Automatic,1. Eco (<300k),Sedan/SUV,Petrol/Diesel,796
Toyota,Hilux,2024,Automatic,2. Mid-Low (300k-500k),Sedan/SUV,Petrol/Diesel,797
Volvo,XC60,2011,Automatic,1. Eco (<300k),Sedan/SUV,Petrol/Diesel,798
Hyundai,SONATA,2009,Automatic,1. Eco (<300k),Sedan/SUV,Petrol/Diesel,799
Honda,ACCORD,2003,Automatic,1. Eco (<300k),Sedan/SUV,Petrol/Diesel,800
Porsche,PANAMERA,2018,Automatic,4. Premium (>1M),Sedan/SUV,Petrol/Diesel,801
Honda,BR-V,2016,Automatic,1. Eco (<300k),Sedan/SUV,Petrol/Diesel,802
MG,MG4,2024,Automatic,3. Mid-High (500k-1M),Sedan/SUV,Petrol/Diesel,803
Toyota,HARRIER,2010,Automatic,1. Eco (<300k),Sedan/SUV,Petrol/Diesel,804
Lamborghini,GALLARDO,2007,Automatic,4. Premium (>1M),Sedan/SUV,Petrol/Diesel,805
Mercedes-Benz,C350,2016,Automatic,2. Mid-Low (300k-500k),Sedan/SUV,Petrol/Diesel,806
Toyota,FORTUNER,2007,Automatic,1. Eco (<300k),Sedan/SUV,Petrol/Diesel,807
Ford,RANGER,2020,Manual,2. Mid-Low (300k-500k),Sedan/SUV,Petrol/Diesel,808
Subaru,XV,2013,Automatic,1. Eco (<300k),Sedan/SUV,Petrol/Diesel,809
Mercedes-Benz,C350,2017,Automatic,3. Mid-High (500k-1M),Sedan/SUV,Petrol/Diesel,810
Chevrolet,CAPTIVA,2011,Automatic,1. Eco (<300k),Sedan/SUV,Petrol/Diesel,811
Toyota,VIOS,2018,Automatic,1. Eco (<300k),Sedan/SUV,Petrol/Diesel,812
Mercedes-Benz,C180,2000,Automatic,1. Eco (<300k),Sedan/SUV,Petrol/Diesel,813
Toyota,CAMRY,2017,Automatic,2. Mid-Low (300k-500k),Sedan/SUV,Petrol/Diesel,814
Chevrolet,OPTRA,2004,Manual,1. Eco (<300k),Sedan/SUV,Petrol/Diesel,815
BMW,528i,2015,Automatic,3. Mid-High (500k-1M),Sedan/SUV,Petrol/Diesel,816
Suzuki,SWIFT,2018,Automatic,1. Eco (<300k),Sedan/SUV,Petrol/Diesel,817
Nissan,SYLPHY,2013,Automatic,1. Eco (<300k),Sedan/SUV,Petrol/Diesel,818
Nissan,ALMERA,2011,Automatic,1. Eco (<300k),Sedan/SUV,Petrol/Diesel,819
BMW,X6,2022,Automatic,4. Premium (>1M),Sedan/SUV,Petrol/Diesel,820
Mini,Countryman,2019,Automatic,3. Mid-High (500k-1M),Sedan/SUV,Petrol/Diesel,821
Toyota,YARIS,2018,Automatic,2. Mid-Low (300k-500k),Sedan/SUV,Petrol/Diesel,822
Nissan,CEFIRO,2002,Automatic,1. Eco (<300k),Sedan/SUV,Petrol/Diesel,823
MG,HS,2024,Automatic,2. Mid-Low (300k-500k),Sedan/SUV,Petrol/Diesel,824
Mercedes-Benz,C200,2013,Automatic,2. Mid-Low (300k-500k),Sedan/SUV,Petrol/Diesel,825
Subaru,FORESTER,2019,Automatic,2. Mid-Low (300k-500k),Sedan/SUV,Petrol/Diesel,826
Ford,EVEREST,2016,Automatic,2. Mid-Low (300k-500k),Sedan/SUV,Petrol/Diesel,827
Toyota,CROWN,2007,Automatic,2. Mid-Low (300k-500k),Sedan/SUV,Petrol/Diesel,828
Honda,CR-V,2007,Automatic,1. Eco (<300k),Sedan/SUV,Petrol/Diesel,829
Mazda,CX-3,2022,Automatic,2. Mid-Low (300k-500k),Sedan/SUV,Petrol/Diesel,830
Toyota,HILUX,2023,Manual,3. Mid-High (500k-1M),Sedan/SUV,Petrol/Diesel,831
Toyota,HILUX,2024,Manual,3. Mid-High (500k-1M),Sedan/SUV,Petrol/Diesel,832
Mazda,3,2007,Automatic,1. Eco (<300k),Sedan/SUV,Petrol/Diesel,833
Toyota,HARRIER,2014,Automatic,3. Mid-High (500k-1M),Sedan/SUV,Petrol/Diesel,834
Toyota,ALPHARD,2014,Automatic,3. Mid-High (500k-1M),Sedan/SUV,Petrol/Diesel,835
Honda,HR-V,2021,Automatic,3. Mid-High (500k-1M),Sedan/SUV,Petrol/Diesel,836
Toyota,CAMRY,2011,Automatic,1. Eco (<300k),Sedan/SUV,Petrol/Diesel,837
Toyota,HILUX,2012,Manual,2. Mid-Low (300k-500k),Sedan/SUV,Petrol/Diesel,838
Mitsubishi,Strada,2004,Manual,1. Eco (<300k),Sedan/SUV,Petrol/Diesel,839
Toyota,INNOVA,2010,Automatic,1. Eco (<300k),Sedan/SUV,Petrol/Diesel,840
Mercedes-Benz,E300,2019,Automatic,4. Premium (>1M),Sedan/SUV,Petrol/Diesel,841
BMW,X3,2010,Automatic,1. Eco (<300k),Sedan/SUV,Petrol/Diesel,842
Toyota,CAMRY,2013,Automatic,2. Mid-Low (300k-500k),Sedan/SUV,Petrol/Diesel,843
Toyota,COROLLA,1993,Manual,1. Eco (<300k),Sedan/SUV,Petrol/Diesel,844
Toyota,FORTUNER,2006,Automatic,1. Eco (<300k),Sedan/SUV,Petrol/Diesel,845
Ford,RANGER,2018,Automatic,1. Eco (<300k),Sedan/SUV,Petrol/Diesel,846
Nissan,X-TRAIL,2015,Automatic,1. Eco (<300k),Sedan/SUV,Petrol/Diesel,847
Toyota,Corolla,2003,Automatic,1. Eco (<300k),Sedan/SUV,Petrol/Diesel,848
Mazda,BT-50,2021,Manual,2. Mid-Low (300k-500k),Sedan/SUV,Petrol/Diesel,849
Honda,JAZZ,2010,Automatic,1. Eco (<300k),Sedan/SUV,Petrol/Diesel,850
Honda,JAZZ,2014,Automatic,2. Mid-Low (300k-500k),Sedan/SUV,Petrol/Diesel,851
Nissan,Frontier,2005,Manual,1. Eco (<300k),Sedan/SUV,Petrol/Diesel,852
Toyota,HARRIER,2010,Automatic,2. Mid-Low (300k-500k),Sedan/SUV,Petrol/Diesel,853
Mazda,CX-30,2020,Automatic,2. Mid-Low (300k-500k),Sedan/SUV,Petrol/Diesel,854
Land,Rover,1998,Manual,4. Premium (>1M),Sedan/SUV,Petrol/Diesel,855
Mazda,2,2012,Automatic,1. Eco (<300k),Sedan/SUV,Petrol/Diesel,856
Volvo,XC90,2022,Automatic,4. Premium (>1M),Sedan/SUV,Petrol/Diesel,857
Hyundai,Staria,2022,Automatic,3. Mid-High (500k-1M),Sedan/SUV,Petrol/Diesel,858
BMW,iX3,2022,Automatic,4. Premium (>1M),Sedan/SUV,Petrol/Diesel,859
Honda,JAZZ,2004,Automatic,1. Eco (<300k),Sedan/SUV,Petrol/Diesel,860
Toyota,HILUX,2009,Manual,1. Eco (<300k),Sedan/SUV,Petrol/Diesel,861
Toyota,HILUX,2012,Automatic,1. Eco (<300k),Sedan/SUV,Petrol/Diesel,862
Porsche,CAYENNE,2011,Automatic,3. Mid-High (500k-1M),Sedan/SUV,Petrol/Diesel,863
Isuzu,D-MAX,2016,Manual,1. Eco (<300k),Sedan/SUV,Petrol/Diesel,864
Mini,COOPER,2025,Automatic,4. Premium (>1M),Sedan/SUV,Petrol/Diesel,865
BMW,X5,2020,Automatic,4. Premium (>1M),Sedan/SUV,Petrol/Diesel,866
BMW,X5,2023,Automatic,4. Premium (>1M),Sedan/SUV,Petrol/Diesel,867
BMW,520d,2012,Automatic,2. Mid-Low (300k-500k),Sedan/SUV,Petrol/Diesel,868
BMW,320i,2013,Automatic,2. Mid-Low (300k-500k),Sedan/SUV,Petrol/Diesel,869
BMW,X4,2018,Automatic,3. Mid-High (500k-1M),Sedan/SUV,Petrol/Diesel,870
Mercedes-Benz,GLC250,2017,Automatic,3. Mid-High (500k-1M),Sedan/SUV,Petrol/Diesel,871
Toyota,ALPHARD,2024,Automatic,4. Premium (>1M),Sedan/SUV,Petrol/Diesel,872
Honda,ACCORD,2014,Automatic,2. Mid-Low (300k-500k),Sedan/SUV,Petrol/Diesel,873
Toyota,VELLFIRE,2017,Automatic,3. Mid-High (500k-1M),Sedan/SUV,Petrol/Diesel,874
Toyota,ALPHARD,2010,Automatic,2. Mid-Low (300k-500k),Sedan/SUV,Petrol/Diesel,875
Toyota,CAMRY,2025,Automatic,4. Premium (>1M),Sedan/SUV,Petrol/Diesel,876
BMW,X3,2012,Automatic,2. Mid-Low (300k-500k),Sedan/SUV,Petrol/Diesel,877
Nissan,ALMERA,2023,Automatic,2. Mid-Low (300k-500k),Sedan/SUV,Petrol/Diesel,878
BMW,520d,2016,Automatic,3. Mid-High (500k-1M),Sedan/SUV,Petrol/Diesel,879
Ford,RANGER,2019,Manual,2. Mid-Low (300k-500k),Sedan/SUV,Petrol/Diesel,880
Toyota,C-HR,2018,Automatic,3. Mid-High (500k-1M),Sedan/SUV,Petrol/Diesel,881
Nissan,ALMERA,2017,Automatic,1. Eco (<300k),Sedan/SUV,Petrol/Diesel,882
Isuzu,D-MAX,2021,Manual,2. Mid-Low (300k-500k),Sedan/SUV,Petrol/Diesel,883
Mercedes-Benz,C180,2014,Automatic,3. Mid-High (500k-1M),Sedan/SUV,Petrol/Diesel,884
Toyota,C-HR,2019,Automatic,3. Mid-High (500k-1M),Sedan/SUV,Petrol/Diesel,885
Honda,HR-V,2019,Automatic,3. Mid-High (500k-1M),Sedan/SUV,Petrol/Diesel,886
Mercedes-Benz,C180,2013,Automatic,2. Mid-Low (300k-500k),Sedan/SUV,Petrol/Diesel,887
MG,ZS,2024,Automatic,2. Mid-Low (300k-500k),Sedan/SUV,Petrol/Diesel,888
Mercedes-Benz,GLC250,2018,Automatic,4. Premium (>1M),Sedan/SUV,Petrol/Diesel,889
Mercedes-Benz,GLA35,2022,Automatic,4. Premium (>1M),Sedan/SUV,Petrol/Diesel,890
Toyota,PRIUS,2012,Automatic,1. Eco (<300k),Sedan/SUV,Petrol/Diesel,891
Mercedes-Benz,E250,2012,Automatic,3. Mid-High (500k-1M),Sedan/SUV,Petrol/Diesel,892
Toyota,HILUX,2013,Manual,1. Eco (<300k),Sedan/SUV,Petrol/Diesel,893
Toyota,VIOS,2017,Automatic,2. Mid-Low (300k-500k),Sedan/SUV,Petrol/Diesel,894
Toyota,VIOS,2015,Automatic,1. Eco (<300k),Sedan/SUV,Petrol/Diesel,895
Toyota,HILUX,2017,Manual,2. Mid-Low (300k-500k),Sedan/SUV,Petrol/Diesel,896
Toyota,Corolla,2014,Automatic,2. Mid-Low (300k-500k),Sedan/SUV,Petrol/Diesel,897
Toyota,HILUX,2020,Manual,2. Mid-Low (300k-500k),Sedan/SUV,Petrol/Diesel,898
Tata,XENON,2011,Manual,1. Eco (<300k),Sedan/SUV,Petrol/Diesel,899
Toyota,HILUX,2002,Manual,1. Eco (<300k),Sedan/SUV,Petrol/Diesel,900
Chevrolet,COLORADO,2017,Manual,1. Eco (<300k),Sedan/SUV,Petrol/Diesel,901
Mitsubishi,MIRAGE,2020,Automatic,1. Eco (<300k),Sedan/SUV,Petrol/Diesel,902
Honda,JAZZ,2017,Automatic,2. Mid-Low (300k-500k),Sedan/SUV,Petrol/Diesel,903
Mini,COOPER,2019,Automatic,3. Mid-High (500k-1M),Sedan/SUV,Petrol/Diesel,904
Chevrolet,COLORADO,2019,Manual,1. Eco (<300k),Sedan/SUV,Petrol/Diesel,905
Chevrolet,COLORADO,2018,Automatic,2. Mid-Low (300k-500k),Sedan/SUV,Petrol/Diesel,906
Isuzu,D-MAX,2008,Manual,1. Eco (<300k),Sedan/SUV,Petrol/Diesel,907
Honda,ACCORD,2012,Automatic,1. Eco (<300k),Sedan/SUV,Petrol/Diesel,908
Toyota,VIOS,2011,Automatic,1. Eco (<300k),Sedan/SUV,Petrol/Diesel,909
Mazda,CX-3,2017,Automatic,1. Eco (<300k),Sedan/SUV,Petrol/Diesel,910
Honda,JAZZ,2006,Automatic,1. Eco (<300k),Sedan/SUV,Petrol/Diesel,911
Toyota,Corolla,2004,Automatic,1. Eco (<300k),Sedan/SUV,Petrol/Diesel,912
Toyota,Yaris,2018,Automatic,1. Eco (<300k),Sedan/SUV,Petrol/Diesel,913
Toyota,ALPHARD,2025,Automatic,4. Premium (>1M),Sedan/SUV,Petrol/Diesel,914
Toyota,HILUX,2017,Automatic,2. Mid-Low (300k-500k),Sedan/SUV,Petrol/Diesel,915
Mitsubishi,MIRAGE,2023,Automatic,1. Eco (<300k),Sedan/SUV,Petrol/Diesel,916
BMW,520i,2013,Automatic,2. Mid-Low (300k-500k),Sedan/SUV,Petrol/Diesel,917
Volvo,XC40,2022,Automatic,3. Mid-High (500k-1M),Sedan/SUV,Petrol/Diesel,918
BMW,X1,2013,Automatic,1. Eco (<300k),Sedan/SUV,Petrol/Diesel,919
Toyota,VELLFIRE,2021,Automatic,4. Premium (>1M),Sedan/SUV,Petrol/Diesel,920
BMW,325i,2008,Automatic,3. Mid-High (500k-1M),Sedan/SUV,Petrol/Diesel,921
BMW,330e,2017,Automatic,3. Mid-High (500k-1M),Sedan/SUV,Petrol/Diesel,922
BMW,320i,2011,Automatic,3. Mid-High (500k-1M),Sedan/SUV,Petrol/Diesel,923
Audi,A8,2014,Automatic,3. Mid-High (500k-1M),Sedan/SUV,Petrol/Diesel,924
Audi,TT,2010,Automatic,3. Mid-High (500k-1M),Sedan/SUV,Petrol/Diesel,925
Audi,TT,2016,Automatic,4. Premium (>1M),Sedan/SUV,Petrol/Diesel,926
Honda,MOBILIO,2018,Automatic,2. Mid-Low (300k-500k),Sedan/SUV,Petrol/Diesel,927
Haval,H6,2022,Automatic,2. Mid-Low (300k-500k),Sedan/SUV,Petrol/Diesel,928
Mercedes-Benz,C350,2019,Automatic,3. Mid-High (500k-1M),Sedan/SUV,Petrol/Diesel,929
BMW,220i,2023,Automatic,4. Premium (>1M),Sedan/SUV,Petrol/Diesel,930
Nissan,ALMERA,2021,Automatic,1. Eco (<300k),Sedan/SUV,Petrol/Diesel,931
BMW,X4,2023,Automatic,4. Premium (>1M),Sedan/SUV,Petrol/Diesel,932
Hyundai,GRAND,2017,Automatic,3. Mid-High (500k-1M),Sedan/SUV,Petrol/Diesel,933
Mitsubishi,TRITON,2006,Manual,1. Eco (<300k),Sedan/SUV,Petrol/Diesel,934
BMW,X1,2020,Automatic,3. Mid-High (500k-1M),Sedan/SUV,Petrol/Diesel,935
Toyota,CAMRY,2008,Automatic,1. Eco (<300k),Sedan/SUV,Petrol/Diesel,936
BMW,X1,2012,Automatic,1. Eco (<300k),Sedan/SUV,Petrol/Diesel,937
Honda,ACCORD,2014,Automatic,1. Eco (<300k),Sedan/SUV,Petrol/Diesel,938
Toyota,VIOS,2013,Manual,1. Eco (<300k),Sedan/SUV,Petrol/Diesel,939
Toyota,YARIS,2013,Automatic,1. Eco (<300k),Sedan/SUV,Petrol/Diesel,940
Toyota,FORTUNER,2012,Manual,2. Mid-Low (300k-500k),Sedan/SUV,Petrol/Diesel,941
Ford,RANGER,2022,Manual,2. Mid-Low (300k-500k),Sedan/SUV,Petrol/Diesel,942
Mercedes-Benz,GLS450,2025,Automatic,4. Premium (>1M),Sedan/SUV,Petrol/Diesel,943
BMW,528i,2014,Automatic,3. Mid-High (500k-1M),Sedan/SUV,Petrol/Diesel,944
BMW,X4,2016,Automatic,3. Mid-High (500k-1M),Sedan/SUV,Petrol/Diesel,945
Mercedes-Benz,GLC250,2019,Automatic,4. Premium (>1M),Sedan/SUV,Petrol/Diesel,946
Mercedes-Benz,E220,2023,Automatic,4. Premium (>1M),Sedan/SUV,Petrol/Diesel,947
Mercedes-Benz,C220,2021,Automatic,4. Premium (>1M),Sedan/SUV,Petrol/Diesel,948
Honda,City,2014,Automatic,2. Mid-Low (300k-500k),Sedan/SUV,Petrol/Diesel,949
Honda,ODYSSEY,2021,Automatic,4. Premium (>1M),Sedan/SUV,Petrol/Diesel,950
Toyota,Commuter,2019,Automatic,4. Premium (>1M),Sedan/SUV,Petrol/Diesel,951
Toyota,Hilux,2026,Manual,3. Mid-High (500k-1M),Sedan/SUV,Petrol/Diesel,952
Honda,CIVIC,2012,Automatic,1. Eco (<300k),Sedan/SUV,Petrol/Diesel,953
Toyota,Majesty,2024,Automatic,4. Premium (>1M),Sedan/SUV,Petrol/Diesel,954
Toyota,INNOVA,2025,Automatic,4. Premium (>1M),Sedan/SUV,Petrol/Diesel,955
Mitsubishi,PAJERO,2015,Automatic,2. Mid-Low (300k-500k),Sedan/SUV,Petrol/Diesel,956
Nissan,X-TRAIL,2016,Automatic,1. Eco (<300k),Sedan/SUV,Petrol/Diesel,957
MG,GS,2017,Automatic,1. Eco (<300k),Sedan/SUV,Petrol/Diesel,958
Mercedes-Benz,S300,2014,Automatic,3. Mid-High (500k-1M),Sedan/SUV,Petrol/Diesel,959
Toyota,YARIS,2012,Automatic,1. Eco (<300k),Sedan/SUV,Petrol/Diesel,960
Toyota,Sport,2003,Automatic,1. Eco (<300k),Sedan/SUV,Petrol/Diesel,961
Honda,HR-V,2015,Automatic,1. Eco (<300k),Sedan/SUV,Petrol/Diesel,962
Isuzu,D-MAX,2013,Automatic,1. Eco (<300k),Sedan/SUV,Petrol/Diesel,963
Toyota,Yaris,2020,Automatic,2. Mid-Low (300k-500k),Sedan/SUV,Petrol/Diesel,964
Subaru,XV,2019,Automatic,2. Mid-Low (300k-500k),Sedan/SUV,Petrol/Diesel,965
BMW,630d,2019,Automatic,4. Premium (>1M),Sedan/SUV,Petrol/Diesel,966
Mercedes-Benz,GLA35,2023,Automatic,4. Premium (>1M),Sedan/SUV,Petrol/Diesel,967
BMW,740Li,2010,Automatic,2. Mid-Low (300k-500k),Sedan/SUV,Petrol/Diesel,968
Mercedes-Benz,C300,2015,Automatic,2. Mid-Low (300k-500k),Sedan/SUV,Petrol/Diesel,969
Mercedes-Benz,CLS250,2011,Automatic,3. Mid-High (500k-1M),Sedan/SUV,Petrol/Diesel,970
Nissan,TEANA,2012,Automatic,1. Eco (<300k),Sedan/SUV,Petrol/Diesel,971
Mercedes-Benz,C200,2012,Automatic,1. Eco (<300k),Sedan/SUV,Petrol/Diesel,972
Mini,COOPER,2015,Automatic,2. Mid-Low (300k-500k),Sedan/SUV,Petrol/Diesel,973
Honda,City,2021,Automatic,1. Eco (<300k),Sedan/SUV,Petrol/Diesel,974
Toyota,INNOVA,2008,Automatic,1. Eco (<300k),Sedan/SUV,Petrol/Diesel,975
Honda,CIVIC,2008,Automatic,1. Eco (<300k),Sedan/SUV,Petrol/Diesel,976
Honda,CIVIC,2001,Automatic,1. Eco (<300k),Sedan/SUV,Petrol/Diesel,977
Ford,EVEREST,2016,Automatic,3. Mid-High (500k-1M),Sedan/SUV,Petrol/Diesel,978
Toyota,HILUX,2012,Automatic,2. Mid-Low (300k-500k),Sedan/SUV,Petrol/Diesel,979
Toyota,Hilux,2025,Automatic,4. Premium (>1M),Sedan/SUV,Petrol/Diesel,980
Toyota,bZ4X,2024,Automatic,3. Mid-High (500k-1M),Sedan/SUV,Petrol/Diesel,981
Honda,CR-V,2012,Automatic,1. Eco (<300k),Sedan/SUV,Petrol/Diesel,982
Mitsubishi,TRITON,2018,Automatic,1. Eco (<300k),Sedan/SUV,Petrol/Diesel,983
Mercedes-Benz,C350,2017,Automatic,2. Mid-Low (300k-500k),Sedan/SUV,Petrol/Diesel,984
Toyota,Hilux,2024,Manual,3. Mid-High (500k-1M),Sedan/SUV,Petrol/Diesel,985
Toyota,GR,2022,Manual,4. Premium (>1M),Sedan/SUV,Petrol/Diesel,986
Mercedes-Benz,E230,1998,Automatic,1. Eco (<300k),Sedan/SUV,Petrol/Diesel,987
Mitsubishi,ATTRAGE,2014,Automatic,1. Eco (<300k),Sedan/SUV,Petrol/Diesel,988
Toyota,WISH,2007,Automatic,1. Eco (<300k),Sedan/SUV,Petrol/Diesel,989
Toyota,Landcruiser,2012,Automatic,4. Premium (>1M),Sedan/SUV,Petrol/Diesel,990
Isuzu,D-MAX,2015,Automatic,2. Mid-Low (300k-500k),Sedan/SUV,Petrol/Diesel,991
Mercedes-Benz,E200,2012,Automatic,2. Mid-Low (300k-500k),Sedan/SUV,Petrol/Diesel,992
Toyota,ALPHARD,2009,Automatic,2. Mid-Low (300k-500k),Sedan/SUV,Petrol/Diesel,993
Toyota,HILUX,2015,Automatic,2. Mid-Low (300k-500k),Sedan/SUV,Petrol/Diesel,994
Isuzu,MU-X,2020,Automatic,3. Mid-High (500k-1M),Sedan/SUV,Petrol/Diesel,995
Honda,CIVIC,2014,Manual,1. Eco (<300k),Sedan/SUV,Petrol/Diesel,996
Nissan,SYLPHY,2019,Automatic,1. Eco (<300k),Sedan/SUV,Petrol/Diesel,997
Honda,City,2017,Automatic,2. Mid-Low (300k-500k),Sedan/SUV,Petrol/Diesel,998
Toyota,FORTUNER,2009,Automatic,1. Eco (<300k),Sedan/SUV,Petrol/Diesel,999
Toyota,FORTUNER,2008,Automatic,1. Eco (<300k),Sedan/SUV,Petrol/Diesel,1000
Isuzu,D-MAX,2016,Manual,2. Mid-Low (300k-500k),Sedan/SUV,Petrol/Diesel,1001
Mercedes-Benz,C230,2008,Automatic,1. Eco (<300k),Sedan/SUV,Petrol/Diesel,1002
BMW,520i,2012,Automatic,2. Mid-Low (300k-500k),Sedan/SUV,Petrol/Diesel,1003
Honda,ACCORD,1993,Manual,1. Eco (<300k),Sedan/SUV,Petrol/Diesel,1004
Nissan,ALMERA,2016,Automatic,1. Eco (<300k),Sedan/SUV,Petrol/Diesel,1005
Mercedes-Benz,C43,2020,Automatic,4. Premium (>1M),Sedan/SUV,Petrol/Diesel,1006
Toyota,CAMRY,2018,Automatic,2. Mid-Low (300k-500k),Sedan/SUV,Petrol/Diesel,1007
Toyota,FORTUNER,2014,Automatic,3. Mid-High (500k-1M),Sedan/SUV,Petrol/Diesel,1008
Mitsubishi,PAJERO,2017,Automatic,2. Mid-Low (300k-500k),Sedan/SUV,Petrol/Diesel,1009
Mercedes-Benz,S350,2019,Automatic,4. Premium (>1M),Sedan/SUV,Petrol/Diesel,1010
BMW,530e,2024,Automatic,4. Premium (>1M),Sedan/SUV,Petrol/Diesel,1011
TESLA,Model,2023,Automatic,4. Premium (>1M),Sedan/SUV,Petrol/Diesel,1012
BMW,I3,2020,Automatic,3. Mid-High (500k-1M),Sedan/SUV,Petrol/Diesel,1013
Mercedes-Benz,E350,2020,Automatic,3. Mid-High (500k-1M),Sedan/SUV,Petrol/Diesel,1014
Honda,CIVIC,2024,Automatic,3. Mid-High (500k-1M),Sedan/SUV,Petrol/Diesel,1015
Honda,CIVIC,2026,Automatic,3. Mid-High (500k-1M),Sedan/SUV,Petrol/Diesel,1016
Hyundai,GRAND,2012,Automatic,2. Mid-Low (300k-500k),Sedan/SUV,Petrol/Diesel,1017
BYD,Dolphin,2023,Automatic,2. Mid-Low (300k-500k),Sedan/SUV,Petrol/Diesel,1018
BMW,430i,2022,Automatic,4. Premium (>1M),Sedan/SUV,Petrol/Diesel,1019
Nissan,NP,2016,Automatic,2. Mid-Low (300k-500k),Sedan/SUV,Petrol/Diesel,1020
Mercedes-Benz,C350,2025,Automatic,4. Premium (>1M),Sedan/SUV,Petrol/Diesel,1021
Mini,Countryman,2017,Automatic,2. Mid-Low (300k-500k),Sedan/SUV,Petrol/Diesel,1022
Mazda,3,2021,Automatic,2. Mid-Low (300k-500k),Sedan/SUV,Petrol/Diesel,1023
Mercedes-Benz,GLC250,2020,Automatic,4. Premium (>1M),Sedan/SUV,Petrol/Diesel,1024
Mercedes-Benz,GLC43,2021,Automatic,4. Premium (>1M),Sedan/SUV,Petrol/Diesel,1025
Porsche,CAYENNE,2024,Automatic,4. Premium (>1M),Sedan/SUV,Petrol/Diesel,1026
Honda,CIVIC,2014,Automatic,2. Mid-Low (300k-500k),Sedan/SUV,Petrol/Diesel,1027
Toyota,VELLFIRE,2017,Automatic,4. Premium (>1M),Sedan/SUV,Petrol/Diesel,1028
Toyota,86,2013,Automatic,4. Premium (>1M),Sedan/SUV,Petrol/Diesel,1029
Mazda,3,2015,Automatic,1. Eco (<300k),Sedan/SUV,Petrol/Diesel,1030
Mercedes-Benz,E350,2026,Automatic,4. Premium (>1M),Sedan/SUV,Petrol/Diesel,1031
Mercedes-Benz,C350,2026,Automatic,4. Premium (>1M),Sedan/SUV,Petrol/Diesel,1032
Mercedes-Benz,E220,2026,Automatic,4. Premium (>1M),Sedan/SUV,Petrol/Diesel,1033
Toyota,HILUX,2023,Automatic,2. Mid-Low (300k-500k),Sedan/SUV,Petrol/Diesel,1034
Isuzu,D-MAX,2007,Manual,1. Eco (<300k),Sedan/SUV,Petrol/Diesel,1035
BMW,320d,2008,Automatic,1. Eco (<300k),Sedan/SUV,Petrol/Diesel,1036
Mercedes-Benz,E240,2003,Automatic,1. Eco (<300k),Sedan/SUV,Petrol/Diesel,1037
Toyota,CAMRY,2006,Automatic,1. Eco (<300k),Sedan/SUV,Petrol/Diesel,1038
Volvo,XC60,2022,Automatic,3. Mid-High (500k-1M),Sedan/SUV,Petrol/Diesel,1039
Mercedes-Benz,E300,2023,Automatic,3. Mid-High (500k-1M),Sedan/SUV,Petrol/Diesel,1040
Nissan,X-TRAIL,2017,Automatic,2. Mid-Low (300k-500k),Sedan/SUV,Petrol/Diesel,1041
Honda,JAZZ,2008,Automatic,1. Eco (<300k),Sedan/SUV,Petrol/Diesel,1042
Nissan,Terra,2022,Automatic,3. Mid-High (500k-1M),Sedan/SUV,Petrol/Diesel,1043
Toyota,Corolla,2015,Automatic,2. Mid-Low (300k-500k),Sedan/SUV,Petrol/Diesel,1044
Toyota,VIOS,2007,Automatic,1. Eco (<300k),Sedan/SUV,Petrol/Diesel,1045
Toyota,HILUX,2011,Manual,1. Eco (<300k),Sedan/SUV,Petrol/Diesel,1046
Toyota,HILUX,2020,Manual,3. Mid-High (500k-1M),Sedan/SUV,Petrol/Diesel,1047
Mitsubishi,Xpander,2025,Automatic,3. Mid-High (500k-1M),Sedan/SUV,Petrol/Diesel,1048
Nissan,NP,2019,Automatic,2. Mid-Low (300k-500k),Sedan/SUV,Petrol/Diesel,1049
Toyota,YARIS,2007,Automatic,1. Eco (<300k),Sedan/SUV,Petrol/Diesel,1050
Suzuki,CARRY,2022,Manual,1. Eco (<300k),Sedan/SUV,Petrol/Diesel,1051
Volkswagen,CARAVELLE,2011,Automatic,2. Mid-Low (300k-500k),Sedan/SUV,Petrol/Diesel,1052
Mini,Countryman,2021,Automatic,3. Mid-High (500k-1M),Sedan/SUV,Petrol/Diesel,1053
Volvo,XC40,2024,Automatic,3. Mid-High (500k-1M),Sedan/SUV,Petrol/Diesel,1054
Toyota,VELLFIRE,2010,Automatic,2. Mid-Low (300k-500k),Sedan/SUV,Petrol/Diesel,1055
Toyota,ALPHARD,2017,Automatic,4. Premium (>1M),Sedan/SUV,Petrol/Diesel,1056
Toyota,VELLFIRE,2016,Automatic,4. Premium (>1M),Sedan/SUV,Petrol/Diesel,1057
Honda,City,2025,Automatic,2. Mid-Low (300k-500k),Sedan/SUV,Petrol/Diesel,1058
BMW,330Li,2022,Automatic,4. Premium (>1M),Sedan/SUV,Petrol/Diesel,1059
BMW,525d,2016,Automatic,3. Mid-High (500k-1M),Sedan/SUV,Petrol/Diesel,1060
BMW,318i,2016,Automatic,2. Mid-Low (300k-500k),Sedan/SUV,Petrol/Diesel,1061
BMW,X4,2019,Automatic,3. Mid-High (500k-1M),Sedan/SUV,Petrol/Diesel,1062
BMW,X1,2016,Automatic,3. Mid-High (500k-1M),Sedan/SUV,Petrol/Diesel,1063
BMW,X1,2013,Automatic,2. Mid-Low (300k-500k),Sedan/SUV,Petrol/Diesel,1064
BMW,525d,2012,Automatic,2. Mid-Low (300k-500k),Sedan/SUV,Petrol/Diesel,1065
Honda,JAZZ,2016,Automatic,1. Eco (<300k),Sedan/SUV,Petrol/Diesel,1066
Mercedes-Benz,C200,2023,Automatic,4. Premium (>1M),Sedan/SUV,Petrol/Diesel,1067
Mercedes-Benz,C200,2022,Automatic,4. Premium (>1M),Sedan/SUV,Petrol/Diesel,1068
Mercedes-Benz,E250,2011,Automatic,2. Mid-Low (300k-500k),Sedan/SUV,Petrol/Diesel,1069
Mitsubishi,Xpander,2021,Automatic,2. Mid-Low (300k-500k),Sedan/SUV,Petrol/Diesel,1070
Mercedes-Benz,CLS220,2024,Automatic,4. Premium (>1M),Sedan/SUV,Petrol/Diesel,1071
BMW,520d,2024,Automatic,4. Premium (>1M),Sedan/SUV,Petrol/Diesel,1072
BMW,330e,2023,Automatic,3. Mid-High (500k-1M),Sedan/SUV,Petrol/Diesel,1073
Haval,H6,2022,Automatic,3. Mid-High (500k-1M),Sedan/SUV,Petrol/Diesel,1074
Mercedes-Benz,S350,2020,Automatic,4. Premium (>1M),Sedan/SUV,Petrol/Diesel,1075
Toyota,YARIS,2016,Automatic,2. Mid-Low (300k-500k),Sedan/SUV,Petrol/Diesel,1076
Toyota,C-HR,2026,Automatic,3. Mid-High (500k-1M),Sedan/SUV,Petrol/Diesel,1077
Mitsubishi,TRITON,2019,Automatic,2. Mid-Low (300k-500k),Sedan/SUV,Petrol/Diesel,1078
Toyota,HILUX,2019,Manual,2. Mid-Low (300k-500k),Sedan/SUV,Petrol/Diesel,1079
Toyota,HIACE,2015,Manual,2. Mid-Low (300k-500k),Sedan/SUV,Petrol/Diesel,1080
Toyota,Commuter,2022,Automatic,4. Premium (>1M),Sedan/SUV,Petrol/Diesel,1081
Mercedes-Benz,S350,2011,Automatic,2. Mid-Low (300k-500k),Sedan/SUV,Petrol/Diesel,1082
Mercedes-Benz,GLC350,2025,Automatic,4. Premium (>1M),Sedan/SUV,Petrol/Diesel,1083
Mitsubishi,TRITON,2022,Automatic,3. Mid-High (500k-1M),Sedan/SUV,Petrol/Diesel,1084
Mitsubishi,TRITON,2021,Automatic,3. Mid-High (500k-1M),Sedan/SUV,Petrol/Diesel,1085
Mercedes-Benz,E200,2014,Automatic,3. Mid-High (500k-1M),Sedan/SUV,Petrol/Diesel,1086
Mitsubishi,TRITON,2025,Automatic,3. Mid-High (500k-1M),Sedan/SUV,Petrol/Diesel,1087
Honda,ACCORD,2004,Automatic,1. Eco (<300k),Sedan/SUV,Petrol/Diesel,1088
Subaru,FORESTER,2020,Automatic,3. Mid-High (500k-1M),Sedan/SUV,Petrol/Diesel,1089
Honda,City,2021,Automatic,3. Mid-High (500k-1M),Sedan/SUV,Petrol/Diesel,1090
Nissan,SYLPHY,2017,Automatic,1. Eco (<300k),Sedan/SUV,Petrol/Diesel,1091
Nissan,NP,2020,Manual,2. Mid-Low (300k-500k),Sedan/SUV,Petrol/Diesel,1092
Honda,STEPWGN,2012,Automatic,3. Mid-High (500k-1M),Sedan/SUV,Petrol/Diesel,1093
Nissan,Terra,2019,Automatic,3. Mid-High (500k-1M),Sedan/SUV,Petrol/Diesel,1094
Ford,RANGER,2026,Manual,3. Mid-High (500k-1M),Sedan/SUV,Petrol/Diesel,1095
Mitsubishi,TRITON,2026,Manual,3. Mid-High (500k-1M),Sedan/SUV,Petrol/Diesel,1096
Nissan,ALMERA,2024,Automatic,2. Mid-Low (300k-500k),Sedan/SUV,Petrol/Diesel,1097
Mazda,2,2023,Automatic,2. Mid-Low (300k-500k),Sedan/SUV,Petrol/Diesel,1098
Toyota,HILUX,2025,Manual,3. Mid-High (500k-1M),Sedan/SUV,Petrol/Diesel,1099
Toyota,HILUX,2024,Manual,2. Mid-Low (300k-500k),Sedan/SUV,Petrol/Diesel,1100
Mitsubishi,TRITON,2025,Manual,2. Mid-Low (300k-500k),Sedan/SUV,Petrol/Diesel,1101
Mazda,2,2025,Automatic,2. Mid-Low (300k-500k),Sedan/SUV,Petrol/Diesel,1102
Ford,RANGER,2024,Manual,3. Mid-High (500k-1M),Sedan/SUV,Petrol/Diesel,1103
Mini,Countryman,2018,Automatic,3. Mid-High (500k-1M),Sedan/SUV,Petrol/Diesel,1104
Isuzu,MU-X,2017,Automatic,2. Mid-Low (300k-500k),Sedan/SUV,Petrol/Diesel,1105
Mitsubishi,PAJERO,2024,Automatic,3. Mid-High (500k-1M),Sedan/SUV,Petrol/Diesel,1106
Mitsubishi,TRITON,2015,Manual,1. Eco (<300k),Sedan/SUV,Petrol/Diesel,1107
Mazda,CX-5,2021,Automatic,3. Mid-High (500k-1M),Sedan/SUV,Petrol/Diesel,1108
Mazda,CX-8,2022,Automatic,3. Mid-High (500k-1M),Sedan/SUV,Petrol/Diesel,1109
Mercedes-Benz,S500,2018,Automatic,4. Premium (>1M),Sedan/SUV,Petrol/Diesel,1110
BMW,X4,2022,Automatic,4. Premium (>1M),Sedan/SUV,Petrol/Diesel,1111
Mitsubishi,MIRAGE,2012,Manual,1. Eco (<300k),Sedan/SUV,Petrol/Diesel,1112
Toyota,VIOS,2020,Automatic,1. Eco (<300k),Sedan/SUV,Petrol/Diesel,1113
Honda,ACCORD,2008,Automatic,1. Eco (<300k),Sedan/SUV,Petrol/Diesel,1114
Mazda,CX-5,2015,Automatic,1. Eco (<300k),Sedan/SUV,Petrol/Diesel,1115
Ford,EVEREST,2017,Automatic,3. Mid-High (500k-1M),Sedan/SUV,Petrol/Diesel,1116
Mazda,2,2016,Automatic,1. Eco (<300k),Sedan/SUV,Petrol/Diesel,1117
Mitsubishi,ATTRAGE,2013,Automatic,1. Eco (<300k),Sedan/SUV,Petrol/Diesel,1118
Mercedes-Benz,CLE300,2025,Automatic,4. Premium (>1M),Sedan/SUV,Petrol/Diesel,1119
Subaru,FORESTER,2024,Automatic,3. Mid-High (500k-1M),Sedan/SUV,Petrol/Diesel,1120
Mercedes-Benz,E200,2014,Automatic,4. Premium (>1M),Sedan/SUV,Petrol/Diesel,1121
Mercedes-Benz,E250,2011,Automatic,3. Mid-High (500k-1M),Sedan/SUV,Petrol/Diesel,1122
Mercedes-Benz,C200,2014,Automatic,2. Mid-Low (300k-500k),Sedan/SUV,Petrol/Diesel,1123
Mercedes-Benz,GLA200,2019,Automatic,3. Mid-High (500k-1M),Sedan/SUV,Petrol/Diesel,1124
Mercedes-Benz,GLC250,2016,Automatic,3. Mid-High (500k-1M),Sedan/SUV,Petrol/Diesel,1125
Mercedes-Benz,C250,2017,Automatic,4. Premium (>1M),Sedan/SUV,Petrol/Diesel,1126
Mercedes-Benz,C200,2020,Automatic,4. Premium (>1M),Sedan/SUV,Petrol/Diesel,1127
Ford,RANGER,2025,Automatic,3. Mid-High (500k-1M),Sedan/SUV,Petrol/Diesel,1128
Mazda,2,2018,Automatic,2. Mid-Low (300k-500k),Sedan/SUV,Petrol/Diesel,1129
BMW,X1,2017,Automatic,2. Mid-Low (300k-500k),Sedan/SUV,Petrol/Diesel,1130
BMW,X3,2020,Automatic,3. Mid-High (500k-1M),Sedan/SUV,Petrol/Diesel,1131
Toyota,CAMRY,2005,Automatic,1. Eco (<300k),Sedan/SUV,Petrol/Diesel,1132
Toyota,HIACE,2025,Automatic,3. Mid-High (500k-1M),Sedan/SUV,Petrol/Diesel,1133
Toyota,HARRIER,2022,Automatic,4. Premium (>1M),Sedan/SUV,Petrol/Diesel,1134
Land,Rover,2016,Automatic,4. Premium (>1M),Sedan/SUV,Petrol/Diesel,1135
Mercedes-Benz,C180,2015,Automatic,3. Mid-High (500k-1M),Sedan/SUV,Petrol/Diesel,1136
Mazda,3,2016,Automatic,2. Mid-Low (300k-500k),Sedan/SUV,Petrol/Diesel,1137
Toyota,VIOS,2019,Automatic,1. Eco (<300k),Sedan/SUV,Petrol/Diesel,1138
Mercedes-Benz,S350,2022,Automatic,4. Premium (>1M),Sedan/SUV,Petrol/Diesel,1139
Mercedes-Benz,GLA200,2018,Automatic,3. Mid-High (500k-1M),Sedan/SUV,Petrol/Diesel,1140
BMW,320d,2015,Automatic,3. Mid-High (500k-1M),Sedan/SUV,Petrol/Diesel,1141
BMW,330e,2020,Automatic,3. Mid-High (500k-1M),Sedan/SUV,Petrol/Diesel,1142
Honda,CIVIC,2015,Automatic,1. Eco (<300k),Sedan/SUV,Petrol/Diesel,1143
Mercedes-Benz,CLS53,2024,Automatic,4. Premium (>1M),Sedan/SUV,Petrol/Diesel,1144
Mercedes-Benz,GLA200,2017,Automatic,3. Mid-High (500k-1M),Sedan/SUV,Petrol/Diesel,1145
Mercedes-Benz,E250,2010,Automatic,3. Mid-High (500k-1M),Sedan/SUV,Petrol/Diesel,1146
Hyundai,H-1,2015,Automatic,3. Mid-High (500k-1M),Sedan/SUV,Petrol/Diesel,1147
Mazda,CX-30,2024,Automatic,3. Mid-High (500k-1M),Sedan/SUV,Petrol/Diesel,1148
Mercedes-Benz,GLA250,2016,Automatic,3. Mid-High (500k-1M),Sedan/SUV,Petrol/Diesel,1149
Mini,Cabrio,2019,Automatic,4. Premium (>1M),Sedan/SUV,Petrol/Diesel,1150
Toyota,Yaris,2021,Automatic,2. Mid-Low (300k-500k),Sedan/SUV,Petrol/Diesel,1151
Ford,RANGER,2021,Automatic,3. Mid-High (500k-1M),Sedan/SUV,Petrol/Diesel,1152
Mitsubishi,TRITON,2022,Manual,2. Mid-Low (300k-500k),Sedan/SUV,Petrol/Diesel,1153
Mitsubishi,TRITON,2017,Automatic,1. Eco (<300k),Sedan/SUV,Petrol/Diesel,1154
BMW,330e,2024,Automatic,4. Premium (>1M),Sedan/SUV,Petrol/Diesel,1155
Toyota,HILUX,2014,Automatic,2. Mid-Low (300k-500k),Sedan/SUV,Petrol/Diesel,1156
Suzuki,ERTIGA,2019,Automatic,2. Mid-Low (300k-500k),Sedan/SUV,Petrol/Diesel,1157
BMW,X6,2014,Automatic,3. Mid-High (500k-1M),Sedan/SUV,Petrol/Diesel,1158
BMW,X3,2016,Automatic,3. Mid-High (500k-1M),Sedan/SUV,Petrol/Diesel,1159
Mini,Countryman,2013,Automatic,3. Mid-High (500k-1M),Sedan/SUV,Petrol/Diesel,1160
Isuzu,D-MAX,2017,Manual,2. Mid-Low (300k-500k),Sedan/SUV,Petrol/Diesel,1161
Ford,RANGER,2018,Manual,2. Mid-Low (300k-500k),Sedan/SUV,Petrol/Diesel,1162
Suzuki,ERTIGA,2021,Automatic,2. Mid-Low (300k-500k),Sedan/SUV,Petrol/Diesel,1163
Mercedes-Benz,S500,2012,Automatic,3. Mid-High (500k-1M),Sedan/SUV,Petrol/Diesel,1164
Mitsubishi,Xpander,2018,Automatic,2. Mid-Low (300k-500k),Sedan/SUV,Petrol/Diesel,1165
Honda,JAZZ,2016,Automatic,2. Mid-Low (300k-500k),Sedan/SUV,Petrol/Diesel,1166
Mercedes-Benz,C350,2020,Automatic,3. Mid-High (500k-1M),Sedan/SUV,Petrol/Diesel,1167
Mercedes-Benz,E300,2022,Automatic,3. Mid-High (500k-1M),Sedan/SUV,Petrol/Diesel,1168
Ford,RANGER,2022,Automatic,4. Premium (>1M),Sedan/SUV,Petrol/Diesel,1169
Mitsubishi,ATTRAGE,2021,Automatic,2. Mid-Low (300k-500k),Sedan/SUV,Petrol/Diesel,1170
Hyundai,GRAND,2020,Automatic,3. Mid-High (500k-1M),Sedan/SUV,Petrol/Diesel,1171
Toyota,SIENTA,2019,Automatic,2. Mid-Low (300k-500k),Sedan/SUV,Petrol/Diesel,1172
TESLA,Model,2020,Automatic,3. Mid-High (500k-1M),Sedan/SUV,Petrol/Diesel,1173
Volkswagen,GOLF,2010,Automatic,2. Mid-Low (300k-500k),Sedan/SUV,Petrol/Diesel,1174
Subaru,FORESTER,2019,Automatic,3. Mid-High (500k-1M),Sedan/SUV,Petrol/Diesel,1175
Mercedes-Benz,E350,2025,Automatic,4. Premium (>1M),Sedan/SUV,Petrol/Diesel,1176
Suzuki,Ciaz,2023,Automatic,2. Mid-Low (300k-500k),Sedan/SUV,Petrol/Diesel,1177
Mitsubishi,TRITON,2011,Manual,1. Eco (<300k),Sedan/SUV,Petrol/Diesel,1178
Mitsubishi,Delica,2015,Automatic,2. Mid-Low (300k-500k),Sedan/SUV,Petrol/Diesel,1179
Mitsubishi,MIRAGE,2018,Automatic,1. Eco (<300k),Sedan/SUV,Petrol/Diesel,1180
Honda,City,2018,Automatic,1. Eco (<300k),Sedan/SUV,Petrol/Diesel,1181
BMW,X5,2022,Automatic,4. Premium (>1M),Sedan/SUV,Petrol/Diesel,1182
BMW,X4,2024,Automatic,4. Premium (>1M),Sedan/SUV,Petrol/Diesel,1183
Mercedes-Benz,GLA250,2017,Automatic,3. Mid-High (500k-1M),Sedan/SUV,Petrol/Diesel,1184
Toyota,HILUX,2022,Manual,3. Mid-High (500k-1M),Sedan/SUV,Petrol/Diesel,1185
Isuzu,D-MAX,2008,Automatic,1. Eco (<300k),Sedan/SUV,Petrol/Diesel,1186
Volvo,C40,2024,Automatic,4. Premium (>1M),Sedan/SUV,Petrol/Diesel,1187
Mazda,3,2022,Automatic,2. Mid-Low (300k-500k),Sedan/SUV,Petrol/Diesel,1188
BMW,X5,2021,Automatic,4. Premium (>1M),Sedan/SUV,Petrol/Diesel,1189
Toyota,VIOS,2019,Automatic,2. Mid-Low (300k-500k),Sedan/SUV,Petrol/Diesel,1190
MG,ZS,2022,Automatic,2. Mid-Low (300k-500k),Sedan/SUV,Petrol/Diesel,1191
Mitsubishi,ATTRAGE,2019,Automatic,1. Eco (<300k),Sedan/SUV,Petrol/Diesel,1192
MG,VS,2022,Automatic,2. Mid-Low (300k-500k),Sedan/SUV,Petrol/Diesel,1193
Suzuki,SWIFT,2021,Automatic,2. Mid-Low (300k-500k),Sedan/SUV,Petrol/Diesel,1194
MG,ZS,2020,Automatic,2. Mid-Low (300k-500k),Sedan/SUV,Petrol/Diesel,1195
Nissan,NP,2021,Manual,1. Eco (<300k),Sedan/SUV,Petrol/Diesel,1196
Suzuki,SWIFT,2019,Automatic,2. Mid-Low (300k-500k),Sedan/SUV,Petrol/Diesel,1197
Suzuki,SWIFT,2023,Automatic,2. Mid-Low (300k-500k),Sedan/SUV,Petrol/Diesel,1198
Mercedes-Benz,A200,2020,Automatic,3. Mid-High (500k-1M),Sedan/SUV,Petrol/Diesel,1199
Hyundai,Staria,2021,Automatic,3. Mid-High (500k-1M),Sedan/SUV,Petrol/Diesel,1200
Mercedes-Benz,GLA200,2026,Automatic,4. Premium (>1M),Sedan/SUV,Petrol/Diesel,1201
Mercedes-Benz,SL55,2026,Automatic,4. Premium (>1M),Sedan/SUV,Petrol/Diesel,1202
Hyundai,GRAND,2019,Automatic,3. Mid-High (500k-1M),Sedan/SUV,Petrol/Diesel,1203
Mazda,3,2018,Automatic,2. Mid-Low (300k-500k),Sedan/SUV,Petrol/Diesel,1204
Honda,City,2025,Automatic,3. Mid-High (500k-1M),Sedan/SUV,Petrol/Diesel,1205
Hyundai,GRAND,2018,Automatic,3. Mid-High (500k-1M),Sedan/SUV,Petrol/Diesel,1206
Honda,HR-V,2017,Automatic,1. Eco (<300k),Sedan/SUV,Petrol/Diesel,1207
Lexus,NX300h,2020,Automatic,4. Premium (>1M),Sedan/SUV,Petrol/Diesel,1208
BMW,320d,2014,Automatic,2. Mid-Low (300k-500k),Sedan/SUV,Petrol/Diesel,1209
Mercedes-Benz,A250,2017,Automatic,2. Mid-Low (300k-500k),Sedan/SUV,Petrol/Diesel,1210
Mitsubishi,TRITON,2018,Manual,2. Mid-Low (300k-500k),Sedan/SUV,Petrol/Diesel,1211
Mini,Countryman,2015,Automatic,3. Mid-High (500k-1M),Sedan/SUV,Petrol/Diesel,1212
Suzuki,SWIFT,2015,Automatic,1. Eco (<300k),Sedan/SUV,Petrol/Diesel,1213
Isuzu,D-MAX,2019,Manual,3. Mid-High (500k-1M),Sedan/SUV,Petrol/Diesel,1214
Mazda,BT-50,2012,Manual,1. Eco (<300k),Sedan/SUV,Petrol/Diesel,1215
Toyota,INNOVA,2013,Automatic,2. Mid-Low (300k-500k),Sedan/SUV,Petrol/Diesel,1216
Mercedes-Benz,S560,2019,Automatic,4. Premium (>1M),Sedan/SUV,Petrol/Diesel,1217
Mercedes-Benz,GLC350,2024,Automatic,4. Premium (>1M),Sedan/SUV,Petrol/Diesel,1218
Nissan,Terra,2025,Automatic,3. Mid-High (500k-1M),Sedan/SUV,Petrol/Diesel,1219
Honda,FREED,2013,Automatic,2. Mid-Low (300k-500k),Sedan/SUV,Petrol/Diesel,1220
Mitsubishi,TRITON,2021,Manual,2. Mid-Low (300k-500k),Sedan/SUV,Petrol/Diesel,1221
Mitsubishi,ATTRAGE,2020,Automatic,1. Eco (<300k),Sedan/SUV,Petrol/Diesel,1222
Mitsubishi,PAJERO,2016,Automatic,2. Mid-Low (300k-500k),Sedan/SUV,Petrol/Diesel,1223
Ford,RANGER,2018,Manual,1. Eco (<300k),Sedan/SUV,Petrol/Diesel,1224
Ford,RANGER,2020,Manual,1. Eco (<300k),Sedan/SUV,Petrol/Diesel,1225
BMW,528i,2014,Automatic,2. Mid-Low (300k-500k),Sedan/SUV,Petrol/Diesel,1226
Nissan,NP,2017,Manual,1. Eco (<300k),Sedan/SUV,Petrol/Diesel,1227
Nissan,NP,2019,Manual,2. Mid-Low (300k-500k),Sedan/SUV,Petrol/Diesel,1228
Ford,RANGER,2017,Manual,1. Eco (<300k),Sedan/SUV,Petrol/Diesel,1229
Nissan,Navara,2023,Automatic,2. Mid-Low (300k-500k),Sedan/SUV,Petrol/Diesel,1230
Subaru,XV,2016,Automatic,2. Mid-Low (300k-500k),Sedan/SUV,Petrol/Diesel,1231
Toyota,AVANZA,2021,Automatic,2. Mid-Low (300k-500k),Sedan/SUV,Petrol/Diesel,1232
MG,MG5,2021,Automatic,1. Eco (<300k),Sedan/SUV,Petrol/Diesel,1233
Nissan,Terra,2019,Automatic,2. Mid-Low (300k-500k),Sedan/SUV,Petrol/Diesel,1234
Hyundai,Staria,2021,Automatic,4. Premium (>1M),Sedan/SUV,Petrol/Diesel,1235
Kia,GRAND,2017,Automatic,3. Mid-High (500k-1M),Sedan/SUV,Petrol/Diesel,1236
Toyota,HIACE,2013,Manual,2. Mid-Low (300k-500k),Sedan/SUV,Petrol/Diesel,1237
Suzuki,SWIFT,2026,Automatic,2. Mid-Low (300k-500k),Sedan/SUV,Petrol/Diesel,1238
Toyota,FORTUNER,2012,Automatic,3. Mid-High (500k-1M),Sedan/SUV,Petrol/Diesel,1239
Porsche,718,2020,Automatic,4. Premium (>1M),Sedan/SUV,Petrol/Diesel,1240
Toyota,VELLFIRE,2025,Automatic,4. Premium (>1M),Sedan/SUV,Petrol/Diesel,1241
Mercedes-Benz,GLA200,2017,Automatic,2. Mid-Low (300k-500k),Sedan/SUV,Petrol/Diesel,1242
Mercedes-Benz,CLS250,2015,Automatic,3. Mid-High (500k-1M),Sedan/SUV,Petrol/Diesel,1243
Nissan,MARCH,2011,Automatic,1. Eco (<300k),Sedan/SUV,Petrol/Diesel,1244
Isuzu,D-MAX,2013,Automatic,2. Mid-Low (300k-500k),Sedan/SUV,Petrol/Diesel,1245
Honda,CR-V,2014,Automatic,2. Mid-Low (300k-500k),Sedan/SUV,Petrol/Diesel,1246
Honda,City,2023,Automatic,3. Mid-High (500k-1M),Sedan/SUV,Petrol/Diesel,1247
Toyota,C-HR,2021,Automatic,3. Mid-High (500k-1M),Sedan/SUV,Petrol/Diesel,1248
Toyota,HILUX,2025,Automatic,2. Mid-Low (300k-500k),Sedan/SUV,Petrol/Diesel,1249
BMW,520d,2015,Automatic,3. Mid-High (500k-1M),Sedan/SUV,Petrol/Diesel,1250
Mercedes-Benz,C250,2017,Automatic,3. Mid-High (500k-1M),Sedan/SUV,Petrol/Diesel,1251
Mercedes-Benz,C250,2023,Automatic,4. Premium (>1M),Sedan/SUV,Petrol/Diesel,1252
Ford,RANGER,2012,Automatic,1. Eco (<300k),Sedan/SUV,Petrol/Diesel,1253
Hyundai,Staria,2022,Automatic,4. Premium (>1M),Sedan/SUV,Petrol/Diesel,1254
Mercedes-Benz,220E,1993,Manual,1. Eco (<300k),Sedan/SUV,Petrol/Diesel,1255
Mercedes-Benz,E230,2009,Automatic,2. Mid-Low (300k-500k),Sedan/SUV,Petrol/Diesel,1256
Hyundai,Staria,2023,Automatic,4. Premium (>1M),Sedan/SUV,Petrol/Diesel,1257
Hyundai,GRAND,2020,Automatic,4. Premium (>1M),Sedan/SUV,Petrol/Diesel,1258
Isuzu,MU-7,2011,Manual,1. Eco (<300k),Sedan/SUV,Petrol/Diesel,1259
Mini,Countryman,2013,Automatic,2. Mid-Low (300k-500k),Sedan/SUV,Petrol/Diesel,1260
Mercedes-Benz,E300,2014,Automatic,2. Mid-Low (300k-500k),Sedan/SUV,Petrol/Diesel,1261
BMW,530e,2021,Automatic,4. Premium (>1M),Sedan/SUV,Petrol/Diesel,1262
Mercedes-Benz,E250,2013,Automatic,3. Mid-High (500k-1M),Sedan/SUV,Petrol/Diesel,1263
Honda,STEPWGN,2023,Automatic,4. Premium (>1M),Sedan/SUV,Petrol/Diesel,1264
Mercedes-Benz,C200,2011,Automatic,1. Eco (<300k),Sedan/SUV,Petrol/Diesel,1265
Toyota,Corolla,2023,Automatic,2. Mid-Low (300k-500k),Sedan/SUV,Petrol/Diesel,1266
Honda,JAZZ,2014,Manual,2. Mid-Low (300k-500k),Sedan/SUV,Petrol/Diesel,1267
Honda,JAZZ,2019,Manual,2. Mid-Low (300k-500k),Sedan/SUV,Petrol/Diesel,1268
Toyota,Corolla,2019,Automatic,3. Mid-High (500k-1M),Sedan/SUV,Petrol/Diesel,1269
Nissan,Navara,2022,Automatic,2. Mid-Low (300k-500k),Sedan/SUV,Petrol/Diesel,1270
BMW,320d,2020,Automatic,4. Premium (>1M),Sedan/SUV,Petrol/Diesel,1271
Nissan,SYLPHY,2018,Automatic,1. Eco (<300k),Sedan/SUV,Petrol/Diesel,1272
BMW,320d,2014,Automatic,3. Mid-High (500k-1M),Sedan/SUV,Petrol/Diesel,1273
Isuzu,D-MAX,2019,Automatic,3. Mid-High (500k-1M),Sedan/SUV,Petrol/Diesel,1274
Toyota,HIACE,2019,Manual,3. Mid-High (500k-1M),Sedan/SUV,Petrol/Diesel,1275
Mercedes-Benz,GLE300,2021,Automatic,4. Premium (>1M),Sedan/SUV,Petrol/Diesel,1276
MG,MG5,2022,Automatic,2. Mid-Low (300k-500k),Sedan/SUV,Petrol/Diesel,1277
BMW,745Le,2022,Automatic,4. Premium (>1M),Sedan/SUV,Petrol/Diesel,1278
Mazda,2,2013,Automatic,1. Eco (<300k),Sedan/SUV,Petrol/Diesel,1279
Honda,CIVIC,2003,Automatic,1. Eco (<300k),Sedan/SUV,Petrol/Diesel,1280
Mercedes-Benz,E220,1993,Automatic,1. Eco (<300k),Sedan/SUV,Petrol/Diesel,1281
Mercedes-Benz,E300,2014,Automatic,1. Eco (<300k),Sedan/SUV,Petrol/Diesel,1282
Mazda,BT-50,2023,Manual,3. Mid-High (500k-1M),Sedan/SUV,Petrol/Diesel,1283
Mazda,BT-50,2018,Manual,2. Mid-Low (300k-500k),Sedan/SUV,Petrol/Diesel,1284
Toyota,ESTIMA,2019,Automatic,4. Premium (>1M),Sedan/SUV,Petrol/Diesel,1285
Toyota,VIOS,2010,Automatic,1. Eco (<300k),Sedan/SUV,Petrol/Diesel,1286
Hyundai,Stargazer,2023,Automatic,2. Mid-Low (300k-500k),Sedan/SUV,Petrol/Diesel,1287
Toyota,INNOVA,2019,Automatic,3. Mid-High (500k-1M),Sedan/SUV,Petrol/Diesel,1288
Ford,FOCUS,2018,Automatic,1. Eco (<300k),Sedan/SUV,Petrol/Diesel,1289
Toyota,VELLFIRE,2026,Automatic,4. Premium (>1M),Sedan/SUV,Petrol/Diesel,1290
Suzuki,XL7,2022,Automatic,2. Mid-Low (300k-500k),Sedan/SUV,Petrol/Diesel,1291
BMW,X3,2013,Automatic,2. Mid-Low (300k-500k),Sedan/SUV,Petrol/Diesel,1292
Nissan,ALMERA,2022,Automatic,2. Mid-Low (300k-500k),Sedan/SUV,Petrol/Diesel,1293
BMW,X3,2020,Automatic,4. Premium (>1M),Sedan/SUV,Petrol/Diesel,1294
BMW,X7,2021,Automatic,4. Premium (>1M),Sedan/SUV,Petrol/Diesel,1295
Volvo,XC40,2019,Automatic,2. Mid-Low (300k-500k),Sedan/SUV,Petrol/Diesel,1296
Suzuki,SWIFT,2020,Automatic,1. Eco (<300k),Sedan/SUV,Petrol/Diesel,1297
Isuzu,D-MAX,2015,Manual,2. Mid-Low (300k-500k),Sedan/SUV,Petrol/Diesel,1298
Mercedes-Benz,E250,2010,Automatic,2. Mid-Low (300k-500k),Sedan/SUV,Petrol/Diesel,1299
Porsche,CAYENNE,2020,Automatic,1. Eco (<300k),Sedan/SUV,Petrol/Diesel,1300
Mercedes-Benz,GLA250,2017,Automatic,2. Mid-Low (300k-500k),Sedan/SUV,Petrol/Diesel,1301
Mercedes-Benz,CLS250,2014,Automatic,3. Mid-High (500k-1M),Sedan/SUV,Petrol/Diesel,1302
Mitsubishi,PAJERO,2013,Automatic,1. Eco (<300k),Sedan/SUV,Petrol/Diesel,1303
Ford,RANGER,2019,Manual,1. Eco (<300k),Sedan/SUV,Petrol/Diesel,1304
BMW,X1,2018,Automatic,2. Mid-Low (300k-500k),Sedan/SUV,Petrol/Diesel,1305
Honda,FREED,2010,Automatic,1. Eco (<300k),Sedan/SUV,Petrol/Diesel,1306
Mazda,3,2015,Automatic,2. Mid-Low (300k-500k),Sedan/SUV,Petrol/Diesel,1307
Mitsubishi,ATTRAGE,2021,Automatic,1. Eco (<300k),Sedan/SUV,Petrol/Diesel,1308
Mazda,CX-5,2017,Automatic,2. Mid-Low (300k-500k),Sedan/SUV,Petrol/Diesel,1309
MG,ZS,2020,Automatic,1. Eco (<300k),Sedan/SUV,Petrol/Diesel,1310
BMW,520d,2013,Automatic,2. Mid-Low (300k-500k),Sedan/SUV,Petrol/Diesel,1311
Toyota,AVANZA,2020,Automatic,2. Mid-Low (300k-500k),Sedan/SUV,Petrol/Diesel,1312
Suzuki,SWIFT,2012,Automatic,1. Eco (<300k),Sedan/SUV,Petrol/Diesel,1313
Mazda,2,2014,Automatic,1. Eco (<300k),Sedan/SUV,Petrol/Diesel,1314
Mazda,CX-3,2021,Automatic,2. Mid-Low (300k-500k),Sedan/SUV,Petrol/Diesel,1315
Mazda,2,2017,Automatic,2. Mid-Low (300k-500k),Sedan/SUV,Petrol/Diesel,1316
Nissan,MARCH,2019,Manual,1. Eco (<300k),Sedan/SUV,Petrol/Diesel,1317
Isuzu,D-MAX,2017,Manual,1. Eco (<300k),Sedan/SUV,Petrol/Diesel,1318
Hyundai,H-1,2022,Automatic,4. Premium (>1M),Sedan/SUV,Petrol/Diesel,1319
Mercedes-Benz,C200,2009,Automatic,1. Eco (<300k),Sedan/SUV,Petrol/Diesel,1320
Mercedes-Benz,C200,2015,Automatic,3. Mid-High (500k-1M),Sedan/SUV,Petrol/Diesel,1321
Hyundai,Staria,2024,Automatic,4. Premium (>1M),Sedan/SUV,Petrol/Diesel,1322
BMW,320i,2016,Automatic,2. Mid-Low (300k-500k),Sedan/SUV,Petrol/Diesel,1323
Suzuki,Ciaz,2020,Automatic,1. Eco (<300k),Sedan/SUV,Petrol/Diesel,1324
Volkswagen,NEW,2011,Automatic,1. Eco (<300k),Sedan/SUV,Petrol/Diesel,1325
Subaru,XV,2018,Automatic,2. Mid-Low (300k-500k),Sedan/SUV,Petrol/Diesel,1326
Mercedes-Benz,GLB200,2021,Automatic,4. Premium (>1M),Sedan/SUV,Petrol/Diesel,1327
BMW,X3,2015,Automatic,3. Mid-High (500k-1M),Sedan/SUV,Petrol/Diesel,1328
Volvo,XC90,2023,Automatic,4. Premium (>1M),Sedan/SUV,Petrol/Diesel,1329
Mercedes-Benz,GLB200,2021,Automatic,3. Mid-High (500k-1M),Sedan/SUV,Petrol/Diesel,1330
Volvo,XC90,2024,Automatic,4. Premium (>1M),Sedan/SUV,Petrol/Diesel,1331
Mercedes-Benz,C200,2012,Automatic,2. Mid-Low (300k-500k),Sedan/SUV,Petrol/Diesel,1332
Mini,Paceman,2013,Automatic,3. Mid-High (500k-1M),Sedan/SUV,Petrol/Diesel,1333
