sales_id,car_key,date_key,customer_key,acquisition_source_key,location_key,list_price,selling_price,discount_amount,discount_pct,cost_price,profit,profit_margin,depreciation_amount,discount_to_deprec_ratio,net_revenue,days_on_lot,car_age,mileage,quantity
1,1,20241201,49,2,1,293000.0,269000.0,24000.0,8.19,226000.0,43000.0,15.99,175906.25,13.64,269000.0,94,11,172500,1
2,2,20260126,2,3,2,411000.0,359000.0,52000.0,12.65,296000.0,63000.0,17.55,90959.23,57.17,359000.0,69,3,32500,1
3,3,20260305,74,1,2,1404000.0,1250000.0,154000.0,10.97,1047000.0,203000.0,16.24,112320.0,137.11,1250000.0,47,1,32500,1
4,4,20250809,53,3,1,498000.0,449000.0,49000.0,9.84,390000.0,59000.0,13.14,141236.31,34.69,449000.0,113,4,112500,1
5,69,20241017,8,2,1,498000.0,449000.0,49000.0,9.84,390000.0,59000.0,13.14,141236.31,34.69,449000.0,113,4,112500,1
6,1,20260610,63,3,1,276000.0,259000.0,17000.0,6.16,214000.0,45000.0,17.37,165700.08,10.26,259000.0,24,11,22500,1
7,5,20251125,5,3,1,17039000.0,15990000.0,1049000.0,6.16,13038000.0,2952000.0,18.46,9637455.13,10.88,15990000.0,27,10,12500,1
8,6,20250716,75,1,3,273000.0,259000.0,14000.0,5.13,210000.0,49000.0,18.92,188044.36,7.45,259000.0,61,14,207500,1
9,7,20260814,76,3,1,931000.0,819000.0,112000.0,12.03,675000.0,144000.0,17.58,317395.1,35.29,819000.0,38,5,62500,1
10,8,20240517,76,2,4,254000.0,229000.0,25000.0,9.84,197000.0,32000.0,13.97,160612.74,15.57,229000.0,111,12,107500,1
11,9,20241213,63,3,4,660000.0,589000.0,71000.0,10.76,493000.0,96000.0,16.3,52800.0,134.47,589000.0,69,1,22500,1
12,10,20240815,30,1,5,283000.0,269000.0,14000.0,4.95,220000.0,49000.0,18.22,178950.41,7.82,269000.0,30,12,117152,1
13,1063,20260723,70,1,5,283000.0,269000.0,14000.0,4.95,220000.0,49000.0,18.22,178950.41,7.82,269000.0,30,12,117152,1
14,11,20250604,65,1,2,733000.0,639000.0,94000.0,12.82,520000.0,119000.0,18.62,162221.7,57.95,639000.0,26,3,112500,1
15,264,20251222,70,3,2,733000.0,639000.0,94000.0,12.82,520000.0,119000.0,18.62,162221.7,57.95,639000.0,26,3,112500,1
16,12,20241202,20,2,1,520000.0,459000.0,61000.0,11.73,379000.0,80000.0,17.43,177277.61,34.41,459000.0,114,5,89245,1
17,334,20260304,10,3,1,520000.0,459000.0,61000.0,11.73,379000.0,80000.0,17.43,177277.61,34.41,459000.0,114,5,89245,1
18,13,20250617,33,1,1,706000.0,659000.0,47000.0,6.66,577000.0,82000.0,12.44,277913.37,16.91,659000.0,27,6,75378,1
19,299,20260930,94,3,1,706000.0,659000.0,47000.0,6.66,577000.0,82000.0,12.44,277913.37,16.91,659000.0,27,6,75378,1
20,14,20250614,4,2,1,960000.0,899000.0,61000.0,6.35,744000.0,155000.0,17.24,272262.76,22.4,899000.0,66,4,93414,1
21,15,20250212,16,1,6,426000.0,399000.0,27000.0,6.34,351000.0,48000.0,12.03,94278.91,28.64,399000.0,46,3,132500,1
22,2257,20250328,92,3,6,426000.0,399000.0,27000.0,6.34,351000.0,48000.0,12.03,94278.91,28.64,399000.0,46,3,132500,1
23,16,20240302,31,1,1,939000.0,869000.0,70000.0,7.45,729000.0,140000.0,16.11,75120.0,93.18,869000.0,69,1,22500,1
24,17,20240713,10,2,6,451000.0,409000.0,42000.0,9.31,333000.0,76000.0,18.58,177533.89,23.66,409000.0,47,6,100182,1
25,114,20240213,59,3,6,451000.0,409000.0,42000.0,9.31,333000.0,76000.0,18.58,177533.89,23.66,409000.0,47,6,100182,1
26,18,20260914,65,2,2,830000.0,759000.0,71000.0,8.55,661000.0,98000.0,12.91,366987.32,19.35,759000.0,21,7,112500,1
27,172,20250323,40,3,2,830000.0,759000.0,71000.0,8.55,661000.0,98000.0,12.91,366987.32,19.35,759000.0,21,7,112500,1
28,19,20240305,41,1,1,463000.0,429000.0,34000.0,7.34,359000.0,70000.0,16.32,182257.63,18.65,429000.0,84,6,73636,1
29,377,20250806,21,1,1,463000.0,429000.0,34000.0,7.34,359000.0,70000.0,16.32,182257.63,18.65,429000.0,84,6,73636,1
30,1389,20251017,28,3,1,463000.0,429000.0,34000.0,7.34,359000.0,70000.0,16.32,182257.63,18.65,429000.0,84,6,73636,1
31,11,20250209,9,2,6,721000.0,649000.0,72000.0,9.99,556000.0,93000.0,14.33,159565.95,45.12,649000.0,93,3,97500,1
32,264,20250505,21,3,6,721000.0,649000.0,72000.0,9.99,556000.0,93000.0,14.33,159565.95,45.12,649000.0,93,3,97500,1
33,20,20260822,81,2,1,1276000.0,1199000.0,77000.0,6.03,1054000.0,145000.0,12.09,282394.11,27.27,1199000.0,82,3,98144,1
34,139,20251127,63,1,1,1276000.0,1199000.0,77000.0,6.03,1054000.0,145000.0,12.09,282394.11,27.27,1199000.0,82,3,98144,1
35,21,20241009,64,3,5,992000.0,919000.0,73000.0,7.36,739000.0,180000.0,19.59,152371.2,47.91,919000.0,10,2,37500,1
36,22,20261207,7,3,1,1585000.0,1459000.0,126000.0,7.95,1178000.0,281000.0,19.26,449517.16,28.03,1459000.0,67,4,124261,1
37,23,20250614,49,1,1,295000.0,269000.0,26000.0,8.81,231000.0,38000.0,14.13,186538.42,13.94,269000.0,12,12,142500,1
38,24,20260502,19,2,2,776000.0,688000.0,88000.0,11.34,566000.0,122000.0,17.73,171738.11,51.24,688000.0,72,3,40000,1
39,741,20251115,3,3,2,776000.0,688000.0,88000.0,11.34,566000.0,122000.0,17.73,171738.11,51.24,688000.0,72,3,40000,1
40,25,20240328,82,2,1,534000.0,499000.0,35000.0,6.55,407000.0,92000.0,18.44,259941.12,13.46,499000.0,30,8,152500,1
41,449,20250709,86,1,1,534000.0,499000.0,35000.0,6.55,407000.0,92000.0,18.44,259941.12,13.46,499000.0,30,8,152500,1
42,1275,20251003,10,3,1,534000.0,499000.0,35000.0,6.55,407000.0,92000.0,18.44,259941.12,13.46,499000.0,30,8,152500,1
43,26,20240118,83,3,1,1541000.0,1399000.0,142000.0,9.21,1124000.0,275000.0,19.66,606606.94,23.41,1399000.0,32,6,142500,1
44,27,20241008,23,2,1,731000.0,659000.0,72000.0,9.85,528000.0,131000.0,19.88,287754.49,25.02,659000.0,18,6,32500,1
45,168,20250902,68,3,1,731000.0,659000.0,72000.0,9.85,528000.0,131000.0,19.88,287754.49,25.02,659000.0,18,6,32500,1
46,28,20260329,11,3,1,1150000.0,1090000.0,60000.0,5.22,940000.0,150000.0,13.76,508476.41,11.8,1090000.0,92,7,122500,1
47,29,20260617,83,3,1,1311000.0,1180000.0,131000.0,9.99,957000.0,223000.0,18.9,201369.6,65.05,1180000.0,118,2,32500,1
48,30,20250422,51,1,1,448000.0,420000.0,28000.0,6.25,352000.0,68000.0,16.19,127055.95,22.04,420000.0,64,4,52500,1
49,31,20240107,20,1,1,844000.0,799000.0,45000.0,5.33,678000.0,121000.0,15.14,445495.81,10.1,799000.0,119,9,152500,1
50,32,20260327,20,2,1,949000.0,829000.0,120000.0,12.64,692000.0,137000.0,16.53,500918.87,23.96,829000.0,28,9,142500,1
51,33,20260910,55,1,1,457000.0,399000.0,58000.0,12.69,320000.0,79000.0,19.8,274365.72,21.14,399000.0,71,11,162500,1
52,34,20261024,23,3,7,303000.0,268000.0,35000.0,11.55,231000.0,37000.0,13.81,171380.3,20.42,268000.0,96,10,68033,1
53,35,20250516,90,3,1,917000.0,849000.0,68000.0,7.42,680000.0,169000.0,19.91,202943.1,33.51,849000.0,100,3,87500,1
54,584,20250613,8,2,1,917000.0,849000.0,68000.0,7.42,680000.0,169000.0,19.91,202943.1,33.51,849000.0,100,3,87500,1
55,36,20260203,4,2,1,635000.0,599000.0,36000.0,5.67,516000.0,83000.0,13.86,249964.57,14.4,599000.0,100,6,97500,1
56,37,20251206,14,1,1,771000.0,689000.0,82000.0,10.64,600000.0,89000.0,12.92,262848.15,31.2,689000.0,48,5,97500,1
57,38,20240323,65,2,1,874000.0,799000.0,75000.0,8.58,667000.0,132000.0,16.52,247872.55,30.26,799000.0,109,4,97500,1
58,340,20250208,79,3,1,874000.0,799000.0,75000.0,8.58,667000.0,132000.0,16.52,247872.55,30.26,799000.0,109,4,97500,1
59,39,20260122,19,2,1,604000.0,569000.0,35000.0,5.79,480000.0,89000.0,15.64,267060.65,13.11,569000.0,85,7,97500,1
60,236,20260111,27,1,1,604000.0,569000.0,35000.0,5.79,480000.0,89000.0,15.64,267060.65,13.11,569000.0,85,7,97500,1
61,40,20240307,17,1,1,505000.0,459000.0,46000.0,9.11,385000.0,74000.0,16.12,223287.47,20.6,459000.0,36,7,62500,1
62,986,20251117,27,3,1,505000.0,459000.0,46000.0,9.11,385000.0,74000.0,16.12,223287.47,20.6,459000.0,36,7,62500,1
63,41,20261210,42,2,1,715000.0,679000.0,36000.0,5.03,564000.0,115000.0,16.94,316139.68,11.39,679000.0,55,7,97500,1
64,42,20250131,16,2,1,661000.0,579000.0,82000.0,12.41,504000.0,75000.0,12.95,321762.32,25.48,579000.0,43,8,97500,1
65,43,20241210,88,1,1,419000.0,389000.0,30000.0,7.16,339000.0,50000.0,12.85,142844.84,21.0,389000.0,42,5,97500,1
66,7,20250204,77,2,1,724000.0,649000.0,75000.0,10.36,537000.0,112000.0,17.26,246824.98,30.39,649000.0,101,5,97500,1
67,12,20261016,89,2,1,431000.0,399000.0,32000.0,7.42,339000.0,60000.0,15.04,146935.86,21.78,399000.0,104,5,97500,1
68,334,20240804,50,2,1,431000.0,399000.0,32000.0,7.42,339000.0,60000.0,15.04,146935.86,21.78,399000.0,104,5,97500,1
69,44,20250605,98,3,1,219000.0,199000.0,20000.0,9.13,174000.0,25000.0,12.56,131479.41,15.21,199000.0,105,11,7500,1
70,45,20240430,6,2,1,651000.0,589000.0,62000.0,9.52,517000.0,72000.0,12.22,287841.86,21.54,589000.0,59,7,97500,1
71,46,20241016,98,1,1,704000.0,659000.0,45000.0,6.39,554000.0,105000.0,15.93,199659.36,22.54,659000.0,29,4,97500,1
72,47,20240329,58,2,1,916000.0,799000.0,117000.0,12.77,668000.0,131000.0,16.4,73280.0,159.66,799000.0,49,1,7500,1
73,48,20250309,14,3,1,822000.0,729000.0,93000.0,11.31,599000.0,130000.0,17.83,126259.2,73.66,729000.0,108,2,97500,1
74,49,20250628,76,1,1,857000.0,749000.0,108000.0,12.6,657000.0,92000.0,12.28,189664.38,56.94,749000.0,104,3,97500,1
75,50,20261117,37,1,1,534000.0,469000.0,65000.0,12.17,381000.0,88000.0,18.76,259941.12,25.01,469000.0,67,8,137500,1
76,109,20260513,76,3,1,534000.0,469000.0,65000.0,12.17,381000.0,88000.0,18.76,259941.12,25.01,469000.0,67,8,137500,1
77,50,20240907,22,3,1,509000.0,459000.0,50000.0,9.82,388000.0,71000.0,15.47,247771.59,20.18,459000.0,40,8,197500,1
78,109,20260713,22,2,1,509000.0,459000.0,50000.0,9.82,388000.0,71000.0,15.47,247771.59,20.18,459000.0,40,8,197500,1
79,51,20241023,46,3,2,216000.0,189000.0,27000.0,12.5,155000.0,34000.0,17.99,159106.98,16.97,189000.0,47,16,157500,1
80,52,20260619,58,3,1,348000.0,329000.0,19000.0,5.46,271000.0,58000.0,17.63,169399.83,11.22,329000.0,95,8,132500,1
81,1018,20240707,60,2,1,348000.0,329000.0,19000.0,5.46,271000.0,58000.0,17.63,169399.83,11.22,329000.0,95,8,132500,1
82,53,20251014,7,1,2,470000.0,439000.0,31000.0,6.6,365000.0,74000.0,16.86,160231.68,19.35,439000.0,54,5,102500,1
83,54,20260110,64,2,2,284000.0,269000.0,15000.0,5.28,237000.0,32000.0,11.9,149906.17,10.01,269000.0,50,9,172500,1
84,55,20240426,95,3,1,454000.0,419000.0,35000.0,7.71,337000.0,82000.0,19.57,100475.65,34.83,419000.0,18,3,72500,1
85,11,20240613,96,3,1,1044000.0,959000.0,85000.0,8.14,812000.0,147000.0,15.33,231049.73,36.79,959000.0,18,3,37500,1
86,264,20240219,19,1,1,1044000.0,959000.0,85000.0,8.14,812000.0,147000.0,15.33,231049.73,36.79,959000.0,18,3,37500,1
87,56,20260513,27,1,1,591000.0,549000.0,42000.0,7.11,443000.0,106000.0,19.31,90777.6,46.27,549000.0,72,2,17500,1
88,1954,20240911,93,2,1,591000.0,549000.0,42000.0,7.11,443000.0,106000.0,19.31,90777.6,46.27,549000.0,72,2,17500,1
89,57,20250301,36,1,1,531000.0,469000.0,62000.0,11.68,381000.0,88000.0,18.76,150595.34,41.17,469000.0,88,4,127500,1
90,58,20250613,17,1,1,911000.0,839000.0,72000.0,7.9,701000.0,138000.0,16.45,358610.59,20.08,839000.0,86,6,147500,1
91,59,20260615,13,3,2,613000.0,569000.0,44000.0,7.18,478000.0,91000.0,15.99,271040.03,16.23,569000.0,31,7,133150,1
92,13,20261206,30,1,1,728000.0,659000.0,69000.0,9.48,541000.0,118000.0,17.91,286573.56,24.08,659000.0,25,6,77500,1
93,299,20250426,74,2,1,728000.0,659000.0,69000.0,9.48,541000.0,118000.0,17.91,286573.56,24.08,659000.0,25,6,77500,1
94,60,20240729,47,2,8,871000.0,819000.0,52000.0,5.97,676000.0,143000.0,17.46,247021.73,21.05,819000.0,41,4,82500,1
95,672,20240624,1,3,8,871000.0,819000.0,52000.0,5.97,676000.0,143000.0,17.46,247021.73,21.05,819000.0,41,4,82500,1
96,61,20261030,39,3,1,417000.0,369000.0,48000.0,11.51,298000.0,71000.0,19.24,118264.14,40.59,369000.0,75,4,72500,1
97,62,20250519,98,3,4,422000.0,399000.0,23000.0,5.45,329000.0,70000.0,17.54,143867.6,15.99,399000.0,99,5,147500,1
98,11,20241116,61,3,1,734000.0,639000.0,95000.0,12.94,561000.0,78000.0,12.21,162443.01,58.48,639000.0,23,3,112500,1
99,264,20261119,86,3,1,734000.0,639000.0,95000.0,12.94,561000.0,78000.0,12.21,162443.01,58.48,639000.0,23,3,112500,1
100,63,20250314,70,1,5,484000.0,429000.0,55000.0,11.36,376000.0,53000.0,12.35,214002.25,25.7,429000.0,47,7,47500,1
101,1487,20261222,30,2,5,484000.0,429000.0,55000.0,11.36,376000.0,53000.0,12.35,214002.25,25.7,429000.0,47,7,47500,1
102,64,20240709,3,2,1,673000.0,629000.0,44000.0,6.54,520000.0,109000.0,17.33,148942.98,29.54,629000.0,107,3,182500,1
103,60,20251213,21,1,1,1028000.0,979000.0,49000.0,4.77,828000.0,151000.0,15.42,291548.04,16.81,979000.0,17,4,117500,1
104,672,20260826,54,2,1,1028000.0,979000.0,49000.0,4.77,828000.0,151000.0,15.42,291548.04,16.81,979000.0,17,4,117500,1
105,65,20240313,91,1,4,734000.0,649000.0,85000.0,11.58,566000.0,83000.0,12.79,112742.4,75.39,649000.0,109,2,28166,1
106,66,20260618,29,3,4,481000.0,429000.0,52000.0,10.81,343000.0,86000.0,20.05,136414.99,38.12,429000.0,30,4,77500,1
107,67,20261221,46,1,6,740000.0,659000.0,81000.0,10.95,570000.0,89000.0,13.51,209869.21,38.6,659000.0,65,4,162500,1
108,68,20240208,47,2,2,833000.0,739000.0,94000.0,11.28,647000.0,92000.0,12.45,283985.09,33.1,739000.0,55,5,122500,1
109,4,20260106,75,1,1,581000.0,549000.0,32000.0,5.51,443000.0,106000.0,19.31,164775.69,19.42,549000.0,52,4,142500,1
110,69,20260816,13,1,1,581000.0,549000.0,32000.0,5.51,443000.0,106000.0,19.31,164775.69,19.42,549000.0,52,4,142500,1
111,70,20251221,84,3,5,705000.0,649000.0,56000.0,7.94,528000.0,121000.0,18.64,311718.15,17.96,649000.0,101,7,117500,1
112,71,20241124,66,2,1,657000.0,619000.0,38000.0,5.78,543000.0,76000.0,12.28,319815.2,11.88,619000.0,55,8,102500,1
113,1130,20240605,92,3,1,657000.0,619000.0,38000.0,5.78,543000.0,76000.0,12.28,319815.2,11.88,619000.0,55,8,102500,1
114,72,20250219,18,3,1,1874000.0,1649000.0,225000.0,12.01,1390000.0,259000.0,15.71,737690.73,30.5,1649000.0,117,6,132500,1
115,73,20240207,95,2,9,511000.0,459000.0,52000.0,10.18,368000.0,91000.0,19.83,323122.48,16.09,459000.0,57,12,227500,1
116,1131,20240307,20,2,9,511000.0,459000.0,52000.0,10.18,368000.0,91000.0,19.83,323122.48,16.09,459000.0,57,12,227500,1
117,74,20250403,45,2,1,519000.0,479000.0,40000.0,7.71,393000.0,86000.0,17.95,147192.05,27.18,479000.0,79,4,27500,1
118,520,20240209,14,3,1,519000.0,479000.0,40000.0,7.71,393000.0,86000.0,17.95,147192.05,27.18,479000.0,79,4,27500,1
119,75,20250108,72,2,2,200000.0,189000.0,11000.0,5.5,158000.0,31000.0,16.4,132349.38,8.31,189000.0,93,13,137500,1
120,76,20250210,90,2,9,280000.0,259000.0,21000.0,7.5,222000.0,37000.0,14.29,168101.53,12.49,259000.0,40,11,167500,1
121,77,20251023,44,2,1,1015000.0,938000.0,77000.0,7.59,805000.0,133000.0,14.18,287861.15,26.75,938000.0,42,4,97500,1
122,57,20241231,21,3,1,424000.0,378000.0,46000.0,10.85,333000.0,45000.0,11.9,120249.38,38.25,378000.0,53,4,57500,1
123,78,20240317,23,2,1,844000.0,758000.0,86000.0,10.19,624000.0,134000.0,17.68,410843.27,20.93,758000.0,80,8,140000,1
124,79,20261205,70,3,1,601000.0,528000.0,73000.0,12.15,445000.0,83000.0,15.72,380032.5,19.21,528000.0,17,12,2500,1
125,80,20260525,83,2,1,1591000.0,1450000.0,141000.0,8.86,1222000.0,228000.0,15.72,774468.77,18.21,1450000.0,82,8,127500,1
126,66,20251223,26,2,1,423000.0,398000.0,25000.0,5.91,331000.0,67000.0,16.83,119965.78,20.84,398000.0,11,4,12500,1
127,81,20260211,3,2,9,447000.0,399000.0,48000.0,10.74,325000.0,74000.0,18.55,235943.87,20.34,399000.0,26,9,257500,1
128,1392,20241220,66,2,9,447000.0,399000.0,48000.0,10.74,325000.0,74000.0,18.55,235943.87,20.34,399000.0,26,9,257500,1
129,82,20260322,71,3,1,787000.0,699000.0,88000.0,11.18,614000.0,85000.0,12.16,383096.75,22.97,699000.0,61,8,67500,1
130,83,20261208,13,3,1,1648000.0,1490000.0,158000.0,9.59,1294000.0,196000.0,13.15,364722.18,43.32,1490000.0,54,3,92500,1
131,84,20260622,14,1,1,1781000.0,1580000.0,201000.0,11.29,1327000.0,253000.0,16.01,1007354.16,19.95,1580000.0,46,10,77500,1
132,84,20240604,74,2,1,1484000.0,1350000.0,134000.0,9.03,1145000.0,205000.0,15.19,839367.53,15.96,1350000.0,51,10,127500,1
133,72,20260306,93,2,1,1852000.0,1680000.0,172000.0,9.29,1375000.0,305000.0,18.15,729030.54,23.59,1680000.0,53,6,87500,1
134,85,20250718,92,1,1,861000.0,788000.0,73000.0,8.48,665000.0,123000.0,15.61,293530.81,24.87,788000.0,90,5,67500,1
135,366,20240403,84,2,1,861000.0,788000.0,73000.0,8.48,665000.0,123000.0,15.61,293530.81,24.87,788000.0,90,5,67500,1
136,85,20240802,6,3,1,798000.0,758000.0,40000.0,5.01,649000.0,109000.0,14.38,272052.94,14.7,758000.0,47,5,100000,1
137,366,20240110,21,2,1,798000.0,758000.0,40000.0,5.01,649000.0,109000.0,14.38,272052.94,14.7,758000.0,47,5,100000,1
138,20,20260213,74,1,1,1114000.0,1050000.0,64000.0,5.75,883000.0,167000.0,15.9,246541.57,25.96,1050000.0,108,3,87500,1
139,139,20250401,71,1,1,1114000.0,1050000.0,64000.0,5.75,883000.0,167000.0,15.9,246541.57,25.96,1050000.0,108,3,87500,1
140,86,20260724,3,2,1,819000.0,778000.0,41000.0,5.01,684000.0,94000.0,12.08,322395.25,12.72,778000.0,112,6,2500,1
141,87,20240812,58,2,1,298000.0,268000.0,30000.0,10.07,228000.0,40000.0,14.93,205264.54,14.62,268000.0,103,14,90000,1
142,88,20260827,12,2,1,539000.0,498000.0,41000.0,7.61,413000.0,85000.0,17.07,238320.68,17.2,498000.0,15,7,142500,1
143,535,20241117,47,1,1,539000.0,498000.0,41000.0,7.61,413000.0,85000.0,17.07,238320.68,17.2,498000.0,15,7,142500,1
144,12,20251227,83,2,1,548000.0,498000.0,50000.0,9.12,429000.0,69000.0,13.86,186823.33,26.76,498000.0,77,5,100000,1
145,334,20261207,91,2,1,548000.0,498000.0,50000.0,9.12,429000.0,69000.0,13.86,186823.33,26.76,498000.0,77,5,100000,1
146,20,20251111,17,1,1,1312000.0,1150000.0,162000.0,12.35,936000.0,214000.0,18.61,290361.34,55.79,1150000.0,60,3,87500,1
147,139,20260117,20,3,1,1312000.0,1150000.0,162000.0,12.35,936000.0,214000.0,18.61,290361.34,55.79,1150000.0,60,3,87500,1
148,89,20251004,56,1,1,858000.0,798000.0,60000.0,6.99,663000.0,135000.0,16.92,292508.05,20.51,798000.0,110,5,67500,1
149,68,20241027,11,2,1,740000.0,678000.0,62000.0,8.38,561000.0,117000.0,17.26,252279.67,24.58,678000.0,44,5,2500,1
150,90,20260224,87,2,1,831000.0,738000.0,93000.0,11.19,616000.0,122000.0,16.53,183910.27,50.57,738000.0,67,3,127500,1
151,91,20260802,91,3,1,888000.0,828000.0,60000.0,6.76,714000.0,114000.0,13.77,302735.61,19.82,828000.0,66,5,82500,1
152,92,20261228,30,2,1,558000.0,528000.0,30000.0,5.38,443000.0,85000.0,16.1,158252.73,18.96,528000.0,82,4,40000,1
153,93,20240310,93,3,1,408000.0,378000.0,30000.0,7.35,326000.0,52000.0,13.76,180398.59,16.63,378000.0,15,7,87500,1
154,156,20251007,37,3,1,408000.0,378000.0,30000.0,7.35,326000.0,52000.0,13.76,180398.59,16.63,378000.0,15,7,87500,1
155,94,20241223,66,1,1,776000.0,728000.0,48000.0,6.19,616000.0,112000.0,15.38,171738.11,27.95,728000.0,22,3,17500,1
156,89,20240731,1,1,1,889000.0,778000.0,111000.0,12.49,644000.0,134000.0,17.22,303076.53,36.62,778000.0,68,5,2500,1
157,95,20260216,19,3,1,789000.0,698000.0,91000.0,11.53,604000.0,94000.0,13.47,348859.03,26.09,698000.0,95,7,117500,1
158,96,20260519,54,3,1,2884000.0,2590000.0,294000.0,10.19,2121000.0,469000.0,18.11,638263.81,46.06,2590000.0,101,3,72500,1
159,97,20261121,25,2,1,1808000.0,1590000.0,218000.0,12.06,1301000.0,289000.0,18.18,277708.8,78.5,1590000.0,39,2,42500,1
160,98,20261114,69,1,1,1015000.0,898000.0,117000.0,11.53,755000.0,143000.0,15.92,346032.25,33.81,898000.0,109,5,30000,1
161,99,20260711,26,1,1,746000.0,698000.0,48000.0,6.43,573000.0,125000.0,17.91,114585.6,41.89,698000.0,11,2,32500,1
162,100,20250630,39,3,1,522000.0,458000.0,64000.0,12.26,367000.0,91000.0,19.87,205482.69,31.15,458000.0,67,6,100,1
163,99,20241217,25,2,1,704000.0,638000.0,66000.0,9.38,543000.0,95000.0,14.89,108134.4,61.04,638000.0,45,2,50000,1
164,58,20241008,99,3,1,959000.0,848000.0,111000.0,11.57,713000.0,135000.0,15.92,377505.55,29.4,848000.0,81,6,60000,1
165,101,20260623,7,3,1,727000.0,638000.0,89000.0,12.24,533000.0,105000.0,16.46,383738.69,23.19,638000.0,54,9,2500,1
166,1132,20261004,66,1,1,727000.0,638000.0,89000.0,12.24,533000.0,105000.0,16.46,383738.69,23.19,638000.0,54,9,2500,1
167,99,20260618,54,1,1,755000.0,698000.0,57000.0,7.55,612000.0,86000.0,12.32,115968.0,49.15,698000.0,115,2,2000,1
168,102,20240808,91,3,1,688000.0,648000.0,40000.0,5.81,548000.0,100000.0,15.43,304201.54,13.15,648000.0,18,7,150000,1
169,103,20250910,16,1,1,309000.0,288000.0,21000.0,6.8,250000.0,38000.0,13.19,195391.09,10.75,288000.0,74,12,110000,1
170,104,20261028,33,2,1,697000.0,638000.0,59000.0,8.46,518000.0,120000.0,18.81,308180.92,19.14,638000.0,86,7,110000,1
171,105,20250630,47,1,1,564000.0,498000.0,66000.0,11.7,421000.0,77000.0,15.46,124819.97,52.88,498000.0,59,3,50000,1
172,102,20260204,60,2,1,782000.0,688000.0,94000.0,12.02,598000.0,90000.0,13.08,345763.96,27.19,688000.0,88,7,2500,1
173,7,20240916,84,3,1,944000.0,898000.0,46000.0,4.87,760000.0,138000.0,15.37,321827.04,14.29,898000.0,41,5,50000,1
174,106,20250316,19,3,1,295000.0,268000.0,27000.0,9.15,230000.0,38000.0,14.18,143600.43,18.8,268000.0,107,8,67500,1
175,107,20260708,57,1,1,424000.0,388000.0,36000.0,8.49,322000.0,66000.0,17.01,144549.43,24.9,388000.0,52,5,52500,1
176,1039,20261005,34,1,1,424000.0,388000.0,36000.0,8.49,322000.0,66000.0,17.01,144549.43,24.9,388000.0,52,5,52500,1
177,108,20250704,69,3,1,534000.0,498000.0,36000.0,6.74,402000.0,96000.0,19.28,151446.16,23.77,498000.0,104,4,102500,1
178,1220,20250915,87,2,1,534000.0,498000.0,36000.0,6.74,402000.0,96000.0,19.28,151446.16,23.77,498000.0,104,4,102500,1
179,50,20241223,47,1,1,582000.0,548000.0,34000.0,5.84,458000.0,90000.0,16.42,283306.62,12.0,548000.0,87,8,82500,1
180,109,20240310,29,3,1,582000.0,548000.0,34000.0,5.84,458000.0,90000.0,16.42,283306.62,12.0,548000.0,87,8,82500,1
181,110,20250515,4,2,1,821000.0,758000.0,63000.0,7.67,630000.0,128000.0,16.89,181697.15,34.67,758000.0,63,3,2500,1
182,111,20250723,22,1,1,261000.0,228000.0,33000.0,12.64,198000.0,30000.0,13.16,186276.38,17.72,228000.0,56,15,187500,1
183,112,20240112,79,3,1,290000.0,268000.0,22000.0,7.59,220000.0,48000.0,17.91,128224.49,17.16,268000.0,23,7,102500,1
184,113,20251030,94,3,1,549000.0,498000.0,51000.0,9.29,437000.0,61000.0,12.25,43920.0,116.12,498000.0,57,1,17500,1
185,17,20240817,28,2,1,636000.0,568000.0,68000.0,10.69,498000.0,70000.0,12.32,250358.22,27.16,568000.0,64,6,77500,1
186,114,20250627,42,1,1,636000.0,568000.0,68000.0,10.69,498000.0,70000.0,12.32,250358.22,27.16,568000.0,64,6,77500,1
187,115,20250303,88,1,1,758000.0,698000.0,60000.0,7.92,572000.0,126000.0,18.05,167754.5,35.77,698000.0,38,3,77500,1
188,116,20250716,47,2,1,675000.0,588000.0,87000.0,12.89,487000.0,101000.0,17.18,230119.97,37.81,588000.0,56,5,97500,1
189,1146,20261104,50,3,1,675000.0,588000.0,87000.0,12.89,487000.0,101000.0,17.18,230119.97,37.81,588000.0,56,5,97500,1
190,117,20240517,94,1,1,720000.0,628000.0,92000.0,12.78,547000.0,81000.0,12.9,204197.07,45.05,628000.0,72,4,2500,1
191,118,20240504,77,3,1,374000.0,348000.0,26000.0,6.95,305000.0,43000.0,12.36,147223.23,17.66,348000.0,28,6,87500,1
192,651,20260707,13,2,1,374000.0,348000.0,26000.0,6.95,305000.0,43000.0,12.36,147223.23,17.66,348000.0,28,6,87500,1
193,119,20240613,12,1,1,537000.0,488000.0,49000.0,9.12,408000.0,80000.0,16.39,261401.47,18.75,488000.0,100,8,157500,1
194,978,20241124,24,3,1,537000.0,488000.0,49000.0,9.12,408000.0,80000.0,16.39,261401.47,18.75,488000.0,100,8,157500,1
195,120,20250409,95,2,1,592000.0,548000.0,44000.0,7.43,452000.0,96000.0,17.52,131016.7,33.58,548000.0,18,3,27500,1
196,1463,20241017,27,3,1,592000.0,548000.0,44000.0,7.43,452000.0,96000.0,17.52,131016.7,33.58,548000.0,18,3,27500,1
197,121,20251019,51,1,1,463000.0,429000.0,34000.0,7.34,361000.0,68000.0,15.85,157845.25,21.54,429000.0,110,5,87500,1
198,122,20260725,42,3,1,557000.0,529000.0,28000.0,5.03,452000.0,77000.0,14.56,294006.12,9.52,529000.0,46,9,167500,1
199,123,20251225,26,1,1,888000.0,799000.0,89000.0,10.02,657000.0,142000.0,17.77,196525.06,45.29,799000.0,116,3,42500,1
200,376,20250728,45,3,1,888000.0,799000.0,89000.0,10.02,657000.0,142000.0,17.77,196525.06,45.29,799000.0,116,3,42500,1
201,710,20260822,53,3,1,888000.0,799000.0,89000.0,10.02,657000.0,142000.0,17.77,196525.06,45.29,799000.0,116,3,42500,1
202,124,20240707,85,3,1,846000.0,769000.0,77000.0,9.1,661000.0,108000.0,14.04,374061.78,20.58,769000.0,101,7,162500,1
203,115,20241230,55,1,1,631000.0,598000.0,33000.0,5.23,481000.0,117000.0,19.57,139647.87,23.63,598000.0,61,3,92500,1
204,125,20260812,14,1,1,742000.0,688000.0,54000.0,7.28,553000.0,135000.0,19.62,59360.0,90.97,688000.0,66,1,12500,1
205,126,20250730,36,2,1,854000.0,749000.0,105000.0,12.3,622000.0,127000.0,16.96,450774.2,23.29,749000.0,97,9,127500,1
206,127,20260304,50,2,1,535000.0,498000.0,37000.0,6.92,412000.0,86000.0,17.27,210600.07,17.57,498000.0,37,6,2500,1
207,636,20260704,74,3,1,535000.0,498000.0,37000.0,6.92,412000.0,86000.0,17.27,210600.07,17.57,498000.0,37,6,2500,1
208,128,20240718,64,3,1,530000.0,498000.0,32000.0,6.04,411000.0,87000.0,17.47,150311.73,21.29,498000.0,45,4,57500,1
209,374,20250717,99,2,1,530000.0,498000.0,32000.0,6.04,411000.0,87000.0,17.47,150311.73,21.29,498000.0,45,4,57500,1
210,1320,20240421,14,2,1,530000.0,498000.0,32000.0,6.04,411000.0,87000.0,17.47,150311.73,21.29,498000.0,45,4,57500,1
211,129,20261117,81,1,1,382000.0,348000.0,34000.0,8.9,292000.0,56000.0,16.09,168902.6,20.13,348000.0,73,7,47500,1
212,204,20240803,2,1,1,382000.0,348000.0,34000.0,8.9,292000.0,56000.0,16.09,168902.6,20.13,348000.0,73,7,47500,1
213,118,20260808,90,1,1,400000.0,348000.0,52000.0,13.0,287000.0,61000.0,17.53,157458.0,33.02,348000.0,27,6,77500,1
214,651,20241223,81,3,1,400000.0,348000.0,52000.0,13.0,287000.0,61000.0,17.53,157458.0,33.02,348000.0,27,6,77500,1
215,117,20250922,33,1,1,664000.0,618000.0,46000.0,6.93,504000.0,114000.0,18.45,188315.07,24.43,618000.0,98,4,2500,1
216,62,20250709,48,2,1,433000.0,388000.0,45000.0,10.39,320000.0,68000.0,17.53,147617.7,30.48,388000.0,44,5,97500,1
217,130,20240621,63,2,1,302000.0,268000.0,34000.0,11.26,235000.0,33000.0,12.31,147007.9,23.13,268000.0,77,8,2500,1
218,1457,20261002,1,2,1,302000.0,268000.0,34000.0,11.26,235000.0,33000.0,12.31,147007.9,23.13,268000.0,77,8,2500,1
219,131,20240313,37,2,1,996000.0,928000.0,68000.0,6.83,773000.0,155000.0,16.7,282472.61,24.07,928000.0,87,4,47500,1
220,132,20240708,48,2,1,211000.0,188000.0,23000.0,10.9,157000.0,31000.0,16.49,119344.04,19.27,188000.0,48,10,2500,1
221,133,20250705,2,2,1,825000.0,759000.0,66000.0,8.0,642000.0,117000.0,15.42,364776.55,18.09,759000.0,99,7,147500,1
222,134,20260717,14,1,1,332000.0,298000.0,34000.0,10.24,262000.0,36000.0,12.08,219699.98,15.48,298000.0,17,13,2500,1
223,35,20260415,95,1,1,1055000.0,948000.0,107000.0,10.14,777000.0,171000.0,18.04,233484.16,45.83,948000.0,97,3,57500,1
224,584,20240621,28,1,1,1055000.0,948000.0,107000.0,10.14,777000.0,171000.0,18.04,233484.16,45.83,948000.0,97,3,57500,1
225,105,20250806,41,2,1,528000.0,478000.0,50000.0,9.47,408000.0,70000.0,14.64,116852.74,42.79,478000.0,89,3,37500,1
226,135,20250215,18,2,1,580000.0,548000.0,32000.0,5.52,470000.0,78000.0,14.23,228314.1,14.02,548000.0,93,6,67500,1
227,58,20260721,80,2,1,859000.0,758000.0,101000.0,11.76,643000.0,115000.0,15.17,338141.05,29.87,758000.0,24,6,127500,1
228,136,20250506,58,2,1,582000.0,538000.0,44000.0,7.56,434000.0,104000.0,19.33,128803.58,34.16,538000.0,16,3,17500,1
229,137,20250923,11,2,1,1056000.0,988000.0,68000.0,6.44,844000.0,144000.0,14.57,233705.47,29.1,988000.0,26,3,37500,1
230,138,20241005,72,1,1,567000.0,538000.0,29000.0,5.11,433000.0,105000.0,19.52,125483.9,23.11,538000.0,95,3,102500,1
231,1439,20241119,35,3,1,567000.0,538000.0,29000.0,5.11,433000.0,105000.0,19.52,125483.9,23.11,538000.0,95,3,102500,1
232,20,20260311,83,3,1,1029000.0,928000.0,101000.0,9.82,787000.0,141000.0,15.19,227730.05,44.35,928000.0,95,3,2500,1
233,139,20240816,48,3,1,1029000.0,928000.0,101000.0,9.82,787000.0,141000.0,15.19,227730.05,44.35,928000.0,95,3,2500,1
234,57,20260829,32,1,1,480000.0,429000.0,51000.0,10.62,369000.0,60000.0,13.99,136131.38,37.46,429000.0,73,4,107500,1
235,140,20240319,72,1,1,577000.0,549000.0,28000.0,4.85,448000.0,101000.0,18.4,255122.51,10.98,549000.0,21,7,42500,1
236,834,20250330,59,2,1,577000.0,549000.0,28000.0,4.85,448000.0,101000.0,18.4,255122.51,10.98,549000.0,21,7,42500,1
237,58,20261106,44,2,1,835000.0,758000.0,77000.0,9.22,657000.0,101000.0,13.32,328693.57,23.43,758000.0,91,6,147500,1
238,50,20241005,51,2,1,599000.0,558000.0,41000.0,6.84,448000.0,110000.0,19.71,291581.89,14.06,558000.0,65,8,142500,1
239,109,20240802,99,3,1,599000.0,558000.0,41000.0,6.84,448000.0,110000.0,19.71,291581.89,14.06,558000.0,65,8,142500,1
240,141,20260820,12,2,1,432000.0,388000.0,44000.0,10.19,337000.0,51000.0,13.14,228026.29,19.3,388000.0,55,9,137500,1
241,142,20240907,18,1,1,414000.0,388000.0,26000.0,6.28,325000.0,63000.0,16.24,117413.31,22.14,388000.0,56,4,17500,1
242,131,20260729,96,3,1,1072000.0,958000.0,114000.0,10.63,783000.0,175000.0,18.27,304026.75,37.5,958000.0,88,4,102500,1
243,143,20250106,90,1,1,564000.0,518000.0,46000.0,8.16,420000.0,98000.0,18.92,159954.37,28.76,518000.0,110,4,102500,1
244,350,20250417,38,2,1,564000.0,518000.0,46000.0,8.16,420000.0,98000.0,18.92,159954.37,28.76,518000.0,110,4,102500,1
245,20,20260811,70,3,1,1327000.0,1160000.0,167000.0,12.58,1016000.0,144000.0,12.41,293681.02,56.86,1160000.0,25,3,2500,1
246,139,20240304,13,2,1,1327000.0,1160000.0,167000.0,12.58,1016000.0,144000.0,12.41,293681.02,56.86,1160000.0,25,3,2500,1
247,7,20241001,7,3,1,849000.0,798000.0,51000.0,6.01,643000.0,155000.0,19.42,289439.79,17.62,798000.0,78,5,2500,1
248,35,20250726,100,2,1,1082000.0,998000.0,84000.0,7.76,814000.0,184000.0,18.44,239459.58,35.08,998000.0,11,3,47500,1
249,584,20260805,71,3,1,1082000.0,998000.0,84000.0,7.76,814000.0,184000.0,18.44,239459.58,35.08,998000.0,11,3,47500,1
250,62,20260421,76,3,1,422000.0,398000.0,24000.0,5.69,329000.0,69000.0,17.34,143867.6,16.68,398000.0,101,5,77500,1
251,144,20251123,35,3,1,478000.0,418000.0,60000.0,12.55,355000.0,63000.0,15.07,270362.32,22.19,418000.0,114,10,102500,1
252,145,20251104,2,1,1,737000.0,648000.0,89000.0,12.08,547000.0,101000.0,15.59,113203.2,78.62,648000.0,63,2,52500,1
253,138,20250514,67,2,1,751000.0,698000.0,53000.0,7.06,565000.0,133000.0,19.05,166205.31,31.89,698000.0,36,3,67500,1
254,1439,20241006,85,1,1,751000.0,698000.0,53000.0,7.06,565000.0,133000.0,19.05,166205.31,31.89,698000.0,36,3,67500,1
255,146,20260105,94,2,1,913000.0,818000.0,95000.0,10.41,673000.0,145000.0,17.73,311258.57,30.52,818000.0,40,5,152500,1
256,341,20240302,91,2,1,913000.0,818000.0,95000.0,10.41,673000.0,145000.0,17.73,311258.57,30.52,818000.0,40,5,152500,1
257,92,20260531,27,1,1,598000.0,528000.0,70000.0,11.71,432000.0,96000.0,18.18,169597.01,41.27,528000.0,50,4,42500,1
258,147,20260429,11,2,1,772000.0,698000.0,74000.0,9.59,570000.0,128000.0,18.34,170852.86,43.31,698000.0,45,3,27500,1
259,1388,20250331,82,3,1,772000.0,698000.0,74000.0,9.59,570000.0,128000.0,18.34,170852.86,43.31,698000.0,45,3,27500,1
260,148,20250828,7,1,1,693000.0,628000.0,65000.0,9.38,523000.0,105000.0,16.72,272795.98,23.83,628000.0,56,6,2500,1
261,79,20260326,2,1,1,567000.0,528000.0,39000.0,6.88,452000.0,76000.0,14.39,358533.16,10.88,528000.0,52,12,202500,1
262,112,20241107,58,3,1,284000.0,268000.0,16000.0,5.63,219000.0,49000.0,18.28,125571.57,12.74,268000.0,74,7,97500,1
263,149,20241011,90,2,1,374000.0,328000.0,46000.0,12.3,272000.0,56000.0,17.07,165365.37,27.82,328000.0,59,7,97500,1
264,655,20250621,72,3,1,374000.0,328000.0,46000.0,12.3,272000.0,56000.0,17.07,165365.37,27.82,328000.0,59,7,97500,1
265,24,20250520,88,3,1,784000.0,688000.0,96000.0,12.24,572000.0,116000.0,16.86,173508.61,55.33,688000.0,102,3,37500,1
266,741,20260825,57,3,1,784000.0,688000.0,96000.0,12.24,572000.0,116000.0,16.86,173508.61,55.33,688000.0,102,3,37500,1
267,150,20260228,1,2,1,311000.0,279000.0,32000.0,10.29,245000.0,34000.0,12.19,196655.75,16.27,279000.0,10,12,122500,1
268,282,20260326,52,3,1,311000.0,279000.0,32000.0,10.29,245000.0,34000.0,12.19,196655.75,16.27,279000.0,10,12,122500,1
269,151,20260310,47,2,1,367000.0,339000.0,28000.0,7.63,297000.0,42000.0,12.39,178648.67,15.67,339000.0,81,8,137500,1
270,152,20240427,96,3,1,411000.0,379000.0,32000.0,7.79,327000.0,52000.0,13.72,90959.23,35.18,379000.0,66,3,72500,1
271,153,20241221,99,1,1,695000.0,619000.0,76000.0,10.94,507000.0,112000.0,18.09,417252.02,18.21,619000.0,25,11,182500,1
272,853,20251219,82,3,1,695000.0,619000.0,76000.0,10.94,507000.0,112000.0,18.09,417252.02,18.21,619000.0,25,11,182500,1
273,154,20240729,34,3,1,211000.0,185000.0,26000.0,12.32,149000.0,36000.0,19.46,133422.39,19.49,185000.0,37,12,122500,1
274,155,20260131,7,2,1,260000.0,228000.0,32000.0,12.31,188000.0,40000.0,17.54,114959.88,27.84,228000.0,95,7,102500,1
275,1350,20250612,23,3,1,260000.0,228000.0,32000.0,12.31,188000.0,40000.0,17.54,114959.88,27.84,228000.0,95,7,102500,1
276,93,20240614,81,2,1,303000.0,269000.0,34000.0,11.22,221000.0,48000.0,17.84,133972.48,25.38,269000.0,91,7,167500,1
277,156,20241212,56,3,1,303000.0,269000.0,34000.0,11.22,221000.0,48000.0,17.84,133972.48,25.38,269000.0,91,7,167500,1
278,157,20261009,70,2,1,510000.0,458000.0,52000.0,10.2,385000.0,73000.0,15.94,173868.42,29.91,458000.0,31,5,132500,1
279,158,20240516,63,1,1,352000.0,333000.0,19000.0,5.4,287000.0,46000.0,13.81,155638.0,12.21,333000.0,50,7,112500,1
280,159,20240306,74,2,1,187000.0,175000.0,12000.0,6.42,152000.0,23000.0,13.14,98705.83,12.16,175000.0,85,9,77500,1
281,160,20240126,24,2,1,442000.0,388000.0,54000.0,12.22,337000.0,51000.0,13.14,215157.26,25.1,388000.0,28,8,137500,1
282,106,20250527,43,2,1,177000.0,159000.0,18000.0,10.17,132000.0,27000.0,16.98,86160.26,20.89,159000.0,98,8,217500,1
283,161,20250926,45,1,1,241000.0,229000.0,12000.0,4.98,196000.0,33000.0,14.41,94868.44,12.65,229000.0,59,6,107500,1
284,162,20241109,28,3,1,317000.0,299000.0,18000.0,5.68,247000.0,52000.0,17.39,190314.95,9.46,299000.0,68,11,2500,1
285,1170,20251130,95,1,1,317000.0,299000.0,18000.0,5.68,247000.0,52000.0,17.39,190314.95,9.46,299000.0,68,11,2500,1
286,163,20260507,100,3,1,151000.0,135000.0,16000.0,10.6,109000.0,26000.0,19.26,114409.36,13.98,135000.0,78,17,222500,1
287,164,20240222,31,2,1,692000.0,659000.0,33000.0,4.77,564000.0,95000.0,14.42,153147.9,21.55,659000.0,43,3,182500,1
288,165,20250821,54,3,1,1333000.0,1250000.0,83000.0,6.23,1001000.0,249000.0,19.92,524728.78,15.82,1250000.0,48,6,197500,1
289,166,20260110,33,1,1,440000.0,398000.0,42000.0,9.55,331000.0,67000.0,16.83,97377.28,43.13,398000.0,83,3,72500,1
290,167,20250614,64,1,1,491000.0,439000.0,52000.0,10.59,363000.0,76000.0,17.31,324917.74,16.0,439000.0,16,13,172500,1
291,249,20250215,32,3,1,491000.0,439000.0,52000.0,10.59,363000.0,76000.0,17.31,324917.74,16.0,439000.0,16,13,172500,1
292,538,20250121,75,3,1,491000.0,439000.0,52000.0,10.59,363000.0,76000.0,17.31,324917.74,16.0,439000.0,16,13,172500,1
293,18,20251126,75,2,1,846000.0,759000.0,87000.0,10.28,649000.0,110000.0,14.49,374061.78,23.26,759000.0,110,7,157500,1
294,172,20241212,4,1,1,846000.0,759000.0,87000.0,10.28,649000.0,110000.0,14.49,374061.78,23.26,759000.0,110,7,157500,1
295,27,20260503,70,2,1,477000.0,445000.0,32000.0,6.71,383000.0,62000.0,13.93,187768.66,17.04,445000.0,61,6,262500,1
296,168,20250409,32,2,1,477000.0,445000.0,32000.0,6.71,383000.0,62000.0,13.93,187768.66,17.04,445000.0,61,6,262500,1
297,169,20240724,90,2,1,381000.0,340000.0,41000.0,10.76,280000.0,60000.0,17.65,129889.94,31.57,340000.0,69,5,82500,1
298,170,20240810,32,2,1,413000.0,385000.0,28000.0,6.78,333000.0,52000.0,13.51,162575.38,17.22,385000.0,61,6,297500,1
299,439,20261220,39,1,1,413000.0,385000.0,28000.0,6.78,333000.0,52000.0,13.51,162575.38,17.22,385000.0,61,6,297500,1
300,171,20251211,29,1,1,372000.0,344000.0,28000.0,7.53,283000.0,61000.0,17.73,126821.67,22.08,344000.0,88,5,97500,1
301,171,20250702,69,1,1,444000.0,395000.0,49000.0,11.04,330000.0,65000.0,16.46,151367.8,32.37,395000.0,115,5,122500,1
302,18,20240727,67,3,1,407000.0,365000.0,42000.0,10.32,313000.0,52000.0,14.25,179956.43,23.34,365000.0,33,7,147500,1
303,172,20240712,32,2,1,407000.0,365000.0,42000.0,10.32,313000.0,52000.0,14.25,179956.43,23.34,365000.0,33,7,147500,1
304,173,20261023,14,1,1,392000.0,345000.0,47000.0,11.99,295000.0,50000.0,14.49,111173.96,42.28,345000.0,35,4,62500,1
305,174,20240731,24,2,1,669000.0,600000.0,69000.0,10.31,527000.0,73000.0,12.17,295800.62,23.33,600000.0,99,7,182500,1
306,175,20261015,33,3,1,408000.0,369000.0,39000.0,9.56,302000.0,67000.0,18.16,160607.16,24.28,369000.0,119,6,127500,1
307,715,20250702,98,1,1,408000.0,369000.0,39000.0,9.56,302000.0,67000.0,18.16,160607.16,24.28,369000.0,119,6,127500,1
308,176,20240923,95,3,1,402000.0,379000.0,23000.0,5.72,323000.0,56000.0,14.78,212191.13,10.84,379000.0,99,9,2500,1
309,1366,20260201,25,1,1,402000.0,379000.0,23000.0,5.72,323000.0,56000.0,14.78,212191.13,10.84,379000.0,99,9,2500,1
310,57,20260202,73,3,1,358000.0,329000.0,29000.0,8.1,279000.0,50000.0,15.2,101531.32,28.56,329000.0,19,4,97500,1
311,177,20261211,24,1,1,225000.0,209000.0,16000.0,7.11,183000.0,26000.0,12.44,160583.08,9.96,209000.0,26,15,2500,1
312,178,20241010,38,1,2,450000.0,419000.0,31000.0,6.89,340000.0,79000.0,18.85,219051.51,14.15,419000.0,87,8,137500,1
313,179,20250816,70,3,2,637000.0,555555.0,81445.0,12.79,478000.0,77555.0,13.96,281651.72,28.92,555555.0,11,7,97500,1
314,180,20240416,54,3,2,158000.0,145000.0,13000.0,8.23,123000.0,22000.0,15.17,122776.06,10.59,145000.0,86,18,177500,1
315,181,20240526,37,2,2,147000.0,129000.0,18000.0,12.24,106000.0,23000.0,17.83,77592.28,23.2,129000.0,36,9,87500,1
316,182,20241129,61,1,2,578000.0,519000.0,59000.0,10.21,435000.0,84000.0,16.18,163924.87,35.99,519000.0,82,4,37500,1
317,622,20260207,54,1,2,578000.0,519000.0,59000.0,10.21,435000.0,84000.0,16.18,163924.87,35.99,519000.0,82,4,37500,1
318,183,20240701,40,3,2,485000.0,429000.0,56000.0,11.55,355000.0,74000.0,17.25,256001.74,21.87,429000.0,80,9,92500,1
319,639,20250429,14,1,2,485000.0,429000.0,56000.0,11.55,355000.0,74000.0,17.25,256001.74,21.87,429000.0,80,9,92500,1
320,184,20261202,39,2,2,65000.0,59000.0,6000.0,9.23,50000.0,9000.0,15.25,58157.97,10.32,59000.0,57,27,2500,1
321,85,20240416,20,2,2,697000.0,629000.0,68000.0,9.76,548000.0,81000.0,12.88,237620.18,28.62,629000.0,83,5,182500,1
322,366,20250522,94,1,2,697000.0,629000.0,68000.0,9.76,548000.0,81000.0,12.88,237620.18,28.62,629000.0,83,5,182500,1
323,185,20241213,7,3,2,658000.0,599000.0,59000.0,8.97,506000.0,93000.0,15.53,599376.35,9.84,599000.0,18,29,12500,1
324,186,20250603,87,1,2,202000.0,189000.0,13000.0,6.44,161000.0,28000.0,14.81,89314.99,14.56,189000.0,95,7,57500,1
325,187,20240802,55,1,2,100000.0,89000.0,11000.0,11.0,75000.0,14000.0,15.73,91090.63,12.08,89000.0,32,29,237500,1
326,188,20260420,52,1,2,307000.0,285000.0,22000.0,7.17,229000.0,56000.0,19.65,173642.74,12.67,285000.0,80,10,132500,1
327,189,20261002,64,1,2,294000.0,279000.0,15000.0,5.1,228000.0,51000.0,18.28,143113.65,10.48,279000.0,82,8,62500,1
328,916,20251102,62,3,2,294000.0,279000.0,15000.0,5.1,228000.0,51000.0,18.28,143113.65,10.48,279000.0,82,8,62500,1
329,190,20240411,21,1,2,150000.0,135000.0,15000.0,10.0,113000.0,22000.0,16.3,94850.04,15.81,135000.0,36,12,32500,1
330,191,20260728,66,2,2,191000.0,179000.0,12000.0,6.28,148000.0,31000.0,17.32,126393.66,9.49,179000.0,97,13,107500,1
331,192,20240916,27,3,1,342000.0,299000.0,43000.0,12.57,244000.0,55000.0,18.39,216258.1,19.88,299000.0,102,12,160000,1
332,1185,20260404,64,3,1,342000.0,299000.0,43000.0,12.57,244000.0,55000.0,18.39,216258.1,19.88,299000.0,102,12,160000,1
333,193,20250104,30,2,1,537000.0,469000.0,68000.0,12.66,394000.0,75000.0,15.99,339563.15,20.03,469000.0,90,12,17500,1
334,194,20260505,85,3,1,227000.0,199000.0,28000.0,12.33,164000.0,35000.0,17.59,136282.32,20.55,199000.0,93,11,127500,1
335,455,20261225,38,1,1,227000.0,199000.0,28000.0,12.33,164000.0,35000.0,17.59,136282.32,20.55,199000.0,93,11,127500,1
336,195,20260925,87,1,1,303000.0,279000.0,24000.0,7.92,229000.0,50000.0,17.92,216251.89,11.1,279000.0,80,15,27500,1
337,167,20240921,99,3,1,472000.0,449000.0,23000.0,4.87,376000.0,73000.0,16.26,312344.55,7.36,449000.0,52,13,2500,1
338,249,20251228,21,1,1,472000.0,449000.0,23000.0,4.87,376000.0,73000.0,16.26,312344.55,7.36,449000.0,52,13,2500,1
339,538,20250407,38,1,1,472000.0,449000.0,23000.0,4.87,376000.0,73000.0,16.26,312344.55,7.36,449000.0,52,13,2500,1
340,167,20250125,95,3,1,559000.0,489000.0,70000.0,12.52,396000.0,93000.0,19.02,369916.53,18.92,489000.0,113,13,207500,1
341,249,20260403,73,2,1,559000.0,489000.0,70000.0,12.52,396000.0,93000.0,19.02,369916.53,18.92,489000.0,113,13,207500,1
342,538,20250223,84,2,1,559000.0,489000.0,70000.0,12.52,396000.0,93000.0,19.02,369916.53,18.92,489000.0,113,13,207500,1
343,196,20250407,33,3,1,327000.0,299000.0,28000.0,8.56,261000.0,38000.0,12.71,216391.24,12.94,299000.0,16,13,197500,1
344,197,20260318,56,2,1,286000.0,249000.0,37000.0,12.94,216000.0,33000.0,13.25,210669.43,17.56,249000.0,101,16,27500,1
345,198,20251114,80,2,1,228000.0,199000.0,29000.0,12.72,170000.0,29000.0,14.57,188419.69,15.39,199000.0,92,21,2500,1
346,199,20260726,96,2,1,453000.0,399000.0,54000.0,11.92,323000.0,76000.0,19.05,69580.8,77.61,399000.0,72,2,43000,1
347,572,20261123,83,3,1,453000.0,399000.0,54000.0,11.92,323000.0,76000.0,19.05,69580.8,77.61,399000.0,72,2,43000,1
348,200,20260406,82,2,1,485000.0,449000.0,36000.0,7.42,387000.0,62000.0,13.81,274321.6,13.12,449000.0,93,10,27500,1
349,97,20241116,28,2,1,2166000.0,1990000.0,176000.0,8.13,1721000.0,269000.0,13.52,332697.6,52.9,1990000.0,53,2,2500,1
350,201,20250108,87,3,1,5901000.0,5199000.0,702000.0,11.9,4479000.0,720000.0,13.85,906393.6,77.45,5199000.0,48,2,27500,1
351,11,20240403,58,3,9,968000.0,895000.0,73000.0,7.54,724000.0,171000.0,19.11,214230.02,34.08,895000.0,49,3,42500,1
352,264,20260101,58,1,9,968000.0,895000.0,73000.0,7.54,724000.0,171000.0,19.11,214230.02,34.08,895000.0,49,3,42500,1
353,58,20240604,97,2,9,912000.0,855000.0,57000.0,6.25,728000.0,127000.0,14.85,359004.24,15.88,855000.0,16,6,102500,1
354,90,20240116,73,2,9,956000.0,865000.0,91000.0,9.52,750000.0,115000.0,13.29,211574.27,43.01,865000.0,79,3,52500,1
355,202,20250618,50,2,9,1092000.0,955000.0,137000.0,12.55,808000.0,147000.0,15.39,429860.34,31.87,955000.0,34,6,62500,1
356,272,20240611,84,2,9,1092000.0,955000.0,137000.0,12.55,808000.0,147000.0,15.39,429860.34,31.87,955000.0,34,6,62500,1
357,203,20261113,20,1,1,308000.0,275000.0,33000.0,10.71,234000.0,41000.0,14.91,203818.05,16.19,275000.0,114,13,257500,1
358,227,20261009,80,2,1,308000.0,275000.0,33000.0,10.71,234000.0,41000.0,14.91,203818.05,16.19,275000.0,114,13,257500,1
359,129,20261110,37,2,1,293000.0,265000.0,28000.0,9.56,222000.0,43000.0,16.23,129550.95,21.61,265000.0,68,7,72500,1
360,204,20240214,80,2,1,293000.0,265000.0,28000.0,9.56,222000.0,43000.0,16.23,129550.95,21.61,265000.0,68,7,72500,1
361,205,20251107,75,1,1,493000.0,465000.0,28000.0,5.68,392000.0,73000.0,15.7,260224.45,10.76,465000.0,22,9,150000,1
362,677,20250621,34,2,1,493000.0,465000.0,28000.0,5.68,392000.0,73000.0,15.7,260224.45,10.76,465000.0,22,9,150000,1
363,206,20240626,14,2,1,3333000.0,2999000.0,334000.0,10.02,2407000.0,592000.0,19.74,266640.0,125.26,2999000.0,112,1,7500,1
364,207,20260607,86,3,1,2721000.0,2368000.0,353000.0,12.97,2015000.0,353000.0,14.91,217680.0,162.16,2368000.0,113,1,7500,1
365,208,20250225,20,1,1,1234000.0,1160000.0,74000.0,6.0,936000.0,224000.0,19.31,420693.4,17.59,1160000.0,95,5,77500,1
366,867,20250113,39,1,1,1234000.0,1160000.0,74000.0,6.0,936000.0,224000.0,19.31,420693.4,17.59,1160000.0,95,5,77500,1
367,209,20261031,13,2,1,1223000.0,1110000.0,113000.0,9.24,927000.0,183000.0,16.49,481427.83,23.47,1110000.0,90,6,97500,1
368,210,20260131,69,3,1,1216000.0,1069000.0,147000.0,12.09,880000.0,189000.0,17.68,414556.87,35.46,1069000.0,95,5,82500,1
369,823,20260422,93,2,1,1216000.0,1069000.0,147000.0,12.09,880000.0,189000.0,17.68,414556.87,35.46,1069000.0,95,5,82500,1
370,211,20251006,60,2,1,1450000.0,1290000.0,160000.0,11.03,1088000.0,202000.0,15.66,641122.43,24.96,1290000.0,107,7,92500,1
371,212,20240926,22,2,1,2564000.0,2290000.0,274000.0,10.69,1856000.0,434000.0,18.95,393830.4,69.57,2290000.0,71,2,12500,1
372,213,20260129,42,2,1,1667000.0,1488000.0,179000.0,10.74,1273000.0,215000.0,14.45,568311.1,31.5,1488000.0,17,5,87500,1
373,126,20251103,70,1,1,759000.0,699000.0,60000.0,7.91,604000.0,95000.0,13.59,400629.53,14.98,699000.0,54,9,188300,1
374,214,20240301,27,3,1,2040000.0,1890000.0,150000.0,7.35,1537000.0,353000.0,18.68,803035.8,18.68,1890000.0,27,6,47500,1
375,215,20250810,16,3,1,3653000.0,3230000.0,423000.0,11.58,2611000.0,619000.0,19.16,292240.0,144.74,3230000.0,97,1,2500,1
376,216,20250609,61,1,1,2364000.0,2090000.0,274000.0,11.59,1696000.0,394000.0,18.85,930576.78,29.44,2090000.0,69,6,22500,1
377,46,20261215,79,3,1,897000.0,789000.0,108000.0,12.04,687000.0,102000.0,12.93,254395.51,42.45,789000.0,69,4,86148,1
378,217,20240320,87,2,1,1358000.0,1190000.0,168000.0,12.37,1002000.0,188000.0,15.8,534569.91,31.43,1190000.0,115,6,72500,1
379,218,20240325,47,2,1,360000.0,327000.0,33000.0,9.17,274000.0,53000.0,16.21,216130.54,15.27,327000.0,11,11,102500,1
380,219,20240824,59,1,1,591000.0,537000.0,54000.0,9.14,434000.0,103000.0,19.18,90777.6,59.49,537000.0,75,2,32500,1
381,230,20250428,21,3,1,591000.0,537000.0,54000.0,9.14,434000.0,103000.0,19.18,90777.6,59.49,537000.0,75,2,32500,1
382,220,20240220,36,3,1,415000.0,367000.0,48000.0,11.57,313000.0,54000.0,14.71,262418.45,18.29,367000.0,100,12,92500,1
383,221,20250505,9,3,1,244000.0,219000.0,25000.0,10.25,190000.0,29000.0,13.24,154289.4,16.2,219000.0,23,12,107500,1
384,222,20260929,12,3,1,156000.0,139000.0,17000.0,10.9,120000.0,19000.0,13.67,124004.17,13.71,139000.0,57,19,22500,1
385,191,20241008,43,2,1,247000.0,219000.0,28000.0,11.34,186000.0,33000.0,15.07,163451.49,17.13,219000.0,112,13,187500,1
386,166,20261009,22,3,1,432000.0,379000.0,53000.0,12.27,305000.0,74000.0,19.53,95606.78,55.44,379000.0,65,3,72500,1
387,223,20260609,87,3,1,508000.0,469000.0,39000.0,7.68,379000.0,90000.0,19.19,304984.21,12.79,469000.0,21,11,152500,1
388,224,20260613,40,2,1,456000.0,419000.0,37000.0,8.11,337000.0,82000.0,19.57,179502.12,20.61,419000.0,105,6,52500,1
389,843,20251216,49,3,1,456000.0,419000.0,37000.0,8.11,337000.0,82000.0,19.57,179502.12,20.61,419000.0,105,6,52500,1
390,225,20241222,32,2,1,741000.0,699000.0,42000.0,5.67,574000.0,125000.0,17.88,210152.82,19.99,699000.0,101,4,32500,1
391,126,20240324,99,1,1,885000.0,799000.0,86000.0,9.72,648000.0,151000.0,18.9,467137.19,18.41,799000.0,64,9,122500,1
392,90,20240617,76,2,1,842000.0,799000.0,43000.0,5.11,656000.0,143000.0,17.9,186344.7,23.08,799000.0,37,3,32500,1
393,226,20260505,59,2,1,1205000.0,1099000.0,106000.0,8.8,913000.0,186000.0,16.92,185088.0,57.27,1099000.0,119,2,37500,1
394,101,20260219,11,2,1,617000.0,559000.0,58000.0,9.4,489000.0,70000.0,12.52,325676.44,17.81,559000.0,98,9,157500,1
395,1132,20250507,62,2,1,617000.0,559000.0,58000.0,9.4,489000.0,70000.0,12.52,325676.44,17.81,559000.0,98,9,157500,1
396,203,20250825,88,1,1,430000.0,399000.0,31000.0,7.21,339000.0,60000.0,15.04,284551.18,10.89,399000.0,13,13,37500,1
397,227,20260309,90,1,1,430000.0,399000.0,31000.0,7.21,339000.0,60000.0,15.04,284551.18,10.89,399000.0,13,13,37500,1
398,158,20260412,24,1,1,443000.0,399000.0,44000.0,9.93,346000.0,53000.0,13.28,195873.96,22.46,399000.0,99,7,82500,1
399,228,20260313,62,1,1,420000.0,399000.0,21000.0,5.0,342000.0,57000.0,14.29,185704.43,11.31,399000.0,45,7,32500,1
400,19,20250923,51,1,1,484000.0,459000.0,25000.0,5.17,371000.0,88000.0,19.17,190524.18,13.12,459000.0,59,6,72500,1
401,377,20250526,76,2,1,484000.0,459000.0,25000.0,5.17,371000.0,88000.0,19.17,190524.18,13.12,459000.0,59,6,72500,1
402,1389,20261216,11,2,1,484000.0,459000.0,25000.0,5.17,371000.0,88000.0,19.17,190524.18,13.12,459000.0,59,6,72500,1
403,229,20260503,39,3,1,882000.0,779000.0,103000.0,11.68,669000.0,110000.0,14.12,70560.0,145.98,779000.0,12,1,47500,1
404,1420,20240924,95,1,1,882000.0,779000.0,103000.0,11.68,669000.0,110000.0,14.12,70560.0,145.98,779000.0,12,1,47500,1
405,219,20260910,6,3,1,542000.0,499000.0,43000.0,7.93,410000.0,89000.0,17.84,83251.2,51.65,499000.0,10,2,32500,1
406,230,20251006,42,2,1,542000.0,499000.0,43000.0,7.93,410000.0,89000.0,17.84,83251.2,51.65,499000.0,10,2,32500,1
407,50,20251222,59,2,1,520000.0,489000.0,31000.0,5.96,416000.0,73000.0,14.93,253126.19,12.25,489000.0,26,8,147500,1
408,109,20260131,14,1,1,520000.0,489000.0,31000.0,5.96,416000.0,73000.0,14.93,253126.19,12.25,489000.0,26,8,147500,1
409,40,20250213,46,2,1,484000.0,439000.0,45000.0,9.3,363000.0,76000.0,17.31,214002.25,21.03,439000.0,80,7,97500,1
410,986,20250330,79,3,1,484000.0,439000.0,45000.0,9.3,363000.0,76000.0,17.31,214002.25,21.03,439000.0,80,7,97500,1
411,54,20241001,18,2,1,292000.0,259000.0,33000.0,11.3,228000.0,31000.0,11.97,154128.88,21.41,259000.0,71,9,72500,1
412,231,20241130,98,2,1,1907000.0,1780000.0,127000.0,6.66,1462000.0,318000.0,17.87,422041.98,30.09,1780000.0,57,3,2500,1
413,175,20260826,71,3,1,355000.0,319000.0,36000.0,10.14,262000.0,57000.0,17.87,139743.97,25.76,319000.0,71,6,172500,1
414,715,20251225,67,1,1,355000.0,319000.0,36000.0,10.14,262000.0,57000.0,17.87,139743.97,25.76,319000.0,71,6,172500,1
415,232,20240407,42,3,1,369000.0,349000.0,20000.0,5.42,305000.0,44000.0,12.61,221533.81,9.03,349000.0,78,11,107500,1
416,1081,20251023,3,1,1,369000.0,349000.0,20000.0,5.42,305000.0,44000.0,12.61,221533.81,9.03,349000.0,78,11,107500,1
417,233,20240102,11,1,7,336000.0,318000.0,18000.0,5.36,255000.0,63000.0,19.81,231439.21,7.78,318000.0,28,14,335775,1
418,540,20240317,86,1,7,336000.0,318000.0,18000.0,5.36,255000.0,63000.0,19.81,231439.21,7.78,318000.0,28,14,335775,1
419,234,20250508,11,2,1,1433000.0,1299000.0,134000.0,9.35,1112000.0,187000.0,14.4,406408.89,32.97,1299000.0,112,4,37500,1
420,1319,20241117,60,3,1,1433000.0,1299000.0,134000.0,9.35,1112000.0,187000.0,14.4,406408.89,32.97,1299000.0,112,4,37500,1
421,235,20260205,77,2,1,1004000.0,909000.0,95000.0,9.46,780000.0,129000.0,14.19,154214.4,61.6,909000.0,119,2,57500,1
422,39,20260224,14,3,1,556000.0,499000.0,57000.0,10.25,433000.0,66000.0,13.23,245837.29,23.19,499000.0,43,7,212500,1
423,236,20240111,52,2,1,556000.0,499000.0,57000.0,10.25,433000.0,66000.0,13.23,245837.29,23.19,499000.0,43,7,212500,1
424,237,20240927,51,1,5,425000.0,379000.0,46000.0,10.82,333000.0,46000.0,12.14,120532.99,38.16,379000.0,108,4,72500,1
425,238,20240828,70,3,1,756000.0,659000.0,97000.0,12.83,579000.0,80000.0,12.14,257734.37,37.64,659000.0,58,5,97500,1
426,239,20240226,14,3,4,550000.0,499000.0,51000.0,9.27,402000.0,97000.0,19.44,216504.75,23.56,499000.0,89,6,107500,1
427,240,20241221,81,3,4,399000.0,369000.0,30000.0,7.52,319000.0,50000.0,13.55,136026.47,22.05,369000.0,113,5,32500,1
428,410,20250115,43,2,4,399000.0,369000.0,30000.0,7.52,319000.0,50000.0,13.55,136026.47,22.05,369000.0,113,5,32500,1
429,241,20261107,78,1,10,404000.0,358000.0,46000.0,11.39,305000.0,53000.0,14.8,278278.1,16.53,358000.0,56,14,107500,1
430,242,20240327,65,3,10,246000.0,228000.0,18000.0,7.32,194000.0,34000.0,14.91,119748.16,15.03,228000.0,112,8,162500,1
431,243,20250707,16,1,10,316000.0,289000.0,27000.0,8.54,234000.0,55000.0,19.03,107730.24,25.06,289000.0,100,5,102500,1
432,25,20260617,72,2,10,409000.0,387000.0,22000.0,5.38,330000.0,57000.0,14.73,199093.48,11.05,387000.0,114,8,127500,1
433,449,20251023,19,3,10,409000.0,387000.0,22000.0,5.38,330000.0,57000.0,14.73,199093.48,11.05,387000.0,114,8,127500,1
434,1275,20240705,69,2,10,409000.0,387000.0,22000.0,5.38,330000.0,57000.0,14.73,199093.48,11.05,387000.0,114,8,127500,1
435,244,20250713,83,2,10,177000.0,168000.0,9000.0,5.08,148000.0,20000.0,11.9,134108.98,6.71,168000.0,111,17,192500,1
436,245,20260729,11,3,10,387000.0,338000.0,49000.0,12.66,295000.0,43000.0,12.72,131935.45,37.14,338000.0,59,5,142500,1
437,275,20260102,73,2,10,387000.0,338000.0,49000.0,12.66,295000.0,43000.0,12.72,131935.45,37.14,338000.0,59,5,142500,1
438,246,20251109,53,3,10,406000.0,358000.0,48000.0,11.82,299000.0,59000.0,16.48,197633.14,24.29,358000.0,98,8,152500,1
439,430,20260415,45,2,10,406000.0,358000.0,48000.0,11.82,299000.0,59000.0,16.48,197633.14,24.29,358000.0,98,8,152500,1
440,247,20261103,39,2,10,479000.0,428000.0,51000.0,10.65,344000.0,84000.0,19.63,302887.8,16.84,428000.0,35,12,167500,1
441,248,20250330,11,3,10,172000.0,158000.0,14000.0,8.14,131000.0,27000.0,17.09,133654.95,10.47,158000.0,65,18,197500,1
442,167,20260216,11,1,10,318000.0,298000.0,20000.0,6.29,258000.0,40000.0,13.42,210435.52,9.5,298000.0,87,13,182500,1
443,249,20250423,55,2,10,318000.0,298000.0,20000.0,6.29,258000.0,40000.0,13.42,210435.52,9.5,298000.0,87,13,182500,1
444,538,20240416,75,1,10,318000.0,298000.0,20000.0,6.29,258000.0,40000.0,13.42,210435.52,9.5,298000.0,87,13,182500,1
445,250,20261102,62,2,10,499000.0,468000.0,31000.0,6.21,401000.0,67000.0,14.32,263391.48,11.77,468000.0,23,9,157500,1
446,1252,20260907,5,1,10,499000.0,468000.0,31000.0,6.21,401000.0,67000.0,14.32,263391.48,11.77,468000.0,23,9,157500,1
447,192,20250327,95,1,10,311000.0,289000.0,22000.0,7.07,242000.0,47000.0,16.26,196655.75,11.19,289000.0,87,12,172500,1
448,1185,20241113,24,3,10,311000.0,289000.0,22000.0,7.07,242000.0,47000.0,16.26,196655.75,11.19,289000.0,87,12,172500,1
449,251,20251023,63,1,1,1060000.0,959000.0,101000.0,9.53,771000.0,188000.0,19.6,559508.95,18.05,959000.0,34,9,127500,1
450,252,20250407,97,2,1,1323000.0,1180000.0,143000.0,10.81,984000.0,196000.0,16.61,203212.8,70.37,1180000.0,109,2,22500,1
451,253,20250930,91,1,1,770000.0,690000.0,80000.0,10.39,578000.0,112000.0,16.23,303106.65,26.39,690000.0,13,6,122500,1
452,254,20250312,67,2,1,1067000.0,990000.0,77000.0,7.22,866000.0,124000.0,12.53,420019.21,18.33,990000.0,88,6,102500,1
453,255,20241207,75,3,1,1111000.0,970000.0,141000.0,12.69,826000.0,144000.0,14.85,491232.43,28.7,970000.0,41,7,72500,1
454,256,20241105,50,3,1,955000.0,850000.0,105000.0,10.99,701000.0,149000.0,17.53,504085.9,20.83,850000.0,91,9,107500,1
455,257,20261114,34,2,1,1161000.0,1050000.0,111000.0,9.56,884000.0,166000.0,15.81,256943.23,43.2,1050000.0,87,3,82500,1
456,817,20260501,62,3,1,1161000.0,1050000.0,111000.0,9.56,884000.0,166000.0,15.81,256943.23,43.2,1050000.0,87,3,82500,1
457,258,20240223,52,2,1,944000.0,850000.0,94000.0,9.96,684000.0,166000.0,19.53,321827.04,29.21,850000.0,74,5,122500,1
458,259,20250207,9,1,1,972000.0,890000.0,82000.0,8.44,781000.0,109000.0,12.25,275666.04,29.75,890000.0,115,4,132500,1
459,260,20260407,80,1,1,1129000.0,1050000.0,79000.0,7.0,870000.0,180000.0,17.14,499191.19,15.83,1050000.0,70,7,107500,1
460,261,20250802,75,2,1,2160000.0,1990000.0,170000.0,7.87,1668000.0,322000.0,16.18,478033.92,35.56,1990000.0,29,3,32500,1
461,262,20240409,67,1,1,2353000.0,2090000.0,263000.0,11.18,1731000.0,359000.0,17.18,520747.14,50.5,2090000.0,83,3,112500,1
462,263,20251120,1,3,1,493000.0,469000.0,24000.0,4.87,401000.0,68000.0,14.5,75724.8,31.69,469000.0,19,2,22500,1
463,629,20241109,1,2,1,493000.0,469000.0,24000.0,4.87,401000.0,68000.0,14.5,75724.8,31.69,469000.0,19,2,22500,1
464,11,20260306,74,1,1,466000.0,439000.0,27000.0,5.79,374000.0,65000.0,14.81,103131.39,26.18,439000.0,97,3,47500,1
465,264,20250410,47,1,1,466000.0,439000.0,27000.0,5.79,374000.0,65000.0,14.81,103131.39,26.18,439000.0,97,3,47500,1
466,265,20261009,87,3,1,247000.0,234000.0,13000.0,5.26,201000.0,33000.0,14.1,130376.14,9.97,234000.0,43,9,97500,1
467,997,20251215,72,2,1,247000.0,234000.0,13000.0,5.26,201000.0,33000.0,14.1,130376.14,9.97,234000.0,43,9,97500,1
468,266,20260928,10,3,1,305000.0,289000.0,16000.0,5.25,237000.0,52000.0,17.99,120061.72,13.33,289000.0,70,6,57500,1
469,847,20250527,96,1,1,305000.0,289000.0,16000.0,5.25,237000.0,52000.0,17.99,120061.72,13.33,289000.0,70,6,57500,1
470,48,20241118,83,1,1,770000.0,678000.0,92000.0,11.95,560000.0,118000.0,17.4,118272.0,77.79,678000.0,101,2,33714,1
471,267,20241119,65,2,1,301000.0,269000.0,32000.0,10.63,218000.0,51000.0,18.96,133088.17,24.04,269000.0,36,7,30000,1
472,1205,20250713,93,2,1,301000.0,269000.0,32000.0,10.63,218000.0,51000.0,18.96,133088.17,24.04,269000.0,36,7,30000,1
473,268,20241223,23,1,1,1855000.0,1690000.0,165000.0,8.89,1441000.0,249000.0,14.73,526091.06,31.36,1690000.0,49,4,69600,1
474,87,20260225,37,2,1,264000.0,249000.0,15000.0,5.68,200000.0,49000.0,19.68,181845.09,8.25,249000.0,74,14,240000,1
475,269,20260420,65,2,4,6914000.0,6290000.0,624000.0,9.03,5333000.0,957000.0,15.21,553120.0,112.81,6290000.0,42,1,7500,1
476,270,20260917,12,3,1,548000.0,499000.0,49000.0,8.94,434000.0,65000.0,13.03,215717.46,22.71,499000.0,77,6,62200,1
477,407,20241023,59,1,1,548000.0,499000.0,49000.0,8.94,434000.0,65000.0,13.03,215717.46,22.71,499000.0,77,6,62200,1
478,271,20260902,98,2,4,5433000.0,5090000.0,343000.0,6.31,4435000.0,655000.0,12.87,434640.0,78.92,5090000.0,80,1,1500,1
479,60,20240210,4,1,1,786000.0,719000.0,67000.0,8.52,601000.0,118000.0,16.41,222915.13,30.06,719000.0,18,4,102500,1
480,672,20241109,9,1,1,786000.0,719000.0,67000.0,8.52,601000.0,118000.0,16.41,222915.13,30.06,719000.0,18,4,102500,1
481,7,20240920,55,2,1,871000.0,799000.0,72000.0,8.27,669000.0,130000.0,16.27,296939.99,24.25,799000.0,25,5,82500,1
482,202,20250603,83,2,1,1155000.0,1039000.0,116000.0,10.04,838000.0,201000.0,19.35,454659.97,25.51,1039000.0,14,6,42500,1
483,272,20260718,94,2,1,1155000.0,1039000.0,116000.0,10.04,838000.0,201000.0,19.35,454659.97,25.51,1039000.0,14,6,42500,1
484,273,20240924,9,3,1,912000.0,819000.0,93000.0,10.2,699000.0,120000.0,14.65,359004.24,25.9,819000.0,107,6,112500,1
485,225,20250627,47,2,1,758000.0,719000.0,39000.0,5.15,622000.0,97000.0,13.49,214974.14,18.14,719000.0,32,4,62500,1
486,43,20250723,3,3,1,369000.0,339000.0,30000.0,8.13,278000.0,61000.0,17.99,125798.92,23.85,339000.0,52,5,107500,1
487,53,20250217,34,3,1,511000.0,459000.0,52000.0,10.18,383000.0,76000.0,16.56,174209.34,29.85,459000.0,98,5,57500,1
488,274,20260712,48,2,1,439000.0,399000.0,40000.0,9.11,346000.0,53000.0,13.28,277594.46,14.41,399000.0,66,12,132500,1
489,1351,20260216,63,2,1,439000.0,399000.0,40000.0,9.11,346000.0,53000.0,13.28,277594.46,14.41,399000.0,66,12,132500,1
490,245,20251004,42,2,1,612000.0,539000.0,73000.0,11.93,469000.0,70000.0,12.99,208642.11,34.99,539000.0,60,5,92500,1
491,275,20240528,59,1,1,612000.0,539000.0,73000.0,11.93,469000.0,70000.0,12.99,208642.11,34.99,539000.0,60,5,92500,1
492,276,20241013,70,1,1,668000.0,599000.0,69000.0,10.33,491000.0,108000.0,18.03,401042.23,17.21,599000.0,22,11,202500,1
493,277,20260516,40,1,1,361000.0,339000.0,22000.0,6.09,286000.0,53000.0,15.63,265914.91,8.27,339000.0,33,16,187500,1
494,246,20261226,40,3,1,464000.0,439000.0,25000.0,5.39,358000.0,81000.0,18.45,225866.44,11.07,439000.0,20,8,117500,1
495,430,20240613,57,2,1,464000.0,439000.0,25000.0,5.39,358000.0,81000.0,18.45,225866.44,11.07,439000.0,20,8,117500,1
496,278,20250121,47,3,1,511000.0,459000.0,52000.0,10.18,371000.0,88000.0,19.17,338152.68,15.38,459000.0,61,13,152500,1
497,279,20250831,21,1,1,609000.0,579000.0,30000.0,4.93,505000.0,74000.0,12.78,239729.8,12.51,579000.0,26,6,112500,1
498,7,20260104,22,1,1,952000.0,859000.0,93000.0,9.77,744000.0,115000.0,13.39,324554.39,28.65,859000.0,46,5,22500,1
499,39,20260829,31,3,1,617000.0,539000.0,78000.0,12.64,464000.0,75000.0,13.91,272808.65,28.59,539000.0,22,7,152500,1
500,236,20251212,37,2,1,617000.0,539000.0,78000.0,12.64,464000.0,75000.0,13.91,272808.65,28.59,539000.0,22,7,152500,1
501,280,20240615,34,2,1,508000.0,459000.0,49000.0,9.65,369000.0,90000.0,19.61,112426.5,43.58,459000.0,71,3,32500,1
502,582,20260730,56,1,1,508000.0,459000.0,49000.0,9.65,369000.0,90000.0,19.61,112426.5,43.58,459000.0,71,3,32500,1
503,21,20240322,26,3,1,892000.0,819000.0,73000.0,8.18,710000.0,109000.0,13.31,137011.2,53.28,819000.0,100,2,72500,1
504,281,20260929,89,3,1,333000.0,299000.0,34000.0,10.21,250000.0,49000.0,16.39,188348.64,18.05,299000.0,93,10,92500,1
505,150,20251025,92,1,1,415000.0,379000.0,36000.0,8.67,314000.0,65000.0,17.15,262418.45,13.72,379000.0,106,12,232500,1
506,282,20250714,16,1,1,415000.0,379000.0,36000.0,8.67,314000.0,65000.0,17.15,262418.45,13.72,379000.0,106,12,232500,1
507,238,20240323,75,1,11,757000.0,685000.0,72000.0,9.51,578000.0,107000.0,15.62,258075.29,27.9,685000.0,115,5,61843,1
508,283,20260504,88,3,1,457000.0,399000.0,58000.0,12.69,322000.0,77000.0,19.3,363268.64,15.97,399000.0,105,19,122500,1
509,144,20240730,10,1,12,358000.0,329000.0,29000.0,8.1,283000.0,46000.0,13.98,202488.93,14.32,329000.0,17,10,102500,1
510,284,20241012,54,1,1,1007000.0,879000.0,128000.0,12.71,744000.0,135000.0,15.36,396400.51,32.29,879000.0,65,6,47500,1
511,285,20241212,47,1,4,468000.0,410000.0,58000.0,12.39,334000.0,76000.0,18.54,159549.85,36.35,410000.0,102,5,51000,1
512,245,20250419,89,2,1,439000.0,410000.0,29000.0,6.61,334000.0,76000.0,18.54,149663.21,19.38,410000.0,113,5,77500,1
513,275,20261019,62,2,1,439000.0,410000.0,29000.0,6.61,334000.0,76000.0,18.54,149663.21,19.38,410000.0,113,5,77500,1
514,32,20250714,77,3,1,1014000.0,959000.0,55000.0,5.42,781000.0,178000.0,18.56,535228.38,10.28,959000.0,92,9,82500,1
515,286,20241230,78,3,10,636000.0,600000.0,36000.0,5.66,483000.0,117000.0,19.5,216824.15,16.6,600000.0,79,5,67500,1
516,287,20260621,75,1,1,1218000.0,1158000.0,60000.0,4.93,981000.0,177000.0,15.28,592899.41,10.12,1158000.0,53,8,112500,1
517,751,20240117,47,2,1,1218000.0,1158000.0,60000.0,4.93,981000.0,177000.0,15.28,592899.41,10.12,1158000.0,53,8,112500,1
518,45,20260715,16,2,1,655000.0,618000.0,37000.0,5.65,536000.0,82000.0,13.27,289610.48,12.78,618000.0,69,7,127500,1
519,288,20260923,60,1,1,1407000.0,1258000.0,149000.0,10.59,1008000.0,250000.0,19.87,844710.21,17.64,1258000.0,112,11,137500,1
520,289,20251014,82,2,1,632000.0,598000.0,34000.0,5.38,481000.0,117000.0,19.57,307645.67,11.05,598000.0,50,8,132500,1
521,290,20251029,46,3,1,203000.0,188000.0,15000.0,7.39,159000.0,29000.0,15.43,144881.63,10.35,188000.0,30,15,237500,1
522,291,20260629,95,1,1,555000.0,489000.0,66000.0,11.89,423000.0,66000.0,13.5,313914.41,21.02,489000.0,95,10,242500,1
523,292,20241203,54,2,1,408000.0,388000.0,20000.0,4.9,321000.0,67000.0,17.27,230769.51,8.67,388000.0,51,10,202500,1
524,293,20241119,27,2,1,711000.0,628000.0,83000.0,11.67,520000.0,108000.0,17.2,375293.27,22.12,628000.0,83,9,172500,1
525,202,20251124,10,1,1,861000.0,799000.0,62000.0,7.2,677000.0,122000.0,15.27,338928.34,18.29,799000.0,83,6,316678,1
526,272,20250602,32,2,1,861000.0,799000.0,62000.0,7.2,677000.0,122000.0,15.27,338928.34,18.29,799000.0,83,6,316678,1
527,294,20240901,27,3,1,657000.0,619000.0,38000.0,5.78,509000.0,110000.0,17.77,258624.76,14.69,619000.0,38,6,2500,1
528,295,20250211,10,3,1,458000.0,409000.0,49000.0,10.7,328000.0,81000.0,19.8,180289.41,27.18,409000.0,89,6,85011,1
529,296,20250909,83,2,1,533000.0,479000.0,54000.0,10.13,411000.0,68000.0,14.2,259454.34,20.81,479000.0,74,8,28237,1
530,673,20241130,22,1,1,533000.0,479000.0,54000.0,10.13,411000.0,68000.0,14.2,259454.34,20.81,479000.0,74,8,28237,1
531,268,20261022,6,1,1,1843000.0,1620000.0,223000.0,12.1,1377000.0,243000.0,15.0,522687.77,42.66,1620000.0,26,4,73000,1
532,176,20261020,33,1,1,415000.0,369000.0,46000.0,11.08,312000.0,57000.0,15.45,219053.03,21.0,369000.0,39,9,222500,1
533,1366,20251103,9,3,1,415000.0,369000.0,46000.0,11.08,312000.0,57000.0,15.45,219053.03,21.0,369000.0,39,9,222500,1
534,297,20250707,23,3,1,790000.0,699000.0,91000.0,11.52,601000.0,98000.0,14.02,269325.6,33.79,699000.0,35,5,67500,1
535,298,20251129,96,2,1,754000.0,699000.0,55000.0,7.29,597000.0,102000.0,14.59,213839.71,25.72,699000.0,62,4,72500,1
536,13,20260813,93,3,1,490000.0,459000.0,31000.0,6.33,375000.0,84000.0,18.3,192886.05,16.07,459000.0,119,6,152500,1
537,299,20260723,75,1,1,490000.0,459000.0,31000.0,6.33,375000.0,84000.0,18.3,192886.05,16.07,459000.0,119,6,152500,1
538,300,20250119,49,2,1,595000.0,529000.0,66000.0,11.09,438000.0,91000.0,17.2,131680.64,50.12,529000.0,28,3,52500,1
539,301,20240330,26,3,1,1130000.0,999000.0,131000.0,11.59,809000.0,190000.0,19.02,90400.0,144.91,999000.0,62,1,17500,1
540,302,20250628,43,1,1,862000.0,750000.0,112000.0,12.99,608000.0,142000.0,18.93,293871.73,38.11,750000.0,94,5,52500,1
541,176,20260319,50,3,1,393000.0,360000.0,33000.0,8.4,307000.0,53000.0,14.72,207440.58,15.91,360000.0,26,9,152500,1
542,1366,20250123,61,1,1,393000.0,360000.0,33000.0,8.4,307000.0,53000.0,14.72,207440.58,15.91,360000.0,26,9,152500,1
543,303,20240804,57,1,4,125000.0,115000.0,10000.0,8.0,100000.0,15000.0,13.04,82718.37,12.09,115000.0,55,13,137500,1
544,304,20240328,7,2,1,292000.0,259000.0,33000.0,11.3,227000.0,32000.0,12.36,184641.41,17.87,259000.0,113,12,179565,1
545,305,20260105,79,2,1,11383000.0,10500000.0,883000.0,7.76,8928000.0,1572000.0,14.97,6833927.73,12.92,10500000.0,94,11,12500,1
546,306,20250823,63,1,1,3542000.0,3099000.0,443000.0,12.51,2525000.0,574000.0,18.52,1566107.34,28.29,3099000.0,62,7,50018,1
547,307,20240330,58,1,1,1136000.0,1000000.0,136000.0,11.97,808000.0,192000.0,19.2,174489.6,77.94,1000000.0,114,2,3821,1
548,308,20260522,87,3,1,929000.0,850000.0,79000.0,8.5,735000.0,115000.0,13.53,525453.13,15.03,850000.0,113,10,97500,1
549,309,20251130,34,3,1,5389000.0,4790000.0,599000.0,11.12,4054000.0,736000.0,15.37,3407645.84,17.58,4790000.0,73,12,44000,1
550,310,20241116,65,2,13,664000.0,590000.0,74000.0,11.14,501000.0,89000.0,15.08,226369.87,32.69,590000.0,54,5,92500,1
551,521,20240423,64,3,13,664000.0,590000.0,74000.0,11.14,501000.0,89000.0,15.08,226369.87,32.69,590000.0,54,5,92500,1
552,311,20260308,8,2,1,2958000.0,2790000.0,168000.0,5.68,2406000.0,384000.0,13.76,654640.9,25.66,2790000.0,58,3,67500,1
553,312,20250215,52,2,1,2725000.0,2390000.0,335000.0,12.29,2046000.0,344000.0,14.39,772829.18,43.35,2390000.0,28,4,57500,1
554,73,20250514,26,2,1,472000.0,429000.0,43000.0,9.11,372000.0,57000.0,13.29,298461.47,14.41,429000.0,80,12,182500,1
555,1131,20250109,75,3,1,472000.0,429000.0,43000.0,9.11,372000.0,57000.0,13.29,298461.47,14.41,429000.0,80,12,182500,1
556,313,20240610,96,2,1,3840000.0,3390000.0,450000.0,11.72,2727000.0,663000.0,19.56,1309126.95,34.37,3390000.0,90,5,17500,1
557,206,20260821,77,2,1,2802000.0,2590000.0,212000.0,7.57,2227000.0,363000.0,14.02,224160.0,94.58,2590000.0,74,1,17500,1
558,107,20240930,63,3,3,376000.0,330000.0,46000.0,12.23,286000.0,44000.0,13.33,128185.35,35.89,330000.0,46,5,62500,1
559,1039,20240209,96,3,3,376000.0,330000.0,46000.0,12.23,286000.0,44000.0,13.33,128185.35,35.89,330000.0,46,5,62500,1
560,312,20260326,13,2,1,2929000.0,2690000.0,239000.0,8.16,2214000.0,476000.0,17.7,830685.02,28.77,2690000.0,79,4,27500,1
561,208,20251017,47,2,1,1146000.0,1090000.0,56000.0,4.89,928000.0,162000.0,14.86,390692.57,14.33,1090000.0,35,5,82500,1
562,867,20241121,50,1,1,1146000.0,1090000.0,56000.0,4.89,928000.0,162000.0,14.86,390692.57,14.33,1090000.0,35,5,82500,1
563,314,20240315,71,3,10,602000.0,528000.0,74000.0,12.29,436000.0,92000.0,17.42,317758.86,23.29,528000.0,11,9,2500,1
564,1241,20241115,52,1,10,602000.0,528000.0,74000.0,12.29,436000.0,92000.0,17.42,317758.86,23.29,528000.0,11,9,2500,1
565,315,20250117,37,1,1,1054000.0,995000.0,59000.0,5.6,872000.0,123000.0,12.36,298921.82,19.74,995000.0,68,4,40000,1
566,316,20250109,87,3,1,644000.0,595000.0,49000.0,7.61,478000.0,117000.0,19.66,219551.5,22.32,595000.0,105,5,87500,1
567,317,20250721,7,1,1,1592000.0,1390000.0,202000.0,12.69,1176000.0,214000.0,15.4,626682.84,32.23,1390000.0,14,6,87500,1
568,318,20250731,100,3,14,239000.0,209000.0,30000.0,12.55,170000.0,39000.0,18.66,116340.69,25.79,209000.0,46,8,137500,1
569,203,20250602,92,1,1,277000.0,250000.0,27000.0,9.75,214000.0,36000.0,14.4,183303.9,14.73,250000.0,40,13,157500,1
570,227,20240417,68,3,1,277000.0,250000.0,27000.0,9.75,214000.0,36000.0,14.4,183303.9,14.73,250000.0,40,13,157500,1
571,319,20250726,68,1,13,333000.0,299000.0,34000.0,10.21,243000.0,56000.0,18.73,188348.64,18.05,299000.0,85,10,185958,1
572,183,20250126,88,3,1,481000.0,439000.0,42000.0,8.73,359000.0,80000.0,18.22,253890.38,16.54,439000.0,108,9,142500,1
573,639,20260917,57,2,1,481000.0,439000.0,42000.0,8.73,359000.0,80000.0,18.22,253890.38,16.54,439000.0,108,9,142500,1
574,292,20240906,64,1,1,495000.0,459000.0,36000.0,7.27,385000.0,74000.0,16.12,279977.72,12.86,459000.0,103,10,112500,1
575,320,20260412,86,3,1,226000.0,209000.0,17000.0,7.52,182000.0,27000.0,12.92,183355.31,9.27,209000.0,57,20,202500,1
576,321,20251215,82,2,1,725000.0,649000.0,76000.0,10.48,530000.0,119000.0,18.34,382683.01,19.86,649000.0,15,9,127500,1
577,322,20260614,59,3,1,269000.0,239000.0,30000.0,11.15,194000.0,45000.0,18.83,152149.51,19.72,239000.0,24,10,162500,1
578,1207,20250905,56,3,1,269000.0,239000.0,30000.0,11.15,194000.0,45000.0,18.83,152149.51,19.72,239000.0,24,10,162500,1
579,323,20250930,9,1,1,812000.0,719000.0,93000.0,11.45,619000.0,100000.0,13.91,359028.56,25.9,719000.0,24,7,137500,1
580,324,20261220,72,2,1,1015000.0,899000.0,116000.0,11.43,755000.0,144000.0,16.02,287861.15,40.3,899000.0,70,4,142500,1
581,665,20250531,2,2,1,1015000.0,899000.0,116000.0,11.43,755000.0,144000.0,16.02,287861.15,40.3,899000.0,70,4,142500,1
582,325,20241013,93,2,1,527000.0,498000.0,29000.0,5.5,435000.0,63000.0,12.65,256533.65,11.3,498000.0,25,8,232500,1
583,854,20260905,85,2,1,527000.0,498000.0,29000.0,5.5,435000.0,63000.0,12.65,256533.65,11.3,498000.0,25,8,232500,1
584,326,20240827,18,3,1,208000.0,189000.0,19000.0,9.13,153000.0,36000.0,19.05,143271.89,13.26,189000.0,29,14,177500,1
585,4,20240624,81,2,1,601000.0,569000.0,32000.0,5.32,485000.0,84000.0,14.76,170447.83,18.77,569000.0,86,4,52500,1
586,69,20260920,77,3,1,601000.0,569000.0,32000.0,5.32,485000.0,84000.0,14.76,170447.83,18.77,569000.0,86,4,52500,1
587,165,20260217,84,2,3,1480000.0,1339000.0,141000.0,9.53,1096000.0,243000.0,18.15,582594.6,24.2,1339000.0,53,6,147500,1
588,327,20240823,87,2,1,126000.0,115000.0,11000.0,8.73,93000.0,22000.0,19.13,95467.41,11.52,115000.0,51,17,267500,1
589,18,20250418,14,1,1,739000.0,649000.0,90000.0,12.18,555000.0,94000.0,14.48,326751.36,27.54,649000.0,55,7,92500,1
590,172,20260212,15,2,1,739000.0,649000.0,90000.0,12.18,555000.0,94000.0,14.48,326751.36,27.54,649000.0,55,7,92500,1
591,328,20250722,3,1,10,456000.0,420000.0,36000.0,7.89,356000.0,64000.0,15.24,257918.86,13.96,420000.0,104,10,120128,1
592,522,20250624,21,1,10,456000.0,420000.0,36000.0,7.89,356000.0,64000.0,15.24,257918.86,13.96,420000.0,104,10,120128,1
593,329,20260525,60,2,1,101000.0,95000.0,6000.0,5.94,82000.0,13000.0,13.68,74397.25,8.06,95000.0,43,16,77500,1
594,330,20251228,45,1,1,2182000.0,2050000.0,132000.0,6.05,1691000.0,359000.0,17.51,482902.78,27.33,2050000.0,73,3,5500,1
595,232,20260411,26,2,1,372000.0,330000.0,42000.0,11.29,276000.0,54000.0,16.36,223334.9,18.81,330000.0,38,11,227500,1
596,1081,20240810,74,3,1,372000.0,330000.0,42000.0,11.29,276000.0,54000.0,16.36,223334.9,18.81,330000.0,38,11,227500,1
597,331,20260329,80,1,1,288000.0,259000.0,29000.0,10.07,216000.0,43000.0,16.6,182112.08,15.92,259000.0,12,12,187500,1
598,332,20250109,46,1,1,419000.0,395000.0,24000.0,5.73,347000.0,48000.0,12.15,203961.29,11.77,395000.0,18,8,102500,1
599,772,20240321,67,2,1,419000.0,395000.0,24000.0,5.73,347000.0,48000.0,12.15,203961.29,11.77,395000.0,18,8,102500,1
600,238,20260806,16,3,1,772000.0,729000.0,43000.0,5.57,600000.0,129000.0,17.7,263189.06,16.34,729000.0,84,5,82500,1
601,237,20240412,87,3,1,413000.0,369000.0,44000.0,10.65,304000.0,65000.0,17.62,117129.71,37.57,369000.0,84,4,92500,1
602,237,20250309,27,2,8,390000.0,369000.0,21000.0,5.38,306000.0,63000.0,17.07,110606.75,18.99,369000.0,34,4,92500,1
603,333,20250307,17,3,4,610000.0,539000.0,71000.0,11.64,456000.0,83000.0,15.4,207960.27,34.14,539000.0,95,5,52474,1
604,734,20251105,17,2,4,610000.0,539000.0,71000.0,11.64,456000.0,83000.0,15.4,207960.27,34.14,539000.0,95,5,52474,1
605,12,20261118,97,3,1,604000.0,539000.0,65000.0,10.76,442000.0,97000.0,18.0,205914.76,31.57,539000.0,51,5,88540,1
606,334,20260413,73,3,1,604000.0,539000.0,65000.0,10.76,442000.0,97000.0,18.0,205914.76,31.57,539000.0,51,5,88540,1
607,91,20251016,68,3,2,750000.0,709000.0,41000.0,5.47,619000.0,90000.0,12.69,255688.86,16.04,709000.0,55,5,79065,1
608,9,20260927,6,3,1,634000.0,599000.0,35000.0,5.52,492000.0,107000.0,17.86,50720.0,69.01,599000.0,82,1,7500,1
609,21,20260424,84,2,1,1056000.0,919000.0,137000.0,12.97,801000.0,118000.0,12.84,162201.6,84.46,919000.0,93,2,39247,1
610,238,20240122,72,2,1,771000.0,709000.0,62000.0,8.04,573000.0,136000.0,19.18,262848.15,23.59,709000.0,68,5,91970,1
611,237,20260407,66,2,1,423000.0,389000.0,34000.0,8.04,332000.0,57000.0,14.65,119965.78,28.34,389000.0,30,4,42500,1
612,335,20240331,57,2,1,1006000.0,889000.0,117000.0,11.63,776000.0,113000.0,12.71,342963.99,34.11,889000.0,83,5,68617,1
613,9,20261121,11,1,1,663000.0,579000.0,84000.0,12.67,471000.0,108000.0,18.65,53040.0,158.37,579000.0,31,1,27398,1
614,45,20260703,34,2,6,688000.0,599000.0,89000.0,12.94,526000.0,73000.0,12.19,304201.54,29.26,599000.0,38,7,162500,1
615,336,20250124,4,2,1,1597000.0,1419000.0,178000.0,11.15,1187000.0,232000.0,16.35,706118.98,25.21,1419000.0,72,7,152500,1
616,337,20250522,47,1,3,321000.0,295000.0,26000.0,8.1,258000.0,37000.0,12.54,202979.09,12.81,295000.0,82,12,132500,1
617,338,20250827,18,2,10,391000.0,369000.0,22000.0,5.63,315000.0,54000.0,14.63,221154.11,9.95,369000.0,70,10,162500,1
618,370,20261026,82,2,10,391000.0,369000.0,22000.0,5.63,315000.0,54000.0,14.63,221154.11,9.95,369000.0,70,10,162500,1
619,339,20251215,82,3,3,1104000.0,979000.0,125000.0,11.32,807000.0,172000.0,17.57,169574.4,73.71,979000.0,73,2,17500,1
620,671,20240420,59,3,3,1104000.0,979000.0,125000.0,11.32,807000.0,172000.0,17.57,169574.4,73.71,979000.0,73,2,17500,1
621,146,20260210,47,2,1,1027000.0,929000.0,98000.0,9.54,757000.0,172000.0,18.51,350123.28,27.99,929000.0,78,5,188476,1
622,341,20260613,36,1,1,1027000.0,929000.0,98000.0,9.54,757000.0,172000.0,18.51,350123.28,27.99,929000.0,78,5,188476,1
623,38,20240302,62,1,1,1300000.0,1190000.0,110000.0,8.46,981000.0,209000.0,17.56,368689.15,29.84,1190000.0,49,4,124826,1
624,340,20240121,55,2,1,1300000.0,1190000.0,110000.0,8.46,981000.0,209000.0,17.56,368689.15,29.84,1190000.0,49,4,124826,1
625,146,20240115,83,2,1,1198000.0,1050000.0,148000.0,12.35,848000.0,202000.0,19.24,408420.34,36.24,1050000.0,84,5,63369,1
626,341,20251011,69,1,1,1198000.0,1050000.0,148000.0,12.35,848000.0,202000.0,19.24,408420.34,36.24,1050000.0,84,5,63369,1
627,38,20260119,32,3,1,954000.0,899000.0,55000.0,5.77,730000.0,169000.0,18.8,270561.12,20.33,899000.0,10,4,76019,1
628,340,20250612,58,1,1,954000.0,899000.0,55000.0,5.77,730000.0,169000.0,18.8,270561.12,20.33,899000.0,10,4,76019,1
629,342,20240101,40,3,1,274000.0,249000.0,25000.0,9.12,201000.0,48000.0,19.28,107858.73,23.18,249000.0,115,6,207500,1
630,146,20250625,53,2,1,977000.0,929000.0,48000.0,4.91,775000.0,154000.0,16.58,333077.35,14.41,929000.0,74,5,50183,1
631,341,20250511,5,1,1,977000.0,929000.0,48000.0,4.91,775000.0,154000.0,16.58,333077.35,14.41,929000.0,74,5,50183,1
632,38,20251007,94,3,1,1096000.0,999000.0,97000.0,8.85,863000.0,136000.0,13.61,310833.32,31.21,999000.0,71,4,50320,1
633,340,20261202,45,2,1,1096000.0,999000.0,97000.0,8.85,863000.0,136000.0,13.61,310833.32,31.21,999000.0,71,4,50320,1
634,38,20260918,80,3,1,1055000.0,999000.0,56000.0,5.31,810000.0,189000.0,18.92,299205.43,18.72,999000.0,63,4,67639,1
635,340,20260804,57,1,1,1055000.0,999000.0,56000.0,5.31,810000.0,189000.0,18.92,299205.43,18.72,999000.0,63,4,67639,1
636,343,20240409,76,2,1,1061000.0,999000.0,62000.0,5.84,810000.0,189000.0,18.92,234812.03,26.4,999000.0,112,3,2855,1
637,493,20240303,66,2,1,1061000.0,999000.0,62000.0,5.84,810000.0,189000.0,18.92,234812.03,26.4,999000.0,112,3,2855,1
638,343,20250628,17,2,1,1061000.0,999000.0,62000.0,5.84,851000.0,148000.0,14.81,234812.03,26.4,999000.0,69,3,49043,1
639,493,20240618,93,3,1,1061000.0,999000.0,62000.0,5.84,851000.0,148000.0,14.81,234812.03,26.4,999000.0,69,3,49043,1
640,38,20250415,22,3,1,1036000.0,929000.0,107000.0,10.33,758000.0,171000.0,18.41,293816.89,36.42,929000.0,55,4,97332,1
641,340,20250828,9,2,1,1036000.0,929000.0,107000.0,10.33,758000.0,171000.0,18.41,293816.89,36.42,929000.0,55,4,97332,1
642,344,20260621,16,3,1,1101000.0,979000.0,122000.0,11.08,791000.0,188000.0,19.2,88080.0,138.51,979000.0,14,1,15602,1
643,660,20240714,91,3,1,1101000.0,979000.0,122000.0,11.08,791000.0,188000.0,19.2,88080.0,138.51,979000.0,14,1,15602,1
644,343,20250829,9,2,1,1030000.0,929000.0,101000.0,9.81,756000.0,173000.0,18.62,227951.36,44.31,929000.0,31,3,20451,1
645,493,20250622,18,1,1,1030000.0,929000.0,101000.0,9.81,756000.0,173000.0,18.62,227951.36,44.31,929000.0,31,3,20451,1
646,343,20261123,69,1,1,1030000.0,899000.0,131000.0,12.72,786000.0,113000.0,12.57,227951.36,57.47,899000.0,99,3,78173,1
647,493,20251128,76,3,1,1030000.0,899000.0,131000.0,12.72,786000.0,113000.0,12.57,227951.36,57.47,899000.0,99,3,78173,1
648,345,20250123,12,1,1,956000.0,879000.0,77000.0,8.05,761000.0,118000.0,13.42,271128.33,28.4,879000.0,62,4,113100,1
649,494,20251015,41,2,1,956000.0,879000.0,77000.0,8.05,761000.0,118000.0,13.42,271128.33,28.4,879000.0,62,4,113100,1
650,335,20251005,93,2,1,970000.0,899000.0,71000.0,7.32,745000.0,154000.0,17.13,330690.92,21.47,899000.0,79,5,113117,1
651,345,20250923,78,3,1,1136000.0,999000.0,137000.0,12.06,852000.0,147000.0,14.71,322177.6,42.52,999000.0,41,4,87415,1
652,494,20240211,76,3,1,1136000.0,999000.0,137000.0,12.06,852000.0,147000.0,14.71,322177.6,42.52,999000.0,41,4,87415,1
653,345,20260228,64,2,1,1028000.0,959000.0,69000.0,6.71,808000.0,151000.0,15.75,291548.04,23.67,959000.0,20,4,128613,1
654,494,20261010,78,3,1,1028000.0,959000.0,69000.0,6.71,808000.0,151000.0,15.75,291548.04,23.67,959000.0,20,4,128613,1
655,346,20240307,67,2,1,824000.0,719000.0,105000.0,12.74,614000.0,105000.0,14.6,280916.82,37.38,719000.0,19,5,92500,1
656,335,20260721,71,2,1,840000.0,799000.0,41000.0,4.88,683000.0,116000.0,14.52,286371.52,14.32,799000.0,48,5,122854,1
657,347,20260113,62,3,1,756000.0,659000.0,97000.0,12.83,560000.0,99000.0,15.02,257734.37,37.64,659000.0,107,5,139817,1
658,36,20260526,53,1,1,842000.0,799000.0,43000.0,5.11,656000.0,143000.0,17.9,331449.09,12.97,799000.0,40,6,28481,1
659,36,20240402,68,1,1,830000.0,729000.0,101000.0,12.17,585000.0,144000.0,19.75,326725.35,30.91,729000.0,21,6,112122,1
660,348,20240731,66,1,1,771000.0,699000.0,72000.0,9.34,585000.0,114000.0,16.31,218661.03,32.93,699000.0,117,4,135867,1
661,348,20250329,44,2,1,838000.0,729000.0,109000.0,13.01,635000.0,94000.0,12.89,237662.7,45.86,729000.0,89,4,106830,1
662,225,20240906,98,1,1,803000.0,759000.0,44000.0,5.48,642000.0,117000.0,15.42,227736.45,19.32,759000.0,47,4,17236,1
663,349,20260323,44,2,1,728000.0,659000.0,69000.0,9.48,571000.0,88000.0,13.35,206465.93,33.42,659000.0,76,4,93173,1
664,349,20240814,41,1,1,641000.0,559000.0,82000.0,12.79,492000.0,67000.0,11.99,181792.11,45.11,559000.0,75,4,94595,1
665,224,20241231,23,3,1,506000.0,459000.0,47000.0,9.29,373000.0,86000.0,18.74,199184.37,23.6,459000.0,61,6,62792,1
666,843,20260408,97,2,1,506000.0,459000.0,47000.0,9.29,373000.0,86000.0,18.74,199184.37,23.6,459000.0,61,6,62792,1
667,143,20261107,37,3,1,544000.0,489000.0,55000.0,10.11,418000.0,71000.0,14.52,154282.23,35.65,489000.0,14,4,91652,1
668,350,20241012,22,2,1,544000.0,489000.0,55000.0,10.11,418000.0,71000.0,14.52,154282.23,35.65,489000.0,14,4,91652,1
669,351,20250827,44,3,1,2228000.0,1990000.0,238000.0,10.68,1699000.0,291000.0,14.62,631876.49,37.67,1990000.0,20,4,29049,1
670,352,20250117,27,1,1,2070000.0,1890000.0,180000.0,8.7,1660000.0,230000.0,12.17,915257.54,19.67,1890000.0,34,7,92570,1
671,353,20251106,61,3,1,956000.0,859000.0,97000.0,10.15,755000.0,104000.0,12.11,211574.27,45.85,859000.0,44,3,82337,1
672,354,20260923,28,2,1,753000.0,679000.0,74000.0,9.83,581000.0,98000.0,14.43,166647.94,44.4,679000.0,44,3,54467,1
673,35,20260303,47,1,1,1059000.0,929000.0,130000.0,12.28,761000.0,168000.0,18.08,234369.41,55.47,929000.0,31,3,44330,1
674,584,20251204,72,1,1,1059000.0,929000.0,130000.0,12.28,761000.0,168000.0,18.08,234369.41,55.47,929000.0,31,3,44330,1
675,11,20240613,39,3,1,769000.0,729000.0,40000.0,5.2,630000.0,99000.0,13.58,170188.93,23.5,729000.0,46,3,18414,1
676,264,20260913,68,3,1,769000.0,729000.0,40000.0,5.2,630000.0,99000.0,13.58,170188.93,23.5,729000.0,46,3,18414,1
677,355,20240411,85,2,1,570000.0,529000.0,41000.0,7.19,428000.0,101000.0,19.09,322398.58,12.72,529000.0,95,10,158309,1
678,356,20240513,19,3,1,1029000.0,899000.0,130000.0,12.63,775000.0,124000.0,13.79,227730.05,57.09,899000.0,64,3,42186,1
679,91,20240622,39,2,1,716000.0,629000.0,87000.0,12.15,549000.0,80000.0,12.72,244097.63,35.64,629000.0,84,5,141078,1
680,357,20260319,2,2,1,832000.0,759000.0,73000.0,8.77,630000.0,129000.0,17.0,235961.06,30.94,759000.0,105,4,175234,1
681,183,20241019,31,2,1,510000.0,459000.0,51000.0,10.0,390000.0,69000.0,15.03,269197.7,18.95,459000.0,108,9,161320,1
682,639,20261115,84,2,1,510000.0,459000.0,51000.0,10.0,390000.0,69000.0,15.03,269197.7,18.95,459000.0,108,9,161320,1
683,358,20250501,56,1,1,1347000.0,1250000.0,97000.0,7.2,1043000.0,207000.0,16.56,107760.0,90.01,1250000.0,104,1,25667,1
684,29,20250730,42,1,1,1336000.0,1250000.0,86000.0,6.44,1044000.0,206000.0,16.48,205209.6,41.91,1250000.0,118,2,42429,1
685,359,20240825,31,1,1,1305000.0,1190000.0,115000.0,8.81,982000.0,208000.0,17.48,288812.16,39.82,1190000.0,81,3,36211,1
686,68,20240219,67,2,1,715000.0,659000.0,56000.0,7.83,567000.0,92000.0,13.96,243756.71,22.97,659000.0,73,5,174502,1
687,360,20250922,87,1,2,320000.0,289000.0,31000.0,9.69,253000.0,36000.0,12.46,109093.91,28.42,289000.0,29,5,122500,1
688,781,20240327,72,1,2,320000.0,289000.0,31000.0,9.69,253000.0,36000.0,12.46,109093.91,28.42,289000.0,29,5,122500,1
689,361,20240215,52,3,1,845000.0,799000.0,46000.0,5.44,699000.0,100000.0,12.52,239647.95,19.19,799000.0,115,4,60852,1
690,48,20240119,10,2,1,871000.0,759000.0,112000.0,12.86,618000.0,141000.0,18.58,133785.6,83.72,759000.0,107,2,16880,1
691,362,20240704,74,3,1,435000.0,379000.0,56000.0,12.87,330000.0,49000.0,12.93,171235.57,32.7,379000.0,13,6,129372,1
692,170,20260309,11,3,1,559000.0,499000.0,60000.0,10.73,429000.0,70000.0,14.03,220047.55,27.27,499000.0,27,6,54075,1
693,439,20261118,73,2,1,559000.0,499000.0,60000.0,10.73,429000.0,70000.0,14.03,220047.55,27.27,499000.0,27,6,54075,1
694,363,20260806,16,2,1,408000.0,370000.0,38000.0,9.31,303000.0,67000.0,18.11,180398.59,21.06,370000.0,60,7,62500,1
695,364,20250402,42,1,1,572000.0,529000.0,43000.0,7.52,426000.0,103000.0,19.47,87859.2,48.94,529000.0,77,2,57861,1
696,20,20250626,50,1,1,1130000.0,999000.0,131000.0,11.59,821000.0,178000.0,17.82,250082.56,52.38,999000.0,29,3,98123,1
697,139,20251122,96,1,1,1130000.0,999000.0,131000.0,11.59,821000.0,178000.0,17.82,250082.56,52.38,999000.0,29,3,98123,1
698,365,20250420,83,3,1,1174000.0,1050000.0,124000.0,10.56,917000.0,133000.0,12.67,332954.66,37.24,1050000.0,18,4,72602,1
699,369,20240403,60,1,1,1174000.0,1050000.0,124000.0,10.56,917000.0,133000.0,12.67,332954.66,37.24,1050000.0,18,4,72602,1
700,85,20260401,28,2,1,532000.0,499000.0,33000.0,6.2,424000.0,75000.0,15.03,181368.63,18.19,499000.0,89,5,142287,1
701,366,20240723,62,3,1,532000.0,499000.0,33000.0,6.2,424000.0,75000.0,15.03,181368.63,18.19,499000.0,89,5,142287,1
702,367,20260305,51,3,1,1084000.0,950000.0,134000.0,12.36,815000.0,135000.0,14.21,527670.74,25.39,950000.0,35,8,57500,1
703,368,20261115,29,2,1,2027000.0,1790000.0,237000.0,11.69,1469000.0,321000.0,17.93,311347.2,76.12,1790000.0,111,2,43322,1
704,794,20250720,12,3,1,2027000.0,1790000.0,237000.0,11.69,1469000.0,321000.0,17.93,311347.2,76.12,1790000.0,111,2,43322,1
705,20,20240621,18,2,1,1477000.0,1290000.0,187000.0,12.66,1106000.0,184000.0,14.26,326877.82,57.21,1290000.0,34,3,29919,1
706,139,20250301,96,3,1,1477000.0,1290000.0,187000.0,12.66,1106000.0,184000.0,14.26,326877.82,57.21,1290000.0,34,3,29919,1
707,368,20240812,87,2,1,1448000.0,1290000.0,158000.0,10.91,1035000.0,255000.0,19.77,222412.8,71.04,1290000.0,77,2,59690,1
708,794,20250621,86,2,1,1448000.0,1290000.0,158000.0,10.91,1035000.0,255000.0,19.77,222412.8,71.04,1290000.0,77,2,59690,1
709,95,20260129,5,1,1,699000.0,629000.0,70000.0,10.01,522000.0,107000.0,17.01,309065.23,22.65,629000.0,50,7,152325,1
710,20,20240125,72,1,1,1146000.0,1050000.0,96000.0,8.38,893000.0,157000.0,14.95,253623.55,37.85,1050000.0,68,3,86052,1
711,139,20250318,36,3,1,1146000.0,1050000.0,96000.0,8.38,893000.0,157000.0,14.95,253623.55,37.85,1050000.0,68,3,86052,1
712,365,20251109,51,1,1,1142000.0,999000.0,143000.0,12.52,811000.0,188000.0,18.82,323879.24,44.15,999000.0,54,4,133958,1
713,369,20260726,81,3,1,1142000.0,999000.0,143000.0,12.52,811000.0,188000.0,18.82,323879.24,44.15,999000.0,54,4,133958,1
714,95,20251023,71,2,1,681000.0,599000.0,82000.0,12.04,519000.0,80000.0,13.36,301106.46,27.23,599000.0,50,7,102779,1
715,20,20251129,44,1,1,1160000.0,1100000.0,60000.0,5.17,901000.0,199000.0,18.09,256721.92,23.37,1100000.0,47,3,30351,1
716,139,20240518,38,2,1,1160000.0,1100000.0,60000.0,5.17,901000.0,199000.0,18.09,256721.92,23.37,1100000.0,47,3,30351,1
717,338,20260903,30,2,1,311000.0,295000.0,16000.0,5.14,251000.0,44000.0,14.92,175905.19,9.1,295000.0,28,10,184481,1
718,370,20260725,29,3,1,311000.0,295000.0,16000.0,5.14,251000.0,44000.0,14.92,175905.19,9.1,295000.0,28,10,184481,1
719,371,20240807,3,2,1,1142000.0,1050000.0,92000.0,8.06,874000.0,176000.0,16.76,91360.0,100.7,1050000.0,23,1,47590,1
720,20,20240511,35,3,1,1085000.0,959000.0,126000.0,11.61,813000.0,146000.0,15.22,240123.52,52.47,959000.0,30,3,86494,1
721,139,20251028,98,3,1,1085000.0,959000.0,126000.0,11.61,813000.0,146000.0,15.22,240123.52,52.47,959000.0,30,3,86494,1
722,372,20240306,91,2,1,527000.0,459000.0,68000.0,12.9,371000.0,88000.0,19.17,363001.38,18.73,459000.0,24,14,227500,1
723,1407,20260929,79,3,1,527000.0,459000.0,68000.0,12.9,371000.0,88000.0,19.17,363001.38,18.73,459000.0,24,14,227500,1
724,144,20260109,72,1,1,404000.0,379000.0,25000.0,6.19,304000.0,75000.0,19.79,228507.06,10.94,379000.0,12,10,92500,1
725,373,20250123,32,2,1,321000.0,289000.0,32000.0,9.97,252000.0,37000.0,12.8,169436.2,18.89,289000.0,46,9,97500,1
726,128,20240921,54,1,1,869000.0,799000.0,70000.0,8.06,656000.0,143000.0,17.9,246454.52,28.4,799000.0,55,4,74650,1
727,374,20250115,72,2,1,869000.0,799000.0,70000.0,8.06,656000.0,143000.0,17.9,246454.52,28.4,799000.0,55,4,74650,1
728,1320,20240904,40,1,1,869000.0,799000.0,70000.0,8.06,656000.0,143000.0,17.9,246454.52,28.4,799000.0,55,4,74650,1
729,375,20261016,73,2,1,871000.0,759000.0,112000.0,12.86,657000.0,102000.0,13.44,133785.6,83.72,759000.0,25,2,33279,1
730,123,20260331,25,3,1,861000.0,759000.0,102000.0,11.85,668000.0,91000.0,11.99,190549.63,53.53,759000.0,23,3,40728,1
731,376,20241102,79,1,1,861000.0,759000.0,102000.0,11.85,668000.0,91000.0,11.99,190549.63,53.53,759000.0,23,3,40728,1
732,710,20260731,60,2,1,861000.0,759000.0,102000.0,11.85,668000.0,91000.0,11.99,190549.63,53.53,759000.0,23,3,40728,1
733,123,20250228,76,1,1,1463000.0,1290000.0,173000.0,11.83,1054000.0,236000.0,18.29,323779.46,53.43,1290000.0,18,3,5794,1
734,376,20250202,67,2,1,1463000.0,1290000.0,173000.0,11.83,1054000.0,236000.0,18.29,323779.46,53.43,1290000.0,18,3,5794,1
735,710,20260325,27,3,1,1463000.0,1290000.0,173000.0,11.83,1054000.0,236000.0,18.29,323779.46,53.43,1290000.0,18,3,5794,1
736,19,20240201,92,1,1,613000.0,559000.0,54000.0,8.81,459000.0,100000.0,17.89,241304.38,22.38,559000.0,16,6,77500,1
737,377,20261216,86,3,1,613000.0,559000.0,54000.0,8.81,459000.0,100000.0,17.89,241304.38,22.38,559000.0,16,6,77500,1
738,1389,20250714,23,3,1,613000.0,559000.0,54000.0,8.81,459000.0,100000.0,17.89,241304.38,22.38,559000.0,16,6,77500,1
739,378,20260606,12,2,1,1081000.0,990000.0,91000.0,8.42,844000.0,146000.0,14.75,526210.4,17.29,990000.0,23,8,114000,1
740,379,20251208,66,2,1,818000.0,759000.0,59000.0,7.21,666000.0,93000.0,12.25,398186.96,14.82,759000.0,15,8,202500,1
741,380,20241030,28,3,1,1466000.0,1389000.0,77000.0,5.25,1213000.0,176000.0,12.67,773811.44,9.95,1389000.0,94,9,237500,1
742,381,20250812,16,2,1,1921000.0,1690000.0,231000.0,12.02,1420000.0,270000.0,15.98,425140.35,54.33,1690000.0,24,3,58257,1
743,268,20250601,69,3,1,1799000.0,1590000.0,209000.0,11.62,1373000.0,217000.0,13.65,510209.06,40.96,1590000.0,61,4,71639,1
744,382,20241118,92,1,1,689000.0,599000.0,90000.0,13.06,486000.0,113000.0,18.86,522040.06,17.24,599000.0,81,17,97500,1
745,383,20240505,36,1,1,838000.0,729000.0,109000.0,13.01,640000.0,89000.0,12.21,503103.88,21.67,729000.0,43,11,157500,1
746,384,20260829,67,2,1,1392000.0,1259000.0,133000.0,9.55,1104000.0,155000.0,12.31,734751.38,18.1,1259000.0,113,9,132500,1
747,385,20240908,76,1,1,1240000.0,1100000.0,140000.0,11.29,894000.0,206000.0,18.73,274426.88,51.02,1100000.0,10,3,71549,1
748,1203,20241212,11,3,1,1240000.0,1100000.0,140000.0,11.29,894000.0,206000.0,18.73,274426.88,51.02,1100000.0,10,3,71549,1
749,386,20260108,93,2,1,800000.0,699000.0,101000.0,12.62,576000.0,123000.0,17.6,635918.84,15.88,699000.0,105,19,169964,1
750,387,20240625,13,1,1,657000.0,579000.0,78000.0,11.87,468000.0,111000.0,19.17,186329.83,41.86,579000.0,78,4,232000,1
751,388,20240514,9,2,1,2569000.0,2390000.0,179000.0,6.97,1964000.0,426000.0,17.82,568550.53,31.48,2390000.0,103,3,143581,1
752,389,20251012,63,2,1,1203000.0,1099000.0,104000.0,8.65,951000.0,148000.0,13.47,680430.69,15.28,1099000.0,95,10,67500,1
753,390,20260820,31,3,1,913000.0,859000.0,54000.0,5.91,713000.0,146000.0,17.0,258933.23,20.85,859000.0,29,4,104587,1
754,707,20250415,23,3,1,913000.0,859000.0,54000.0,5.91,713000.0,146000.0,17.0,258933.23,20.85,859000.0,29,4,104587,1
755,390,20250919,66,2,1,1144000.0,999000.0,145000.0,12.67,806000.0,193000.0,19.32,324446.45,44.69,999000.0,89,4,61623,1
756,707,20260210,86,3,1,1144000.0,999000.0,145000.0,12.67,806000.0,193000.0,19.32,324446.45,44.69,999000.0,89,4,61623,1
757,391,20250518,19,3,1,998000.0,899000.0,99000.0,9.92,744000.0,155000.0,17.24,340236.64,29.1,899000.0,16,5,121499,1
758,436,20261210,93,2,1,998000.0,899000.0,99000.0,9.92,744000.0,155000.0,17.24,340236.64,29.1,899000.0,16,5,121499,1
759,392,20241025,40,3,1,2135000.0,1990000.0,145000.0,6.79,1748000.0,242000.0,12.16,943997.51,15.36,1990000.0,16,7,66388,1
760,393,20261204,48,1,1,1116000.0,999000.0,117000.0,10.48,850000.0,149000.0,14.91,439307.82,26.63,999000.0,59,6,47195,1
761,336,20261202,5,1,2,1401000.0,1260000.0,141000.0,10.06,1050000.0,210000.0,16.67,619456.91,22.76,1260000.0,11,7,97500,1
762,27,20251009,70,2,2,597000.0,550000.0,47000.0,7.87,447000.0,103000.0,18.73,235006.06,20.0,550000.0,56,6,137500,1
763,168,20250319,59,1,2,597000.0,550000.0,47000.0,7.87,447000.0,103000.0,18.73,235006.06,20.0,550000.0,56,6,137500,1
764,394,20240206,23,1,4,111000.0,105000.0,6000.0,5.41,92000.0,13000.0,12.38,73453.91,8.17,105000.0,23,13,92500,1
765,395,20250512,69,1,1,591000.0,529000.0,62000.0,10.49,458000.0,71000.0,13.42,287687.65,21.55,529000.0,40,8,97500,1
766,396,20241221,44,3,15,77000.0,69900.0,7100.0,9.22,57000.0,12900.0,18.45,66591.25,10.66,69900.0,59,24,205546,1
767,40,20250113,71,3,1,550000.0,488000.0,62000.0,11.27,393000.0,95000.0,19.47,243184.37,25.5,488000.0,70,7,112500,1
768,986,20240614,27,3,1,550000.0,488000.0,62000.0,11.27,393000.0,95000.0,19.47,243184.37,25.5,488000.0,70,7,112500,1
769,397,20250901,15,2,1,330000.0,299000.0,31000.0,9.39,241000.0,58000.0,19.4,208670.09,14.86,299000.0,50,12,162500,1
770,1151,20250422,34,2,1,330000.0,299000.0,31000.0,9.39,241000.0,58000.0,19.4,208670.09,14.86,299000.0,50,12,162500,1
771,398,20260711,53,2,16,2327000.0,2050000.0,277000.0,11.9,1660000.0,390000.0,19.02,916011.91,30.24,2050000.0,23,6,137500,1
772,399,20250310,91,3,1,517000.0,468000.0,49000.0,9.48,396000.0,72000.0,15.38,272892.58,17.96,468000.0,14,9,137500,1
773,461,20240709,6,1,1,517000.0,468000.0,49000.0,9.48,396000.0,72000.0,15.38,272892.58,17.96,468000.0,14,9,137500,1
774,400,20260515,27,1,1,220000.0,199000.0,21000.0,9.55,174000.0,25000.0,12.56,145584.32,14.42,199000.0,84,13,132500,1
775,401,20241130,20,3,1,1023000.0,899000.0,124000.0,12.12,755000.0,144000.0,16.02,402698.83,30.79,899000.0,113,6,72500,1
776,402,20260806,85,2,10,729000.0,669000.0,60000.0,8.23,580000.0,89000.0,13.3,111974.4,53.58,669000.0,14,2,32500,1
777,403,20240107,23,2,1,180000.0,169000.0,11000.0,6.11,141000.0,28000.0,16.57,155667.86,7.07,169000.0,73,24,202500,1
778,404,20260921,2,2,1,453000.0,430000.0,23000.0,5.08,368000.0,62000.0,14.42,178321.18,12.9,430000.0,38,6,52000,1
779,123,20261028,3,1,12,1733000.0,1540000.0,193000.0,11.14,1322000.0,218000.0,14.16,383533.7,50.32,1540000.0,84,3,16600,1
780,376,20240327,73,3,12,1733000.0,1540000.0,193000.0,11.14,1322000.0,218000.0,14.16,383533.7,50.32,1540000.0,84,3,16600,1
781,710,20251027,24,3,12,1733000.0,1540000.0,193000.0,11.14,1322000.0,218000.0,14.16,383533.7,50.32,1540000.0,84,3,16600,1
782,405,20240219,74,1,1,1111000.0,999000.0,112000.0,10.08,813000.0,186000.0,18.62,540813.83,20.71,999000.0,14,8,102500,1
783,191,20240701,37,1,1,268000.0,239000.0,29000.0,10.82,198000.0,41000.0,17.15,177348.18,16.35,239000.0,105,13,112500,1
784,47,20241105,25,1,4,1007000.0,940000.0,67000.0,6.65,800000.0,140000.0,14.89,80560.0,83.17,940000.0,45,1,17500,1
785,406,20240220,4,3,1,782000.0,735000.0,47000.0,6.01,592000.0,143000.0,19.46,380662.84,12.35,735000.0,88,8,104183,1
786,270,20260211,4,2,1,594000.0,565000.0,29000.0,4.88,468000.0,97000.0,17.17,233825.13,12.4,565000.0,28,6,58310,1
787,407,20240913,53,2,1,594000.0,565000.0,29000.0,4.88,468000.0,97000.0,17.17,233825.13,12.4,565000.0,28,6,58310,1
788,408,20240724,47,2,1,418000.0,385000.0,33000.0,7.89,324000.0,61000.0,15.84,236425.63,13.96,385000.0,73,10,206079,1
789,409,20240616,71,2,17,3538000.0,3190000.0,348000.0,9.84,2806000.0,384000.0,12.04,1206169.57,28.85,3190000.0,31,5,137500,1
790,240,20240716,50,2,1,326000.0,299000.0,27000.0,8.28,251000.0,48000.0,16.05,111139.42,24.29,299000.0,43,5,62500,1
791,410,20260607,17,1,1,326000.0,299000.0,27000.0,8.28,251000.0,48000.0,16.05,111139.42,24.29,299000.0,43,5,62500,1
792,20,20240415,2,1,1,1093000.0,999000.0,94000.0,8.6,864000.0,135000.0,13.51,241894.02,38.86,999000.0,65,3,27500,1
793,139,20240306,83,1,1,1093000.0,999000.0,94000.0,8.6,864000.0,135000.0,13.51,241894.02,38.86,999000.0,65,3,27500,1
794,411,20260701,53,1,1,911000.0,799000.0,112000.0,12.29,667000.0,132000.0,16.52,402801.75,27.81,799000.0,26,7,182500,1
795,412,20260506,16,2,3,1898000.0,1750000.0,148000.0,7.8,1511000.0,239000.0,13.66,151840.0,97.47,1750000.0,85,1,22000,1
796,413,20260422,35,3,1,726000.0,659000.0,67000.0,9.23,559000.0,100000.0,15.17,383210.85,17.48,659000.0,98,9,167500,1
797,20,20260404,23,1,1,1308000.0,1159000.0,149000.0,11.39,1009000.0,150000.0,12.94,289476.1,51.47,1159000.0,65,3,77500,1
798,139,20260215,88,1,1,1308000.0,1159000.0,149000.0,11.39,1009000.0,150000.0,12.94,289476.1,51.47,1159000.0,65,3,77500,1
799,414,20240430,80,1,1,642000.0,589000.0,53000.0,8.26,491000.0,98000.0,16.64,283862.48,18.67,589000.0,26,7,137000,1
800,415,20251104,65,2,4,833000.0,749000.0,84000.0,10.08,635000.0,114000.0,15.22,439689.58,19.1,749000.0,83,9,117500,1
801,1145,20260920,86,1,4,833000.0,749000.0,84000.0,10.08,635000.0,114000.0,15.22,439689.58,19.1,749000.0,83,9,117500,1
802,387,20250222,17,2,1,715000.0,629000.0,86000.0,12.03,535000.0,94000.0,14.94,202779.03,42.41,629000.0,101,4,77500,1
803,416,20250829,44,2,1,640000.0,559000.0,81000.0,12.66,466000.0,93000.0,16.64,282978.18,28.62,559000.0,91,7,236000,1
804,119,20250821,13,3,4,458000.0,430000.0,28000.0,6.11,349000.0,81000.0,18.84,222945.76,12.56,430000.0,27,8,132500,1
805,978,20260722,83,1,4,458000.0,430000.0,28000.0,6.11,349000.0,81000.0,18.84,222945.76,12.56,430000.0,27,8,132500,1
806,417,20261214,76,1,1,1027000.0,899000.0,128000.0,12.46,726000.0,173000.0,19.24,707404.96,18.09,899000.0,54,14,122500,1
807,418,20251205,19,1,1,1143000.0,1040000.0,103000.0,9.01,833000.0,207000.0,19.9,505381.33,20.38,1040000.0,105,7,182500,1
808,419,20241107,28,3,17,3109000.0,2890000.0,219000.0,7.04,2514000.0,376000.0,13.01,1059915.54,20.66,2890000.0,87,5,77500,1
809,420,20251117,66,3,1,5534000.0,5050000.0,484000.0,8.75,4136000.0,914000.0,18.1,1224740.61,39.52,5050000.0,65,3,22500,1
810,421,20261216,90,2,1,504000.0,439000.0,65000.0,12.9,359000.0,80000.0,18.22,333520.45,19.49,439000.0,89,13,89000,1
811,422,20240611,46,3,18,2957000.0,2690000.0,267000.0,9.03,2310000.0,380000.0,14.13,838626.02,31.84,2690000.0,59,4,32500,1
812,423,20261219,52,3,1,4321000.0,3990000.0,331000.0,7.66,3294000.0,696000.0,17.44,663705.6,49.87,3990000.0,67,2,47000,1
813,424,20240510,70,1,1,333000.0,299000.0,34000.0,10.21,251000.0,48000.0,16.05,131083.78,25.94,299000.0,27,6,12500,1
814,1620,20250801,29,1,1,333000.0,299000.0,34000.0,10.21,251000.0,48000.0,16.05,131083.78,25.94,299000.0,27,6,12500,1
815,425,20260820,39,3,3,1287000.0,1198000.0,89000.0,6.92,974000.0,224000.0,18.7,438762.08,20.28,1198000.0,89,5,63000,1
816,1178,20261127,66,3,3,1287000.0,1198000.0,89000.0,6.92,974000.0,224000.0,18.7,438762.08,20.28,1198000.0,89,5,63000,1
817,426,20260325,1,1,3,675000.0,638000.0,37000.0,5.48,559000.0,79000.0,12.38,381787.79,9.69,638000.0,90,10,98000,1
818,427,20260818,77,3,3,1030000.0,969000.0,61000.0,5.92,841000.0,128000.0,13.21,227951.36,26.76,969000.0,16,3,55000,1
819,1429,20251002,24,2,3,1030000.0,969000.0,61000.0,5.92,841000.0,128000.0,13.21,227951.36,26.76,969000.0,16,3,55000,1
820,428,20240111,84,3,1,955000.0,899000.0,56000.0,5.86,781000.0,118000.0,13.13,603878.6,9.27,899000.0,85,12,67500,1
821,429,20250727,62,1,2,361000.0,339000.0,22000.0,6.09,282000.0,57000.0,16.81,175727.99,12.52,339000.0,107,8,137500,1
822,1334,20251006,54,3,2,361000.0,339000.0,22000.0,6.09,282000.0,57000.0,16.81,175727.99,12.52,339000.0,107,8,137500,1
823,331,20260318,36,1,1,266000.0,250000.0,16000.0,6.02,215000.0,35000.0,14.0,168200.74,9.51,250000.0,19,12,82500,1
824,202,20241015,35,3,1,890000.0,799000.0,91000.0,10.22,648000.0,151000.0,18.9,350344.05,25.97,799000.0,78,6,17500,1
825,272,20260722,36,3,1,890000.0,799000.0,91000.0,10.22,648000.0,151000.0,18.9,350344.05,25.97,799000.0,78,6,17500,1
826,323,20260613,91,3,1,640000.0,599000.0,41000.0,6.41,480000.0,119000.0,19.87,282978.18,14.49,599000.0,94,7,82000,1
827,246,20260905,45,2,19,543000.0,500999.0,42001.0,7.73,402000.0,98999.0,19.76,264322.15,15.89,500999.0,12,8,142500,1
828,430,20261119,87,3,19,543000.0,500999.0,42001.0,7.73,402000.0,98999.0,19.76,264322.15,15.89,500999.0,12,8,142500,1
829,431,20240909,74,2,3,489000.0,429000.0,60000.0,12.27,363000.0,66000.0,15.38,293577.32,20.44,429000.0,92,11,277500,1
830,432,20250220,49,2,20,204000.0,185900.0,18100.0,8.87,155000.0,30900.0,16.62,128996.06,14.03,185900.0,118,12,97500,1
831,128,20250430,15,2,1,759000.0,680000.0,79000.0,10.41,572000.0,108000.0,15.88,215257.74,36.7,680000.0,53,4,107500,1
832,374,20241206,15,3,1,759000.0,680000.0,79000.0,10.41,572000.0,108000.0,15.88,215257.74,36.7,680000.0,53,4,107500,1
833,1320,20250327,73,3,1,759000.0,680000.0,79000.0,10.41,572000.0,108000.0,15.88,215257.74,36.7,680000.0,53,4,107500,1
834,247,20261015,77,2,4,374000.0,350000.0,24000.0,6.42,280000.0,70000.0,20.0,236492.77,10.15,350000.0,108,12,67500,1
835,433,20261019,63,1,1,331000.0,310000.0,21000.0,6.34,258000.0,52000.0,16.77,219038.23,9.59,310000.0,79,13,177500,1
836,716,20261009,70,1,1,331000.0,310000.0,21000.0,6.34,258000.0,52000.0,16.77,219038.23,9.59,310000.0,79,13,177500,1
837,434,20260706,74,2,3,1094000.0,1038000.0,56000.0,5.12,890000.0,148000.0,14.26,168038.4,33.33,1038000.0,23,2,31000,1
838,435,20260908,65,3,4,692000.0,649000.0,43000.0,6.21,542000.0,107000.0,16.49,336852.54,12.77,649000.0,13,8,17500,1
839,391,20260301,11,3,3,1173000.0,1088000.0,85000.0,7.25,934000.0,154000.0,14.15,399897.37,21.26,1088000.0,118,5,46000,1
840,436,20260706,18,3,3,1173000.0,1088000.0,85000.0,7.25,934000.0,154000.0,14.15,399897.37,21.26,1088000.0,118,5,46000,1
841,437,20260814,87,1,3,1055000.0,988000.0,67000.0,6.35,809000.0,179000.0,18.12,513554.09,13.05,988000.0,27,8,98000,1
842,991,20240205,34,2,3,1055000.0,988000.0,67000.0,6.35,809000.0,179000.0,18.12,513554.09,13.05,988000.0,27,8,98000,1
843,438,20260202,94,3,3,517000.0,488000.0,29000.0,5.61,422000.0,66000.0,13.52,146624.84,19.78,488000.0,102,4,87500,1
844,569,20240508,2,1,3,517000.0,488000.0,29000.0,5.61,422000.0,66000.0,13.52,146624.84,19.78,488000.0,102,4,87500,1
845,256,20260918,4,2,3,741000.0,698000.0,43000.0,5.8,591000.0,107000.0,15.33,391128.43,10.99,698000.0,108,9,81000,1
846,170,20260905,82,3,1,630000.0,575000.0,55000.0,8.73,470000.0,105000.0,18.26,247996.35,22.18,575000.0,61,6,141142,1
847,439,20250827,59,3,1,630000.0,575000.0,55000.0,8.73,470000.0,105000.0,18.26,247996.35,22.18,575000.0,61,6,141142,1
848,440,20241202,49,3,3,1925000.0,1798000.0,127000.0,6.6,1472000.0,326000.0,18.13,937053.67,13.55,1798000.0,47,8,44000,1
849,441,20250310,79,1,17,760000.0,699900.0,60100.0,7.91,595000.0,104900.0,14.99,456275.59,13.17,699900.0,89,11,77500,1
850,442,20241004,36,1,3,1758000.0,1598000.0,160000.0,9.1,1384000.0,214000.0,13.39,389066.5,41.12,1598000.0,29,3,37000,1
851,368,20251009,40,3,3,1397000.0,1248000.0,149000.0,10.67,1040000.0,208000.0,16.67,214579.2,69.44,1248000.0,97,2,19000,1
852,794,20260727,18,1,3,1397000.0,1248000.0,149000.0,10.67,1040000.0,208000.0,16.67,214579.2,69.44,1248000.0,97,2,19000,1
853,66,20260113,68,1,1,416000.0,395000.0,21000.0,5.05,324000.0,71000.0,17.97,117980.53,17.8,395000.0,108,4,32500,1
854,443,20240702,49,2,1,254000.0,225000.0,29000.0,11.42,196000.0,29000.0,12.89,152492.11,19.02,225000.0,53,11,142500,1
855,11,20250208,99,3,1,662000.0,595000.0,67000.0,10.12,508000.0,87000.0,14.62,146508.54,45.73,595000.0,60,3,43121,1
856,264,20251008,12,2,1,662000.0,595000.0,67000.0,10.12,508000.0,87000.0,14.62,146508.54,45.73,595000.0,60,3,43121,1
857,444,20261223,89,1,1,940000.0,888000.0,52000.0,5.53,742000.0,146000.0,16.44,712217.2,7.3,888000.0,28,17,97500,1
858,445,20250512,21,1,1,465000.0,409000.0,56000.0,12.04,343000.0,66000.0,16.14,71424.0,78.41,409000.0,77,2,97500,1
859,446,20260211,85,1,1,421000.0,369000.0,52000.0,12.35,301000.0,68000.0,18.43,64665.6,80.41,369000.0,106,2,92500,1
860,447,20260619,12,3,10,185000.0,175000.0,10000.0,5.41,149000.0,26000.0,14.86,136272.18,7.34,175000.0,75,16,162500,1
861,30,20260323,49,2,1,355000.0,329000.0,26000.0,7.32,273000.0,56000.0,17.02,100680.5,25.82,329000.0,22,4,157500,1
862,448,20260913,100,1,1,960000.0,849000.0,111000.0,11.56,747000.0,102000.0,12.01,147456.0,75.28,849000.0,71,2,32500,1
863,289,20261015,31,3,1,640000.0,569000.0,71000.0,11.09,477000.0,92000.0,16.17,311539.92,22.79,569000.0,70,8,152500,1
864,25,20250513,37,3,10,588000.0,550000.0,38000.0,6.46,461000.0,89000.0,16.18,286227.3,13.28,550000.0,118,8,247500,1
865,449,20240419,60,3,10,588000.0,550000.0,38000.0,6.46,461000.0,89000.0,16.18,286227.3,13.28,550000.0,118,8,247500,1
866,1275,20241116,16,2,10,588000.0,550000.0,38000.0,6.46,461000.0,89000.0,16.18,286227.3,13.28,550000.0,118,8,247500,1
867,450,20250418,75,3,1,813000.0,759000.0,54000.0,6.64,642000.0,117000.0,15.42,488094.81,11.06,759000.0,39,11,158000,1
868,451,20251114,99,3,2,2283000.0,2100000.0,183000.0,8.02,1834000.0,266000.0,12.67,350668.8,52.19,2100000.0,107,2,32500,1
869,452,20240930,15,3,1,801000.0,729000.0,72000.0,8.99,630000.0,99000.0,13.58,571675.78,12.59,729000.0,39,15,62500,1
870,453,20240402,20,3,1,350000.0,315000.0,35000.0,10.0,263000.0,52000.0,16.51,271972.28,12.87,315000.0,60,18,225480,1
871,1123,20240213,84,2,1,350000.0,315000.0,35000.0,10.0,263000.0,52000.0,16.51,271972.28,12.87,315000.0,60,18,225480,1
872,454,20251128,27,2,1,1185000.0,1090000.0,95000.0,8.02,935000.0,155000.0,14.22,94800.0,100.21,1090000.0,97,1,32500,1
873,194,20241205,16,1,1,367000.0,335000.0,32000.0,8.72,284000.0,51000.0,15.22,220333.08,14.52,335000.0,57,11,150979,1
874,455,20260322,79,2,1,367000.0,335000.0,32000.0,8.72,284000.0,51000.0,15.22,220333.08,14.52,335000.0,57,11,150979,1
875,127,20250527,99,1,1,411000.0,365000.0,46000.0,11.19,306000.0,59000.0,16.16,161788.09,28.43,365000.0,117,6,94932,1
876,636,20260418,60,1,1,411000.0,365000.0,46000.0,11.19,306000.0,59000.0,16.16,161788.09,28.43,365000.0,117,6,94932,1
877,333,20240920,95,3,1,680000.0,645000.0,35000.0,5.15,526000.0,119000.0,18.45,231824.56,15.1,645000.0,42,5,38286,1
878,734,20250522,15,1,1,680000.0,645000.0,35000.0,5.15,526000.0,119000.0,18.45,231824.56,15.1,645000.0,42,5,38286,1
879,447,20260101,23,1,1,183000.0,170000.0,13000.0,7.1,142000.0,28000.0,16.47,134798.97,9.64,170000.0,114,16,282500,1
880,456,20240517,34,2,1,358000.0,319000.0,39000.0,10.89,261000.0,58000.0,18.18,140924.91,27.67,319000.0,83,6,52500,1
881,457,20240921,43,2,1,131000.0,115000.0,16000.0,12.21,100000.0,15000.0,13.04,90233.74,17.73,115000.0,91,14,77500,1
882,458,20250402,10,1,1,285000.0,259000.0,26000.0,9.12,214000.0,45000.0,17.37,138732.62,18.74,259000.0,28,8,177500,1
883,459,20240914,3,3,1,286000.0,259000.0,27000.0,9.44,227000.0,32000.0,12.36,139219.4,19.39,259000.0,80,8,112500,1
884,550,20261112,16,3,1,286000.0,259000.0,27000.0,9.44,227000.0,32000.0,12.36,139219.4,19.39,259000.0,80,8,112500,1
885,347,20260115,80,3,1,846000.0,798000.0,48000.0,5.67,672000.0,126000.0,15.79,288417.03,16.64,798000.0,66,5,117500,1
886,460,20250415,67,1,1,644000.0,588000.0,56000.0,8.7,500000.0,88000.0,14.97,219551.5,25.51,588000.0,28,5,67500,1
887,742,20240801,37,2,1,644000.0,588000.0,56000.0,8.7,500000.0,88000.0,14.97,219551.5,25.51,588000.0,28,5,67500,1
888,399,20260502,77,2,1,704000.0,638000.0,66000.0,9.38,538000.0,100000.0,15.67,371598.4,17.76,638000.0,97,9,142500,1
889,461,20261019,56,1,1,704000.0,638000.0,66000.0,9.38,538000.0,100000.0,15.67,371598.4,17.76,638000.0,97,9,142500,1
890,462,20261001,73,2,21,91000.0,85000.0,6000.0,6.59,69000.0,16000.0,18.82,62681.45,9.57,85000.0,88,14,377500,1
891,463,20241217,46,2,1,236000.0,219000.0,17000.0,7.2,182000.0,37000.0,16.89,114880.35,14.8,219000.0,50,8,137500,1
892,464,20250812,30,3,1,129000.0,119000.0,10000.0,7.75,96000.0,23000.0,19.33,95022.22,10.52,119000.0,51,16,27500,1
893,465,20250928,32,2,4,73000.0,69000.0,4000.0,5.48,59000.0,10000.0,14.49,50282.92,7.95,69000.0,96,14,157500,1
894,466,20260309,69,1,1,920000.0,849999.0,70001.0,7.61,710000.0,139999.0,16.47,362153.4,19.33,849999.0,61,6,87500,1
895,467,20240729,19,3,1,75000.0,70000.0,5000.0,6.67,60000.0,10000.0,14.29,63021.75,7.93,70000.0,13,22,200708,1
896,468,20250822,58,2,1,270000.0,249000.0,21000.0,7.78,204000.0,45000.0,18.07,170730.08,12.3,249000.0,111,12,156000,1
897,469,20260517,64,3,1,551000.0,519000.0,32000.0,5.81,422000.0,97000.0,18.69,268216.4,11.93,519000.0,13,8,157500,1
898,297,20250720,75,3,4,751000.0,659000.0,92000.0,12.25,549000.0,110000.0,16.69,256029.78,35.93,659000.0,14,5,74000,1
899,470,20260325,19,1,12,476000.0,429000.0,47000.0,9.87,375000.0,54000.0,12.59,38080.0,123.42,429000.0,50,1,7017,1
900,1235,20240405,2,3,12,476000.0,429000.0,47000.0,9.87,375000.0,54000.0,12.59,38080.0,123.42,429000.0,50,1,7017,1
901,191,20241107,66,3,1,267000.0,239000.0,28000.0,10.49,205000.0,34000.0,14.23,176686.43,15.85,239000.0,117,13,70000,1
902,471,20240923,6,1,1,339000.0,300000.0,39000.0,11.5,250000.0,50000.0,16.67,96142.79,40.56,300000.0,96,4,28300,1
903,347,20250826,60,3,1,878000.0,798000.0,80000.0,9.11,671000.0,127000.0,15.91,299326.42,26.73,798000.0,113,5,77500,1
904,472,20240125,61,1,1,845000.0,798000.0,47000.0,5.56,644000.0,154000.0,19.3,332630.02,14.13,798000.0,110,6,112500,1
905,45,20250302,81,3,1,726000.0,658000.0,68000.0,9.37,578000.0,80000.0,12.16,321003.37,21.18,658000.0,70,7,202500,1
906,347,20250114,14,3,1,951000.0,858000.0,93000.0,9.78,732000.0,126000.0,14.69,324213.47,28.68,858000.0,84,5,112500,1
907,45,20250213,95,3,1,819000.0,728000.0,91000.0,11.11,599000.0,129000.0,17.72,362123.63,25.13,728000.0,64,7,107500,1
908,335,20260710,64,3,1,971000.0,888000.0,83000.0,8.55,752000.0,136000.0,15.32,331031.84,25.07,888000.0,84,5,137500,1
909,14,20250503,13,2,1,1007000.0,948000.0,59000.0,5.86,767000.0,181000.0,19.09,285592.29,20.66,948000.0,22,4,152500,1
910,347,20250327,8,2,1,850000.0,788000.0,62000.0,7.29,691000.0,97000.0,12.31,289780.71,21.4,788000.0,23,5,182500,1
911,421,20240705,89,1,1,477000.0,439000.0,38000.0,7.97,357000.0,82000.0,18.68,315653.28,12.04,439000.0,69,13,87500,1
912,473,20260727,50,3,10,351000.0,315000.0,36000.0,10.26,268000.0,47000.0,14.92,198529.65,18.13,315000.0,81,10,137500,1
913,653,20260727,10,3,10,351000.0,315000.0,36000.0,10.26,268000.0,47000.0,14.92,198529.65,18.13,315000.0,81,10,137500,1
914,474,20261103,64,3,1,796000.0,719000.0,77000.0,9.67,589000.0,130000.0,18.08,271371.11,28.37,719000.0,34,5,122500,1
915,475,20240515,80,2,1,358000.0,330000.0,28000.0,7.82,283000.0,47000.0,14.24,202488.93,13.83,330000.0,91,10,162500,1
916,476,20250707,95,2,1,665000.0,579000.0,86000.0,12.93,499000.0,80000.0,13.82,147172.48,58.43,579000.0,53,3,122500,1
917,477,20250415,38,3,1,1398000.0,1259000.0,139000.0,9.94,1075000.0,184000.0,14.61,309394.18,44.93,1259000.0,117,3,82500,1
918,478,20251105,39,2,1,310000.0,289000.0,21000.0,6.77,245000.0,44000.0,15.22,196023.42,10.71,289000.0,91,12,17500,1
919,479,20250717,71,3,1,317000.0,299000.0,18000.0,5.68,261000.0,38000.0,12.71,140162.63,12.84,299000.0,19,7,82500,1
920,480,20260323,31,1,1,1278000.0,1200000.0,78000.0,6.1,968000.0,232000.0,19.33,767263.43,10.17,1200000.0,80,11,122500,1
921,481,20250105,49,1,1,1814000.0,1688000.0,126000.0,6.95,1395000.0,293000.0,17.36,618426.12,20.37,1688000.0,59,5,147500,1
922,482,20251222,30,2,1,1906000.0,1788000.0,118000.0,6.19,1466000.0,322000.0,18.01,842744.38,14.0,1788000.0,53,7,97500,1
923,483,20240914,71,3,1,2124000.0,1988000.0,136000.0,6.4,1748000.0,240000.0,12.07,724110.84,18.78,1988000.0,23,5,122500,1
924,4,20250811,28,1,4,635000.0,589000.0,46000.0,7.24,490000.0,99000.0,16.81,180090.47,25.54,589000.0,24,4,2500,1
925,69,20250907,7,1,4,635000.0,589000.0,46000.0,7.24,490000.0,99000.0,16.81,180090.47,25.54,589000.0,24,4,2500,1
926,484,20240711,90,2,1,2549000.0,2388000.0,161000.0,6.32,2050000.0,338000.0,14.15,564124.29,28.54,2388000.0,25,3,96652,1
927,485,20240516,92,3,1,2152000.0,1888000.0,264000.0,12.27,1614000.0,274000.0,14.51,733656.56,35.98,1888000.0,11,5,242500,1
928,486,20240217,13,3,1,1786000.0,1688000.0,98000.0,5.49,1379000.0,309000.0,18.31,789685.97,12.41,1688000.0,39,7,202500,1
929,487,20261005,71,1,1,2073000.0,1880000.0,193000.0,9.31,1540000.0,340000.0,18.09,816026.08,23.65,1880000.0,39,6,202500,1
930,487,20240717,25,1,1,2169000.0,1988000.0,181000.0,8.34,1635000.0,353000.0,17.76,853816.0,21.2,1988000.0,91,6,92500,1
931,488,20240219,65,3,1,2168000.0,1888000.0,280000.0,12.92,1572000.0,316000.0,16.74,958588.57,29.21,1888000.0,40,7,127500,1
932,486,20261003,96,1,1,2004000.0,1888000.0,116000.0,5.79,1546000.0,342000.0,18.11,886075.41,13.09,1888000.0,117,7,107500,1
933,489,20260416,2,2,1,2158000.0,1980000.0,178000.0,8.25,1587000.0,393000.0,19.85,735702.07,24.19,1980000.0,86,5,242500,1
934,487,20260303,89,1,1,2271000.0,1980000.0,291000.0,12.81,1723000.0,257000.0,12.98,893967.79,32.55,1980000.0,29,6,182500,1
935,487,20251103,80,3,1,2259000.0,1988000.0,271000.0,12.0,1744000.0,244000.0,12.27,889244.05,30.48,1988000.0,58,6,122500,1
936,345,20260131,66,1,1,1131000.0,999000.0,132000.0,11.67,826000.0,173000.0,17.32,320759.56,41.15,999000.0,44,4,188000,1
937,494,20251013,28,1,1,1131000.0,999000.0,132000.0,11.67,826000.0,173000.0,17.32,320759.56,41.15,999000.0,44,4,188000,1
938,490,20260702,9,1,1,967000.0,899000.0,68000.0,7.03,744000.0,155000.0,17.24,329668.17,20.63,899000.0,32,5,97000,1
939,491,20250102,40,3,1,799000.0,749000.0,50000.0,6.26,600000.0,149000.0,19.89,226602.02,22.07,749000.0,115,4,124000,1
940,492,20250323,29,3,1,1417000.0,1269000.0,148000.0,10.44,1084000.0,185000.0,14.58,483081.48,30.64,1269000.0,106,5,97000,1
941,343,20250828,98,3,1,1370000.0,1199000.0,171000.0,12.48,1038000.0,161000.0,13.43,303197.44,56.4,1199000.0,111,3,49000,1
942,493,20261108,60,1,1,1370000.0,1199000.0,171000.0,12.48,1038000.0,161000.0,13.43,303197.44,56.4,1199000.0,111,3,49000,1
943,345,20250426,27,1,1,1215000.0,1099000.0,116000.0,9.55,892000.0,207000.0,18.84,344582.55,33.66,1099000.0,108,4,72000,1
944,494,20250118,66,1,1,1215000.0,1099000.0,116000.0,9.55,892000.0,207000.0,18.84,344582.55,33.66,1099000.0,108,4,72000,1
945,495,20250215,37,3,1,663000.0,599000.0,64000.0,9.65,487000.0,112000.0,18.7,349957.02,18.29,599000.0,109,9,180000,1
946,466,20260114,97,3,1,916000.0,850000.0,66000.0,7.21,734000.0,116000.0,13.65,360578.82,18.3,850000.0,70,6,120000,1
947,365,20241115,36,1,1,1013000.0,899000.0,114000.0,11.25,764000.0,135000.0,15.02,287293.93,39.68,899000.0,93,4,118000,1
948,369,20240625,16,2,1,1013000.0,899000.0,114000.0,11.25,764000.0,135000.0,15.02,287293.93,39.68,899000.0,93,4,118000,1
949,496,20250823,56,2,1,747000.0,699000.0,48000.0,6.43,562000.0,137000.0,19.6,211854.46,22.66,699000.0,64,4,154000,1
950,497,20241110,96,2,1,1384000.0,1279000.0,105000.0,7.59,1087000.0,192000.0,15.01,306295.81,34.28,1279000.0,76,3,118000,1
951,225,20261231,51,3,1,796000.0,729000.0,67000.0,8.42,601000.0,128000.0,17.56,225751.2,29.68,729000.0,17,4,104000,1
952,498,20250624,97,3,1,1309000.0,1189000.0,120000.0,9.17,986000.0,203000.0,17.07,690940.78,17.37,1189000.0,49,9,126000,1
953,499,20260112,5,3,1,601000.0,559000.0,42000.0,6.99,482000.0,77000.0,13.77,360817.94,11.64,559000.0,68,11,22500,1
954,389,20241005,99,2,1,1167000.0,1099000.0,68000.0,5.83,950000.0,149000.0,13.56,660068.67,10.3,1099000.0,41,10,69000,1
955,94,20261010,40,1,1,710000.0,639000.0,71000.0,10.0,532000.0,107000.0,16.74,157131.52,45.19,639000.0,102,3,92000,1
956,91,20260704,33,2,1,786000.0,729000.0,57000.0,7.25,638000.0,91000.0,12.48,267961.92,21.27,729000.0,16,5,131000,1
957,498,20240608,61,1,1,1395000.0,1259000.0,136000.0,9.75,1048000.0,211000.0,16.76,736334.9,18.47,1259000.0,11,9,132000,1
958,500,20240824,4,1,1,990000.0,929000.0,61000.0,6.16,801000.0,128000.0,13.78,280770.97,21.73,929000.0,94,4,43000,1
959,347,20250115,64,3,1,866000.0,789000.0,77000.0,8.89,662000.0,127000.0,16.1,295235.4,26.08,789000.0,15,5,66000,1
960,501,20260607,92,2,1,2470000.0,2239000.0,231000.0,9.35,1952000.0,287000.0,12.82,842068.64,27.43,2239000.0,101,5,27000,1
961,502,20250920,28,2,1,917000.0,869000.0,48000.0,5.23,758000.0,111000.0,12.77,202943.1,23.65,869000.0,115,3,71000,1
962,296,20240607,27,2,1,519000.0,479000.0,40000.0,7.71,387000.0,92000.0,19.21,252639.4,15.83,479000.0,45,8,160000,1
963,673,20251009,21,3,1,519000.0,479000.0,40000.0,7.71,387000.0,92000.0,19.21,252639.4,15.83,479000.0,45,8,160000,1
964,503,20260626,35,3,1,2413000.0,2269000.0,144000.0,5.97,1985000.0,284000.0,12.52,534025.86,26.96,2269000.0,41,3,40000,1
965,335,20260107,40,1,1,812000.0,769000.0,43000.0,5.3,666000.0,103000.0,13.39,276825.8,15.53,769000.0,54,5,151000,1
966,504,20250805,79,3,1,424000.0,369000.0,55000.0,12.97,319000.0,50000.0,13.55,223803.58,24.58,369000.0,51,9,216000,1
967,1391,20251126,10,3,1,424000.0,369000.0,55000.0,12.97,319000.0,50000.0,13.55,223803.58,24.58,369000.0,51,9,216000,1
968,323,20250903,20,1,1,778000.0,719000.0,59000.0,7.58,587000.0,132000.0,18.36,343995.34,17.15,719000.0,62,7,92500,1
969,505,20260629,76,1,1,2714000.0,2399999.0,314001.0,11.57,2075000.0,324999.0,13.54,1068352.53,29.39,2399999.0,119,6,75341,1
970,506,20260630,87,3,4,592000.0,550000.0,42000.0,7.09,477000.0,73000.0,13.27,407773.84,10.3,550000.0,18,14,62500,1
971,713,20251216,80,3,4,592000.0,550000.0,42000.0,7.09,477000.0,73000.0,13.27,407773.84,10.3,550000.0,18,14,62500,1
972,507,20240902,15,2,10,480000.0,429000.0,51000.0,10.62,353000.0,76000.0,17.72,233654.94,21.83,429000.0,84,8,237500,1
973,508,20250305,57,1,1,518000.0,460000.0,58000.0,11.2,403000.0,57000.0,12.39,114639.62,50.59,460000.0,96,3,42500,1
974,509,20240507,39,1,1,1996000.0,1799000.0,197000.0,9.87,1446000.0,353000.0,19.62,159680.0,123.37,1799000.0,84,1,2500,1
975,510,20240501,96,3,1,339000.0,309000.0,30000.0,8.85,251000.0,58000.0,18.77,191742.31,15.65,309000.0,58,10,152500,1
976,894,20240302,98,2,1,339000.0,309000.0,30000.0,8.85,251000.0,58000.0,18.77,191742.31,15.65,309000.0,58,10,152500,1
977,511,20251112,99,3,1,633000.0,580000.0,53000.0,8.37,489000.0,91000.0,15.69,308132.45,17.2,580000.0,11,8,127500,1
978,1491,20240319,72,3,1,633000.0,580000.0,53000.0,8.37,489000.0,91000.0,15.69,308132.45,17.2,580000.0,11,8,127500,1
979,512,20240125,72,2,1,411000.0,379000.0,32000.0,7.79,321000.0,58000.0,15.3,116562.49,27.45,379000.0,76,4,57500,1
980,513,20260109,50,2,1,206000.0,180000.0,26000.0,12.62,153000.0,27000.0,15.0,187646.7,13.86,180000.0,20,29,332500,1
981,514,20250426,61,1,1,2714000.0,2395000.0,319000.0,11.75,1919000.0,476000.0,19.87,769709.51,41.44,2395000.0,59,4,67500,1
982,515,20251216,39,3,10,659000.0,575000.0,84000.0,12.75,504000.0,71000.0,12.35,186897.04,44.94,575000.0,44,4,107500,1
983,1340,20251102,35,2,10,659000.0,575000.0,84000.0,12.75,504000.0,71000.0,12.35,186897.04,44.94,575000.0,44,4,107500,1
984,516,20250322,70,2,6,425000.0,400000.0,25000.0,5.88,321000.0,79000.0,19.75,187915.19,13.3,400000.0,24,7,117500,1
985,517,20240124,27,3,1,426000.0,379000.0,47000.0,11.03,308000.0,71000.0,18.73,167692.77,28.03,379000.0,116,6,37500,1
986,462,20241005,20,3,1,159000.0,139000.0,20000.0,12.58,111000.0,28000.0,20.14,109520.34,18.26,139000.0,84,14,147500,1
987,518,20240813,84,3,4,123000.0,115000.0,8000.0,6.5,97000.0,18000.0,15.65,103355.67,7.74,115000.0,40,22,242500,1
988,327,20260407,17,3,4,185000.0,175000.0,10000.0,5.41,153000.0,22000.0,12.57,140170.41,7.13,175000.0,101,17,112500,1
989,519,20240201,8,3,17,4665000.0,4150000.0,515000.0,11.04,3541000.0,609000.0,14.67,1032420.48,49.88,4150000.0,71,3,37500,1
990,74,20260529,4,2,9,686000.0,619000.0,67000.0,9.77,536000.0,83000.0,13.41,194554.43,34.44,619000.0,37,4,82500,1
991,520,20260409,44,1,9,686000.0,619000.0,67000.0,9.77,536000.0,83000.0,13.41,194554.43,34.44,619000.0,37,4,82500,1
992,310,20261012,7,1,9,475000.0,419000.0,56000.0,11.79,336000.0,83000.0,19.81,161936.28,34.58,419000.0,105,5,67500,1
993,521,20240411,39,1,9,475000.0,419000.0,56000.0,11.79,336000.0,83000.0,19.81,161936.28,34.58,419000.0,105,5,67500,1
994,14,20250908,1,2,9,914000.0,859000.0,55000.0,6.02,724000.0,135000.0,15.72,259216.83,21.22,859000.0,34,4,57500,1
995,351,20260313,63,1,9,2700000.0,2390000.0,310000.0,11.48,2000000.0,390000.0,16.32,765739.01,40.48,2390000.0,93,4,37500,1
996,328,20261020,21,3,9,652000.0,609000.0,43000.0,6.6,512000.0,97000.0,15.93,368778.73,11.66,609000.0,101,10,87500,1
997,522,20241029,50,3,9,652000.0,609000.0,43000.0,6.6,512000.0,97000.0,15.93,368778.73,11.66,609000.0,101,10,87500,1
998,54,20260518,55,3,1,287000.0,269000.0,18000.0,6.27,217000.0,52000.0,19.33,151489.69,11.88,269000.0,34,9,137500,1
999,523,20240502,35,1,4,191000.0,179000.0,12000.0,6.28,153000.0,26000.0,14.53,140691.82,8.53,179000.0,84,16,120274,1
1000,524,20260623,17,3,9,826000.0,730000.0,96000.0,11.62,613000.0,117000.0,16.03,402081.21,23.88,730000.0,92,8,127500,1
1001,292,20241130,62,2,1,512000.0,459000.0,53000.0,10.35,395000.0,64000.0,13.94,289593.11,18.3,459000.0,101,10,122500,1
1002,525,20241015,11,3,1,484000.0,439000.0,45000.0,9.3,368000.0,71000.0,16.17,235602.07,19.1,439000.0,10,8,92500,1
1003,526,20250522,98,1,1,542000.0,499000.0,43000.0,7.93,405000.0,94000.0,18.84,239647.14,17.94,499000.0,68,7,122500,1
1004,578,20250214,100,1,1,542000.0,499000.0,43000.0,7.93,405000.0,94000.0,18.84,239647.14,17.94,499000.0,68,7,122500,1
1005,219,20250913,1,3,22,625000.0,549000.0,76000.0,12.16,468000.0,81000.0,14.75,96000.0,79.17,549000.0,78,2,32500,1
1006,230,20250831,55,1,22,625000.0,549000.0,76000.0,12.16,468000.0,81000.0,14.75,96000.0,79.17,549000.0,78,2,32500,1
1007,527,20241209,87,1,1,664000.0,610000.0,54000.0,8.13,496000.0,114000.0,18.69,350484.85,15.41,610000.0,83,9,37500,1
1008,528,20251007,47,2,1,519000.0,459000.0,60000.0,11.56,399000.0,60000.0,13.07,252639.4,23.75,459000.0,51,8,172500,1
1009,1500,20260818,74,3,1,519000.0,459000.0,60000.0,11.56,399000.0,60000.0,13.07,252639.4,23.75,459000.0,51,8,172500,1
1010,124,20261020,16,2,1,722000.0,660000.0,62000.0,8.59,560000.0,100000.0,15.15,319234.75,19.42,660000.0,119,7,107500,1
1011,529,20240327,66,1,1,815000.0,749000.0,66000.0,8.1,609000.0,140000.0,18.69,277848.56,23.75,749000.0,43,5,70291,1
1012,530,20250323,72,2,1,87000.0,79000.0,8000.0,9.2,69000.0,10000.0,12.66,74216.81,10.78,79000.0,109,23,217500,1
1013,531,20260713,34,3,1,150000.0,139000.0,11000.0,7.33,117000.0,22000.0,15.83,131345.36,8.37,139000.0,75,25,172500,1
1014,45,20250613,32,1,10,832000.0,740000.0,92000.0,11.06,596000.0,144000.0,19.46,367871.63,25.01,740000.0,27,7,73500,1
1015,532,20261004,100,2,1,505000.0,459000.0,46000.0,9.11,390000.0,69000.0,15.03,303183.12,15.17,459000.0,86,11,147500,1
1016,157,20240718,44,2,1,536000.0,499000.0,37000.0,6.9,409000.0,90000.0,18.04,182732.3,20.25,499000.0,14,5,192500,1
1017,533,20250722,69,1,1,660000.0,579000.0,81000.0,12.27,500000.0,79000.0,13.64,500067.4,16.2,579000.0,29,17,292944,1
1018,1115,20240922,15,1,1,660000.0,579000.0,81000.0,12.27,500000.0,79000.0,13.64,500067.4,16.2,579000.0,29,17,292944,1
1019,58,20250630,10,2,3,804000.0,739000.0,65000.0,8.08,640000.0,99000.0,13.4,316490.58,20.54,739000.0,75,6,67500,1
1020,58,20260622,42,2,3,816000.0,739000.0,77000.0,9.44,649000.0,90000.0,12.18,321214.32,23.97,739000.0,84,6,107500,1
1021,534,20250123,12,1,1,181000.0,159000.0,22000.0,12.15,134000.0,25000.0,15.72,124674.1,17.65,159000.0,71,14,252500,1
1022,88,20241006,68,2,1,588000.0,529000.0,59000.0,10.03,442000.0,87000.0,16.45,259986.2,22.69,529000.0,103,7,157500,1
1023,535,20241018,38,1,1,588000.0,529000.0,59000.0,10.03,442000.0,87000.0,16.45,259986.2,22.69,529000.0,103,7,157500,1
1024,536,20240606,55,3,1,690000.0,650000.0,40000.0,5.8,559000.0,91000.0,14.0,456605.38,8.76,650000.0,105,13,37500,1
1025,537,20240426,96,1,1,308000.0,269000.0,39000.0,12.66,218000.0,51000.0,18.96,162574.3,23.99,269000.0,41,9,87500,1
1026,123,20260722,20,2,17,1078000.0,969000.0,109000.0,10.11,818000.0,151000.0,15.58,238574.34,45.69,969000.0,67,3,57500,1
1027,376,20251109,9,2,17,1078000.0,969000.0,109000.0,10.11,818000.0,151000.0,15.58,238574.34,45.69,969000.0,67,3,57500,1
1028,710,20260414,59,2,17,1078000.0,969000.0,109000.0,10.11,818000.0,151000.0,15.58,238574.34,45.69,969000.0,67,3,57500,1
1029,167,20250907,8,1,1,704000.0,650000.0,54000.0,7.67,548000.0,102000.0,15.69,465869.83,11.59,650000.0,59,13,127500,1
1030,249,20260114,13,3,1,704000.0,650000.0,54000.0,7.67,548000.0,102000.0,15.69,465869.83,11.59,650000.0,59,13,127500,1
1031,538,20250201,10,1,1,704000.0,650000.0,54000.0,7.67,548000.0,102000.0,15.69,465869.83,11.59,650000.0,59,13,127500,1
1032,122,20241119,55,1,1,839000.0,789000.0,50000.0,5.96,637000.0,152000.0,19.26,442856.62,11.29,789000.0,47,9,105000,1
1033,223,20251217,59,2,1,508000.0,450000.0,58000.0,11.42,375000.0,75000.0,16.67,304984.21,19.02,450000.0,64,11,227500,1
1034,326,20261123,30,2,10,145000.0,130000.0,15000.0,10.34,113000.0,17000.0,13.08,99877.04,15.02,130000.0,37,14,282500,1
1035,539,20240712,60,3,23,474000.0,430000.0,44000.0,9.28,373000.0,57000.0,13.26,326494.6,13.48,430000.0,83,14,222500,1
1036,233,20260429,27,3,1,317000.0,278000.0,39000.0,12.3,225000.0,53000.0,19.06,218351.87,17.86,278000.0,95,14,217500,1
1037,540,20260523,6,2,1,317000.0,278000.0,39000.0,12.3,225000.0,53000.0,19.06,218351.87,17.86,278000.0,95,14,217500,1
1038,541,20250415,82,2,1,800000.0,709000.0,91000.0,11.38,572000.0,137000.0,19.32,177049.6,51.4,709000.0,90,3,97500,1
1039,542,20260502,91,3,1,500000.0,469000.0,31000.0,6.2,385000.0,84000.0,17.91,263919.32,11.75,469000.0,31,9,147500,1
1040,793,20240913,68,3,1,500000.0,469000.0,31000.0,6.2,385000.0,84000.0,17.91,263919.32,11.75,469000.0,31,9,147500,1
1041,543,20250929,40,2,1,680000.0,629000.0,51000.0,7.5,547000.0,82000.0,13.04,231824.56,22.0,629000.0,52,5,117500,1
1042,544,20260129,47,1,1,397000.0,369000.0,28000.0,7.05,299000.0,70000.0,18.97,193252.11,14.49,369000.0,92,8,117500,1
1043,545,20241011,49,3,2,2013000.0,1790000.0,223000.0,11.08,1535000.0,255000.0,14.25,570900.97,39.06,1790000.0,90,4,67500,1
1044,546,20250701,27,2,1,283000.0,269000.0,14000.0,4.95,217000.0,52000.0,19.33,137759.06,10.16,269000.0,97,8,187500,1
1045,1270,20250405,100,2,1,283000.0,269000.0,14000.0,4.95,217000.0,52000.0,19.33,137759.06,10.16,269000.0,97,8,187500,1
1046,182,20260617,68,2,1,586000.0,529000.0,57000.0,9.73,450000.0,79000.0,14.93,166193.73,34.3,529000.0,45,4,92500,1
1047,622,20240907,78,3,1,586000.0,529000.0,57000.0,9.73,450000.0,79000.0,14.93,166193.73,34.3,529000.0,45,4,92500,1
1048,547,20250417,22,1,24,152000.0,135000.0,17000.0,11.18,112000.0,23000.0,17.04,120824.58,14.07,135000.0,105,19,240059,1
1049,548,20260720,97,1,1,556000.0,489000.0,67000.0,12.05,422000.0,67000.0,13.7,189550.67,35.35,489000.0,119,5,112500,1
1050,64,20241027,76,1,17,866000.0,799000.0,67000.0,7.74,654000.0,145000.0,18.15,191656.19,34.96,799000.0,61,3,2500,1
1051,549,20260126,9,3,25,153000.0,135000.0,18000.0,11.76,115000.0,20000.0,14.81,121619.48,14.8,135000.0,45,19,230343,1
1052,459,20240122,94,3,1,498000.0,469000.0,29000.0,5.82,384000.0,85000.0,18.12,242417.0,11.96,469000.0,37,8,112500,1
1053,550,20260409,19,2,1,498000.0,469000.0,29000.0,5.82,384000.0,85000.0,18.12,242417.0,11.96,469000.0,37,8,112500,1
1054,59,20240502,85,3,10,984000.0,867000.0,117000.0,11.89,743000.0,124000.0,14.3,435078.94,26.89,867000.0,87,7,62500,1
1055,551,20250717,3,3,10,2427000.0,2284000.0,143000.0,5.89,1987000.0,297000.0,13.0,827409.14,17.28,2284000.0,67,5,52500,1
1056,38,20250621,69,2,10,1182000.0,1085000.0,97000.0,8.21,879000.0,206000.0,18.99,335223.52,28.94,1085000.0,45,4,42500,1
1057,340,20261026,55,3,10,1182000.0,1085000.0,97000.0,8.21,879000.0,206000.0,18.99,335223.52,28.94,1085000.0,45,4,42500,1
1058,85,20240704,11,3,4,780000.0,690000.0,90000.0,11.54,600000.0,90000.0,13.04,265916.41,33.85,690000.0,79,5,68500,1
1059,366,20251106,83,2,4,780000.0,690000.0,90000.0,11.54,600000.0,90000.0,13.04,265916.41,33.85,690000.0,79,5,68500,1
1060,18,20251022,3,1,1,499000.0,469000.0,30000.0,6.01,397000.0,72000.0,15.35,220634.55,13.6,469000.0,18,7,117500,1
1061,172,20260321,14,1,1,499000.0,469000.0,30000.0,6.01,397000.0,72000.0,15.35,220634.55,13.6,469000.0,18,7,117500,1
1062,237,20240926,59,1,1,461000.0,430000.0,31000.0,6.72,348000.0,82000.0,19.07,130742.85,23.71,430000.0,30,4,27500,1
1063,552,20260303,98,1,26,100000.0,89000.0,11000.0,11.0,74000.0,15000.0,16.85,85306.68,12.89,89000.0,73,23,192500,1
1064,10,20240826,14,2,4,212000.0,189000.0,23000.0,10.85,154000.0,35000.0,18.52,134054.73,17.16,189000.0,85,12,119000,1
1065,1063,20260820,94,1,4,212000.0,189000.0,23000.0,10.85,154000.0,35000.0,18.52,134054.73,17.16,189000.0,85,12,119000,1
1066,553,20260421,47,1,1,756000.0,679000.0,77000.0,10.19,581000.0,98000.0,14.43,368006.53,20.92,679000.0,70,8,182500,1
1067,45,20250804,74,1,1,782000.0,699000.0,83000.0,10.61,602000.0,97000.0,13.88,345763.96,24.0,699000.0,103,7,82500,1
1068,489,20251123,53,3,1,2098000.0,1900000.0,198000.0,9.44,1536000.0,364000.0,19.16,715246.96,27.68,1900000.0,104,5,52500,1
1069,554,20251013,6,2,1,913000.0,849000.0,64000.0,7.01,714000.0,135000.0,15.9,202057.86,31.67,849000.0,49,3,82500,1
1070,555,20260813,82,3,1,541000.0,499000.0,42000.0,7.76,432000.0,67000.0,13.43,263348.59,15.95,499000.0,65,8,124977,1
1071,623,20250730,2,2,1,541000.0,499000.0,42000.0,7.76,432000.0,67000.0,13.43,263348.59,15.95,499000.0,65,8,124977,1
1072,556,20260816,30,2,1,1067000.0,999000.0,68000.0,6.37,874000.0,125000.0,12.51,420019.21,16.19,999000.0,13,6,113068,1
1073,557,20240801,54,2,1,273000.0,239000.0,34000.0,12.45,201000.0,38000.0,15.9,180656.91,18.82,239000.0,40,13,142500,1
1074,128,20260920,68,1,4,663000.0,598000.0,65000.0,9.8,524000.0,74000.0,12.37,188031.47,34.57,598000.0,36,4,187500,1
1075,374,20240623,68,2,4,663000.0,598000.0,65000.0,9.8,524000.0,74000.0,12.37,188031.47,34.57,598000.0,36,4,187500,1
1076,1320,20250717,5,2,4,663000.0,598000.0,65000.0,9.8,524000.0,74000.0,12.37,188031.47,34.57,598000.0,36,4,187500,1
1077,558,20240619,16,1,4,251000.0,230000.0,21000.0,8.37,194000.0,36000.0,15.65,179139.35,11.72,230000.0,67,15,330000,1
1078,559,20240129,40,1,4,941000.0,858000.0,83000.0,8.82,713000.0,145000.0,16.9,208254.59,39.86,858000.0,34,3,157500,1
1079,560,20260722,12,2,4,398000.0,348000.0,50000.0,12.56,302000.0,46000.0,13.22,225113.4,22.21,348000.0,78,10,167500,1
1080,561,20241113,61,2,4,286000.0,268000.0,18000.0,6.29,225000.0,43000.0,16.04,180847.41,9.95,268000.0,79,12,147500,1
1081,63,20260608,4,2,4,552000.0,498000.0,54000.0,9.78,417000.0,81000.0,16.27,244068.68,22.12,498000.0,14,7,37500,1
1082,1487,20250222,77,1,4,552000.0,498000.0,54000.0,9.78,417000.0,81000.0,16.27,244068.68,22.12,498000.0,14,7,37500,1
1083,319,20260402,43,1,1,285000.0,259000.0,26000.0,9.12,217000.0,42000.0,16.22,161199.29,16.13,259000.0,100,10,157500,1
1084,562,20250402,93,1,26,133000.0,120000.0,13000.0,9.77,104000.0,16000.0,13.33,94922.45,13.7,120000.0,17,15,17500,1
1085,426,20240924,29,1,1,662000.0,629000.0,33000.0,4.98,545000.0,84000.0,13.35,374434.84,8.81,629000.0,18,10,192500,1
1086,270,20250702,93,2,1,556000.0,489000.0,67000.0,12.05,407000.0,82000.0,16.77,218866.62,30.61,489000.0,24,6,152500,1
1087,407,20260505,38,2,1,556000.0,489000.0,67000.0,12.05,407000.0,82000.0,16.77,218866.62,30.61,489000.0,24,6,152500,1
1088,563,20260413,73,1,13,526000.0,460000.0,66000.0,12.55,380000.0,80000.0,17.39,42080.0,156.84,460000.0,109,1,12000,1
1089,564,20250410,77,1,9,320000.0,289000.0,31000.0,9.69,243000.0,46000.0,15.92,90754.25,34.16,289000.0,114,4,2500,1
1090,1343,20260226,65,1,9,320000.0,289000.0,31000.0,9.69,243000.0,46000.0,15.92,90754.25,34.16,289000.0,114,4,2500,1
1091,565,20250503,6,3,1,189000.0,169000.0,20000.0,10.58,143000.0,26000.0,15.38,134889.79,14.83,169000.0,16,15,142500,1
1092,566,20260904,11,3,1,3084000.0,2700000.0,384000.0,12.45,2211000.0,489000.0,18.11,682526.21,56.26,2700000.0,105,3,27500,1
1093,270,20250511,6,1,1,514000.0,459000.0,55000.0,10.7,396000.0,63000.0,13.73,202333.53,27.18,459000.0,81,6,107500,1
1094,407,20250403,6,2,1,514000.0,459000.0,55000.0,10.7,396000.0,63000.0,13.73,202333.53,27.18,459000.0,81,6,107500,1
1095,15,20250428,3,2,27,479000.0,450000.0,29000.0,6.05,378000.0,72000.0,16.0,106008.45,27.36,450000.0,24,3,22500,1
1096,2257,20261028,84,3,27,479000.0,450000.0,29000.0,6.05,378000.0,72000.0,16.0,106008.45,27.36,450000.0,24,3,22500,1
1097,59,20250826,84,3,1,763000.0,689000.0,74000.0,9.7,570000.0,119000.0,17.27,337363.04,21.93,689000.0,46,7,152500,1
1098,70,20260816,46,3,1,799000.0,719000.0,80000.0,10.01,581000.0,138000.0,19.19,353280.57,22.64,719000.0,92,7,92500,1
1099,239,20240301,59,3,1,448000.0,410000.0,38000.0,8.48,336000.0,74000.0,18.05,176352.96,21.55,410000.0,48,6,122500,1
1100,567,20260422,14,3,1,549000.0,489000.0,60000.0,10.93,428000.0,61000.0,12.47,310520.74,19.32,489000.0,15,10,77500,1
1101,61,20251224,64,3,1,410000.0,359000.0,51000.0,12.44,296000.0,63000.0,17.55,116278.89,43.86,359000.0,92,4,77583,1
1102,48,20260602,3,2,1,874000.0,765000.0,109000.0,12.47,622000.0,143000.0,18.69,134246.4,81.19,765000.0,66,2,27500,1
1103,131,20260105,44,3,1,744000.0,679000.0,65000.0,8.74,568000.0,111000.0,16.35,211003.64,30.81,679000.0,101,4,85279,1
1104,365,20240225,46,3,1,848000.0,799000.0,49000.0,5.78,659000.0,140000.0,17.52,240498.77,20.37,799000.0,90,4,89147,1
1105,369,20250408,2,2,1,848000.0,799000.0,49000.0,5.78,659000.0,140000.0,17.52,240498.77,20.37,799000.0,90,4,89147,1
1106,123,20251006,72,1,1,895000.0,779000.0,116000.0,12.96,625000.0,154000.0,19.77,198074.24,58.56,779000.0,115,3,79154,1
1107,376,20260618,73,1,1,895000.0,779000.0,116000.0,12.96,625000.0,154000.0,19.77,198074.24,58.56,779000.0,115,3,79154,1
1108,710,20240304,14,1,1,895000.0,779000.0,116000.0,12.96,625000.0,154000.0,19.77,198074.24,58.56,779000.0,115,3,79154,1
1109,11,20240131,43,1,1,793000.0,699000.0,94000.0,11.85,577000.0,122000.0,17.45,175500.42,53.56,699000.0,28,3,93536,1
1110,264,20250929,100,1,1,793000.0,699000.0,94000.0,11.85,577000.0,122000.0,17.45,175500.42,53.56,699000.0,28,3,93536,1
1111,568,20260626,4,1,1,488000.0,459000.0,29000.0,5.94,387000.0,72000.0,15.69,192098.76,15.1,459000.0,72,6,133000,1
1112,1302,20240515,21,1,1,488000.0,459000.0,29000.0,5.94,387000.0,72000.0,15.69,192098.76,15.1,459000.0,72,6,133000,1
1113,279,20240530,20,1,1,611000.0,535000.0,76000.0,12.44,452000.0,83000.0,15.51,240517.09,31.6,535000.0,40,6,81827,1
1114,4,20260818,62,2,1,727000.0,639000.0,88000.0,12.1,529000.0,110000.0,17.21,206182.32,42.68,639000.0,84,4,79513,1
1115,69,20250324,58,1,1,727000.0,639000.0,88000.0,12.1,529000.0,110000.0,17.21,206182.32,42.68,639000.0,84,4,79513,1
1116,438,20241129,24,3,1,638000.0,579000.0,59000.0,9.25,484000.0,95000.0,16.41,180941.29,32.61,579000.0,88,4,42784,1
1117,569,20251128,27,2,1,638000.0,579000.0,59000.0,9.25,484000.0,95000.0,16.41,180941.29,32.61,579000.0,88,4,42784,1
1118,186,20260112,93,1,1,166000.0,150000.0,16000.0,9.64,132000.0,18000.0,12.0,73397.46,21.8,150000.0,19,7,88000,1
1119,102,20260110,11,2,28,653000.0,599000.0,54000.0,8.27,497000.0,102000.0,17.03,288726.17,18.7,599000.0,116,7,180000,1
1120,45,20260117,47,2,1,696000.0,659000.0,37000.0,5.32,541000.0,118000.0,17.91,307738.77,12.02,659000.0,96,7,155121,1
1121,570,20240807,2,3,28,572000.0,528000.0,44000.0,7.69,433000.0,95000.0,17.99,195005.37,22.56,528000.0,76,5,98000,1
1122,763,20261221,5,1,28,572000.0,528000.0,44000.0,7.69,433000.0,95000.0,17.99,195005.37,22.56,528000.0,76,5,98000,1
1123,571,20261023,42,2,28,518000.0,458000.0,60000.0,11.58,383000.0,75000.0,16.38,229035.46,26.2,458000.0,71,7,99000,1
1124,129,20250323,28,1,28,330000.0,314000.0,16000.0,4.85,270000.0,44000.0,14.01,145910.62,10.97,314000.0,12,7,50000,1
1125,204,20250512,47,1,28,330000.0,314000.0,16000.0,4.85,270000.0,44000.0,14.01,145910.62,10.97,314000.0,12,7,50000,1
1126,122,20260516,26,3,28,584000.0,539000.0,45000.0,7.71,440000.0,99000.0,18.37,308257.76,14.6,539000.0,27,9,100000,1
1127,199,20240114,88,2,28,554000.0,508000.0,46000.0,8.3,435000.0,73000.0,14.37,85094.4,54.06,508000.0,34,2,30000,1
1128,572,20240906,16,2,28,554000.0,508000.0,46000.0,8.3,435000.0,73000.0,14.37,85094.4,54.06,508000.0,34,2,30000,1
1129,573,20260603,30,2,28,440000.0,399000.0,41000.0,9.32,320000.0,79000.0,19.8,248869.08,16.47,399000.0,116,10,99000,1
1130,1191,20260210,30,2,28,440000.0,399000.0,41000.0,9.32,320000.0,79000.0,19.8,248869.08,16.47,399000.0,116,10,99000,1
1131,574,20250805,36,3,1,478000.0,419000.0,59000.0,12.34,349000.0,70000.0,16.71,73420.8,80.36,419000.0,29,2,32072,1
1132,575,20250622,49,1,28,376000.0,347000.0,29000.0,7.71,299000.0,48000.0,13.83,128185.35,22.62,347000.0,67,5,89000,1
1133,1094,20240309,21,3,28,376000.0,347000.0,29000.0,7.71,299000.0,48000.0,13.83,128185.35,22.62,347000.0,67,5,89000,1
1134,527,20260103,95,3,28,552000.0,509000.0,43000.0,7.79,421000.0,88000.0,17.29,291366.93,14.76,509000.0,102,9,100000,1
1135,576,20241022,99,2,28,673000.0,599000.0,74000.0,11.0,506000.0,93000.0,15.53,404044.04,18.31,599000.0,95,11,180000,1
1136,73,20250503,100,1,28,506000.0,462000.0,44000.0,8.7,377000.0,85000.0,18.4,319960.81,13.75,462000.0,59,12,200000,1
1137,1131,20250621,21,3,28,506000.0,462000.0,44000.0,8.7,377000.0,85000.0,18.4,319960.81,13.75,462000.0,59,12,200000,1
1138,577,20260804,41,2,1,364000.0,339000.0,25000.0,6.87,291000.0,48000.0,14.16,124094.33,20.15,339000.0,88,5,67106,1
1139,645,20251007,52,1,1,364000.0,339000.0,25000.0,6.87,291000.0,48000.0,14.16,124094.33,20.15,339000.0,88,5,67106,1
1140,526,20260814,57,3,28,579000.0,529000.0,50000.0,8.64,425000.0,104000.0,19.66,256006.82,19.53,529000.0,112,7,90000,1
1141,578,20260911,39,3,28,579000.0,529000.0,50000.0,8.64,425000.0,104000.0,19.66,256006.82,19.53,529000.0,112,7,90000,1
1142,90,20261006,69,1,1,829000.0,779000.0,50000.0,6.03,676000.0,103000.0,13.22,183467.65,27.25,779000.0,19,3,82145,1
1143,119,20260929,2,2,1,533000.0,499000.0,34000.0,6.38,407000.0,92000.0,18.44,259454.34,13.1,499000.0,30,8,90001,1
1144,978,20260827,42,1,1,533000.0,499000.0,34000.0,6.38,407000.0,92000.0,18.44,259454.34,13.1,499000.0,30,8,90001,1
1145,60,20240707,22,1,1,912000.0,829000.0,83000.0,9.1,721000.0,108000.0,13.03,258649.62,32.09,829000.0,38,4,58168,1
1146,672,20260202,55,1,1,912000.0,829000.0,83000.0,9.1,721000.0,108000.0,13.03,258649.62,32.09,829000.0,38,4,58168,1
1147,579,20261124,92,1,1,655000.0,600000.0,55000.0,8.4,497000.0,103000.0,17.17,318841.64,17.25,600000.0,105,8,152500,1
1148,298,20250906,64,3,1,707000.0,619000.0,88000.0,12.45,531000.0,88000.0,14.22,200510.18,43.89,619000.0,19,4,92500,1
1149,580,20240602,27,3,1,433000.0,399000.0,34000.0,7.85,329000.0,70000.0,17.54,228554.13,14.88,399000.0,22,9,37500,1
1150,581,20261001,95,3,29,187000.0,169000.0,18000.0,9.63,147000.0,22000.0,13.02,133462.39,13.49,169000.0,56,15,172500,1
1151,280,20261124,71,2,1,620000.0,557000.0,63000.0,10.16,451000.0,106000.0,19.03,137213.44,45.91,557000.0,32,3,102500,1
1152,582,20251006,19,1,1,620000.0,557000.0,63000.0,10.16,451000.0,106000.0,19.03,137213.44,45.91,557000.0,32,3,102500,1
1153,583,20251115,38,1,1,788000.0,750000.0,38000.0,4.82,611000.0,139000.0,18.53,121036.8,31.4,750000.0,59,2,73500,1
1154,66,20250725,40,3,4,434000.0,389000.0,45000.0,10.37,327000.0,62000.0,15.94,123085.46,36.56,389000.0,96,4,107500,1
1155,70,20250319,65,3,1,693000.0,649000.0,44000.0,6.35,523000.0,126000.0,19.41,306412.31,14.36,649000.0,104,7,111921,1
1156,35,20261009,7,2,1,1351000.0,1179000.0,172000.0,12.73,962000.0,217000.0,18.41,298992.51,57.53,1179000.0,13,3,22500,1
1157,584,20240620,21,3,1,1351000.0,1179000.0,172000.0,12.73,962000.0,217000.0,18.41,298992.51,57.53,1179000.0,13,3,22500,1
1158,585,20240813,29,2,5,553000.0,519000.0,34000.0,6.15,454000.0,65000.0,12.52,291894.77,11.65,519000.0,76,9,94156,1
1159,1005,20250814,38,1,5,553000.0,519000.0,34000.0,6.15,454000.0,65000.0,12.52,291894.77,11.65,519000.0,76,9,94156,1
1160,27,20250315,13,2,5,828000.0,759000.0,69000.0,8.33,666000.0,93000.0,12.25,325938.06,21.17,759000.0,94,6,97500,1
1161,168,20260809,11,3,5,828000.0,759000.0,69000.0,8.33,666000.0,93000.0,12.25,325938.06,21.17,759000.0,94,6,97500,1
1162,586,20260706,41,2,6,623000.0,589000.0,34000.0,5.46,489000.0,100000.0,16.98,245240.83,13.86,589000.0,62,6,58281,1
1163,949,20261206,54,3,6,623000.0,589000.0,34000.0,5.46,489000.0,100000.0,16.98,245240.83,13.86,589000.0,62,6,58281,1
1164,587,20240829,38,1,5,562000.0,489000.0,73000.0,12.99,427000.0,62000.0,12.68,159387.16,45.8,489000.0,11,4,105384,1
1165,16,20250820,40,1,6,956000.0,869000.0,87000.0,9.1,733000.0,136000.0,15.65,76480.0,113.76,869000.0,77,1,12500,1
1166,107,20261123,35,3,5,409000.0,369000.0,40000.0,9.78,303000.0,66000.0,17.89,139435.66,28.69,369000.0,74,5,32500,1
1167,1039,20240329,51,2,5,409000.0,369000.0,40000.0,9.78,303000.0,66000.0,17.89,139435.66,28.69,369000.0,74,5,32500,1
1168,56,20240807,88,3,2,580000.0,549000.0,31000.0,5.34,470000.0,79000.0,14.39,89088.0,34.8,549000.0,88,2,15326,1
1169,1954,20250629,56,2,2,580000.0,549000.0,31000.0,5.34,470000.0,79000.0,14.39,89088.0,34.8,549000.0,88,2,15326,1
1170,588,20241206,38,1,6,775000.0,689000.0,86000.0,11.1,588000.0,101000.0,14.66,305074.87,28.19,689000.0,66,6,82500,1
1171,589,20251028,34,1,6,556000.0,519000.0,37000.0,6.65,456000.0,63000.0,12.14,157685.51,23.46,519000.0,106,4,97500,1
1172,590,20241011,39,1,1,821000.0,720000.0,101000.0,12.3,591000.0,129000.0,17.92,433355.52,23.31,720000.0,79,9,168000,1
1173,591,20240723,29,3,1,573000.0,535000.0,38000.0,6.63,457000.0,78000.0,14.58,408951.59,9.29,535000.0,16,15,97500,1
1174,592,20260219,24,2,1,427000.0,399000.0,28000.0,6.56,321000.0,78000.0,19.55,188799.5,14.83,399000.0,28,7,167500,1
1175,593,20261205,99,1,1,188000.0,178000.0,10000.0,5.32,144000.0,34000.0,19.1,173823.13,5.75,178000.0,53,31,132500,1
1176,594,20251006,90,3,1,195000.0,178000.0,17000.0,8.72,142000.0,36000.0,20.22,161148.42,10.55,178000.0,72,21,222500,1
1177,595,20260608,23,2,1,304000.0,275000.0,29000.0,9.54,242000.0,33000.0,12.0,201171.06,14.42,275000.0,74,13,2500,1
1178,596,20250718,44,1,1,122000.0,115000.0,7000.0,5.74,99000.0,16000.0,13.91,105508.21,6.63,115000.0,48,24,2500,1
1179,597,20250612,2,1,1,163000.0,145000.0,18000.0,11.04,125000.0,20000.0,13.79,149639.51,12.03,145000.0,92,30,2500,1
1180,598,20251003,49,1,1,328000.0,299000.0,29000.0,8.84,251000.0,48000.0,16.05,271059.9,10.7,299000.0,118,21,2500,1
1181,599,20250426,70,1,1,319000.0,289000.0,30000.0,9.4,238000.0,51000.0,17.65,279327.79,10.74,289000.0,35,25,2500,1
1182,126,20250221,58,3,3,841000.0,769000.0,72000.0,8.56,625000.0,144000.0,18.73,443912.29,16.22,769000.0,53,9,72500,1
1183,117,20260611,84,1,10,681000.0,625000.0,56000.0,8.22,514000.0,111000.0,17.76,193136.39,29.0,625000.0,21,4,67500,1
1184,600,20260602,97,1,10,802000.0,725000.0,77000.0,9.6,602000.0,123000.0,16.97,123187.2,62.51,725000.0,31,2,7500,1
1185,601,20260601,34,3,1,1064000.0,999000.0,65000.0,6.11,860000.0,139000.0,13.91,85120.0,76.36,999000.0,86,1,2500,1
1186,602,20250204,99,1,1,1058000.0,990000.0,68000.0,6.43,835000.0,155000.0,15.66,874333.46,7.78,990000.0,101,21,257500,1
1187,603,20260816,72,1,1,278000.0,245000.0,33000.0,11.87,198000.0,47000.0,19.18,157240.01,20.99,245000.0,23,10,91000,1
1188,1394,20240426,19,3,1,278000.0,245000.0,33000.0,11.87,198000.0,47000.0,19.18,157240.01,20.99,245000.0,23,10,91000,1
1189,47,20240712,67,3,1,1052000.0,919000.0,133000.0,12.64,737000.0,182000.0,19.8,84160.0,158.03,919000.0,95,1,6787,1
1190,604,20251017,93,2,1,462000.0,425000.0,37000.0,8.01,343000.0,82000.0,19.29,243861.45,15.17,425000.0,39,9,247500,1
1191,784,20250314,43,1,1,462000.0,425000.0,37000.0,8.01,343000.0,82000.0,19.29,243861.45,15.17,425000.0,39,9,247500,1
1192,7,20260727,43,1,1,742000.0,689000.0,53000.0,7.14,574000.0,115000.0,16.69,252961.51,20.95,689000.0,53,5,122500,1
1193,153,20250402,52,2,1,624000.0,559990.0,64010.0,10.26,490000.0,69990.0,12.5,374626.28,17.09,559990.0,93,11,102500,1
1194,853,20240517,2,1,1,624000.0,559990.0,64010.0,10.26,490000.0,69990.0,12.5,374626.28,17.09,559990.0,93,11,102500,1
1195,605,20260806,88,2,1,1090000.0,999000.0,91000.0,8.35,850000.0,149000.0,14.91,481947.2,18.88,999000.0,117,7,82600,1
1196,606,20260407,83,1,30,567000.0,539000.0,28000.0,4.94,466000.0,73000.0,13.54,299284.51,9.36,539000.0,100,9,98000,1
1197,632,20240329,17,1,30,567000.0,539000.0,28000.0,4.94,466000.0,73000.0,13.54,299284.51,9.36,539000.0,100,9,98000,1
1198,607,20250108,91,3,1,1128000.0,1059000.0,69000.0,6.12,887000.0,172000.0,16.24,805056.53,8.57,1059000.0,47,15,112500,1
1199,608,20260221,80,2,1,492000.0,439000.0,53000.0,10.77,364000.0,75000.0,17.08,295378.41,17.94,439000.0,68,11,202500,1
1200,95,20250306,18,2,1,713000.0,639000.0,74000.0,10.38,517000.0,122000.0,19.09,315255.37,23.47,639000.0,51,7,152500,1
1201,238,20240903,53,2,1,694000.0,659000.0,35000.0,5.04,573000.0,86000.0,13.05,236597.42,14.79,659000.0,61,5,102500,1
1202,609,20260228,83,2,1,1607000.0,1499000.0,108000.0,6.72,1293000.0,206000.0,13.74,782257.27,13.81,1499000.0,72,8,127500,1
1203,610,20240205,41,2,1,1652000.0,1539000.0,113000.0,6.84,1252000.0,287000.0,18.65,650301.54,17.38,1539000.0,70,6,97500,1
1204,126,20240122,98,1,1,814000.0,729000.0,85000.0,10.44,613000.0,116000.0,15.91,429660.65,19.78,729000.0,114,9,222500,1
1205,611,20261031,53,2,1,1156000.0,1099000.0,57000.0,4.93,922000.0,177000.0,16.11,796261.09,7.16,1099000.0,43,14,162500,1
1206,612,20260206,43,1,1,953000.0,899000.0,54000.0,5.67,764000.0,135000.0,15.02,375143.68,14.39,899000.0,48,6,107500,1
1207,613,20250610,37,3,20,1684000.0,1490000.0,194000.0,11.52,1305000.0,185000.0,12.42,372689.41,52.05,1490000.0,50,3,82500,1
1208,612,20241011,31,2,1,928000.0,869000.0,59000.0,6.36,736000.0,133000.0,15.3,365302.56,16.15,869000.0,117,6,127500,1
1209,45,20240322,20,2,1,735000.0,659000.0,76000.0,10.34,556000.0,103000.0,15.63,324982.75,23.39,659000.0,46,7,142500,1
1210,614,20241125,52,2,1,579000.0,539000.0,40000.0,6.91,433000.0,106000.0,19.67,327489.09,12.21,539000.0,74,10,72500,1
1211,899,20250916,42,3,1,579000.0,539000.0,40000.0,6.91,433000.0,106000.0,19.67,327489.09,12.21,539000.0,74,10,72500,1
1212,615,20260814,71,1,1,4239000.0,3999500.0,239500.0,5.65,3220000.0,779500.0,19.49,1202210.24,19.92,3999500.0,88,4,27500,1
1213,616,20260810,77,2,1,934000.0,869000.0,65000.0,6.96,708000.0,161000.0,18.53,618071.63,10.52,869000.0,41,13,162500,1
1214,617,20260706,51,3,1,398000.0,354998.0,43002.0,10.8,285000.0,69998.0,19.72,225113.4,19.1,354998.0,17,10,157500,1
1215,1409,20250620,38,2,1,398000.0,354998.0,43002.0,10.8,285000.0,69998.0,19.72,225113.4,19.1,354998.0,17,10,157500,1
1216,618,20241118,71,2,1,362000.0,319000.0,43000.0,11.88,274000.0,45000.0,14.11,204751.38,21.0,319000.0,106,10,122500,1
1217,144,20260718,75,1,1,373000.0,329000.0,44000.0,11.8,282000.0,47000.0,14.29,210973.11,20.86,329000.0,27,10,152500,1
1218,619,20250425,44,1,31,381000.0,350000.0,31000.0,8.14,284000.0,66000.0,18.86,262435.53,11.81,350000.0,54,14,150000,1
1219,2311,20261223,50,2,31,381000.0,350000.0,31000.0,8.14,284000.0,66000.0,18.86,262435.53,11.81,350000.0,54,14,150000,1
1220,620,20251024,91,1,1,547000.0,490000.0,57000.0,10.42,425000.0,65000.0,13.27,345886.49,16.48,490000.0,102,12,59000,1
1221,295,20240517,77,3,28,427000.0,399000.0,28000.0,6.56,324000.0,75000.0,18.8,168086.41,16.66,399000.0,105,6,87134,1
1222,621,20260611,8,2,32,128000.0,119000.0,9000.0,7.03,98000.0,21000.0,17.65,84703.61,10.63,119000.0,42,13,157500,1
1223,182,20260920,54,1,1,570000.0,500000.0,70000.0,12.28,410000.0,90000.0,18.0,161656.01,43.3,500000.0,14,4,40651,1
1224,622,20251116,40,3,1,570000.0,500000.0,70000.0,12.28,410000.0,90000.0,18.0,161656.01,43.3,500000.0,14,4,40651,1
1225,182,20250704,47,1,12,515000.0,490000.0,25000.0,4.85,407000.0,83000.0,16.94,146057.63,17.12,490000.0,91,4,72500,1
1226,622,20241116,4,1,12,515000.0,490000.0,25000.0,4.85,407000.0,83000.0,16.94,146057.63,17.12,490000.0,91,4,72500,1
1227,555,20240318,80,2,1,592000.0,559000.0,33000.0,5.57,459000.0,100000.0,17.89,288174.43,11.45,559000.0,83,8,154000,1
1228,623,20250302,48,1,1,592000.0,559000.0,33000.0,5.57,459000.0,100000.0,17.89,288174.43,11.45,559000.0,83,8,154000,1
1229,624,20240505,24,3,1,695000.0,649000.0,46000.0,6.62,545000.0,104000.0,16.02,273583.27,16.81,649000.0,45,6,97500,1
1230,625,20260224,58,2,1,2263000.0,2150000.0,113000.0,4.99,1790000.0,360000.0,16.74,771498.51,14.65,2150000.0,106,5,92500,1
1231,626,20250629,70,1,1,369000.0,345000.0,24000.0,6.5,303000.0,42000.0,12.17,263356.26,9.11,345000.0,32,15,182500,1
1232,627,20260616,72,2,3,1029000.0,928000.0,101000.0,9.82,747000.0,181000.0,19.5,227730.05,44.35,928000.0,49,3,12500,1
1233,628,20241111,51,2,1,1311000.0,1200000.0,111000.0,8.47,974000.0,226000.0,18.83,787075.4,14.1,1200000.0,14,11,97500,1
1234,263,20251201,81,3,3,715000.0,628000.0,87000.0,12.17,505000.0,123000.0,19.59,109824.0,79.22,628000.0,43,2,7500,1
1235,629,20240528,29,1,3,715000.0,628000.0,87000.0,12.17,505000.0,123000.0,19.59,109824.0,79.22,628000.0,43,2,7500,1
1236,557,20240305,63,1,3,209000.0,185000.0,24000.0,11.48,157000.0,28000.0,15.14,138305.11,17.35,185000.0,33,13,162500,1
1237,630,20250514,70,2,3,649000.0,599000.0,50000.0,7.7,482000.0,117000.0,19.53,255475.6,19.57,599000.0,26,6,67500,1
1238,328,20240719,93,1,17,397000.0,369000.0,28000.0,7.05,320000.0,49000.0,13.28,224547.78,12.47,369000.0,104,10,207500,1
1239,522,20250716,37,1,17,397000.0,369000.0,28000.0,7.05,320000.0,49000.0,13.28,224547.78,12.47,369000.0,104,10,207500,1
1240,160,20250418,15,3,30,457000.0,420000.0,37000.0,8.1,353000.0,67000.0,15.95,222458.97,16.63,420000.0,80,8,172500,1
1241,107,20241125,3,3,30,465000.0,419000.0,46000.0,9.89,353000.0,66000.0,15.75,158527.09,29.02,419000.0,90,5,132500,1
1242,1039,20260221,43,3,30,465000.0,419000.0,46000.0,9.89,353000.0,66000.0,15.75,158527.09,29.02,419000.0,90,5,132500,1
1243,129,20260219,75,1,30,419000.0,389000.0,30000.0,7.16,329000.0,60000.0,15.42,185262.27,16.19,389000.0,101,7,82500,1
1244,204,20241026,61,2,30,419000.0,389000.0,30000.0,7.16,329000.0,60000.0,15.42,185262.27,16.19,389000.0,101,7,82500,1
1245,100,20240401,37,1,3,383000.0,344000.0,39000.0,10.18,280000.0,64000.0,18.6,150766.03,25.87,344000.0,111,6,42500,1
1246,631,20260517,60,3,3,491000.0,450000.0,41000.0,8.35,367000.0,83000.0,18.44,139251.06,29.44,450000.0,31,4,87500,1
1247,606,20250623,56,3,3,473000.0,428000.0,45000.0,9.51,353000.0,75000.0,17.52,249667.68,18.02,428000.0,24,9,267500,1
1248,632,20250626,14,1,3,473000.0,428000.0,45000.0,9.51,353000.0,75000.0,17.52,249667.68,18.02,428000.0,24,9,267500,1
1249,633,20260423,20,1,3,337000.0,308000.0,29000.0,8.61,261000.0,47000.0,15.26,232128.02,12.49,308000.0,110,14,177500,1
1250,1051,20241202,50,2,3,337000.0,308000.0,29000.0,8.61,261000.0,47000.0,15.26,232128.02,12.49,308000.0,110,14,177500,1
1251,634,20260405,17,1,3,311000.0,288000.0,23000.0,7.4,235000.0,53000.0,18.4,247213.45,9.3,288000.0,24,19,152500,1
1252,635,20260514,3,1,3,181000.0,158000.0,23000.0,12.71,128000.0,30000.0,18.99,140648.52,16.35,158000.0,34,18,112500,1
1253,323,20240704,97,2,1,754000.0,669000.0,85000.0,11.27,587000.0,82000.0,12.26,333383.66,25.5,669000.0,62,7,132500,1
1254,357,20240802,55,3,2,903000.0,849000.0,54000.0,5.98,681000.0,168000.0,19.79,256097.16,21.09,849000.0,30,4,142500,1
1255,127,20240315,35,3,1,590000.0,519000.0,71000.0,12.03,449000.0,70000.0,13.49,232250.55,30.57,519000.0,111,6,182500,1
1256,636,20240507,30,2,1,590000.0,519000.0,71000.0,12.03,449000.0,70000.0,13.49,232250.55,30.57,519000.0,111,6,182500,1
1257,237,20241023,40,2,1,416000.0,379000.0,37000.0,8.89,327000.0,52000.0,13.72,117980.53,31.36,379000.0,75,4,77500,1
1258,637,20240415,12,2,1,489000.0,429000.0,60000.0,12.27,353000.0,76000.0,17.72,75110.4,79.88,429000.0,100,2,27629,1
1259,146,20240218,34,2,4,1016000.0,899000.0,117000.0,11.52,729000.0,170000.0,18.91,346373.17,33.78,899000.0,41,5,157500,1
1260,341,20240131,7,1,4,1016000.0,899000.0,117000.0,11.52,729000.0,170000.0,18.91,346373.17,33.78,899000.0,41,5,157500,1
1261,60,20241229,49,1,1,938000.0,859000.0,79000.0,8.42,697000.0,162000.0,18.86,266023.4,29.7,859000.0,30,4,87500,1
1262,672,20251224,93,1,1,938000.0,859000.0,79000.0,8.42,697000.0,162000.0,18.86,266023.4,29.7,859000.0,30,4,87500,1
1263,170,20250928,43,1,2,641000.0,609000.0,32000.0,4.99,521000.0,88000.0,14.45,252326.44,12.68,609000.0,77,6,127424,1
1264,439,20241116,88,3,2,641000.0,609000.0,32000.0,4.99,521000.0,88000.0,14.45,252326.44,12.68,609000.0,77,6,127424,1
1265,36,20241025,31,3,1,710000.0,659000.0,51000.0,7.18,561000.0,98000.0,14.87,279487.95,18.25,659000.0,53,6,172500,1
1266,122,20241126,51,3,1,617000.0,559000.0,58000.0,9.4,482000.0,77000.0,13.77,325676.44,17.81,559000.0,92,9,87401,1
1267,638,20260610,66,1,1,444000.0,399000.0,45000.0,10.14,349000.0,50000.0,12.53,174778.38,25.75,399000.0,75,6,67500,1
1268,1249,20241030,11,3,1,444000.0,399000.0,45000.0,10.14,349000.0,50000.0,12.53,174778.38,25.75,399000.0,75,6,67500,1
1269,183,20260823,51,1,2,623000.0,579000.0,44000.0,7.06,495000.0,84000.0,14.51,328843.47,13.38,579000.0,99,9,123965,1
1270,639,20240731,8,3,2,623000.0,579000.0,44000.0,7.06,495000.0,84000.0,14.51,328843.47,13.38,579000.0,99,9,123965,1
1271,574,20250917,8,2,1,488000.0,459000.0,29000.0,5.94,373000.0,86000.0,18.74,74956.8,38.69,459000.0,107,2,55000,1
1272,640,20250818,5,2,33,290000.0,256000.0,34000.0,11.72,210000.0,46000.0,17.97,153073.2,22.21,256000.0,23,9,117500,1
1273,1506,20260912,46,1,33,290000.0,256000.0,34000.0,11.72,210000.0,46000.0,17.97,153073.2,22.21,256000.0,23,9,117500,1
1274,641,20260628,47,3,1,546000.0,475000.0,71000.0,13.0,412000.0,63000.0,13.26,120836.35,58.76,475000.0,24,3,2500,1
1275,166,20260509,9,1,1,439000.0,398000.0,41000.0,9.34,325000.0,73000.0,18.34,97155.97,42.2,398000.0,29,3,47500,1
1276,642,20260412,71,2,1,234000.0,219000.0,15000.0,6.41,176000.0,43000.0,19.63,140484.85,10.68,219000.0,43,11,147500,1
1277,643,20250809,62,1,1,181000.0,168000.0,13000.0,7.18,144000.0,24000.0,14.29,88107.38,14.75,168000.0,45,8,2500,1
1278,644,20250217,90,3,1,350000.0,333000.0,17000.0,4.86,277000.0,56000.0,16.82,53760.0,31.62,333000.0,92,2,12500,1
1279,25,20250225,39,1,1,421000.0,369000.0,52000.0,12.35,322000.0,47000.0,12.74,204934.85,25.37,369000.0,18,8,177500,1
1280,449,20240824,42,2,1,421000.0,369000.0,52000.0,12.35,322000.0,47000.0,12.74,204934.85,25.37,369000.0,18,8,177500,1
1281,1275,20241123,85,1,1,421000.0,369000.0,52000.0,12.35,322000.0,47000.0,12.74,204934.85,25.37,369000.0,18,8,177500,1
1282,577,20240429,20,1,1,317000.0,299000.0,18000.0,5.68,255000.0,44000.0,14.72,108071.16,16.66,299000.0,80,5,197500,1
1283,645,20251231,62,1,1,317000.0,299000.0,18000.0,5.68,255000.0,44000.0,14.72,108071.16,16.66,299000.0,80,5,197500,1
1284,646,20250419,36,3,1,393000.0,355000.0,38000.0,9.67,287000.0,68000.0,19.15,133980.96,28.36,355000.0,39,5,47500,1
1285,1400,20261015,70,1,1,393000.0,355000.0,38000.0,9.67,287000.0,68000.0,19.15,133980.96,28.36,355000.0,39,5,47500,1
1286,43,20260620,16,3,1,386000.0,358000.0,28000.0,7.25,314000.0,44000.0,12.29,131594.53,21.28,358000.0,86,5,77500,1
1287,647,20240509,35,2,1,176000.0,159000.0,17000.0,9.66,130000.0,29000.0,18.24,121230.06,14.02,159000.0,100,14,167500,1
1288,648,20240516,34,3,1,411000.0,369000.0,42000.0,10.22,305000.0,64000.0,17.34,90959.23,46.17,369000.0,72,3,37500,1
1289,332,20261208,46,2,1,485000.0,428000.0,57000.0,11.75,356000.0,72000.0,16.82,236088.85,24.14,428000.0,117,8,207500,1
1290,772,20260117,65,2,1,485000.0,428000.0,57000.0,11.75,356000.0,72000.0,16.82,236088.85,24.14,428000.0,117,8,207500,1
1291,649,20260828,25,3,1,166000.0,155000.0,11000.0,6.63,125000.0,30000.0,19.35,80805.67,13.61,155000.0,44,8,107500,1
1292,564,20241220,3,3,1,305000.0,290000.0,15000.0,4.92,244000.0,46000.0,15.86,86500.15,17.34,290000.0,22,4,137500,1
1293,1343,20260216,3,2,1,305000.0,290000.0,15000.0,4.92,244000.0,46000.0,15.86,86500.15,17.34,290000.0,22,4,137500,1
1294,70,20240629,52,1,1,585000.0,550000.0,35000.0,5.98,445000.0,105000.0,19.09,258659.74,13.53,550000.0,88,7,2500,1
1295,27,20240527,69,3,1,865000.0,759000.0,106000.0,12.25,632000.0,127000.0,16.73,340502.92,31.13,759000.0,55,6,122500,1
1296,168,20240331,85,1,1,865000.0,759000.0,106000.0,12.25,632000.0,127000.0,16.73,340502.92,31.13,759000.0,55,6,122500,1
1297,650,20261208,5,3,1,340000.0,299000.0,41000.0,12.06,248000.0,51000.0,17.06,214993.43,19.07,299000.0,65,12,2500,1
1298,1000,20260120,18,2,1,340000.0,299000.0,41000.0,12.06,248000.0,51000.0,17.06,214993.43,19.07,299000.0,65,12,2500,1
1299,568,20240317,38,3,1,432000.0,389000.0,43000.0,9.95,335000.0,54000.0,13.88,170054.64,25.29,389000.0,18,6,182500,1
1300,1302,20240224,60,3,1,432000.0,389000.0,43000.0,9.95,335000.0,54000.0,13.88,170054.64,25.29,389000.0,18,6,182500,1
1301,265,20250206,20,1,1,261000.0,235000.0,26000.0,9.96,203000.0,32000.0,13.62,137765.88,18.87,235000.0,118,9,277500,1
1302,997,20250110,80,2,1,261000.0,235000.0,26000.0,9.96,203000.0,32000.0,13.62,137765.88,18.87,235000.0,118,9,277500,1
1303,118,20240820,96,2,1,298000.0,267000.0,31000.0,10.4,217000.0,50000.0,18.73,117306.21,26.43,267000.0,96,6,177500,1
1304,651,20250831,13,3,1,298000.0,267000.0,31000.0,10.4,217000.0,50000.0,18.73,117306.21,26.43,267000.0,96,6,177500,1
1305,580,20260327,74,3,1,368000.0,345000.0,23000.0,6.25,286000.0,59000.0,17.1,194244.62,11.84,345000.0,45,9,72500,1
1306,159,20240815,67,1,1,216000.0,189000.0,27000.0,12.5,157000.0,32000.0,16.93,114013.15,23.68,189000.0,113,9,172500,1
1307,652,20240510,77,3,1,261000.0,239000.0,22000.0,8.43,194000.0,45000.0,18.83,127049.87,17.32,239000.0,12,8,137500,1
1308,224,20251002,30,3,1,362000.0,333000.0,29000.0,8.01,288000.0,45000.0,13.51,142499.49,20.35,333000.0,107,6,297500,1
1309,843,20251028,100,3,1,362000.0,333000.0,29000.0,8.01,288000.0,45000.0,13.51,142499.49,20.35,333000.0,107,6,297500,1
1310,166,20240909,99,2,1,439000.0,398000.0,41000.0,9.34,341000.0,57000.0,14.32,97155.97,42.2,398000.0,28,3,9944,1
1311,473,20240412,69,1,33,306000.0,290000.0,16000.0,5.23,236000.0,54000.0,18.62,173077.13,9.24,290000.0,37,10,197500,1
1312,653,20250117,20,2,33,306000.0,290000.0,16000.0,5.23,236000.0,54000.0,18.62,173077.13,9.24,290000.0,37,10,197500,1
1313,654,20250215,13,2,33,426000.0,399000.0,27000.0,6.34,331000.0,68000.0,17.04,145231.27,18.59,399000.0,32,5,92500,1
1314,149,20250428,23,3,33,334000.0,297000.0,37000.0,11.08,240000.0,57000.0,19.19,147679.24,25.05,297000.0,113,7,117500,1
1315,655,20240116,51,1,33,334000.0,297000.0,37000.0,11.08,240000.0,57000.0,19.19,147679.24,25.05,297000.0,113,7,117500,1
1316,656,20260118,43,3,1,1894000.0,1790000.0,104000.0,5.49,1522000.0,268000.0,14.97,151520.0,68.64,1790000.0,118,1,34000,1
1317,588,20261121,11,2,33,776000.0,699000.0,77000.0,9.92,566000.0,133000.0,19.03,305468.52,25.21,699000.0,16,6,102500,1
1318,141,20240305,90,3,1,429000.0,399000.0,30000.0,6.99,351000.0,48000.0,12.03,226442.78,13.25,399000.0,114,9,130000,1
1319,347,20241218,72,3,1,761000.0,699000.0,62000.0,8.15,603000.0,96000.0,13.73,259438.96,23.9,699000.0,85,5,75000,1
1320,143,20261113,31,3,3,495000.0,459000.0,36000.0,7.27,382000.0,77000.0,16.78,140385.48,25.64,459000.0,23,4,72500,1
1321,350,20250904,96,2,3,495000.0,459000.0,36000.0,7.27,382000.0,77000.0,16.78,140385.48,25.64,459000.0,23,4,72500,1
1322,64,20250325,76,1,3,933000.0,859000.0,74000.0,7.93,727000.0,132000.0,15.37,206484.1,35.84,859000.0,55,3,52500,1
1323,657,20240828,74,2,3,717000.0,639000.0,78000.0,10.88,558000.0,81000.0,12.68,203346.25,38.36,639000.0,24,4,97500,1
1324,658,20241215,21,1,4,470000.0,435000.0,35000.0,7.45,367000.0,68000.0,15.63,265837.43,13.17,435000.0,76,10,233811,1
1325,246,20240204,34,3,3,552000.0,499000.0,53000.0,9.6,406000.0,93000.0,18.64,268703.18,19.72,499000.0,24,8,92500,1
1326,430,20240426,81,1,3,552000.0,499000.0,53000.0,9.6,406000.0,93000.0,18.64,268703.18,19.72,499000.0,24,8,92500,1
1327,343,20261022,93,1,3,1162000.0,1059000.0,103000.0,8.86,879000.0,180000.0,17.0,257164.54,40.05,1059000.0,60,3,37500,1
1328,493,20260928,2,1,3,1162000.0,1059000.0,103000.0,8.86,879000.0,180000.0,17.0,257164.54,40.05,1059000.0,60,3,37500,1
1329,355,20250416,19,3,1,669000.0,599000.0,70000.0,10.46,520000.0,79000.0,13.19,378394.12,18.5,599000.0,97,10,207500,1
1330,166,20260204,26,2,1,536000.0,469000.0,67000.0,12.5,399000.0,70000.0,14.93,118623.23,56.48,469000.0,119,3,102500,1
1331,399,20250622,76,3,1,617000.0,549000.0,68000.0,11.02,468000.0,81000.0,14.75,325676.44,20.88,549000.0,17,9,77500,1
1332,461,20251109,95,1,1,617000.0,549000.0,68000.0,11.02,468000.0,81000.0,14.75,325676.44,20.88,549000.0,17,9,77500,1
1333,88,20260814,54,2,1,513000.0,479000.0,34000.0,6.63,416000.0,63000.0,13.15,226824.69,14.99,479000.0,78,7,212500,1
1334,535,20250716,32,1,1,513000.0,479000.0,34000.0,6.63,416000.0,63000.0,13.15,226824.69,14.99,479000.0,78,7,212500,1
1335,102,20251125,94,3,1,736000.0,699000.0,37000.0,5.03,609000.0,90000.0,12.88,325424.9,11.37,699000.0,71,7,172500,1
1336,659,20240215,17,2,1,2001000.0,1859000.0,142000.0,7.1,1624000.0,235000.0,12.64,787683.64,18.03,1859000.0,60,6,57500,1
1337,183,20240114,100,3,1,520000.0,469000.0,51000.0,9.81,379000.0,90000.0,19.19,274476.09,18.58,469000.0,72,9,147500,1
1338,639,20260124,7,3,1,520000.0,469000.0,51000.0,9.81,379000.0,90000.0,19.19,274476.09,18.58,469000.0,72,9,147500,1
1339,301,20260511,99,1,1,949000.0,899000.0,50000.0,5.27,758000.0,141000.0,15.68,75920.0,65.86,899000.0,77,1,17500,1
1340,42,20240330,17,2,1,692000.0,629000.0,63000.0,9.1,540000.0,89000.0,14.15,336852.54,18.7,629000.0,87,8,42500,1
1341,47,20251113,89,2,1,909000.0,819000.0,90000.0,9.9,705000.0,114000.0,13.92,72720.0,123.76,819000.0,25,1,14698,1
1342,344,20260412,21,1,1,1191000.0,1099000.0,92000.0,7.72,933000.0,166000.0,15.1,95280.0,96.56,1099000.0,93,1,27500,1
1343,660,20250208,3,3,1,1191000.0,1099000.0,92000.0,7.72,933000.0,166000.0,15.1,95280.0,96.56,1099000.0,93,1,27500,1
1344,167,20240805,61,1,1,595000.0,528000.0,67000.0,11.26,429000.0,99000.0,18.75,393739.42,17.02,528000.0,33,13,79375,1
1345,249,20260727,51,2,1,595000.0,528000.0,67000.0,11.26,429000.0,99000.0,18.75,393739.42,17.02,528000.0,33,13,79375,1
1346,538,20241112,61,3,1,595000.0,528000.0,67000.0,11.26,429000.0,99000.0,18.75,393739.42,17.02,528000.0,33,13,79375,1
1347,661,20240207,2,2,10,317000.0,299000.0,18000.0,5.68,258000.0,41000.0,13.71,209773.77,8.58,299000.0,15,13,252500,1
1348,1415,20241005,36,2,10,317000.0,299000.0,18000.0,5.68,258000.0,41000.0,13.71,209773.77,8.58,299000.0,15,13,252500,1
1349,662,20250403,68,2,1,687000.0,650000.0,37000.0,5.39,557000.0,93000.0,14.31,473210.53,7.82,650000.0,66,14,162500,1
1350,663,20260328,8,1,1,492000.0,438000.0,54000.0,10.98,353000.0,85000.0,19.41,295378.41,18.28,438000.0,40,11,77500,1
1351,664,20250607,77,2,1,230000.0,209000.0,21000.0,9.13,175000.0,34000.0,16.27,169419.47,12.4,209000.0,15,16,137500,1
1352,324,20241012,90,3,1,1263000.0,1129000.0,134000.0,10.61,919000.0,210000.0,18.6,358195.69,37.41,1129000.0,108,4,72500,1
1353,665,20240307,14,2,1,1263000.0,1129000.0,134000.0,10.61,919000.0,210000.0,18.6,358195.69,37.41,1129000.0,108,4,72500,1
1354,126,20240215,51,3,1,906000.0,829000.0,77000.0,8.5,686000.0,143000.0,17.25,478221.8,16.1,829000.0,88,9,112500,1
1355,666,20260304,41,1,1,289000.0,269000.0,20000.0,6.92,216000.0,53000.0,19.7,152545.37,13.11,269000.0,38,9,112500,1
1356,1120,20261118,7,2,1,289000.0,269000.0,20000.0,6.92,216000.0,53000.0,19.7,152545.37,13.11,269000.0,38,9,112500,1
1357,80,20250314,79,1,1,1684000.0,1488000.0,196000.0,11.64,1238000.0,250000.0,16.8,819739.42,23.91,1488000.0,76,8,142500,1
1358,270,20240903,40,2,1,553000.0,489000.0,64000.0,11.57,413000.0,76000.0,15.54,217685.68,29.4,489000.0,84,6,82500,1
1359,407,20251205,5,1,1,553000.0,489000.0,64000.0,11.57,413000.0,76000.0,15.54,217685.68,29.4,489000.0,84,6,82500,1
1360,667,20250806,92,3,1,480000.0,429000.0,51000.0,10.62,364000.0,65000.0,15.15,106229.76,48.01,429000.0,12,3,42500,1
1361,1417,20250907,78,3,1,480000.0,429000.0,51000.0,10.62,364000.0,65000.0,15.15,106229.76,48.01,429000.0,12,3,42500,1
1362,668,20240507,13,1,1,1022000.0,949000.0,73000.0,7.14,810000.0,139000.0,14.65,81760.0,89.29,949000.0,37,1,2500,1
1363,13,20251202,61,1,1,642000.0,579000.0,63000.0,9.81,502000.0,77000.0,13.3,252720.09,24.93,579000.0,83,6,182500,1
1364,299,20260423,60,2,1,642000.0,579000.0,63000.0,9.81,502000.0,77000.0,13.3,252720.09,24.93,579000.0,83,6,182500,1
1365,669,20260605,24,3,3,933000.0,859000.0,74000.0,7.93,702000.0,157000.0,18.28,412529.12,17.94,859000.0,106,7,232500,1
1366,670,20240221,90,2,1,550000.0,519000.0,31000.0,5.64,420000.0,99000.0,19.08,311086.35,9.97,519000.0,57,10,187500,1
1367,1386,20261009,69,1,1,550000.0,519000.0,31000.0,5.64,420000.0,99000.0,19.08,311086.35,9.97,519000.0,57,10,187500,1
1368,4,20240814,50,2,3,478000.0,419000.0,59000.0,12.34,364000.0,55000.0,13.13,135564.17,43.52,419000.0,89,4,162500,1
1369,69,20250313,27,2,3,478000.0,419000.0,59000.0,12.34,364000.0,55000.0,13.13,135564.17,43.52,419000.0,89,4,162500,1
1370,86,20250801,72,3,1,637000.0,599000.0,38000.0,5.97,487000.0,112000.0,18.7,250751.86,15.15,599000.0,19,6,77500,1
1371,650,20260225,87,2,1,297000.0,259000.0,38000.0,12.79,227000.0,32000.0,12.36,187803.08,20.23,259000.0,42,12,237500,1
1372,1000,20261228,25,3,1,297000.0,259000.0,38000.0,12.79,227000.0,32000.0,12.36,187803.08,20.23,259000.0,42,12,237500,1
1373,489,20261228,74,3,1,2069000.0,1890000.0,179000.0,8.65,1639000.0,251000.0,13.28,705360.33,25.38,1890000.0,109,5,91466,1
1374,438,20241022,14,1,5,618000.0,578000.0,40000.0,6.47,486000.0,92000.0,15.92,175269.15,22.82,578000.0,76,4,27500,1
1375,569,20250328,66,1,5,618000.0,578000.0,40000.0,6.47,486000.0,92000.0,15.92,175269.15,22.82,578000.0,76,4,27500,1
1376,375,20240825,35,3,1,827000.0,749000.0,78000.0,9.43,658000.0,91000.0,12.15,127027.2,61.4,749000.0,78,2,68290,1
1377,35,20240817,41,3,1,1364000.0,1199000.0,165000.0,12.1,969000.0,230000.0,19.18,301869.57,54.66,1199000.0,21,3,63877,1
1378,584,20240305,74,3,1,1364000.0,1199000.0,165000.0,12.1,969000.0,230000.0,19.18,301869.57,54.66,1199000.0,21,3,63877,1
1379,20,20240922,31,3,1,1526000.0,1359000.0,167000.0,10.94,1120000.0,239000.0,17.59,337722.11,49.45,1359000.0,66,3,39004,1
1380,139,20241224,52,3,1,1526000.0,1359000.0,167000.0,10.94,1120000.0,239000.0,17.59,337722.11,49.45,1359000.0,66,3,39004,1
1381,66,20250408,43,2,1,564000.0,499000.0,65000.0,11.52,425000.0,74000.0,14.83,159954.37,40.64,499000.0,53,4,30257,1
1382,365,20241226,21,1,1,1450000.0,1299000.0,151000.0,10.41,1076000.0,223000.0,17.17,411230.21,36.72,1299000.0,22,4,43246,1
1383,369,20251130,27,3,1,1450000.0,1299000.0,151000.0,10.41,1076000.0,223000.0,17.17,411230.21,36.72,1299000.0,22,4,43246,1
1384,339,20250416,46,2,1,1678000.0,1499000.0,179000.0,10.67,1311000.0,188000.0,12.54,257740.8,69.45,1499000.0,33,2,28769,1
1385,671,20240710,30,2,1,1678000.0,1499000.0,179000.0,10.67,1311000.0,188000.0,12.54,257740.8,69.45,1499000.0,33,2,28769,1
1386,35,20250319,46,3,1,1191000.0,1049000.0,142000.0,11.92,845000.0,204000.0,19.45,263582.59,53.87,1049000.0,53,3,26129,1
1387,584,20261218,43,2,1,1191000.0,1049000.0,142000.0,11.92,845000.0,204000.0,19.45,263582.59,53.87,1049000.0,53,3,26129,1
1388,60,20240828,61,3,1,1181000.0,1099000.0,82000.0,6.94,928000.0,171000.0,15.56,334939.91,24.48,1099000.0,66,4,23389,1
1389,672,20250109,2,1,1,1181000.0,1099000.0,82000.0,6.94,928000.0,171000.0,15.56,334939.91,24.48,1099000.0,66,4,23389,1
1390,296,20250321,13,2,1,559000.0,509000.0,50000.0,8.94,431000.0,78000.0,15.32,272110.65,18.37,509000.0,105,8,77314,1
1391,673,20240916,55,3,1,559000.0,509000.0,50000.0,8.94,431000.0,78000.0,15.32,272110.65,18.37,509000.0,105,8,77314,1
1392,654,20261229,33,3,1,471000.0,439000.0,32000.0,6.79,374000.0,65000.0,14.81,160572.6,19.93,439000.0,25,5,3461,1
1393,20,20250908,35,2,1,1607000.0,1399000.0,208000.0,12.94,1148000.0,251000.0,17.94,355648.38,58.48,1399000.0,105,3,31246,1
1394,139,20250526,5,3,1,1607000.0,1399000.0,208000.0,12.94,1148000.0,251000.0,17.94,355648.38,58.48,1399000.0,105,3,31246,1
1395,339,20241119,57,3,1,1555000.0,1359000.0,196000.0,12.6,1127000.0,232000.0,17.07,238848.0,82.06,1359000.0,118,2,32348,1
1396,671,20250223,95,1,1,1555000.0,1359000.0,196000.0,12.6,1127000.0,232000.0,17.07,238848.0,82.06,1359000.0,118,2,32348,1
1397,674,20260531,48,1,1,1580000.0,1499000.0,81000.0,5.13,1300000.0,199000.0,13.28,242688.0,33.38,1499000.0,110,2,38107,1
1398,878,20261120,37,2,1,1580000.0,1499000.0,81000.0,5.13,1300000.0,199000.0,13.28,242688.0,33.38,1499000.0,110,2,38107,1
1399,20,20251015,86,2,1,1568000.0,1399000.0,169000.0,10.78,1141000.0,258000.0,18.44,347017.22,48.7,1399000.0,109,3,43349,1
1400,139,20250323,87,2,1,1568000.0,1399000.0,169000.0,10.78,1141000.0,258000.0,18.44,347017.22,48.7,1399000.0,109,3,43349,1
1401,675,20260116,41,1,1,456000.0,399000.0,57000.0,12.5,346000.0,53000.0,13.28,179502.12,31.75,399000.0,30,6,76035,1
1402,676,20261203,32,1,1,1227000.0,1149000.0,78000.0,6.36,971000.0,178000.0,15.49,98160.0,79.46,1149000.0,85,1,9944,1
1403,950,20260127,70,2,1,1227000.0,1149000.0,78000.0,6.36,971000.0,178000.0,15.49,98160.0,79.46,1149000.0,85,1,9944,1
1404,344,20260416,92,1,1,1482000.0,1339000.0,143000.0,9.65,1153000.0,186000.0,13.89,118560.0,120.61,1339000.0,60,1,12409,1
1405,660,20240722,16,3,1,1482000.0,1339000.0,143000.0,9.65,1153000.0,186000.0,13.89,118560.0,120.61,1339000.0,60,1,12409,1
1406,343,20251208,4,3,1,1540000.0,1349000.0,191000.0,12.4,1156000.0,193000.0,14.31,340820.48,56.04,1349000.0,30,3,64296,1
1407,493,20260308,45,1,1,1540000.0,1349000.0,191000.0,12.4,1156000.0,193000.0,14.31,340820.48,56.04,1349000.0,30,3,64296,1
1408,371,20250105,9,2,1,1684000.0,1599000.0,85000.0,5.05,1306000.0,293000.0,18.32,134720.0,63.09,1599000.0,69,1,4099,1
1409,20,20251030,93,3,1,1432000.0,1279000.0,153000.0,10.68,1081000.0,198000.0,15.48,316918.78,48.28,1279000.0,60,3,46489,1
1410,139,20250414,99,3,1,1432000.0,1279000.0,153000.0,10.68,1081000.0,198000.0,15.48,316918.78,48.28,1279000.0,60,3,46489,1
1411,35,20251027,51,2,1,1187000.0,1099000.0,88000.0,7.41,955000.0,144000.0,13.1,262697.34,33.5,1099000.0,30,3,29490,1
1412,584,20250414,27,3,1,1187000.0,1099000.0,88000.0,7.41,955000.0,144000.0,13.1,262697.34,33.5,1099000.0,30,3,29490,1
1413,339,20260412,44,2,1,1598000.0,1399000.0,199000.0,12.45,1168000.0,231000.0,16.51,245452.8,81.07,1399000.0,116,2,46185,1
1414,671,20250831,10,3,1,1598000.0,1399000.0,199000.0,12.45,1168000.0,231000.0,16.51,245452.8,81.07,1399000.0,116,2,46185,1
1415,371,20260514,64,3,1,1490000.0,1299000.0,191000.0,12.82,1140000.0,159000.0,12.24,119200.0,160.23,1299000.0,15,1,19826,1
1416,38,20240331,45,1,1,1658000.0,1449000.0,209000.0,12.61,1212000.0,237000.0,16.36,470220.47,44.45,1449000.0,82,4,36673,1
1417,340,20250331,18,2,1,1658000.0,1449000.0,209000.0,12.61,1212000.0,237000.0,16.36,470220.47,44.45,1449000.0,82,4,36673,1
1418,173,20260726,75,1,1,504000.0,459000.0,45000.0,8.93,372000.0,87000.0,18.95,142937.95,31.48,459000.0,74,4,30000,1
1419,235,20261209,70,3,1,647000.0,569000.0,78000.0,12.06,473000.0,96000.0,16.87,99379.2,78.49,569000.0,85,2,82500,1
1420,205,20250725,91,2,1,680000.0,599000.0,81000.0,11.91,525000.0,74000.0,12.35,358930.27,22.57,599000.0,67,9,168929,1
1421,677,20251212,93,3,1,680000.0,599000.0,81000.0,11.91,525000.0,74000.0,12.35,358930.27,22.57,599000.0,67,9,168929,1
1422,577,20240102,18,1,1,323000.0,299000.0,24000.0,7.43,247000.0,52000.0,17.39,110116.67,21.8,299000.0,87,5,102500,1
1423,645,20240403,75,1,1,323000.0,299000.0,24000.0,7.43,247000.0,52000.0,17.39,110116.67,21.8,299000.0,87,5,102500,1
1424,365,20260728,66,3,1,826000.0,729000.0,97000.0,11.74,634000.0,95000.0,13.03,234259.42,41.41,729000.0,15,4,47500,1
1425,369,20241212,51,3,1,826000.0,729000.0,97000.0,11.74,634000.0,95000.0,13.03,234259.42,41.41,729000.0,15,4,47500,1
1426,223,20251231,99,1,1,484000.0,459000.0,25000.0,5.17,400000.0,59000.0,12.85,290575.51,8.6,459000.0,74,11,187500,1
1427,38,20250807,82,3,1,1219000.0,1099000.0,120000.0,9.84,910000.0,189000.0,17.2,345716.98,34.71,1099000.0,95,4,32500,1
1428,340,20240808,47,2,1,1219000.0,1099000.0,120000.0,9.84,910000.0,189000.0,17.2,345716.98,34.71,1099000.0,95,4,32500,1
1429,416,20260206,15,2,1,707000.0,659000.0,48000.0,6.79,532000.0,127000.0,19.27,312602.45,15.35,659000.0,43,7,87500,1
1430,45,20240526,2,2,1,742000.0,699000.0,43000.0,5.8,600000.0,99000.0,14.16,328077.82,13.11,699000.0,65,7,102500,1
1431,678,20260910,8,3,1,1120000.0,1059000.0,61000.0,5.45,874000.0,185000.0,17.47,591179.27,10.32,1059000.0,84,9,112500,1
1432,802,20260704,15,1,1,1120000.0,1059000.0,61000.0,5.45,874000.0,185000.0,17.47,591179.27,10.32,1059000.0,84,9,112500,1
1433,46,20250219,94,2,1,850000.0,759000.0,91000.0,10.71,655000.0,104000.0,13.7,241065.98,37.75,759000.0,12,4,47500,1
1434,70,20260614,74,2,1,704000.0,649000.0,55000.0,7.81,542000.0,107000.0,16.49,311275.99,17.67,649000.0,51,7,117500,1
1435,25,20240905,20,3,1,448000.0,399000.0,49000.0,10.94,335000.0,64000.0,16.04,218077.94,22.47,399000.0,71,8,127500,1
1436,449,20251128,91,3,1,448000.0,399000.0,49000.0,10.94,335000.0,64000.0,16.04,218077.94,22.47,399000.0,71,8,127500,1
1437,1275,20250115,6,2,1,448000.0,399000.0,49000.0,10.94,335000.0,64000.0,16.04,218077.94,22.47,399000.0,71,8,127500,1
1438,333,20260329,47,2,1,665000.0,629000.0,36000.0,5.41,542000.0,87000.0,13.83,226710.79,15.88,629000.0,15,5,67500,1
1439,734,20250328,21,1,1,665000.0,629000.0,36000.0,5.41,542000.0,87000.0,13.83,226710.79,15.88,629000.0,15,5,67500,1
1440,2,20251107,4,1,1,518000.0,479000.0,39000.0,7.53,398000.0,81000.0,16.91,114639.62,34.02,479000.0,15,3,17500,1
1441,149,20251121,75,1,1,308000.0,279000.0,29000.0,9.42,233000.0,46000.0,16.49,136183.25,21.29,279000.0,72,7,77500,1
1442,655,20250322,21,1,1,308000.0,279000.0,29000.0,9.42,233000.0,46000.0,16.49,136183.25,21.29,279000.0,72,7,77500,1
1443,679,20240227,5,2,1,484000.0,429000.0,55000.0,11.36,356000.0,73000.0,17.02,107115.01,51.35,429000.0,29,3,57500,1
1444,1166,20240111,87,2,1,484000.0,429000.0,55000.0,11.36,356000.0,73000.0,17.02,107115.01,51.35,429000.0,29,3,57500,1
1445,144,20240127,97,3,1,388000.0,359000.0,29000.0,7.47,298000.0,61000.0,16.99,219457.28,13.21,359000.0,30,10,122500,1
1446,680,20250915,77,1,1,778000.0,699000.0,79000.0,10.15,589000.0,110000.0,15.74,119500.8,66.11,699000.0,11,2,17500,1
1447,681,20240119,6,2,1,4429000.0,3890000.0,539000.0,12.17,3364000.0,526000.0,13.52,680294.4,79.23,3890000.0,99,2,52000,1
1448,175,20240204,6,3,9,439000.0,395000.0,44000.0,10.02,327000.0,68000.0,17.22,172810.15,25.46,395000.0,104,6,82500,1
1449,715,20240307,65,2,9,439000.0,395000.0,44000.0,10.02,327000.0,68000.0,17.22,172810.15,25.46,395000.0,104,6,82500,1
1450,682,20260102,32,1,1,1696000.0,1580000.0,116000.0,6.84,1330000.0,250000.0,15.82,578197.74,20.06,1580000.0,99,5,65000,1
1451,683,20240325,60,2,1,178000.0,169000.0,9000.0,5.06,144000.0,25000.0,14.79,117790.95,7.64,169000.0,65,13,192500,1
1452,684,20241217,34,1,1,1012000.0,890000.0,122000.0,12.06,731000.0,159000.0,17.87,398368.74,30.62,890000.0,105,6,81000,1
1453,194,20251226,100,2,1,199000.0,189000.0,10000.0,5.03,155000.0,34000.0,17.99,119472.16,8.37,189000.0,19,11,107500,1
1454,455,20240714,99,1,1,199000.0,189000.0,10000.0,5.03,155000.0,34000.0,17.99,119472.16,8.37,189000.0,19,11,107500,1
1455,685,20250814,88,1,1,1012000.0,890000.0,122000.0,12.06,778000.0,112000.0,12.58,492622.5,24.77,890000.0,96,8,68000,1
1456,686,20250324,37,1,1,215000.0,195000.0,20000.0,9.3,167000.0,28000.0,14.36,153446.06,13.03,195000.0,79,15,182500,1
1457,687,20260509,28,2,1,2048000.0,1790000.0,258000.0,12.6,1515000.0,275000.0,15.36,314572.8,82.02,1790000.0,32,2,24000,1
1458,686,20240225,70,1,1,214000.0,189000.0,25000.0,11.68,161000.0,28000.0,14.81,152732.36,16.37,189000.0,101,15,202500,1
1459,549,20250403,93,3,1,201000.0,175000.0,26000.0,12.94,140000.0,35000.0,20.0,159774.61,16.27,175000.0,39,19,202500,1
1460,400,20240419,11,2,1,205000.0,189000.0,16000.0,7.8,161000.0,28000.0,14.81,135658.12,11.79,189000.0,87,13,172500,1
1461,457,20251214,59,3,1,130000.0,115000.0,15000.0,11.54,97000.0,18000.0,15.65,89544.93,16.75,115000.0,46,14,67500,1
1462,621,20260427,61,3,1,135000.0,124000.0,11000.0,8.15,105000.0,19000.0,15.32,89335.83,12.31,124000.0,64,13,77500,1
1463,688,20250215,74,1,1,153000.0,139000.0,14000.0,9.15,115000.0,24000.0,17.27,126439.53,11.07,139000.0,105,21,202500,1
1464,689,20251030,91,3,1,121000.0,109000.0,12000.0,9.92,88000.0,21000.0,19.27,80071.38,14.99,109000.0,58,13,172500,1
1465,690,20250127,82,3,1,158000.0,139000.0,19000.0,12.03,113000.0,26000.0,18.71,116383.81,16.33,139000.0,43,16,192500,1
1466,691,20260326,58,1,9,1091000.0,950000.0,141000.0,12.92,832000.0,118000.0,12.42,87280.0,161.55,950000.0,114,1,22500,1
1467,175,20241120,4,3,9,448000.0,398000.0,50000.0,11.16,331000.0,67000.0,16.83,176352.96,28.35,398000.0,53,6,47500,1
1468,715,20250614,6,3,9,448000.0,398000.0,50000.0,11.16,331000.0,67000.0,16.83,176352.96,28.35,398000.0,53,6,47500,1
1469,25,20240708,32,2,9,828000.0,758000.0,70000.0,8.45,635000.0,123000.0,16.23,403054.77,17.37,758000.0,31,8,137500,1
1470,449,20250607,60,1,9,828000.0,758000.0,70000.0,8.45,635000.0,123000.0,16.23,403054.77,17.37,758000.0,31,8,137500,1
1471,1275,20240630,39,3,9,828000.0,758000.0,70000.0,8.45,635000.0,123000.0,16.23,403054.77,17.37,758000.0,31,8,137500,1
1472,692,20250101,100,3,9,1190000.0,1090000.0,100000.0,8.4,877000.0,213000.0,19.54,182784.0,54.71,1090000.0,40,2,42500,1
1473,693,20250731,41,2,9,886000.0,788000.0,98000.0,11.06,633000.0,155000.0,19.67,70880.0,138.26,788000.0,16,1,37500,1
1474,694,20260602,56,3,1,149000.0,139000.0,10000.0,6.71,119000.0,20000.0,14.39,112894.0,8.86,139000.0,114,17,190000,1
1475,695,20260712,87,2,9,1358000.0,1280000.0,78000.0,5.74,1079000.0,201000.0,15.7,108640.0,71.8,1280000.0,30,1,7500,1
1476,1069,20240119,28,1,9,1358000.0,1280000.0,78000.0,5.74,1079000.0,201000.0,15.7,108640.0,71.8,1280000.0,30,1,7500,1
1477,696,20240607,55,1,9,1400000.0,1290000.0,110000.0,7.86,1084000.0,206000.0,15.97,619014.76,17.77,1290000.0,25,7,87500,1
1478,47,20260216,33,2,9,861000.0,798000.0,63000.0,7.32,654000.0,144000.0,18.05,68880.0,91.46,798000.0,29,1,22500,1
1479,225,20240421,25,1,9,797000.0,738000.0,59000.0,7.4,634000.0,104000.0,14.09,226034.81,26.1,738000.0,52,4,92500,1
1480,123,20250713,23,1,9,1127000.0,1050000.0,77000.0,6.83,854000.0,196000.0,18.67,249418.62,30.87,1050000.0,53,3,37500,1
1481,376,20240201,25,2,9,1127000.0,1050000.0,77000.0,6.83,854000.0,196000.0,18.67,249418.62,30.87,1050000.0,53,3,37500,1
1482,710,20250608,88,1,9,1127000.0,1050000.0,77000.0,6.83,854000.0,196000.0,18.67,249418.62,30.87,1050000.0,53,3,37500,1
1483,438,20251228,23,1,9,894000.0,848000.0,46000.0,5.15,691000.0,157000.0,18.51,253544.69,18.14,848000.0,56,4,82500,1
1484,569,20240130,34,1,9,894000.0,848000.0,46000.0,5.15,691000.0,157000.0,18.51,253544.69,18.14,848000.0,56,4,82500,1
1485,359,20250304,28,3,9,1315000.0,1250000.0,65000.0,4.94,1046000.0,204000.0,16.32,291025.28,22.33,1250000.0,28,3,77500,1
1486,16,20250707,42,3,4,688000.0,599000.0,89000.0,12.94,493000.0,106000.0,17.7,55040.0,161.7,599000.0,57,1,7500,1
1487,697,20240310,43,1,8,556000.0,509000.0,47000.0,8.45,417000.0,92000.0,18.07,245837.29,19.12,509000.0,105,7,122500,1
1488,322,20250728,17,2,5,293000.0,269000.0,24000.0,8.19,229000.0,40000.0,14.87,165724.18,14.48,269000.0,88,10,33143,1
1489,1207,20240222,31,2,5,293000.0,269000.0,24000.0,8.19,229000.0,40000.0,14.87,165724.18,14.48,269000.0,88,10,33143,1
1490,698,20241213,17,1,1,480000.0,429000.0,51000.0,10.62,366000.0,63000.0,14.69,188949.6,26.99,429000.0,78,6,132500,1
1491,1396,20260522,18,2,1,480000.0,429000.0,51000.0,10.62,366000.0,63000.0,14.69,188949.6,26.99,429000.0,78,6,132500,1
1492,67,20261208,94,3,1,717000.0,669000.0,48000.0,6.69,579000.0,90000.0,13.45,203346.25,23.61,669000.0,20,4,127500,1
1493,11,20241120,52,2,3,766000.0,669000.0,97000.0,12.66,558000.0,111000.0,16.59,169524.99,57.22,669000.0,88,3,49450,1
1494,264,20241112,73,1,3,766000.0,669000.0,97000.0,12.66,558000.0,111000.0,16.59,169524.99,57.22,669000.0,88,3,49450,1
1495,70,20250205,87,3,4,732000.0,649000.0,83000.0,11.34,523000.0,126000.0,19.41,323656.29,25.64,649000.0,38,7,142500,1
1496,387,20251105,64,1,1,793000.0,749000.0,44000.0,5.55,616000.0,133000.0,17.76,224900.38,19.56,749000.0,54,4,72500,1
1497,699,20240128,56,1,1,1189000.0,1089000.0,100000.0,8.41,957000.0,132000.0,12.12,182630.4,54.76,1089000.0,77,2,19833,1
1498,11,20260423,48,2,1,739000.0,649000.0,90000.0,12.18,550000.0,99000.0,15.25,163549.57,55.03,649000.0,45,3,22500,1
1499,264,20250120,46,3,1,739000.0,649000.0,90000.0,12.18,550000.0,99000.0,15.25,163549.57,55.03,649000.0,45,3,22500,1
1500,240,20240919,39,2,4,399000.0,349000.0,50000.0,12.53,299000.0,50000.0,14.33,136026.47,36.76,349000.0,57,5,72500,1
1501,410,20240517,88,2,4,399000.0,349000.0,50000.0,12.53,299000.0,50000.0,14.33,136026.47,36.76,349000.0,57,5,72500,1
1502,700,20250309,100,1,4,471000.0,429000.0,42000.0,8.92,343000.0,86000.0,20.05,208254.25,20.17,429000.0,96,7,87500,1
1503,701,20260928,14,1,2,388000.0,349000.0,39000.0,10.05,294000.0,55000.0,15.76,110039.53,35.44,349000.0,24,4,77500,1
1504,126,20260914,34,3,1,842000.0,789000.0,53000.0,6.29,634000.0,155000.0,19.65,444440.13,11.93,789000.0,119,9,152500,1
1505,702,20260915,12,2,1,1023000.0,890000.0,133000.0,13.0,753000.0,137000.0,15.39,452322.93,29.4,890000.0,53,7,117500,1
1506,703,20260828,9,3,1,880000.0,820000.0,60000.0,6.82,716000.0,104000.0,12.68,346407.6,17.32,820000.0,76,6,112500,1
1507,1444,20240108,4,1,1,880000.0,820000.0,60000.0,6.82,716000.0,104000.0,12.68,346407.6,17.32,820000.0,76,6,112500,1
1508,368,20240621,8,2,1,1545000.0,1350000.0,195000.0,12.62,1185000.0,165000.0,12.22,237312.0,82.17,1350000.0,105,2,37500,1
1509,794,20240428,1,3,1,1545000.0,1350000.0,195000.0,12.62,1185000.0,165000.0,12.22,237312.0,82.17,1350000.0,105,2,37500,1
1510,704,20240213,76,2,1,1728000.0,1550000.0,178000.0,10.3,1307000.0,243000.0,15.68,490072.97,36.32,1550000.0,83,4,82500,1
1511,705,20250809,10,1,1,722000.0,650000.0,72000.0,9.97,544000.0,106000.0,16.31,351455.97,20.49,650000.0,49,8,142500,1
1512,706,20250621,18,1,1,1266000.0,1150000.0,116000.0,9.16,1007000.0,143000.0,12.43,431602.79,26.88,1150000.0,111,5,72500,1
1513,682,20261101,69,1,1,1599000.0,1490000.0,109000.0,6.82,1272000.0,218000.0,14.63,545128.64,20.0,1490000.0,95,5,87500,1
1514,390,20251003,56,2,1,1121000.0,1050000.0,71000.0,6.33,845000.0,205000.0,19.52,317923.49,22.33,1050000.0,23,4,87500,1
1515,707,20241205,86,1,1,1121000.0,1050000.0,71000.0,6.33,845000.0,205000.0,19.52,317923.49,22.33,1050000.0,23,4,87500,1
1516,232,20240208,31,2,4,381000.0,355000.0,26000.0,6.82,297000.0,58000.0,16.34,228738.16,11.37,355000.0,72,11,207500,1
1517,1081,20250509,22,2,4,381000.0,355000.0,26000.0,6.82,297000.0,58000.0,16.34,228738.16,11.37,355000.0,72,11,207500,1
1518,433,20250814,36,3,4,379000.0,355000.0,24000.0,6.33,291000.0,64000.0,18.03,250802.08,9.57,355000.0,90,13,72500,1
1519,716,20260713,48,2,4,379000.0,355000.0,24000.0,6.33,291000.0,64000.0,18.03,250802.08,9.57,355000.0,90,13,72500,1
1520,708,20260203,74,3,4,378000.0,335000.0,43000.0,11.38,281000.0,54000.0,16.12,226937.07,18.95,335000.0,94,11,77500,1
1521,1289,20250913,67,1,4,378000.0,335000.0,43000.0,11.38,281000.0,54000.0,16.12,226937.07,18.95,335000.0,94,11,77500,1
1522,709,20240409,79,1,1,324000.0,299000.0,25000.0,7.72,250000.0,49000.0,16.39,143257.7,17.45,299000.0,60,7,2500,1
1523,1458,20240702,94,3,1,324000.0,299000.0,25000.0,7.72,250000.0,49000.0,16.39,143257.7,17.45,299000.0,60,7,2500,1
1524,2,20260922,78,3,1,421000.0,399000.0,22000.0,5.23,338000.0,61000.0,15.29,93172.35,23.61,399000.0,88,3,87500,1
1525,669,20240318,62,3,1,1007000.0,878000.0,129000.0,12.81,727000.0,151000.0,17.2,445248.47,28.97,878000.0,67,7,162500,1
1526,21,20240604,81,1,1,1058000.0,929000.0,129000.0,12.19,755000.0,174000.0,18.73,162508.8,79.38,929000.0,24,2,34373,1
1527,123,20250131,68,3,1,525000.0,459000.0,66000.0,12.57,386000.0,73000.0,15.9,116188.8,56.8,459000.0,74,3,27500,1
1528,376,20240320,10,1,1,525000.0,459000.0,66000.0,12.57,386000.0,73000.0,15.9,116188.8,56.8,459000.0,74,3,27500,1
1529,710,20240509,5,1,1,525000.0,459000.0,66000.0,12.57,386000.0,73000.0,15.9,116188.8,56.8,459000.0,74,3,27500,1
1530,14,20260802,57,3,1,964000.0,839000.0,125000.0,12.97,727000.0,112000.0,13.35,273397.19,45.72,839000.0,97,4,64595,1
1531,711,20260214,29,1,10,262000.0,245000.0,17000.0,6.49,209000.0,36000.0,14.69,115844.19,14.67,245000.0,64,7,43565,1
1532,397,20250108,70,2,10,278000.0,255000.0,23000.0,8.27,211000.0,44000.0,17.25,175788.74,13.08,255000.0,85,12,167500,1
1533,1151,20240418,47,3,10,278000.0,255000.0,23000.0,8.27,211000.0,44000.0,17.25,175788.74,13.08,255000.0,85,12,167500,1
1534,712,20260325,78,3,1,223000.0,198000.0,25000.0,11.21,173000.0,25000.0,12.63,141010.4,17.73,198000.0,19,12,67500,1
1535,250,20250926,17,1,10,509000.0,455000.0,54000.0,10.61,397000.0,58000.0,12.75,268669.87,20.1,455000.0,119,9,152500,1
1536,1252,20240601,61,3,10,509000.0,455000.0,54000.0,10.61,397000.0,58000.0,12.75,268669.87,20.1,455000.0,119,9,152500,1
1537,506,20250903,95,3,1,421000.0,395000.0,26000.0,6.18,323000.0,72000.0,18.23,289987.82,8.97,395000.0,115,14,120370,1
1538,713,20250216,97,3,1,421000.0,395000.0,26000.0,6.18,323000.0,72000.0,18.23,289987.82,8.97,395000.0,115,14,120370,1
1539,296,20250105,33,1,1,504000.0,445000.0,59000.0,11.71,357000.0,88000.0,19.78,245337.69,24.05,445000.0,51,8,162500,1
1540,673,20261010,81,1,1,504000.0,445000.0,59000.0,11.71,357000.0,88000.0,19.78,245337.69,24.05,445000.0,51,8,162500,1
1541,399,20260510,56,1,1,424000.0,395000.0,29000.0,6.84,339000.0,56000.0,14.18,223803.58,12.96,395000.0,104,9,182500,1
1542,461,20250628,48,2,1,424000.0,395000.0,29000.0,6.84,339000.0,56000.0,14.18,223803.58,12.96,395000.0,104,9,182500,1
1543,714,20251104,94,1,1,252000.0,235000.0,17000.0,6.75,204000.0,31000.0,13.19,185624.81,9.16,235000.0,20,16,117500,1
1544,714,20240701,36,2,1,304000.0,275000.0,29000.0,9.54,241000.0,34000.0,12.36,223928.34,12.95,275000.0,25,16,194027,1
1545,580,20260214,11,3,1,398000.0,359000.0,39000.0,9.8,313000.0,46000.0,12.81,210079.78,18.56,359000.0,82,9,121728,1
1546,175,20250717,59,1,1,331000.0,299000.0,32000.0,9.67,254000.0,45000.0,15.05,130296.49,24.56,299000.0,87,6,117500,1
1547,715,20250827,5,2,1,331000.0,299000.0,32000.0,9.67,254000.0,45000.0,15.05,130296.49,24.56,299000.0,87,6,117500,1
1548,650,20241215,2,3,1,317000.0,299000.0,18000.0,5.68,252000.0,47000.0,15.72,200449.76,8.98,299000.0,28,12,122500,1
1549,1000,20241113,79,3,1,317000.0,299000.0,18000.0,5.68,252000.0,47000.0,15.72,200449.76,8.98,299000.0,28,12,122500,1
1550,543,20260929,77,3,1,625000.0,549000.0,76000.0,12.16,440000.0,109000.0,19.85,213074.05,35.67,549000.0,40,5,182500,1
1551,433,20260526,34,2,1,322000.0,299000.0,23000.0,7.14,245000.0,54000.0,18.06,213082.51,10.79,299000.0,82,13,172500,1
1552,716,20240608,43,3,1,322000.0,299000.0,23000.0,7.14,245000.0,54000.0,18.06,213082.51,10.79,299000.0,82,13,172500,1
1553,245,20260523,67,3,1,445000.0,419000.0,26000.0,5.84,351000.0,68000.0,16.23,151708.72,17.14,419000.0,109,5,92500,1
1554,275,20240617,36,1,1,445000.0,419000.0,26000.0,5.84,351000.0,68000.0,16.23,151708.72,17.14,419000.0,109,5,92500,1
1555,134,20261127,38,1,1,272000.0,239000.0,33000.0,12.13,203000.0,36000.0,15.06,179995.16,18.33,239000.0,62,13,287500,1
1556,717,20240717,96,3,1,446000.0,389000.0,57000.0,12.78,329000.0,60000.0,15.42,217104.38,26.25,389000.0,112,8,167500,1
1557,718,20250803,12,3,1,215000.0,189000.0,26000.0,12.09,162000.0,27000.0,14.29,142275.59,18.27,189000.0,99,13,292500,1
1558,347,20251210,19,2,1,745000.0,659000.0,86000.0,11.54,542000.0,117000.0,17.75,253984.27,33.86,659000.0,17,5,162500,1
1559,347,20251106,19,2,1,813000.0,729000.0,84000.0,10.33,616000.0,113000.0,15.5,277166.72,30.31,729000.0,33,5,82500,1
1560,429,20260425,75,2,1,386000.0,349000.0,37000.0,9.59,282000.0,67000.0,19.2,187897.51,19.69,349000.0,17,8,117500,1
1561,1334,20250907,7,2,1,386000.0,349000.0,37000.0,9.59,282000.0,67000.0,19.2,187897.51,19.69,349000.0,17,8,117500,1
1562,575,20250215,81,1,1,391000.0,369000.0,22000.0,5.63,307000.0,62000.0,16.8,133299.12,16.5,369000.0,92,5,57500,1
1563,1094,20240209,1,3,1,391000.0,369000.0,22000.0,5.63,307000.0,62000.0,16.8,133299.12,16.5,369000.0,92,5,57500,1
1564,719,20240110,52,2,1,500000.0,458000.0,42000.0,8.4,394000.0,64000.0,13.97,196822.5,21.34,458000.0,57,6,97500,1
1565,233,20250121,49,3,1,353000.0,325000.0,28000.0,7.93,278000.0,47000.0,14.46,243148.93,11.52,325000.0,39,14,237500,1
1566,540,20240519,24,2,1,353000.0,325000.0,28000.0,7.93,278000.0,47000.0,14.46,243148.93,11.52,325000.0,39,14,237500,1
1567,720,20250328,59,1,1,371000.0,345000.0,26000.0,7.01,303000.0,42000.0,12.17,245508.11,10.59,345000.0,67,13,242500,1
1568,1485,20261017,96,1,1,371000.0,345000.0,26000.0,7.01,303000.0,42000.0,12.17,245508.11,10.59,345000.0,67,13,242500,1
1569,721,20241009,74,2,2,4366000.0,3890000.0,476000.0,10.9,3198000.0,692000.0,17.79,966248.19,49.26,3890000.0,95,3,52500,1
1570,557,20260216,14,2,1,214000.0,195000.0,19000.0,8.88,164000.0,31000.0,15.9,141613.84,13.42,195000.0,64,13,197500,1
1571,617,20250811,38,1,2,390000.0,369000.0,21000.0,5.38,305000.0,64000.0,17.34,220588.5,9.52,369000.0,82,10,152500,1
1572,1409,20251230,16,2,2,390000.0,369000.0,21000.0,5.38,305000.0,64000.0,17.34,220588.5,9.52,369000.0,82,10,152500,1
1573,19,20240603,6,3,1,445000.0,415000.0,30000.0,6.74,347000.0,68000.0,16.39,175172.02,17.13,415000.0,71,6,97500,1
1574,377,20250107,96,2,1,445000.0,415000.0,30000.0,6.74,347000.0,68000.0,16.39,175172.02,17.13,415000.0,71,6,97500,1
1575,1389,20250729,25,1,1,445000.0,415000.0,30000.0,6.74,347000.0,68000.0,16.39,175172.02,17.13,415000.0,71,6,97500,1
1576,339,20250503,51,1,1,1117000.0,999000.0,118000.0,10.56,868000.0,131000.0,13.11,171571.2,68.78,999000.0,117,2,35472,1
1577,671,20260731,75,2,1,1117000.0,999000.0,118000.0,10.56,868000.0,131000.0,13.11,171571.2,68.78,999000.0,117,2,35472,1
1578,722,20240920,51,1,1,813000.0,769000.0,44000.0,5.41,657000.0,112000.0,14.56,359470.71,12.24,769000.0,57,7,67500,1
1579,29,20240802,47,2,1,1351000.0,1190000.0,161000.0,11.92,1036000.0,154000.0,12.94,207513.6,77.59,1190000.0,13,2,42500,1
1580,723,20241225,51,1,1,137000.0,125000.0,12000.0,8.76,102000.0,23000.0,18.4,103801.87,11.56,125000.0,46,17,190000,1
1581,297,20240427,70,2,1,592000.0,539000.0,53000.0,8.95,469000.0,70000.0,12.99,201823.74,26.26,539000.0,17,5,102500,1
1582,297,20250730,32,2,1,677000.0,610000.0,67000.0,9.9,491000.0,119000.0,19.51,230801.81,29.03,610000.0,10,5,142500,1
1583,460,20240509,45,2,1,644000.0,569000.0,75000.0,11.65,496000.0,73000.0,12.83,219551.5,34.16,569000.0,101,5,192500,1
1584,742,20250922,56,1,1,644000.0,569000.0,75000.0,11.65,496000.0,73000.0,12.83,219551.5,34.16,569000.0,101,5,192500,1
1585,297,20261129,69,1,1,662000.0,610000.0,52000.0,7.85,504000.0,106000.0,17.38,225688.03,23.04,610000.0,79,5,107500,1
1586,724,20260218,53,3,1,1005000.0,899000.0,106000.0,10.55,742000.0,157000.0,17.46,444364.17,23.85,899000.0,56,7,2500,1
1587,725,20251114,39,3,1,20914000.0,18900000.0,2014000.0,9.63,15894000.0,3006000.0,15.9,9247196.18,21.78,18900000.0,109,7,2500,1
1588,146,20240112,15,2,1,925000.0,859000.0,66000.0,7.14,752000.0,107000.0,12.46,315349.59,20.93,859000.0,84,5,127500,1
1589,341,20240519,90,2,1,925000.0,859000.0,66000.0,7.14,752000.0,107000.0,12.46,315349.59,20.93,859000.0,84,5,127500,1
1590,496,20261230,43,3,1,704000.0,619000.0,85000.0,12.07,498000.0,121000.0,19.55,199659.36,42.57,619000.0,14,4,182500,1
1591,539,20260519,42,1,1,417000.0,369000.0,48000.0,11.51,306000.0,63000.0,17.07,287232.59,16.71,369000.0,59,14,157500,1
1592,726,20250418,61,3,1,536000.0,480000.0,56000.0,10.45,417000.0,63000.0,13.12,236994.22,23.63,480000.0,33,7,2500,1
1593,727,20240726,64,3,1,691000.0,609000.0,82000.0,11.87,506000.0,103000.0,16.91,235574.67,34.81,609000.0,56,5,172500,1
1594,237,20260731,9,2,1,419000.0,369000.0,50000.0,11.93,301000.0,68000.0,18.43,118831.35,42.08,369000.0,27,4,32500,1
1595,351,20260503,69,2,1,2230000.0,1990000.0,240000.0,10.76,1660000.0,330000.0,16.58,632443.7,37.95,1990000.0,93,4,72500,1
1596,86,20260520,88,3,1,792000.0,699000.0,93000.0,11.74,581000.0,118000.0,16.88,311766.84,29.83,699000.0,37,6,157500,1
1597,555,20240323,95,2,1,615000.0,549000.0,66000.0,10.73,479000.0,70000.0,12.75,299370.39,22.05,549000.0,86,8,177500,1
1598,623,20241022,49,1,1,615000.0,549000.0,66000.0,10.73,479000.0,70000.0,12.75,299370.39,22.05,549000.0,86,8,177500,1
1599,728,20250121,9,3,1,1005000.0,899000.0,106000.0,10.55,774000.0,125000.0,13.9,342623.07,30.94,899000.0,14,5,77500,1
1600,406,20250927,1,1,1,699000.0,629000.0,70000.0,10.01,529000.0,100000.0,15.9,340260.01,20.57,629000.0,39,8,162500,1
1601,245,20241207,59,3,1,483000.0,429000.0,54000.0,11.18,377000.0,52000.0,12.12,164663.62,32.79,429000.0,10,5,97500,1
1602,275,20241123,91,1,1,483000.0,429000.0,54000.0,11.18,377000.0,52000.0,12.12,164663.62,32.79,429000.0,10,5,97500,1
1603,729,20240614,37,1,1,308000.0,289000.0,19000.0,6.17,242000.0,47000.0,16.26,194758.75,9.76,289000.0,95,12,177500,1
1604,1416,20260429,94,2,1,308000.0,289000.0,19000.0,6.17,242000.0,47000.0,16.26,194758.75,9.76,289000.0,95,12,177500,1
1605,343,20260202,52,1,1,1103000.0,969000.0,134000.0,12.15,780000.0,189000.0,19.5,244107.14,54.89,969000.0,91,3,102500,1
1606,493,20251120,64,1,1,1103000.0,969000.0,134000.0,12.15,780000.0,189000.0,19.5,244107.14,54.89,969000.0,91,3,102500,1
1607,438,20250510,95,1,13,499000.0,439000.0,60000.0,12.02,360000.0,79000.0,18.0,141519.91,42.4,439000.0,55,4,137500,1
1608,569,20260108,26,2,13,499000.0,439000.0,60000.0,12.02,360000.0,79000.0,18.0,141519.91,42.4,439000.0,55,4,137500,1
1609,708,20240404,51,3,10,363000.0,345000.0,18000.0,4.96,288000.0,57000.0,16.52,217931.63,8.26,345000.0,78,11,32500,1
1610,1289,20250826,91,3,10,363000.0,345000.0,18000.0,4.96,288000.0,57000.0,16.52,217931.63,8.26,345000.0,78,11,32500,1
1611,246,20250703,56,3,10,617000.0,545000.0,72000.0,11.67,443000.0,102000.0,18.72,300343.96,23.97,545000.0,40,8,82500,1
1612,430,20250430,23,3,10,617000.0,545000.0,72000.0,11.67,443000.0,102000.0,18.72,300343.96,23.97,545000.0,40,8,82500,1
1613,270,20260111,79,3,10,632000.0,595000.0,37000.0,5.85,521000.0,74000.0,12.44,248783.64,14.87,595000.0,79,6,72500,1
1614,407,20260603,77,2,10,632000.0,595000.0,37000.0,5.85,521000.0,74000.0,12.44,248783.64,14.87,595000.0,79,6,72500,1
1615,58,20240114,72,1,10,905000.0,835000.0,70000.0,7.73,719000.0,116000.0,13.89,356248.72,19.65,835000.0,100,6,72500,1
1616,59,20250110,16,1,10,973000.0,865000.0,108000.0,11.1,711000.0,154000.0,17.8,430215.26,25.1,865000.0,65,7,62500,1
1617,551,20261119,87,2,10,2436000.0,2285000.0,151000.0,6.2,1936000.0,349000.0,15.27,830477.41,18.18,2285000.0,98,5,52500,1
1618,217,20240227,82,3,10,1522000.0,1345000.0,177000.0,11.63,1154000.0,191000.0,14.2,599127.69,29.54,1345000.0,102,6,67500,1
1619,730,20260202,61,3,10,901000.0,795000.0,106000.0,11.76,696000.0,99000.0,12.45,398380.21,26.61,795000.0,37,7,97500,1
1620,435,20260529,26,1,10,875000.0,795000.0,80000.0,9.14,692000.0,103000.0,12.96,425933.49,18.78,795000.0,25,8,87500,1
1621,399,20261108,89,2,10,552000.0,525000.0,27000.0,4.89,442000.0,83000.0,15.81,291366.93,9.27,525000.0,63,9,107500,1
1622,461,20260709,53,1,10,552000.0,525000.0,27000.0,4.89,442000.0,83000.0,15.81,291366.93,9.27,525000.0,63,9,107500,1
1623,731,20251103,30,1,10,1257000.0,1165000.0,92000.0,7.32,1004000.0,161000.0,13.82,193075.2,47.65,1165000.0,62,2,17500,1
1624,7,20260130,82,3,1,977000.0,879000.0,98000.0,10.03,743000.0,136000.0,15.47,333077.35,29.42,879000.0,21,5,74717,1
1625,399,20240903,52,3,10,683000.0,595000.0,88000.0,12.88,502000.0,93000.0,15.63,360513.79,24.41,595000.0,29,9,82500,1
1626,461,20240731,18,1,10,683000.0,595000.0,88000.0,12.88,502000.0,93000.0,15.63,360513.79,24.41,595000.0,29,9,82500,1
1627,70,20250218,39,1,10,796000.0,715000.0,81000.0,10.18,579000.0,136000.0,19.02,351954.11,23.01,715000.0,91,7,77500,1
1628,732,20250311,45,2,10,716000.0,665000.0,51000.0,7.12,539000.0,126000.0,18.95,348535.29,14.63,665000.0,43,8,57500,1
1629,38,20260602,38,3,10,1208000.0,1085000.0,123000.0,10.18,914000.0,171000.0,15.76,342597.3,35.9,1085000.0,62,4,47500,1
1630,340,20260222,36,3,10,1208000.0,1085000.0,123000.0,10.18,914000.0,171000.0,15.76,342597.3,35.9,1085000.0,62,4,47500,1
1631,235,20250823,37,3,10,988000.0,895000.0,93000.0,9.41,735000.0,160000.0,17.88,151756.8,61.28,895000.0,73,2,22500,1
1632,733,20250921,98,3,1,786000.0,697000.0,89000.0,11.32,559000.0,138000.0,19.8,62880.0,141.54,697000.0,32,1,7500,1
1633,333,20251026,91,1,13,520000.0,490000.0,30000.0,5.77,420000.0,70000.0,14.29,177277.61,16.92,490000.0,118,5,92500,1
1634,734,20240404,6,2,13,520000.0,490000.0,30000.0,5.77,420000.0,70000.0,14.29,177277.61,16.92,490000.0,118,5,92500,1
1635,40,20251011,2,2,6,504000.0,448000.0,56000.0,11.11,360000.0,88000.0,19.64,222845.31,25.13,448000.0,36,7,145315,1
1636,986,20261007,21,3,6,504000.0,448000.0,56000.0,11.11,360000.0,88000.0,19.64,222845.31,25.13,448000.0,36,7,145315,1
1637,735,20260522,4,1,10,878000.0,795000.0,83000.0,9.45,674000.0,121000.0,15.22,345620.31,24.01,795000.0,26,6,72500,1
1638,736,20250418,9,1,1,707000.0,617000.0,90000.0,12.73,520000.0,97000.0,15.72,156467.58,57.52,617000.0,57,3,12500,1
1639,600,20250602,20,1,1,777000.0,717000.0,60000.0,7.72,629000.0,88000.0,12.27,119347.2,50.27,717000.0,30,2,27500,1
1640,600,20250529,63,1,1,798000.0,717000.0,81000.0,10.15,601000.0,116000.0,16.18,122572.8,66.08,717000.0,59,2,27500,1
1641,166,20240602,87,3,1,522000.0,457000.0,65000.0,12.45,368000.0,89000.0,19.47,115524.86,56.26,457000.0,49,3,17500,1
1642,166,20260310,96,1,1,474000.0,447000.0,27000.0,5.7,377000.0,70000.0,15.66,104901.89,25.74,447000.0,104,3,22500,1
1643,166,20250704,49,3,1,511000.0,447000.0,64000.0,12.52,388000.0,59000.0,13.2,113090.43,56.59,447000.0,12,3,17500,1
1644,280,20260413,93,1,1,657000.0,587000.0,70000.0,10.65,516000.0,71000.0,12.1,145401.98,48.14,587000.0,26,3,92500,1
1645,582,20260721,14,3,1,657000.0,587000.0,70000.0,10.65,516000.0,71000.0,12.1,145401.98,48.14,587000.0,26,3,92500,1
1646,486,20260607,28,1,1,1995000.0,1888000.0,107000.0,5.36,1575000.0,313000.0,16.58,882096.03,12.13,1888000.0,70,7,162500,1
1647,487,20260109,53,3,1,2147000.0,1988000.0,159000.0,7.41,1641000.0,347000.0,17.45,845155.81,18.81,1988000.0,59,6,137500,1
1648,737,20260429,6,3,1,2228000.0,1988000.0,240000.0,10.77,1735000.0,253000.0,12.73,631876.49,37.98,1988000.0,99,4,232500,1
1649,489,20261104,67,1,1,1995000.0,1888000.0,107000.0,5.36,1539000.0,349000.0,18.49,680132.36,15.73,1888000.0,96,5,147500,1
1650,280,20260406,30,1,1,662000.0,597000.0,65000.0,9.82,507000.0,90000.0,15.08,146508.54,44.37,597000.0,15,3,67500,1
1651,582,20260420,38,3,1,662000.0,597000.0,65000.0,9.82,507000.0,90000.0,15.08,146508.54,44.37,597000.0,15,3,67500,1
1652,657,20240910,96,2,1,647000.0,597000.0,50000.0,7.73,497000.0,100000.0,16.75,183493.75,27.25,597000.0,37,4,122500,1
1653,738,20261206,76,1,1,653000.0,587000.0,66000.0,10.11,472000.0,115000.0,19.59,144516.74,45.67,587000.0,81,3,182500,1
1654,238,20240221,28,3,1,651000.0,617000.0,34000.0,5.22,511000.0,106000.0,17.18,221937.93,15.32,617000.0,64,5,142500,1
1655,739,20260828,95,2,1,713000.0,627000.0,86000.0,12.06,515000.0,112000.0,17.86,280668.88,30.64,627000.0,67,6,167500,1
1656,21,20250710,56,3,1,1087000.0,947000.0,140000.0,12.88,810000.0,137000.0,14.47,166963.2,83.85,947000.0,54,2,37500,1
1657,1,20240506,99,2,1,309000.0,269000.0,40000.0,12.94,236000.0,33000.0,12.27,185512.05,21.56,269000.0,81,11,152500,1
1658,740,20240831,51,1,1,494000.0,439000.0,55000.0,11.13,361000.0,78000.0,17.77,194460.63,28.28,439000.0,28,6,57500,1
1659,24,20260829,10,2,1,414000.0,389000.0,25000.0,6.04,336000.0,53000.0,13.62,91623.17,27.29,389000.0,111,3,97500,1
1660,741,20240811,10,2,1,414000.0,389000.0,25000.0,6.04,336000.0,53000.0,13.62,91623.17,27.29,389000.0,111,3,97500,1
1661,225,20251110,66,2,1,785000.0,697000.0,88000.0,11.21,561000.0,136000.0,19.51,222631.53,39.53,697000.0,38,4,202500,1
1662,434,20250513,57,1,1,1568000.0,1490000.0,78000.0,4.97,1256000.0,234000.0,15.7,240844.8,32.39,1490000.0,32,2,7500,1
1663,71,20250815,36,1,1,618000.0,587000.0,31000.0,5.02,473000.0,114000.0,19.42,300830.74,10.3,587000.0,41,8,137500,1
1664,1130,20261212,45,2,1,618000.0,587000.0,31000.0,5.02,473000.0,114000.0,19.42,300830.74,10.3,587000.0,41,8,137500,1
1665,460,20260406,31,3,1,484000.0,447000.0,37000.0,7.64,391000.0,56000.0,12.53,165004.54,22.42,447000.0,19,5,237500,1
1666,742,20240130,91,2,1,484000.0,447000.0,37000.0,7.64,391000.0,56000.0,12.53,165004.54,22.42,447000.0,19,5,237500,1
1667,12,20240719,96,2,1,458000.0,417000.0,41000.0,8.95,359000.0,58000.0,13.91,156140.66,26.26,417000.0,100,5,182500,1
1668,334,20240712,22,3,1,458000.0,417000.0,41000.0,8.95,359000.0,58000.0,13.91,156140.66,26.26,417000.0,100,5,182500,1
1669,98,20241007,61,1,1,943000.0,837000.0,106000.0,11.24,714000.0,123000.0,14.7,321486.12,32.97,837000.0,58,5,37500,1
1670,743,20260728,16,3,1,422000.0,377000.0,45000.0,10.66,326000.0,51000.0,13.53,166118.19,27.09,377000.0,74,6,77500,1
1671,744,20260428,97,2,1,468000.0,428000.0,40000.0,8.55,365000.0,63000.0,14.72,264706.2,15.11,428000.0,112,10,97500,1
1672,570,20251203,5,2,1,622000.0,577000.0,45000.0,7.23,506000.0,71000.0,12.31,212051.29,21.22,577000.0,38,5,137500,1
1673,763,20260101,45,3,1,622000.0,577000.0,45000.0,7.23,506000.0,71000.0,12.31,212051.29,21.22,577000.0,38,5,137500,1
1674,606,20261004,80,1,1,459000.0,399000.0,60000.0,13.07,342000.0,57000.0,14.29,242277.93,24.76,399000.0,68,9,172500,1
1675,632,20250716,70,2,1,459000.0,399000.0,60000.0,13.07,342000.0,57000.0,14.29,242277.93,24.76,399000.0,68,9,172500,1
1676,20,20241013,16,1,1,1201000.0,1099000.0,102000.0,8.49,960000.0,139000.0,12.65,265795.71,38.38,1099000.0,54,3,72500,1
1677,139,20260226,87,1,1,1201000.0,1099000.0,102000.0,8.49,960000.0,139000.0,12.65,265795.71,38.38,1099000.0,54,3,72500,1
1678,347,20241031,2,2,1,744000.0,679000.0,65000.0,8.74,571000.0,108000.0,15.91,253643.35,25.63,679000.0,76,5,142500,1
1679,745,20240317,29,3,1,1172000.0,1099000.0,73000.0,6.23,889000.0,210000.0,19.11,332387.45,21.96,1099000.0,60,4,117500,1
1680,675,20240419,44,2,1,405000.0,359000.0,46000.0,11.36,302000.0,57000.0,15.88,159426.22,28.85,359000.0,110,6,52500,1
1681,746,20260829,25,3,1,1108000.0,990000.0,118000.0,10.65,802000.0,188000.0,18.99,245213.7,48.12,990000.0,104,3,92500,1
1682,803,20250428,44,3,1,1108000.0,990000.0,118000.0,10.65,802000.0,188000.0,18.99,245213.7,48.12,990000.0,104,3,92500,1
1683,747,20250831,67,2,1,535000.0,499000.0,36000.0,6.73,423000.0,76000.0,15.23,151729.77,23.73,499000.0,20,4,87500,1
1684,1443,20241212,5,3,1,535000.0,499000.0,36000.0,6.73,423000.0,76000.0,15.23,151729.77,23.73,499000.0,20,4,87500,1
1685,748,20240314,24,1,1,566000.0,535000.0,31000.0,5.48,449000.0,86000.0,16.07,357900.82,8.66,535000.0,95,12,82500,1
1686,749,20261008,42,2,1,580000.0,519000.0,61000.0,10.52,441000.0,78000.0,15.03,256448.97,23.79,519000.0,91,7,187500,1
1687,748,20240207,13,1,1,597000.0,535000.0,62000.0,10.39,428000.0,107000.0,20.0,377503.17,16.42,535000.0,108,12,82500,1
1688,750,20250515,12,3,1,969000.0,899000.0,70000.0,7.22,733000.0,166000.0,18.46,330350.0,21.19,899000.0,15,5,177500,1
1689,811,20240229,27,3,1,969000.0,899000.0,70000.0,7.22,733000.0,166000.0,18.46,330350.0,21.19,899000.0,15,5,177500,1
1690,287,20250725,77,3,1,1029000.0,899000.0,130000.0,12.63,755000.0,144000.0,16.02,500897.78,25.95,899000.0,76,8,162500,1
1691,751,20240719,42,3,1,1029000.0,899000.0,130000.0,12.63,755000.0,144000.0,16.02,500897.78,25.95,899000.0,76,8,162500,1
1692,605,20260416,89,1,1,766000.0,719000.0,47000.0,6.14,630000.0,89000.0,12.38,338689.5,13.88,719000.0,71,7,97500,1
1693,752,20240212,72,3,1,1148000.0,1050000.0,98000.0,8.54,872000.0,178000.0,16.95,325580.88,30.1,1050000.0,14,4,127500,1
1694,753,20240505,11,2,1,800000.0,699000.0,101000.0,12.62,583000.0,116000.0,16.6,226885.63,44.52,699000.0,18,4,47500,1
1695,14,20260314,20,3,1,938000.0,859000.0,79000.0,8.42,736000.0,123000.0,14.32,266023.4,29.7,859000.0,37,4,102500,1
1696,754,20250123,64,3,1,333000.0,299000.0,34000.0,10.21,254000.0,45000.0,15.05,220361.73,15.43,299000.0,92,13,252500,1
1697,939,20240712,87,1,1,333000.0,299000.0,34000.0,10.21,254000.0,45000.0,15.05,220361.73,15.43,299000.0,92,13,252500,1
1698,755,20240817,99,1,1,1089000.0,999000.0,90000.0,8.26,823000.0,176000.0,17.62,167270.4,53.81,999000.0,101,2,37500,1
1699,1512,20250719,81,3,1,1089000.0,999000.0,90000.0,8.26,823000.0,176000.0,17.62,167270.4,53.81,999000.0,101,2,37500,1
1700,217,20250130,9,1,1,1174000.0,1090000.0,84000.0,7.16,908000.0,182000.0,16.7,462139.23,18.18,1090000.0,100,6,132500,1
1701,756,20261105,45,2,1,458000.0,399000.0,59000.0,12.88,326000.0,73000.0,18.3,101360.9,58.21,399000.0,86,3,102500,1
1702,757,20260316,13,1,1,435000.0,399000.0,36000.0,8.28,350000.0,49000.0,12.28,66816.0,53.88,399000.0,47,2,52500,1
1703,895,20251220,85,2,1,435000.0,399000.0,36000.0,8.28,350000.0,49000.0,12.28,66816.0,53.88,399000.0,47,2,52500,1
1704,758,20250809,49,2,1,1242000.0,1090000.0,152000.0,12.24,883000.0,207000.0,18.99,352239.94,43.15,1090000.0,52,4,112500,1
1705,393,20251025,60,1,1,771000.0,719000.0,52000.0,6.74,597000.0,122000.0,16.97,303500.29,17.13,719000.0,30,6,207500,1
1706,759,20240408,23,2,1,492000.0,459000.0,33000.0,6.71,368000.0,91000.0,19.83,108885.5,30.31,459000.0,100,3,92500,1
1707,225,20250430,35,3,1,631000.0,599000.0,32000.0,5.07,490000.0,109000.0,18.2,178956.04,17.88,599000.0,71,4,137500,1
1708,760,20241006,44,2,1,177000.0,159000.0,18000.0,10.17,137000.0,22000.0,13.84,130379.33,13.81,159000.0,55,16,257500,1
1709,70,20241020,28,1,1,690000.0,635000.0,55000.0,7.97,518000.0,117000.0,18.43,305085.85,18.03,635000.0,79,7,137500,1
1710,221,20250504,10,2,1,226000.0,199000.0,27000.0,11.95,160000.0,39000.0,19.6,142907.4,18.89,199000.0,47,12,207500,1
1711,761,20240611,85,3,1,1162000.0,1059000.0,103000.0,8.86,887000.0,172000.0,16.24,329551.38,31.25,1059000.0,58,4,182500,1
1712,390,20260125,64,3,1,710000.0,619000.0,91000.0,12.82,496000.0,123000.0,19.87,201361.0,45.19,619000.0,84,4,202500,1
1713,707,20250822,4,3,1,710000.0,619000.0,91000.0,12.82,496000.0,123000.0,19.87,201361.0,45.19,619000.0,84,4,202500,1
1714,762,20241215,33,1,1,918000.0,859000.0,59000.0,6.43,693000.0,166000.0,19.32,361366.11,16.33,859000.0,114,6,117500,1
1715,570,20240430,74,3,1,522000.0,459000.0,63000.0,12.07,397000.0,62000.0,13.51,177959.44,35.4,459000.0,90,5,182500,1
1716,763,20261212,60,2,1,522000.0,459000.0,63000.0,12.07,397000.0,62000.0,13.51,177959.44,35.4,459000.0,90,5,182500,1
1717,764,20260815,26,1,1,1014000.0,899000.0,115000.0,11.34,775000.0,124000.0,13.79,399156.03,28.81,899000.0,48,6,172500,1
1718,14,20260706,93,1,1,901000.0,799000.0,102000.0,11.32,698000.0,101000.0,12.64,255529.94,39.92,799000.0,80,4,107500,1
1719,66,20240930,59,1,1,419000.0,369000.0,50000.0,11.93,320000.0,49000.0,13.28,118831.35,42.08,369000.0,39,4,77500,1
1720,765,20261123,18,2,1,310000.0,275000.0,35000.0,11.29,235000.0,40000.0,14.55,137067.55,25.53,275000.0,30,7,237500,1
1721,845,20251011,78,2,1,310000.0,275000.0,35000.0,11.29,235000.0,40000.0,14.55,137067.55,25.53,275000.0,30,7,237500,1
1722,1376,20240207,24,1,1,310000.0,275000.0,35000.0,11.29,235000.0,40000.0,14.55,137067.55,25.53,275000.0,30,7,237500,1
1723,41,20260811,98,1,1,778000.0,699000.0,79000.0,10.15,562000.0,137000.0,19.6,343995.34,22.97,699000.0,10,7,132500,1
1724,126,20250608,55,3,1,781000.0,735000.0,46000.0,5.89,634000.0,101000.0,13.74,412241.98,11.16,735000.0,98,9,207500,1
1725,766,20240615,42,1,1,526000.0,499000.0,27000.0,5.13,433000.0,66000.0,13.23,179323.12,15.06,499000.0,41,5,157500,1
1726,254,20241228,93,2,1,981000.0,859000.0,122000.0,12.44,742000.0,117000.0,13.62,386165.74,31.59,859000.0,17,6,122500,1
1727,14,20260113,98,3,1,799000.0,719000.0,80000.0,10.01,604000.0,115000.0,15.99,226602.02,35.3,719000.0,78,4,127500,1
1728,767,20240914,52,1,1,677000.0,599000.0,78000.0,11.52,490000.0,109000.0,18.2,103987.2,75.01,599000.0,39,2,47500,1
1729,768,20260303,63,2,1,1097000.0,999000.0,98000.0,8.93,867000.0,132000.0,13.21,620475.87,15.79,999000.0,17,10,122500,1
1730,769,20240523,72,1,1,954000.0,899000.0,55000.0,5.77,771000.0,128000.0,14.24,325236.23,16.91,899000.0,28,5,122500,1
1731,1435,20261229,95,1,1,954000.0,899000.0,55000.0,5.77,771000.0,128000.0,14.24,325236.23,16.91,899000.0,28,5,122500,1
1732,770,20240214,37,1,1,849000.0,799000.0,50000.0,5.89,702000.0,97000.0,12.14,334204.6,14.96,799000.0,117,6,92500,1
1733,202,20260910,56,3,1,1006000.0,899000.0,107000.0,10.64,730000.0,169000.0,18.8,396006.87,27.02,899000.0,68,6,10646,1
1734,272,20261116,35,3,1,1006000.0,899000.0,107000.0,10.64,730000.0,169000.0,18.8,396006.87,27.02,899000.0,68,6,10646,1
1735,146,20261002,26,1,1,1048000.0,959000.0,89000.0,8.49,785000.0,174000.0,18.14,357282.56,24.91,959000.0,64,5,36395,1
1736,341,20250226,39,2,1,1048000.0,959000.0,89000.0,8.49,785000.0,174000.0,18.14,357282.56,24.91,959000.0,64,5,36395,1
1737,343,20250812,72,1,1,1048000.0,979000.0,69000.0,6.58,800000.0,179000.0,18.28,231934.98,29.75,979000.0,39,3,99125,1
1738,493,20240803,34,1,1,1048000.0,979000.0,69000.0,6.58,800000.0,179000.0,18.28,231934.98,29.75,979000.0,39,3,99125,1
1739,38,20240122,42,3,1,1054000.0,959000.0,95000.0,9.01,828000.0,131000.0,13.66,298921.82,31.78,959000.0,88,4,100549,1
1740,340,20251124,32,1,1,1054000.0,959000.0,95000.0,9.01,828000.0,131000.0,13.66,298921.82,31.78,959000.0,88,4,100549,1
1741,202,20251010,88,1,1,1013000.0,959000.0,54000.0,5.33,782000.0,177000.0,18.46,398762.38,13.54,959000.0,45,6,75194,1
1742,272,20250916,73,3,1,1013000.0,959000.0,54000.0,5.33,782000.0,177000.0,18.46,398762.38,13.54,959000.0,45,6,75194,1
1743,771,20260821,18,2,1,542000.0,489000.0,53000.0,9.78,394000.0,95000.0,19.43,358666.83,14.78,489000.0,64,13,102500,1
1744,146,20240321,62,3,1,1098000.0,1020000.0,78000.0,7.1,897000.0,123000.0,12.06,374328.49,20.84,1020000.0,53,5,103096,1
1745,341,20251104,78,3,1,1098000.0,1020000.0,78000.0,7.1,897000.0,123000.0,12.06,374328.49,20.84,1020000.0,53,5,103096,1
1746,343,20250421,19,2,1,1083000.0,959000.0,124000.0,11.45,769000.0,190000.0,19.81,239680.9,51.74,959000.0,36,3,84778,1
1747,493,20240813,98,2,1,1083000.0,959000.0,124000.0,11.45,769000.0,190000.0,19.81,239680.9,51.74,959000.0,36,3,84778,1
1748,344,20250323,85,2,1,1243000.0,1150000.0,93000.0,7.48,997000.0,153000.0,13.3,99440.0,93.52,1150000.0,86,1,9412,1
1749,660,20260217,41,2,1,1243000.0,1150000.0,93000.0,7.48,997000.0,153000.0,13.3,99440.0,93.52,1150000.0,86,1,9412,1
1750,709,20240318,75,2,1,273000.0,249000.0,24000.0,8.79,206000.0,43000.0,17.27,120707.88,19.88,249000.0,87,7,12500,1
1751,1458,20260509,14,3,1,273000.0,249000.0,24000.0,8.79,206000.0,43000.0,17.27,120707.88,19.88,249000.0,87,7,12500,1
1752,343,20240228,53,2,1,1050000.0,999000.0,51000.0,4.86,866000.0,133000.0,13.31,232377.6,21.95,999000.0,110,3,61993,1
1753,493,20260430,59,1,1,1050000.0,999000.0,51000.0,4.86,866000.0,133000.0,13.31,232377.6,21.95,999000.0,110,3,61993,1
1754,332,20251114,11,2,1,792000.0,749000.0,43000.0,5.43,632000.0,117000.0,15.62,385530.65,11.15,749000.0,63,8,102500,1
1755,772,20240708,35,3,1,792000.0,749000.0,43000.0,5.43,632000.0,117000.0,15.62,385530.65,11.15,749000.0,63,8,102500,1
1756,343,20240422,100,1,1,903000.0,829000.0,74000.0,8.19,723000.0,106000.0,12.79,199844.74,37.03,829000.0,57,3,113516,1
1757,493,20251106,37,2,1,903000.0,829000.0,74000.0,8.19,723000.0,106000.0,12.79,199844.74,37.03,829000.0,57,3,113516,1
1758,38,20240320,87,1,1,943000.0,859000.0,84000.0,8.91,751000.0,108000.0,12.57,267441.44,31.41,859000.0,39,4,62565,1
1759,340,20240927,75,3,1,943000.0,859000.0,84000.0,8.91,751000.0,108000.0,12.57,267441.44,31.41,859000.0,39,4,62565,1
1760,146,20250601,77,2,1,1166000.0,1050000.0,116000.0,9.95,841000.0,209000.0,19.9,397510.94,29.18,1050000.0,48,5,113449,1
1761,341,20250509,56,3,1,1166000.0,1050000.0,116000.0,9.95,841000.0,209000.0,19.9,397510.94,29.18,1050000.0,48,5,113449,1
1762,38,20241230,9,3,1,1078000.0,999000.0,79000.0,7.33,805000.0,194000.0,19.42,305728.39,25.84,999000.0,22,4,170728,1
1763,340,20260910,7,2,1,1078000.0,999000.0,79000.0,7.33,805000.0,194000.0,19.42,305728.39,25.84,999000.0,22,4,170728,1
1764,38,20250827,70,2,1,1444000.0,1290000.0,154000.0,10.66,1058000.0,232000.0,17.98,409528.57,37.6,1290000.0,25,4,39134,1
1765,340,20250101,7,1,1,1444000.0,1290000.0,154000.0,10.66,1058000.0,232000.0,17.98,409528.57,37.6,1290000.0,25,4,39134,1
1766,50,20250415,11,2,1,565000.0,497000.0,68000.0,12.04,424000.0,73000.0,14.69,275031.34,24.72,497000.0,53,8,172500,1
1767,109,20240131,77,1,1,565000.0,497000.0,68000.0,12.04,424000.0,73000.0,14.69,275031.34,24.72,497000.0,53,8,172500,1
1768,345,20250622,95,3,1,901000.0,799000.0,102000.0,11.32,696000.0,103000.0,12.89,255529.94,39.92,799000.0,80,4,176621,1
1769,494,20250221,65,3,1,901000.0,799000.0,102000.0,11.32,696000.0,103000.0,12.89,255529.94,39.92,799000.0,80,4,176621,1
1770,345,20241120,94,2,1,905000.0,859000.0,46000.0,5.08,719000.0,140000.0,16.3,256664.37,17.92,859000.0,36,4,160995,1
1771,494,20241126,68,2,1,905000.0,859000.0,46000.0,5.08,719000.0,140000.0,16.3,256664.37,17.92,859000.0,36,4,160995,1
1772,235,20250411,69,3,1,768000.0,699000.0,69000.0,8.98,593000.0,106000.0,15.16,117964.8,58.49,699000.0,54,2,22500,1
1773,559,20260114,21,2,1,1017000.0,959000.0,58000.0,5.7,782000.0,177000.0,18.46,225074.3,25.77,959000.0,44,3,136043,1
1774,345,20260620,88,2,1,944000.0,879000.0,65000.0,6.89,760000.0,119000.0,13.54,267725.05,24.28,879000.0,88,4,169541,1
1775,494,20240216,37,1,1,944000.0,879000.0,65000.0,6.89,760000.0,119000.0,13.54,267725.05,24.28,879000.0,88,4,169541,1
1776,235,20260403,62,2,3,803000.0,699000.0,104000.0,12.95,613000.0,86000.0,12.3,123340.8,84.32,699000.0,37,2,42500,1
1777,773,20251108,32,1,1,635000.0,597000.0,38000.0,5.98,490000.0,107000.0,17.92,280767.41,13.53,597000.0,108,7,147500,1
1778,774,20260710,40,2,1,879000.0,799000.0,80000.0,9.1,671000.0,128000.0,16.02,388652.84,20.58,799000.0,16,7,118553,1
1779,347,20251002,88,3,1,811000.0,729000.0,82000.0,10.11,588000.0,141000.0,19.34,276484.88,29.66,729000.0,71,5,85984,1
1780,775,20250920,7,3,1,593000.0,529000.0,64000.0,10.79,447000.0,82000.0,15.5,202164.66,31.66,529000.0,119,5,62500,1
1781,805,20240723,73,1,1,593000.0,529000.0,64000.0,10.79,447000.0,82000.0,15.5,202164.66,31.66,529000.0,119,5,62500,1
1782,347,20250409,93,1,1,839000.0,759000.0,80000.0,9.54,638000.0,121000.0,15.94,286030.6,27.97,759000.0,60,5,108158,1
1783,776,20260522,86,1,1,470000.0,447000.0,23000.0,4.89,363000.0,84000.0,18.79,207812.1,11.07,447000.0,55,7,192500,1
1784,245,20241206,77,1,1,627000.0,579000.0,48000.0,7.66,484000.0,95000.0,16.41,213755.88,22.46,579000.0,29,5,27500,1
1785,275,20260103,62,1,1,627000.0,579000.0,48000.0,7.66,484000.0,95000.0,16.41,213755.88,22.46,579000.0,29,5,27500,1
1786,574,20260701,49,1,1,528000.0,479000.0,49000.0,9.28,396000.0,83000.0,17.33,81100.8,60.42,479000.0,105,2,27500,1
1787,24,20260913,67,2,1,634000.0,599000.0,35000.0,5.52,504000.0,95000.0,15.86,140311.81,24.94,599000.0,47,3,46335,1
1788,741,20261024,97,2,1,634000.0,599000.0,35000.0,5.52,504000.0,95000.0,15.86,140311.81,24.94,599000.0,47,3,46335,1
1789,35,20250503,5,3,1,919000.0,847000.0,72000.0,7.83,717000.0,130000.0,15.35,203385.73,35.4,847000.0,70,3,197500,1
1790,584,20260217,73,3,1,919000.0,847000.0,72000.0,7.83,717000.0,130000.0,15.35,203385.73,35.4,847000.0,70,3,197500,1
1791,25,20250126,90,1,1,734000.0,697000.0,37000.0,5.04,558000.0,139000.0,19.94,357297.35,10.36,697000.0,113,8,192500,1
1792,449,20260108,75,1,1,734000.0,697000.0,37000.0,5.04,558000.0,139000.0,19.94,357297.35,10.36,697000.0,113,8,192500,1
1793,1275,20241109,12,1,1,734000.0,697000.0,37000.0,5.04,558000.0,139000.0,19.94,357297.35,10.36,697000.0,113,8,192500,1
1794,543,20261119,90,2,1,560000.0,529000.0,31000.0,5.54,455000.0,74000.0,13.99,190914.35,16.24,529000.0,41,5,176289,1
1795,85,20260923,61,1,1,760000.0,697000.0,63000.0,8.29,597000.0,100000.0,14.35,259098.04,24.32,697000.0,35,5,167500,1
1796,366,20240221,76,3,1,760000.0,697000.0,63000.0,8.29,597000.0,100000.0,14.35,259098.04,24.32,697000.0,35,5,167500,1
1797,543,20260318,76,3,1,594000.0,559000.0,35000.0,5.89,464000.0,95000.0,16.99,202505.58,17.28,559000.0,67,5,170928,1
1798,365,20251228,99,1,1,993000.0,897000.0,96000.0,9.67,721000.0,176000.0,19.62,281621.79,34.09,897000.0,48,4,157500,1
1799,369,20250218,16,3,1,993000.0,897000.0,96000.0,9.67,721000.0,176000.0,19.62,281621.79,34.09,897000.0,48,4,157500,1
1800,20,20261223,23,1,1,1172000.0,1047000.0,125000.0,10.67,901000.0,146000.0,13.94,259377.66,48.19,1047000.0,29,3,137500,1
1801,139,20250327,81,3,1,1172000.0,1047000.0,125000.0,10.67,901000.0,146000.0,13.94,259377.66,48.19,1047000.0,29,3,137500,1
1802,64,20241119,48,1,1,937000.0,829000.0,108000.0,11.53,727000.0,102000.0,12.3,207369.34,52.08,829000.0,91,3,30134,1
1803,238,20251106,72,1,1,705000.0,659000.0,46000.0,6.52,540000.0,119000.0,18.06,240347.53,19.14,659000.0,59,5,57996,1
1804,777,20240102,25,3,1,916000.0,859000.0,57000.0,6.22,709000.0,150000.0,17.46,73280.0,77.78,859000.0,88,1,15233,1
1805,460,20251004,85,2,1,487000.0,459000.0,28000.0,5.75,374000.0,85000.0,18.52,166027.3,16.86,459000.0,61,5,171535,1
1806,742,20241216,28,3,1,487000.0,459000.0,28000.0,5.75,374000.0,85000.0,18.52,166027.3,16.86,459000.0,61,5,171535,1
1807,349,20240705,37,1,1,623000.0,559000.0,64000.0,10.27,473000.0,86000.0,15.38,176687.19,36.22,559000.0,95,4,110341,1
1808,12,20261030,45,2,1,537000.0,479000.0,58000.0,10.8,389000.0,90000.0,18.79,183073.22,31.68,479000.0,31,5,54512,1
1809,334,20261004,27,3,1,537000.0,479000.0,58000.0,10.8,389000.0,90000.0,18.79,183073.22,31.68,479000.0,31,5,54512,1
1810,224,20260710,55,2,1,483000.0,459000.0,24000.0,4.97,380000.0,79000.0,17.21,190130.53,12.62,459000.0,62,6,58372,1
1811,843,20250109,79,1,1,483000.0,459000.0,24000.0,4.97,380000.0,79000.0,17.21,190130.53,12.62,459000.0,62,6,58372,1
1812,72,20261022,46,1,1,1818000.0,1590000.0,228000.0,12.54,1361000.0,229000.0,14.4,715646.61,31.86,1590000.0,94,6,146929,1
1813,778,20260409,71,1,1,590000.0,559000.0,31000.0,5.25,472000.0,87000.0,15.56,354213.95,8.75,559000.0,75,11,170393,1
1814,1073,20261218,40,1,1,590000.0,559000.0,31000.0,5.25,472000.0,87000.0,15.56,354213.95,8.75,559000.0,75,11,170393,1
1815,131,20250725,19,2,1,915000.0,829000.0,86000.0,9.4,689000.0,140000.0,16.89,259500.44,33.14,829000.0,113,4,39183,1
1816,98,20261212,39,1,1,739000.0,659000.0,80000.0,10.83,549000.0,110000.0,16.69,251938.75,31.75,659000.0,52,5,102718,1
1817,515,20261015,67,3,1,636000.0,559000.0,77000.0,12.11,472000.0,87000.0,15.56,180374.08,42.69,559000.0,91,4,13607,1
1818,1340,20260815,49,2,1,636000.0,559000.0,77000.0,12.11,472000.0,87000.0,15.56,180374.08,42.69,559000.0,91,4,13607,1
1819,779,20260705,20,2,1,739000.0,659000.0,80000.0,10.83,528000.0,131000.0,19.88,163549.57,48.91,659000.0,32,3,36840,1
1820,780,20250211,41,3,1,858000.0,759000.0,99000.0,11.54,612000.0,147000.0,19.37,68640.0,144.23,759000.0,86,1,20857,1
1821,586,20260815,47,1,1,584000.0,539000.0,45000.0,7.71,469000.0,70000.0,12.99,229888.68,19.57,539000.0,73,6,122011,1
1822,949,20240827,69,3,1,584000.0,539000.0,45000.0,7.71,469000.0,70000.0,12.99,229888.68,19.57,539000.0,73,6,122011,1
1823,360,20240326,86,3,1,361000.0,319000.0,42000.0,11.63,257000.0,62000.0,19.44,123071.57,34.13,319000.0,114,5,47500,1
1824,781,20240303,97,3,1,361000.0,319000.0,42000.0,11.63,257000.0,62000.0,19.44,123071.57,34.13,319000.0,114,5,47500,1
1825,314,20241019,4,3,1,560000.0,529000.0,31000.0,5.54,453000.0,76000.0,14.37,295589.64,10.49,529000.0,18,9,158416,1
1826,1241,20241102,4,2,1,560000.0,529000.0,31000.0,5.54,453000.0,76000.0,14.37,295589.64,10.49,529000.0,18,9,158416,1
1827,782,20250615,61,3,1,523000.0,459000.0,64000.0,12.24,401000.0,58000.0,12.64,254586.53,25.14,459000.0,16,8,100238,1
1828,783,20240723,38,3,1,1059000.0,959000.0,100000.0,9.44,788000.0,171000.0,17.83,84720.0,118.04,959000.0,50,1,25687,1
1829,879,20240605,58,2,1,1059000.0,959000.0,100000.0,9.44,788000.0,171000.0,17.83,84720.0,118.04,959000.0,50,1,25687,1
1830,60,20250911,77,1,1,972000.0,859000.0,113000.0,11.63,713000.0,146000.0,17.0,275666.04,40.99,859000.0,63,4,84729,1
1831,672,20240417,69,3,1,972000.0,859000.0,113000.0,11.63,713000.0,146000.0,17.0,275666.04,40.99,859000.0,63,4,84729,1
1832,365,20250216,94,1,6,1050000.0,959000.0,91000.0,8.67,811000.0,148000.0,15.43,297787.39,30.56,959000.0,74,4,129313,1
1833,369,20250521,81,3,6,1050000.0,959000.0,91000.0,8.67,811000.0,148000.0,15.43,297787.39,30.56,959000.0,74,4,129313,1
1834,89,20240723,83,1,1,846000.0,759000.0,87000.0,10.28,661000.0,98000.0,12.91,288417.03,30.16,759000.0,11,5,94336,1
1835,89,20240525,23,3,1,859000.0,779000.0,80000.0,9.31,682000.0,97000.0,12.45,292848.97,27.32,779000.0,13,5,60188,1
1836,604,20240904,11,3,1,628000.0,559000.0,69000.0,10.99,480000.0,79000.0,14.13,331482.66,20.82,559000.0,87,9,104328,1
1837,784,20260528,85,2,1,628000.0,559000.0,69000.0,10.99,480000.0,79000.0,14.13,331482.66,20.82,559000.0,87,9,104328,1
1838,466,20240826,87,3,1,845000.0,799000.0,46000.0,5.44,645000.0,154000.0,19.27,332630.02,13.83,799000.0,41,6,136328,1
1839,785,20250524,26,2,1,1162000.0,1100000.0,62000.0,5.34,939000.0,161000.0,14.64,178483.2,34.74,1100000.0,109,2,80959,1
1840,491,20250713,94,1,1,751000.0,699000.0,52000.0,6.92,582000.0,117000.0,16.74,212988.89,24.41,699000.0,11,4,113311,1
1841,48,20260214,9,3,1,916000.0,859000.0,57000.0,6.22,720000.0,139000.0,16.18,140697.6,40.51,859000.0,113,2,46409,1
1842,732,20251025,86,2,1,795000.0,699000.0,96000.0,12.08,562000.0,137000.0,19.6,386991.0,24.81,699000.0,73,8,20022,1
1843,53,20260613,61,3,1,492000.0,459000.0,33000.0,6.71,374000.0,85000.0,18.52,167731.89,19.67,459000.0,23,5,13989,1
1844,219,20241031,21,2,1,492000.0,429000.0,63000.0,12.8,370000.0,59000.0,13.75,75571.2,83.37,429000.0,29,2,34870,1
1845,230,20250203,9,2,1,492000.0,429000.0,63000.0,12.8,370000.0,59000.0,13.75,75571.2,83.37,429000.0,29,2,34870,1
1846,95,20260110,97,3,1,682000.0,629000.0,53000.0,7.77,526000.0,103000.0,16.38,301548.62,17.58,629000.0,98,7,60383,1
1847,20,20261204,37,3,1,1122000.0,1050000.0,72000.0,6.42,865000.0,185000.0,17.62,248312.06,29.0,1050000.0,115,3,39599,1
1848,139,20250604,26,3,1,1122000.0,1050000.0,72000.0,6.42,865000.0,185000.0,17.62,248312.06,29.0,1050000.0,115,3,39599,1
1849,20,20251112,58,2,1,1456000.0,1290000.0,166000.0,11.4,1072000.0,218000.0,16.9,322230.27,51.52,1290000.0,58,3,53938,1
1850,139,20260210,79,3,1,1456000.0,1290000.0,166000.0,11.4,1072000.0,218000.0,16.9,322230.27,51.52,1290000.0,58,3,53938,1
1851,368,20260726,84,2,1,1551000.0,1390000.0,161000.0,10.38,1207000.0,183000.0,13.17,238233.6,67.58,1390000.0,17,2,28451,1
1852,794,20251124,31,2,1,1551000.0,1390000.0,161000.0,10.38,1207000.0,183000.0,13.17,238233.6,67.58,1390000.0,17,2,28451,1
1853,20,20251128,38,1,1,1353000.0,1230000.0,123000.0,9.09,1058000.0,172000.0,13.98,299435.14,41.08,1230000.0,101,3,59474,1
1854,139,20240902,54,1,1,1353000.0,1230000.0,123000.0,9.09,1058000.0,172000.0,13.98,299435.14,41.08,1230000.0,101,3,59474,1
1855,20,20240905,64,3,1,1216000.0,1100000.0,116000.0,9.54,904000.0,196000.0,17.82,269115.39,43.1,1100000.0,72,3,55679,1
1856,139,20240507,92,3,1,1216000.0,1100000.0,116000.0,9.54,904000.0,196000.0,17.82,269115.39,43.1,1100000.0,72,3,55679,1
1857,20,20240715,27,3,1,1121000.0,999000.0,122000.0,10.88,809000.0,190000.0,19.02,248090.75,49.18,999000.0,55,3,122941,1
1858,139,20240712,43,1,1,1121000.0,999000.0,122000.0,10.88,809000.0,190000.0,19.02,248090.75,49.18,999000.0,55,3,122941,1
1859,365,20260615,1,1,1,1341000.0,1250000.0,91000.0,6.79,1025000.0,225000.0,18.0,380317.04,23.93,1250000.0,30,4,31914,1
1860,369,20240514,75,2,1,1341000.0,1250000.0,91000.0,6.79,1025000.0,225000.0,18.0,380317.04,23.93,1250000.0,30,4,31914,1
1861,85,20250508,64,3,1,919000.0,799000.0,120000.0,13.06,698000.0,101000.0,12.64,313304.08,38.3,799000.0,96,5,45978,1
1862,366,20250315,41,3,1,919000.0,799000.0,120000.0,13.06,698000.0,101000.0,12.64,313304.08,38.3,799000.0,96,5,45978,1
1863,786,20251104,49,2,1,527000.0,459000.0,68000.0,12.9,389000.0,70000.0,15.25,333239.81,20.41,459000.0,41,12,227500,1
1864,1222,20261202,85,2,1,527000.0,459000.0,68000.0,12.9,389000.0,70000.0,15.25,333239.81,20.41,459000.0,41,12,227500,1
1865,1261,20250328,68,1,1,527000.0,459000.0,68000.0,12.9,389000.0,70000.0,15.25,333239.81,20.41,459000.0,41,12,227500,1
1866,787,20260114,58,3,1,579000.0,519000.0,60000.0,10.36,437000.0,82000.0,15.8,305618.57,19.63,519000.0,17,9,112500,1
1867,543,20250821,41,2,1,598000.0,559000.0,39000.0,6.52,474000.0,85000.0,15.21,203869.25,19.13,559000.0,104,5,227500,1
1868,360,20250427,92,1,1,413000.0,369000.0,44000.0,10.65,306000.0,63000.0,17.07,140799.33,31.25,369000.0,110,5,52500,1
1869,781,20250708,28,1,1,413000.0,369000.0,44000.0,10.65,306000.0,63000.0,17.07,140799.33,31.25,369000.0,110,5,52500,1
1870,788,20250222,92,1,1,591000.0,559000.0,32000.0,5.41,483000.0,76000.0,13.6,287687.65,11.12,559000.0,25,8,147500,1
1871,390,20250206,56,1,1,1043000.0,990000.0,53000.0,5.08,833000.0,157000.0,15.86,295802.14,17.92,990000.0,49,4,67500,1
1872,707,20251128,19,1,1,1043000.0,990000.0,53000.0,5.08,833000.0,157000.0,15.86,295802.14,17.92,990000.0,49,4,67500,1
1873,95,20261222,25,3,1,784000.0,729000.0,55000.0,7.02,590000.0,139000.0,19.07,346648.26,15.87,729000.0,115,7,45539,1
1874,279,20240809,43,3,1,722000.0,659000.0,63000.0,8.73,534000.0,125000.0,18.97,284211.69,22.17,659000.0,36,6,112500,1
1875,767,20260726,62,1,1,681000.0,599000.0,82000.0,12.04,505000.0,94000.0,15.69,104601.6,78.39,599000.0,113,2,52500,1
1876,789,20250601,63,3,1,601000.0,535000.0,66000.0,10.98,468000.0,67000.0,12.52,292555.46,22.56,535000.0,114,8,137500,1
1877,690,20250829,70,1,1,179000.0,159000.0,20000.0,11.17,131000.0,28000.0,17.61,131852.54,15.17,159000.0,27,16,257500,1
1878,790,20250114,19,1,1,392000.0,359000.0,33000.0,8.42,312000.0,47000.0,13.09,279771.42,11.8,359000.0,44,15,232500,1
1879,166,20260728,55,3,1,454000.0,419000.0,35000.0,7.71,361000.0,58000.0,13.84,100475.65,34.83,419000.0,61,3,22500,1
1880,387,20251129,83,2,1,651000.0,599000.0,52000.0,7.99,491000.0,108000.0,18.03,184628.18,28.16,599000.0,24,4,102500,1
1881,791,20240926,90,1,1,757000.0,659000.0,98000.0,12.95,529000.0,130000.0,19.73,478676.54,20.47,659000.0,72,12,237500,1
1882,352,20250611,15,3,1,1528000.0,1450000.0,78000.0,5.1,1172000.0,278000.0,19.17,675610.39,11.55,1450000.0,62,7,187500,1
1883,792,20250924,19,1,1,1694000.0,1490000.0,204000.0,12.04,1279000.0,211000.0,14.16,577515.9,35.32,1490000.0,100,5,137500,1
1884,573,20250909,100,2,1,415000.0,375000.0,40000.0,9.64,306000.0,69000.0,18.4,234728.79,17.04,375000.0,90,10,127500,1
1885,1191,20240301,11,1,1,415000.0,375000.0,40000.0,9.64,306000.0,69000.0,18.4,234728.79,17.04,375000.0,90,10,127500,1
1886,542,20240731,11,1,1,629000.0,575000.0,54000.0,8.59,477000.0,98000.0,17.04,332010.5,16.26,575000.0,113,9,77500,1
1887,793,20240406,64,1,1,629000.0,575000.0,54000.0,8.59,477000.0,98000.0,17.04,332010.5,16.26,575000.0,113,9,77500,1
1888,368,20250609,62,1,1,1077000.0,959000.0,118000.0,10.96,806000.0,153000.0,15.95,165427.2,71.33,959000.0,75,2,79862,1
1889,794,20260715,96,3,1,1077000.0,959000.0,118000.0,10.96,806000.0,153000.0,15.95,165427.2,71.33,959000.0,75,2,79862,1
1890,795,20250613,72,2,1,768000.0,699000.0,69000.0,8.98,600000.0,99000.0,14.16,434389.67,15.88,699000.0,40,10,267500,1
1891,368,20260720,51,2,1,1251000.0,1100000.0,151000.0,12.07,890000.0,210000.0,19.09,192153.6,78.58,1100000.0,70,2,8342,1
1892,794,20240317,2,3,1,1251000.0,1100000.0,151000.0,12.07,890000.0,210000.0,19.09,192153.6,78.58,1100000.0,70,2,8342,1
1893,796,20250930,47,3,1,1243000.0,1090000.0,153000.0,12.31,907000.0,183000.0,16.79,423761.67,36.11,1090000.0,73,5,197500,1
1894,20,20240704,59,2,1,873000.0,799000.0,74000.0,8.48,670000.0,129000.0,16.15,193205.38,38.3,799000.0,110,3,221199,1
1895,139,20250725,76,3,1,873000.0,799000.0,74000.0,8.48,670000.0,129000.0,16.15,193205.38,38.3,799000.0,110,3,221199,1
1896,297,20260210,65,1,1,667000.0,619000.0,48000.0,7.2,522000.0,97000.0,15.67,227392.62,21.11,619000.0,114,5,112500,1
1897,797,20240819,93,1,1,1209000.0,1090000.0,119000.0,9.84,943000.0,147000.0,13.49,412170.44,28.87,1090000.0,114,5,122500,1
1898,798,20251206,79,1,1,553000.0,485000.0,68000.0,12.3,395000.0,90000.0,18.56,244510.83,27.81,485000.0,107,7,82500,1
1899,390,20260202,52,3,1,749000.0,699000.0,50000.0,6.68,604000.0,95000.0,13.59,212421.67,23.54,699000.0,43,4,137500,1
1900,707,20260915,29,3,1,749000.0,699000.0,50000.0,6.68,604000.0,95000.0,13.59,212421.67,23.54,699000.0,43,4,137500,1
1901,316,20250402,41,3,1,722000.0,649000.0,73000.0,10.11,555000.0,94000.0,14.48,246143.14,29.66,649000.0,64,5,112500,1
1902,298,20241202,49,3,1,651000.0,585000.0,66000.0,10.14,494000.0,91000.0,15.56,184628.18,35.75,585000.0,68,4,152500,1
1903,143,20240305,33,3,1,471000.0,419000.0,52000.0,11.04,359000.0,60000.0,14.32,133578.92,38.93,419000.0,12,4,152500,1
1904,350,20250801,92,3,1,471000.0,419000.0,52000.0,11.04,359000.0,60000.0,14.32,133578.92,38.93,419000.0,12,4,152500,1
1905,799,20260611,14,1,1,956000.0,899000.0,57000.0,5.96,749000.0,150000.0,16.69,325918.06,17.49,899000.0,26,5,57500,1
1906,298,20250711,33,2,1,672000.0,599000.0,73000.0,10.86,486000.0,113000.0,18.86,190583.93,38.3,599000.0,87,4,107500,1
1907,33,20250428,15,2,1,455000.0,399000.0,56000.0,12.31,340000.0,59000.0,14.79,273164.99,20.5,399000.0,87,11,187500,1
1908,225,20261207,23,3,1,661000.0,619000.0,42000.0,6.35,521000.0,98000.0,15.83,187464.25,22.4,619000.0,55,4,67500,1
1909,800,20260710,60,1,1,922000.0,859000.0,63000.0,6.83,731000.0,128000.0,14.9,448812.2,14.04,859000.0,47,8,82500,1
1910,45,20251128,83,2,1,728000.0,635000.0,93000.0,12.77,525000.0,110000.0,17.32,321887.67,28.89,635000.0,44,7,137500,1
1911,554,20241210,6,2,1,811000.0,759000.0,52000.0,6.41,662000.0,97000.0,12.78,179484.03,28.97,759000.0,10,3,147500,1
1912,259,20241219,27,3,1,1021000.0,899000.0,122000.0,11.95,761000.0,138000.0,15.35,289562.79,42.13,899000.0,38,4,127500,1
1913,225,20260820,12,1,1,742000.0,675000.0,67000.0,9.03,545000.0,130000.0,19.26,210436.42,31.84,675000.0,13,4,112500,1
1914,703,20241108,91,2,1,966000.0,899000.0,67000.0,6.94,752000.0,147000.0,16.35,380261.07,17.62,899000.0,70,6,117500,1
1915,1444,20261117,43,3,1,966000.0,899000.0,67000.0,6.94,752000.0,147000.0,16.35,380261.07,17.62,899000.0,70,6,117500,1
1916,801,20250517,55,3,1,522000.0,459000.0,63000.0,12.07,395000.0,64000.0,13.94,345431.89,18.24,459000.0,106,13,162500,1
1917,678,20260219,25,1,1,1084000.0,990000.0,94000.0,8.67,855000.0,135000.0,13.64,572177.08,16.43,990000.0,26,9,177500,1
1918,802,20240821,45,2,1,1084000.0,990000.0,94000.0,8.67,855000.0,135000.0,13.64,572177.08,16.43,990000.0,26,9,177500,1
1919,746,20251021,84,3,1,1201000.0,1090000.0,111000.0,9.24,915000.0,175000.0,16.06,265795.71,41.76,1090000.0,37,3,82500,1
1920,803,20250109,65,2,1,1201000.0,1090000.0,111000.0,9.24,915000.0,175000.0,16.06,265795.71,41.76,1090000.0,37,3,82500,1
1921,158,20261231,94,1,1,455000.0,419000.0,36000.0,7.91,365000.0,54000.0,12.89,201179.8,17.89,419000.0,59,7,127500,1
1922,259,20250930,74,1,1,953000.0,859000.0,94000.0,9.86,706000.0,153000.0,17.81,270277.51,34.78,859000.0,99,4,57500,1
1923,804,20260905,8,1,1,400000.0,375000.0,25000.0,6.25,312000.0,63000.0,16.8,211135.45,11.84,375000.0,17,9,127500,1
1924,735,20260416,10,1,1,936000.0,859000.0,77000.0,8.23,749000.0,110000.0,12.81,368451.72,20.9,859000.0,43,6,92500,1
1925,297,20250803,49,1,1,687000.0,599000.0,88000.0,12.81,522000.0,77000.0,12.85,234210.99,37.57,599000.0,68,5,137500,1
1926,347,20250901,64,1,1,720000.0,669000.0,51000.0,7.08,572000.0,97000.0,14.5,245461.3,20.78,669000.0,27,5,102500,1
1927,406,20250929,93,1,10,735000.0,659000.0,76000.0,10.34,572000.0,87000.0,13.2,357784.13,21.24,659000.0,104,8,127500,1
1928,123,20250714,13,2,1,930000.0,859000.0,71000.0,7.63,693000.0,166000.0,19.32,205820.16,34.5,859000.0,68,3,51735,1
1929,376,20240505,9,3,1,930000.0,859000.0,71000.0,7.63,693000.0,166000.0,19.32,205820.16,34.5,859000.0,68,3,51735,1
1930,710,20260515,84,1,1,930000.0,859000.0,71000.0,7.63,693000.0,166000.0,19.32,205820.16,34.5,859000.0,68,3,51735,1
1931,128,20240923,92,3,1,901000.0,799000.0,102000.0,11.32,694000.0,105000.0,13.14,255529.94,39.92,799000.0,36,4,40378,1
1932,374,20261010,89,3,1,901000.0,799000.0,102000.0,11.32,694000.0,105000.0,13.14,255529.94,39.92,799000.0,36,4,40378,1
1933,1320,20251017,85,3,1,901000.0,799000.0,102000.0,11.32,694000.0,105000.0,13.14,255529.94,39.92,799000.0,36,4,40378,1
1934,128,20240716,77,3,1,881000.0,829000.0,52000.0,5.9,684000.0,145000.0,17.49,249857.8,20.81,829000.0,25,4,97250,1
1935,374,20240829,21,1,1,881000.0,829000.0,52000.0,5.9,684000.0,145000.0,17.49,249857.8,20.81,829000.0,25,4,97250,1
1936,1320,20261009,13,3,1,881000.0,829000.0,52000.0,5.9,684000.0,145000.0,17.49,249857.8,20.81,829000.0,25,4,97250,1
1937,375,20250105,77,3,1,1031000.0,899000.0,132000.0,12.8,732000.0,167000.0,18.58,158361.6,83.35,899000.0,19,2,27434,1
1938,775,20250927,12,1,1,415000.0,379000.0,36000.0,8.67,310000.0,69000.0,18.21,141481.17,25.45,379000.0,113,5,92592,1
1939,805,20260818,64,1,1,415000.0,379000.0,36000.0,8.67,310000.0,69000.0,18.21,141481.17,25.45,379000.0,113,5,92592,1
1940,806,20251227,16,2,1,750000.0,699000.0,51000.0,6.8,583000.0,116000.0,16.6,60000.0,85.0,699000.0,85,1,36,1
1941,807,20240411,79,3,1,559000.0,529000.0,30000.0,5.37,434000.0,95000.0,17.96,295061.8,10.17,529000.0,31,9,163105,1
1942,605,20260622,85,2,1,810000.0,759000.0,51000.0,6.3,627000.0,132000.0,17.39,358144.25,14.24,759000.0,25,7,152299,1
1943,808,20261228,37,1,1,1267000.0,1150000.0,117000.0,9.23,932000.0,218000.0,18.96,280402.3,41.73,1150000.0,21,3,77924,1
1944,809,20241106,99,2,1,974000.0,899000.0,75000.0,7.7,741000.0,158000.0,17.58,276233.26,27.15,899000.0,84,4,119455,1
1945,896,20260321,94,2,1,974000.0,899000.0,75000.0,7.7,741000.0,158000.0,17.58,276233.26,27.15,899000.0,84,4,119455,1
1946,810,20250825,36,2,1,1018000.0,899000.0,119000.0,11.69,760000.0,139000.0,15.46,495543.19,24.01,899000.0,93,8,131822,1
1947,381,20240430,81,3,1,1585000.0,1450000.0,135000.0,8.52,1211000.0,239000.0,16.48,350779.52,38.49,1450000.0,60,3,135949,1
1948,750,20250522,40,2,1,1387000.0,1290000.0,97000.0,6.99,1068000.0,222000.0,17.21,472853.93,20.51,1290000.0,10,5,117461,1
1949,811,20261006,63,3,1,1387000.0,1290000.0,97000.0,6.99,1068000.0,222000.0,17.21,472853.93,20.51,1290000.0,10,5,117461,1
1950,812,20241003,68,2,1,1223000.0,1100000.0,123000.0,10.06,946000.0,154000.0,14.0,416943.3,29.5,1100000.0,36,5,99360,1
1951,605,20240623,46,1,1,918000.0,819000.0,99000.0,10.78,714000.0,105000.0,12.82,405896.82,24.39,819000.0,76,7,57500,1
1952,797,20240709,28,3,1,1269000.0,1190000.0,79000.0,6.23,1024000.0,166000.0,13.95,432625.55,18.26,1190000.0,21,5,107500,1
1953,813,20240619,75,2,1,1440000.0,1350000.0,90000.0,6.25,1116000.0,234000.0,17.33,115200.0,78.12,1350000.0,39,1,22500,1
1954,390,20250224,60,2,1,1148000.0,1090000.0,58000.0,5.05,937000.0,153000.0,14.04,325580.88,17.81,1090000.0,18,4,22500,1
1955,707,20240729,91,3,1,1148000.0,1090000.0,58000.0,5.05,937000.0,153000.0,14.04,325580.88,17.81,1090000.0,18,4,22500,1
1956,251,20260908,63,1,1,785000.0,699000.0,86000.0,10.96,568000.0,131000.0,18.74,414353.33,20.76,699000.0,62,9,182500,1
1957,745,20241118,73,3,1,1182000.0,1059000.0,123000.0,10.41,858000.0,201000.0,18.98,335223.52,36.69,1059000.0,70,4,57500,1
1958,408,20251027,33,2,1,438000.0,399000.0,39000.0,8.9,330000.0,69000.0,17.29,247737.86,15.74,399000.0,63,10,137500,1
1959,814,20240311,11,2,1,1010000.0,890000.0,120000.0,11.88,770000.0,120000.0,13.48,446574.93,26.87,890000.0,46,7,127500,1
1960,815,20250108,100,1,1,2024000.0,1790000.0,234000.0,11.56,1467000.0,323000.0,18.04,796737.48,29.37,1790000.0,74,6,127500,1
1961,762,20260328,24,1,1,886000.0,799000.0,87000.0,9.82,643000.0,156000.0,19.52,348769.47,24.94,799000.0,51,6,157500,1
1962,586,20260612,57,1,1,601000.0,529000.0,72000.0,11.98,429000.0,100000.0,18.9,236580.64,30.43,529000.0,58,6,59019,1
1963,949,20250107,32,3,1,601000.0,529000.0,72000.0,11.98,429000.0,100000.0,18.9,236580.64,30.43,529000.0,58,6,59019,1
1964,816,20260317,83,2,1,748000.0,699000.0,49000.0,6.55,607000.0,92000.0,13.16,566743.05,8.65,699000.0,13,17,78284,1
1965,257,20240501,66,3,1,1051000.0,990000.0,61000.0,5.8,842000.0,148000.0,14.95,232598.91,26.23,990000.0,73,3,37500,1
1966,817,20251102,63,1,1,1051000.0,990000.0,61000.0,5.8,842000.0,148000.0,14.95,232598.91,26.23,990000.0,73,3,37500,1
1967,814,20241220,85,2,1,959000.0,890000.0,69000.0,7.19,730000.0,160000.0,17.98,424025.11,16.27,890000.0,88,7,127500,1
1968,799,20260922,75,3,1,949000.0,899000.0,50000.0,5.27,759000.0,140000.0,15.57,323531.63,15.45,899000.0,60,5,67500,1
1969,818,20260724,45,3,1,314000.0,285000.0,29000.0,9.24,240000.0,45000.0,15.79,231294.41,12.54,285000.0,100,16,137500,1
1970,3,20240502,91,3,1,1247000.0,1090000.0,157000.0,12.59,929000.0,161000.0,14.77,99760.0,157.38,1090000.0,81,1,32500,1
1971,819,20240617,84,3,1,442000.0,419000.0,23000.0,5.2,343000.0,76000.0,18.14,315456.55,7.29,419000.0,69,15,282500,1
1972,820,20240423,15,2,1,1019000.0,959000.0,60000.0,5.89,834000.0,125000.0,13.03,288995.57,20.76,959000.0,96,4,109953,1
1973,863,20260319,63,3,1,1019000.0,959000.0,60000.0,5.89,834000.0,125000.0,13.03,288995.57,20.76,959000.0,96,4,109953,1
1974,821,20250618,48,2,1,985000.0,899000.0,86000.0,8.73,741000.0,158000.0,17.58,335804.7,25.61,899000.0,88,5,82500,1
1975,822,20250614,5,2,1,753000.0,659000.0,94000.0,12.48,564000.0,95000.0,14.42,332941.51,28.23,659000.0,100,7,147500,1
1976,316,20240220,80,3,1,605000.0,559000.0,46000.0,7.6,448000.0,111000.0,19.86,206255.68,22.3,559000.0,40,5,152500,1
1977,703,20261206,68,2,1,879000.0,799000.0,80000.0,9.1,663000.0,136000.0,17.02,346013.95,23.12,799000.0,112,6,135723,1
1978,1444,20261107,31,3,1,879000.0,799000.0,80000.0,9.1,663000.0,136000.0,17.02,346013.95,23.12,799000.0,112,6,135723,1
1979,210,20240201,93,1,1,979000.0,929000.0,50000.0,5.11,769000.0,160000.0,17.22,333759.19,14.98,929000.0,81,5,96994,1
1980,823,20260901,63,3,1,979000.0,929000.0,50000.0,5.11,769000.0,160000.0,17.22,333759.19,14.98,929000.0,81,5,96994,1
1981,824,20260815,40,2,1,851000.0,799000.0,52000.0,6.11,674000.0,125000.0,15.64,290121.62,17.92,799000.0,103,5,79180,1
1982,825,20250224,62,2,1,2516000.0,2190000.0,326000.0,12.96,1765000.0,425000.0,19.41,386457.6,84.36,2190000.0,67,2,5615,1
1983,332,20250227,68,1,10,435000.0,379000.0,56000.0,12.87,327000.0,52000.0,13.72,211749.79,26.45,379000.0,115,8,77500,1
1984,772,20260630,69,3,10,435000.0,379000.0,56000.0,12.87,327000.0,52000.0,13.72,211749.79,26.45,379000.0,115,8,77500,1
1985,826,20240715,52,1,1,1250000.0,1190000.0,60000.0,4.8,973000.0,217000.0,18.24,276640.0,21.69,1190000.0,91,3,53949,1
1986,1165,20250110,94,3,1,1250000.0,1190000.0,60000.0,4.8,973000.0,217000.0,18.24,276640.0,21.69,1190000.0,91,3,53949,1
1987,827,20240518,68,1,1,3765000.0,3288000.0,477000.0,12.67,2808000.0,480000.0,14.6,2129527.47,22.4,3288000.0,13,10,60000,1
1988,828,20240922,71,3,1,1001000.0,899000.0,102000.0,10.19,777000.0,122000.0,13.57,528366.48,19.3,899000.0,116,9,120000,1
1989,419,20250904,25,1,1,2828000.0,2488000.0,340000.0,12.02,2102000.0,386000.0,15.51,964117.45,35.27,2488000.0,31,5,156000,1
1990,352,20260906,78,3,1,2068000.0,1888000.0,180000.0,8.7,1622000.0,266000.0,14.09,914373.23,19.69,1888000.0,12,7,147000,1
1991,829,20260418,60,1,1,545000.0,495000.0,50000.0,9.17,422000.0,73000.0,14.75,185800.57,26.91,495000.0,88,5,187500,1
1992,930,20261025,40,1,1,545000.0,495000.0,50000.0,9.17,422000.0,73000.0,14.75,185800.57,26.91,495000.0,88,5,187500,1
1993,830,20250301,41,2,1,415000.0,378000.0,37000.0,8.92,313000.0,65000.0,17.2,163362.67,22.65,378000.0,108,6,72500,1
1994,27,20260625,93,2,1,400000.0,358000.0,42000.0,10.5,310000.0,48000.0,13.41,157458.0,26.67,358000.0,56,6,282500,1
1995,168,20260915,36,2,1,400000.0,358000.0,42000.0,10.5,310000.0,48000.0,13.41,157458.0,26.67,358000.0,56,6,282500,1
1996,219,20240715,59,1,1,464000.0,436000.0,28000.0,6.03,359000.0,77000.0,17.66,71270.4,39.29,436000.0,47,2,92500,1
1997,230,20241124,42,3,1,464000.0,436000.0,28000.0,6.03,359000.0,77000.0,17.66,71270.4,39.29,436000.0,47,2,92500,1
1998,831,20250219,99,1,1,657000.0,624000.0,33000.0,5.02,528000.0,96000.0,15.38,415443.18,7.94,624000.0,42,12,132500,1
1999,661,20260723,11,3,1,279000.0,258000.0,21000.0,7.53,222000.0,36000.0,13.95,184627.39,11.37,258000.0,87,13,561396,1
2000,1415,20251225,28,1,1,279000.0,258000.0,21000.0,7.53,222000.0,36000.0,13.95,184627.39,11.37,258000.0,87,13,561396,1
2001,426,20240522,15,1,1,633000.0,565000.0,68000.0,10.74,469000.0,96000.0,16.99,358032.11,18.99,565000.0,57,10,137500,1
2002,291,20250426,15,2,1,534000.0,499000.0,35000.0,6.55,411000.0,88000.0,17.64,302036.57,11.59,499000.0,74,10,137500,1
2003,832,20261219,82,3,1,496000.0,444000.0,52000.0,10.48,372000.0,72000.0,16.22,261807.96,19.86,444000.0,35,9,82500,1
2004,1403,20250312,61,1,1,496000.0,444000.0,52000.0,10.48,372000.0,72000.0,16.22,261807.96,19.86,444000.0,35,9,82500,1
2005,588,20260907,2,2,1,686000.0,598000.0,88000.0,12.83,518000.0,80000.0,13.38,270040.47,32.59,598000.0,17,6,207500,1
2006,833,20251108,30,3,1,154000.0,145000.0,9000.0,5.84,127000.0,18000.0,12.41,97379.38,9.24,145000.0,59,12,162500,1
2007,140,20240422,73,3,1,430000.0,385000.0,45000.0,10.47,325000.0,60000.0,15.58,190125.96,23.67,385000.0,89,7,187500,1
2008,834,20240210,14,3,1,430000.0,385000.0,45000.0,10.47,325000.0,60000.0,15.58,190125.96,23.67,385000.0,89,7,187500,1
2009,399,20260101,6,3,1,721000.0,659000.0,62000.0,8.6,562000.0,97000.0,14.72,380571.66,16.29,659000.0,47,9,157500,1
2010,461,20250121,27,1,1,721000.0,659000.0,62000.0,8.6,562000.0,97000.0,14.72,380571.66,16.29,659000.0,47,9,157500,1
2011,162,20240711,60,2,1,267000.0,235000.0,32000.0,11.99,205000.0,30000.0,12.77,160296.82,19.96,235000.0,19,11,292500,1
2012,1170,20240616,37,1,1,267000.0,235000.0,32000.0,11.99,205000.0,30000.0,12.77,160296.82,19.96,235000.0,19,11,292500,1
2013,835,20240730,97,2,1,272000.0,255000.0,17000.0,6.25,206000.0,49000.0,19.22,171994.74,9.88,255000.0,51,12,212500,1
2014,296,20240310,79,1,1,469000.0,419000.0,50000.0,10.66,343000.0,76000.0,18.14,228300.35,21.9,419000.0,46,8,162500,1
2015,673,20260407,74,1,1,469000.0,419000.0,50000.0,10.66,343000.0,76000.0,18.14,228300.35,21.9,419000.0,46,8,162500,1
2016,332,20260127,4,2,1,486000.0,429000.0,57000.0,11.73,368000.0,61000.0,14.22,236575.63,24.09,429000.0,35,8,207500,1
2017,772,20261130,93,2,1,486000.0,429000.0,57000.0,11.73,368000.0,61000.0,14.22,236575.63,24.09,429000.0,35,8,207500,1
2018,700,20240531,2,3,1,445000.0,389000.0,56000.0,12.58,337000.0,52000.0,13.37,196758.26,28.46,389000.0,101,7,77500,1
2019,151,20241108,32,2,1,413000.0,369000.0,44000.0,10.65,320000.0,49000.0,13.28,201040.61,21.89,369000.0,21,8,152500,1
2020,408,20250913,46,2,1,373000.0,339000.0,34000.0,9.12,282000.0,57000.0,16.81,210973.11,16.12,339000.0,93,10,212500,1
2021,836,20260524,6,3,1,399000.0,359000.0,40000.0,10.03,290000.0,69000.0,19.22,61286.4,65.27,359000.0,58,2,67500,1
2022,516,20260320,75,1,1,396000.0,348000.0,48000.0,12.12,291000.0,57000.0,16.38,175092.75,27.41,348000.0,23,7,92500,1
2023,525,20240324,25,1,1,371000.0,335000.0,36000.0,9.7,274000.0,61000.0,18.21,180595.8,19.93,335000.0,55,8,117500,1
2024,159,20250424,65,3,1,177000.0,168000.0,9000.0,5.08,138000.0,30000.0,17.86,93427.44,9.63,168000.0,44,9,152500,1
2025,837,20240109,18,2,1,227000.0,199000.0,28000.0,12.33,171000.0,28000.0,14.07,128393.82,21.81,199000.0,38,10,262500,1
2026,129,20260202,67,3,1,368000.0,329000.0,39000.0,10.6,265000.0,64000.0,19.45,162712.45,23.97,329000.0,21,7,122500,1
2027,204,20250829,90,1,1,368000.0,329000.0,39000.0,10.6,265000.0,64000.0,19.45,162712.45,23.97,329000.0,21,7,122500,1
2028,838,20251028,77,3,1,390000.0,349000.0,41000.0,10.51,302000.0,47000.0,13.47,246610.11,16.63,349000.0,91,12,182500,1
2029,11,20251023,75,2,34,781000.0,729000.0,52000.0,6.66,608000.0,121000.0,16.6,172844.67,30.08,729000.0,53,3,67500,1
2030,264,20250511,5,3,34,781000.0,729000.0,52000.0,6.66,608000.0,121000.0,16.6,172844.67,30.08,729000.0,53,3,67500,1
2031,40,20250306,5,3,1,535000.0,479000.0,56000.0,10.47,406000.0,73000.0,15.24,236552.07,23.67,479000.0,75,7,2500,1
2032,986,20260115,6,3,1,535000.0,479000.0,56000.0,10.47,406000.0,73000.0,15.24,236552.07,23.67,479000.0,75,7,2500,1
2033,839,20260726,12,1,1,380000.0,349000.0,31000.0,8.16,282000.0,67000.0,19.2,228137.8,13.59,349000.0,11,11,200000,1
2034,5,20240915,69,3,1,17608000.0,15790000.0,1818000.0,10.32,13058000.0,2732000.0,17.3,9959288.1,18.25,15790000.0,68,10,22500,1
2035,840,20250529,1,2,1,634000.0,598000.0,36000.0,5.68,483000.0,115000.0,19.23,593534.25,6.07,598000.0,26,33,2500,1
2036,841,20250516,9,1,1,2109000.0,1890000.0,219000.0,10.38,1657000.0,233000.0,12.33,1974390.76,11.09,1890000.0,19,33,22500,1
2037,842,20241027,59,1,1,1253000.0,1090000.0,163000.0,13.01,942000.0,148000.0,13.58,1097171.55,14.86,1090000.0,27,25,2500,1
2038,297,20240206,4,1,1,546000.0,518000.0,28000.0,5.13,433000.0,85000.0,16.41,186141.49,15.04,518000.0,31,5,97500,1
2039,224,20240420,10,2,1,596000.0,519000.0,77000.0,12.92,424000.0,95000.0,18.3,234612.42,32.82,519000.0,92,6,122500,1
2040,843,20260512,53,2,1,596000.0,519000.0,77000.0,12.92,424000.0,95000.0,18.3,234612.42,32.82,519000.0,92,6,122500,1
2041,844,20240509,77,3,1,435000.0,399000.0,36000.0,8.28,349000.0,50000.0,12.53,246041.02,14.63,399000.0,67,10,92500,1
2042,1075,20240403,15,1,1,435000.0,399000.0,36000.0,8.28,349000.0,50000.0,12.53,246041.02,14.63,399000.0,67,10,92500,1
2043,199,20250823,36,2,1,511000.0,449000.0,62000.0,12.13,372000.0,77000.0,17.15,78489.6,78.99,449000.0,62,2,42500,1
2044,572,20250423,83,2,1,511000.0,449000.0,62000.0,12.13,372000.0,77000.0,17.15,78489.6,78.99,449000.0,62,2,42500,1
2045,292,20261118,63,1,1,540000.0,479000.0,61000.0,11.3,389000.0,90000.0,18.79,305430.23,19.97,479000.0,10,10,145458,1
2046,237,20261103,28,3,1,419000.0,379000.0,40000.0,9.55,320000.0,59000.0,15.57,118831.35,33.66,379000.0,97,4,75428,1
2047,765,20260206,54,2,1,482000.0,429000.0,53000.0,11.0,376000.0,53000.0,12.35,213117.94,24.87,429000.0,70,7,150959,1
2048,845,20240515,35,2,1,482000.0,429000.0,53000.0,11.0,376000.0,53000.0,12.35,213117.94,24.87,429000.0,70,7,150959,1
2049,1376,20261202,8,1,1,482000.0,429000.0,53000.0,11.0,376000.0,53000.0,12.35,213117.94,24.87,429000.0,70,7,150959,1
2050,62,20240206,22,1,1,386000.0,339000.0,47000.0,12.18,271000.0,68000.0,20.06,131594.53,35.72,339000.0,109,5,87500,1
2051,11,20240629,33,2,1,708000.0,649000.0,59000.0,8.33,532000.0,117000.0,18.03,156688.9,37.65,649000.0,98,3,87500,1
2052,264,20250811,32,2,1,708000.0,649000.0,59000.0,8.33,532000.0,117000.0,18.03,156688.9,37.65,649000.0,98,3,87500,1
2053,333,20250706,68,2,6,486000.0,449000.0,37000.0,7.61,393000.0,56000.0,12.47,165686.38,22.33,449000.0,109,5,156335,1
2054,734,20240527,91,1,6,486000.0,449000.0,37000.0,7.61,393000.0,56000.0,12.47,165686.38,22.33,449000.0,109,5,156335,1
2055,574,20240702,82,1,5,457000.0,409000.0,48000.0,10.5,333000.0,76000.0,18.58,70195.2,68.38,409000.0,40,2,12500,1
2056,42,20260630,92,1,6,677000.0,599000.0,78000.0,11.52,485000.0,114000.0,19.03,329550.82,23.67,599000.0,40,8,177500,1
2057,11,20240720,44,2,4,731000.0,649000.0,82000.0,11.22,549000.0,100000.0,15.41,161779.07,50.69,649000.0,75,3,102500,1
2058,264,20240601,8,1,4,731000.0,649000.0,82000.0,11.22,549000.0,100000.0,15.41,161779.07,50.69,649000.0,75,3,102500,1
2059,11,20261226,57,3,4,1016000.0,899000.0,117000.0,11.52,781000.0,118000.0,13.13,224852.99,52.03,899000.0,28,3,67500,1
2060,264,20251002,11,1,4,1016000.0,899000.0,117000.0,11.52,781000.0,118000.0,13.13,224852.99,52.03,899000.0,28,3,67500,1
2061,54,20240828,86,3,2,294000.0,269000.0,25000.0,8.5,225000.0,44000.0,16.36,155184.56,16.11,269000.0,62,9,171497,1
2062,16,20241107,49,1,4,723000.0,639000.0,84000.0,11.62,562000.0,77000.0,12.05,57840.0,145.23,639000.0,85,1,42500,1
2063,749,20251001,62,3,1,726000.0,684000.0,42000.0,5.79,584000.0,100000.0,14.62,321003.37,13.08,684000.0,83,7,152500,1
2064,17,20240927,1,1,4,628000.0,569000.0,59000.0,9.39,459000.0,110000.0,19.33,247209.06,23.87,569000.0,104,6,87500,1
2065,114,20260129,97,2,4,628000.0,569000.0,59000.0,9.39,459000.0,110000.0,19.33,247209.06,23.87,569000.0,104,6,87500,1
2066,570,20260902,21,1,4,629000.0,599000.0,30000.0,4.77,527000.0,72000.0,12.02,214437.72,13.99,599000.0,118,5,92500,1
2067,763,20250809,38,2,4,629000.0,599000.0,30000.0,4.77,527000.0,72000.0,12.02,214437.72,13.99,599000.0,118,5,92500,1
2068,45,20240711,83,1,4,778000.0,719000.0,59000.0,7.58,599000.0,120000.0,16.69,343995.34,17.15,719000.0,31,7,142500,1
2069,36,20240323,35,2,4,803000.0,739000.0,64000.0,7.97,608000.0,131000.0,17.73,316096.93,20.25,739000.0,32,6,147500,1
2070,553,20250412,41,3,4,827000.0,759000.0,68000.0,8.22,641000.0,118000.0,15.55,402567.99,16.89,759000.0,96,8,107500,1
2071,846,20260213,58,2,4,693000.0,619000.0,74000.0,10.68,510000.0,109000.0,17.61,272795.98,27.13,619000.0,24,6,82500,1
2072,1348,20250512,62,2,4,693000.0,619000.0,74000.0,10.68,510000.0,109000.0,17.61,272795.98,27.13,619000.0,24,6,82500,1
2073,88,20260405,70,2,4,587000.0,539000.0,48000.0,8.18,435000.0,104000.0,19.29,259544.05,18.49,539000.0,35,7,112500,1
2074,535,20241107,79,3,4,587000.0,539000.0,48000.0,8.18,435000.0,104000.0,19.29,259544.05,18.49,539000.0,35,7,112500,1
2075,266,20250618,24,2,4,459000.0,419000.0,40000.0,8.71,335000.0,84000.0,20.05,180683.05,22.14,419000.0,12,6,137500,1
2076,847,20240710,33,2,4,459000.0,419000.0,40000.0,8.71,335000.0,84000.0,20.05,180683.05,22.14,419000.0,12,6,137500,1
2077,586,20250428,89,2,4,632000.0,589000.0,43000.0,6.8,492000.0,97000.0,16.47,248783.64,17.28,589000.0,96,6,82500,1
2078,949,20240616,74,1,4,632000.0,589000.0,43000.0,6.8,492000.0,97000.0,16.47,248783.64,17.28,589000.0,96,6,82500,1
2079,848,20250828,13,1,4,195000.0,179000.0,16000.0,8.21,155000.0,24000.0,13.41,117070.71,13.67,179000.0,29,11,92500,1
2080,24,20260804,64,3,9,793000.0,739000.0,54000.0,6.81,625000.0,114000.0,15.43,175500.42,30.77,739000.0,118,3,92500,1
2081,741,20260517,93,2,9,793000.0,739000.0,54000.0,6.81,625000.0,114000.0,15.43,175500.42,30.77,739000.0,118,3,92500,1
2082,173,20240416,41,2,9,528000.0,499000.0,29000.0,5.49,439000.0,60000.0,12.02,149744.52,19.37,499000.0,49,4,57500,1
2083,128,20261009,1,1,9,610000.0,549000.0,61000.0,10.0,452000.0,97000.0,17.67,173000.29,35.26,549000.0,48,4,47500,1
2084,374,20260105,74,2,9,610000.0,549000.0,61000.0,10.0,452000.0,97000.0,17.67,173000.29,35.26,549000.0,48,4,47500,1
2085,1320,20260313,98,3,9,610000.0,549000.0,61000.0,10.0,452000.0,97000.0,17.67,173000.29,35.26,549000.0,48,4,47500,1
2086,359,20251019,100,3,9,1441000.0,1290000.0,151000.0,10.48,1061000.0,229000.0,17.75,318910.59,47.35,1290000.0,81,3,42500,1
2087,19,20240130,41,2,9,617000.0,555000.0,62000.0,10.05,451000.0,104000.0,18.74,242878.96,25.53,555000.0,27,6,97500,1
2088,377,20241108,37,2,9,617000.0,555000.0,62000.0,10.05,451000.0,104000.0,18.74,242878.96,25.53,555000.0,27,6,97500,1
2089,1389,20250614,80,3,9,617000.0,555000.0,62000.0,10.05,451000.0,104000.0,18.74,242878.96,25.53,555000.0,27,6,97500,1
2090,849,20241016,71,1,1,1195000.0,1090000.0,105000.0,8.79,886000.0,204000.0,18.72,338910.41,30.98,1090000.0,50,4,57500,1
2091,850,20260618,83,3,10,532000.0,489000.0,43000.0,8.08,402000.0,87000.0,17.79,209419.14,20.53,489000.0,79,6,97500,1
2092,1225,20240124,50,2,10,532000.0,489000.0,43000.0,8.08,402000.0,87000.0,17.79,209419.14,20.53,489000.0,79,6,97500,1
2093,851,20261230,27,2,1,272000.0,239000.0,33000.0,12.13,206000.0,33000.0,13.81,143572.11,22.98,239000.0,36,9,117500,1
2094,1007,20250815,63,3,1,272000.0,239000.0,33000.0,12.13,206000.0,33000.0,13.81,143572.11,22.98,239000.0,36,9,117500,1
2095,852,20250501,39,2,1,175000.0,159000.0,16000.0,9.14,139000.0,20000.0,12.58,120541.25,13.27,159000.0,109,14,62500,1
2096,808,20250104,9,2,1,1636000.0,1490000.0,146000.0,8.92,1308000.0,182000.0,12.21,362066.43,40.32,1490000.0,24,3,62500,1
2097,85,20241006,54,2,1,607000.0,577000.0,30000.0,4.94,472000.0,105000.0,18.2,206937.52,14.5,577000.0,46,5,82500,1
2098,366,20250611,4,3,1,607000.0,577000.0,30000.0,4.94,472000.0,105000.0,18.2,206937.52,14.5,577000.0,46,5,82500,1
2099,153,20240323,9,3,1,474000.0,437000.0,37000.0,7.81,380000.0,57000.0,13.04,284571.88,13.0,437000.0,67,11,248344,1
2100,853,20241129,74,1,1,474000.0,437000.0,37000.0,7.81,380000.0,57000.0,13.04,284571.88,13.0,437000.0,67,11,248344,1
2101,63,20260117,70,1,1,401000.0,369000.0,32000.0,7.98,305000.0,64000.0,17.34,177303.51,18.05,369000.0,14,7,8392,1
2102,1487,20260909,94,3,1,401000.0,369000.0,32000.0,7.98,305000.0,64000.0,17.34,177303.51,18.05,369000.0,14,7,8392,1
2103,435,20260714,52,2,1,795000.0,729000.0,66000.0,8.3,590000.0,139000.0,19.07,386991.0,17.05,729000.0,112,8,197500,1
2104,42,20250720,100,2,1,586000.0,529000.0,57000.0,9.73,460000.0,69000.0,13.04,285253.74,19.98,529000.0,82,8,147500,1
2105,626,20251027,37,2,25,440000.0,399000.0,41000.0,9.32,340000.0,59000.0,14.79,314029.14,13.06,399000.0,16,15,172500,1
2106,176,20261231,73,2,25,554000.0,499000.0,55000.0,9.93,406000.0,93000.0,18.64,292422.6,18.81,499000.0,50,9,62500,1
2107,1366,20250820,40,3,25,554000.0,499000.0,55000.0,9.93,406000.0,93000.0,18.64,292422.6,18.81,499000.0,50,9,62500,1
2108,325,20250422,65,3,25,787000.0,699000.0,88000.0,11.18,583000.0,116000.0,16.6,383096.75,22.97,699000.0,93,8,162500,1
2109,854,20240712,99,1,25,787000.0,699000.0,88000.0,11.18,583000.0,116000.0,16.6,383096.75,22.97,699000.0,93,8,162500,1
2110,670,20250811,15,1,25,678000.0,599000.0,79000.0,11.65,493000.0,106000.0,17.7,383484.63,20.6,599000.0,19,10,147500,1
2111,1386,20251001,99,1,25,678000.0,599000.0,79000.0,11.65,493000.0,106000.0,17.7,383484.63,20.6,599000.0,19,10,147500,1
2112,7,20250831,90,2,25,1042000.0,929000.0,113000.0,10.84,798000.0,131000.0,14.1,355237.05,31.81,929000.0,71,5,72500,1
2113,435,20261130,51,2,25,1030000.0,899000.0,131000.0,12.72,752000.0,147000.0,16.35,501384.56,26.13,899000.0,35,8,117500,1
2114,484,20250827,3,2,1,2313000.0,2199000.0,114000.0,4.93,1933000.0,266000.0,12.1,511894.66,22.27,2199000.0,77,3,37500,1
2115,484,20250419,48,2,1,2235000.0,2090000.0,145000.0,6.49,1681000.0,409000.0,19.57,494632.32,29.31,2090000.0,111,3,62500,1
2116,368,20261128,28,1,1,1050000.0,999000.0,51000.0,4.86,828000.0,171000.0,17.12,161280.0,31.62,999000.0,33,2,77500,1
2117,794,20240523,63,1,1,1050000.0,999000.0,51000.0,4.86,828000.0,171000.0,17.12,161280.0,31.62,999000.0,33,2,77500,1
2118,97,20260915,50,3,1,1671000.0,1499000.0,172000.0,10.29,1257000.0,242000.0,16.14,256665.6,67.01,1499000.0,87,2,52500,1
2119,288,20250630,79,3,1,1435000.0,1259000.0,176000.0,12.26,1058000.0,201000.0,15.97,861520.36,20.43,1259000.0,50,11,227500,1
2120,855,20260730,5,1,1,1030000.0,959000.0,71000.0,6.89,791000.0,168000.0,17.52,455418.0,15.59,959000.0,74,7,89000,1
2121,175,20240726,68,1,1,410000.0,359000.0,51000.0,12.44,308000.0,51000.0,14.21,161394.45,31.6,359000.0,26,6,91000,1
2122,715,20251016,90,2,1,410000.0,359000.0,51000.0,12.44,308000.0,51000.0,14.21,161394.45,31.6,359000.0,26,6,91000,1
2123,856,20260919,1,1,1,590000.0,559000.0,31000.0,5.25,486000.0,73000.0,13.06,406396.23,7.63,559000.0,118,14,152500,1
2124,857,20240202,87,2,1,136000.0,119000.0,17000.0,12.5,104000.0,15000.0,12.61,97063.55,17.51,119000.0,33,15,147500,1
2125,858,20240922,65,3,4,324000.0,299000.0,25000.0,7.72,258000.0,41000.0,13.71,183258.14,13.64,299000.0,36,10,167500,1
2126,870,20260726,58,3,4,324000.0,299000.0,25000.0,7.72,258000.0,41000.0,13.71,183258.14,13.64,299000.0,36,10,167500,1
2127,859,20261003,71,3,4,487000.0,459000.0,28000.0,5.75,398000.0,61000.0,13.29,191705.11,14.61,459000.0,16,6,92500,1
2128,860,20240815,50,1,4,1866000.0,1699000.0,167000.0,8.95,1434000.0,265000.0,15.6,149280.0,111.87,1699000.0,82,1,37500,1
2129,861,20260418,11,1,4,214000.0,199000.0,15000.0,7.01,172000.0,27000.0,13.57,128477.6,11.68,199000.0,116,11,152500,1
2130,782,20240722,51,3,4,506000.0,469000.0,37000.0,7.31,387000.0,82000.0,17.48,246311.25,15.02,469000.0,108,8,152500,1
2131,175,20250629,23,3,4,366000.0,339000.0,27000.0,7.38,282000.0,57000.0,16.81,144074.07,18.74,339000.0,21,6,112500,1
2132,715,20250829,2,3,4,366000.0,339000.0,27000.0,7.38,282000.0,57000.0,16.81,144074.07,18.74,339000.0,21,6,112500,1
2133,862,20240824,85,3,4,1741000.0,1540000.0,201000.0,11.55,1271000.0,269000.0,17.47,593539.07,33.86,1540000.0,94,5,102500,1
2134,820,20250707,76,3,4,1270000.0,1150000.0,120000.0,9.45,963000.0,187000.0,16.26,360180.94,33.32,1150000.0,12,4,82500,1
2135,863,20240916,48,3,4,1270000.0,1150000.0,120000.0,9.45,963000.0,187000.0,16.26,360180.94,33.32,1150000.0,12,4,82500,1
2136,820,20240819,98,2,4,1178000.0,1090000.0,88000.0,7.47,897000.0,193000.0,17.71,334089.09,26.34,1090000.0,88,4,37500,1
2137,863,20251207,49,1,4,1178000.0,1090000.0,88000.0,7.47,897000.0,193000.0,17.71,334089.09,26.34,1090000.0,88,4,37500,1
2138,864,20250307,11,2,1,865000.0,779000.0,86000.0,9.94,683000.0,96000.0,12.32,340502.92,25.26,779000.0,94,6,12500,1
2139,60,20240829,71,2,1,1004000.0,895000.0,109000.0,10.86,738000.0,157000.0,17.54,284741.47,38.28,895000.0,19,4,47500,1
2140,672,20250801,40,1,1,1004000.0,895000.0,109000.0,10.86,738000.0,157000.0,17.54,284741.47,38.28,895000.0,19,4,47500,1
2141,167,20241212,97,2,1,458000.0,425000.0,33000.0,7.21,343000.0,82000.0,19.29,303080.09,10.89,425000.0,42,13,197500,1
2142,249,20240617,29,3,1,458000.0,425000.0,33000.0,7.21,343000.0,82000.0,19.29,303080.09,10.89,425000.0,42,13,197500,1
2143,538,20240113,26,2,1,458000.0,425000.0,33000.0,7.21,343000.0,82000.0,19.29,303080.09,10.89,425000.0,42,13,197500,1
2144,865,20250304,39,3,1,861000.0,789000.0,72000.0,8.36,664000.0,125000.0,15.84,419118.55,17.18,789000.0,55,8,102500,1
2145,357,20240304,98,1,1,806000.0,759000.0,47000.0,5.83,611000.0,148000.0,19.5,228587.27,20.56,759000.0,68,4,177500,1
2146,866,20241126,5,1,1,1164000.0,1090000.0,74000.0,6.36,882000.0,208000.0,19.08,330118.59,22.42,1090000.0,61,4,72500,1
2147,237,20240515,49,3,1,413000.0,369000.0,44000.0,10.65,302000.0,67000.0,18.16,117129.71,37.57,369000.0,15,4,2500,1
2148,90,20250128,22,2,1,875000.0,819000.0,56000.0,6.4,686000.0,133000.0,16.24,193648.0,28.92,819000.0,11,3,2500,1
2149,88,20261011,90,3,1,639000.0,580000.0,59000.0,9.23,484000.0,96000.0,16.55,282536.02,20.88,580000.0,38,7,82500,1
2150,535,20250712,87,2,1,639000.0,580000.0,59000.0,9.23,484000.0,96000.0,16.55,282536.02,20.88,580000.0,38,7,82500,1
2151,238,20241211,67,1,1,851000.0,759000.0,92000.0,10.81,656000.0,103000.0,13.57,290121.62,31.71,759000.0,49,5,152500,1
2152,225,20260616,66,3,1,731000.0,689000.0,42000.0,5.75,592000.0,97000.0,14.08,207316.75,20.26,689000.0,106,4,92500,1
2153,296,20250526,54,2,9,508000.0,459000.0,49000.0,9.65,383000.0,76000.0,16.56,247284.81,19.82,459000.0,70,8,2500,1
2154,673,20240518,91,2,9,508000.0,459000.0,49000.0,9.65,383000.0,76000.0,16.56,247284.81,19.82,459000.0,70,8,2500,1
2155,159,20260331,100,3,9,203000.0,189000.0,14000.0,6.9,156000.0,33000.0,17.46,107151.24,13.07,189000.0,77,9,147500,1
2156,13,20240124,26,2,9,457000.0,399000.0,58000.0,12.69,329000.0,70000.0,17.54,179895.76,32.24,399000.0,77,6,97500,1
2157,299,20250704,75,2,9,457000.0,399000.0,58000.0,12.69,329000.0,70000.0,17.54,179895.76,32.24,399000.0,77,6,97500,1
2158,29,20260412,20,2,2,1460000.0,1329000.0,131000.0,8.97,1145000.0,184000.0,13.84,224256.0,58.42,1329000.0,38,2,17500,1
2159,492,20261012,99,3,1,1423000.0,1259000.0,164000.0,11.52,1012000.0,247000.0,19.62,485126.99,33.81,1259000.0,110,5,42500,1
2160,704,20240817,79,2,1,1237000.0,1119000.0,118000.0,9.54,896000.0,223000.0,19.93,350821.91,33.64,1119000.0,71,4,87500,1
2161,810,20240823,3,2,1,790000.0,749000.0,41000.0,5.19,647000.0,102000.0,13.62,384557.09,10.66,749000.0,69,8,137500,1
2162,208,20240320,98,3,1,1068000.0,959000.0,109000.0,10.21,804000.0,155000.0,16.16,364100.93,29.94,959000.0,93,5,81705,1
2163,867,20240103,9,1,1,1068000.0,959000.0,109000.0,10.21,804000.0,155000.0,16.16,364100.93,29.94,959000.0,93,5,81705,1
2164,174,20260805,39,2,1,949000.0,829000.0,120000.0,12.64,672000.0,157000.0,18.94,419603.58,28.6,829000.0,50,7,137500,1
2165,22,20261228,48,3,1,1620000.0,1459000.0,161000.0,9.94,1195000.0,264000.0,18.09,459443.4,35.04,1459000.0,96,4,122500,1
2166,20,20260310,72,1,1,1357000.0,1199000.0,158000.0,11.64,1049000.0,150000.0,12.51,300320.38,52.61,1199000.0,118,3,97500,1
2167,139,20260223,25,3,1,1357000.0,1199000.0,158000.0,11.64,1049000.0,150000.0,12.51,300320.38,52.61,1199000.0,118,3,97500,1
2168,387,20240812,26,1,2,762000.0,669000.0,93000.0,12.2,581000.0,88000.0,13.15,216108.56,43.03,669000.0,91,4,112500,1
2169,868,20250314,53,3,1,563000.0,525000.0,38000.0,6.75,450000.0,75000.0,14.29,356003.82,10.67,525000.0,98,12,157500,1
2170,1434,20260928,51,3,1,563000.0,525000.0,38000.0,6.75,450000.0,75000.0,14.29,356003.82,10.67,525000.0,98,12,157500,1
2171,1456,20261215,40,2,1,563000.0,525000.0,38000.0,6.75,450000.0,75000.0,14.29,356003.82,10.67,525000.0,98,12,157500,1
2172,869,20241030,95,3,1,3096000.0,2890000.0,206000.0,6.65,2423000.0,467000.0,16.16,475545.6,43.32,2890000.0,74,2,27500,1
2173,709,20250611,59,1,9,332000.0,299000.0,33000.0,9.94,252000.0,47000.0,15.72,146794.93,22.48,299000.0,73,7,77500,1
2174,1458,20240124,4,3,9,332000.0,299000.0,33000.0,9.94,252000.0,47000.0,15.72,146794.93,22.48,299000.0,73,7,77500,1
2175,43,20251027,50,3,9,435000.0,399000.0,36000.0,8.28,350000.0,49000.0,12.28,148299.54,24.28,399000.0,88,5,62500,1
2176,718,20260422,65,2,9,203000.0,179000.0,24000.0,11.82,157000.0,22000.0,12.29,134334.63,17.87,179000.0,72,13,252500,1
2177,858,20240407,90,3,9,375000.0,329000.0,46000.0,12.27,269000.0,60000.0,18.24,212104.33,21.69,329000.0,107,10,157500,1
2178,870,20250316,80,1,9,375000.0,329000.0,46000.0,12.27,269000.0,60000.0,18.24,212104.33,21.69,329000.0,107,10,157500,1
2179,150,20251207,64,3,9,411000.0,379000.0,32000.0,7.79,328000.0,51000.0,13.46,259889.11,12.31,379000.0,57,12,152500,1
2180,282,20260720,15,3,9,411000.0,379000.0,32000.0,7.79,328000.0,51000.0,13.46,259889.11,12.31,379000.0,57,12,152500,1
2181,333,20250518,4,3,9,428000.0,399000.0,29000.0,6.78,325000.0,74000.0,18.55,145913.11,19.87,399000.0,29,5,42500,1
2182,734,20250428,31,1,9,428000.0,399000.0,29000.0,6.78,325000.0,74000.0,18.55,145913.11,19.87,399000.0,29,5,42500,1
2183,189,20240225,98,2,9,337000.0,299000.0,38000.0,11.28,244000.0,55000.0,18.39,164045.24,23.16,299000.0,46,8,77500,1
2184,916,20250220,45,2,9,337000.0,299000.0,38000.0,11.28,244000.0,55000.0,18.39,164045.24,23.16,299000.0,46,8,77500,1
2185,871,20250628,34,2,2,181000.0,168000.0,13000.0,7.18,143000.0,25000.0,14.88,137139.7,9.48,168000.0,73,17,267500,1
2186,872,20240105,60,3,2,100000.0,88000.0,12000.0,12.0,73000.0,15000.0,17.05,85306.68,14.07,88000.0,100,23,247500,1
2187,873,20240105,9,2,9,327000.0,299000.0,28000.0,8.56,261000.0,38000.0,12.71,128721.91,21.75,299000.0,95,6,117500,1
2188,1082,20240424,22,2,9,327000.0,299000.0,28000.0,8.56,261000.0,38000.0,12.71,128721.91,21.75,299000.0,95,6,117500,1
2189,13,20240103,58,2,1,423000.0,379000.0,44000.0,10.4,306000.0,73000.0,19.26,166511.83,26.42,379000.0,14,6,97500,1
2190,299,20260929,13,3,1,423000.0,379000.0,44000.0,10.4,306000.0,73000.0,19.26,166511.83,26.42,379000.0,14,6,97500,1
2191,782,20240604,26,3,1,412000.0,389000.0,23000.0,5.58,327000.0,62000.0,15.94,200553.82,11.47,389000.0,43,8,127500,1
2192,336,20240512,23,1,1,1545000.0,1389000.0,156000.0,10.1,1213000.0,176000.0,12.67,683127.0,22.84,1389000.0,48,7,2500,1
2193,466,20250814,23,3,1,875000.0,799000.0,76000.0,8.69,697000.0,102000.0,12.77,344439.37,22.06,799000.0,76,6,122500,1
2194,874,20240312,48,1,1,3758000.0,3390000.0,368000.0,9.79,2754000.0,636000.0,18.76,577228.8,63.75,3390000.0,90,2,67500,1
2195,875,20250720,38,1,3,1269000.0,1190000.0,79000.0,6.23,987000.0,203000.0,17.06,669827.23,11.79,1190000.0,71,9,112500,1
2196,628,20261119,90,2,1,1427000.0,1270000.0,157000.0,11.0,1079000.0,191000.0,15.04,856717.46,18.33,1270000.0,97,11,132500,1
2197,343,20250409,84,2,1,1579000.0,1390000.0,189000.0,11.97,1130000.0,260000.0,18.71,349451.65,54.08,1390000.0,33,3,82500,1
2198,493,20260130,70,2,1,1579000.0,1390000.0,189000.0,11.97,1130000.0,260000.0,18.71,349451.65,54.08,1390000.0,33,3,82500,1
2199,628,20261007,26,1,1,1211000.0,1130000.0,81000.0,6.69,992000.0,138000.0,12.21,727039.14,11.14,1130000.0,12,11,212500,1
2200,20,20240118,10,3,1,1001000.0,945000.0,56000.0,5.59,825000.0,120000.0,12.7,221533.31,25.28,945000.0,118,3,47500,1
2201,139,20260807,89,2,1,1001000.0,945000.0,56000.0,5.59,825000.0,120000.0,12.7,221533.31,25.28,945000.0,118,3,47500,1
2202,488,20260621,27,3,1,1547000.0,1470000.0,77000.0,4.98,1196000.0,274000.0,18.64,684011.31,11.26,1470000.0,80,7,242500,1
2203,876,20251229,9,3,1,1660000.0,1490000.0,170000.0,10.24,1206000.0,284000.0,19.06,808056.67,21.04,1490000.0,98,8,122500,1
2204,877,20240215,40,2,12,621000.0,559000.0,62000.0,9.98,451000.0,108000.0,19.32,372825.19,16.63,559000.0,76,11,297500,1
2205,1214,20260901,84,2,12,621000.0,559000.0,62000.0,9.98,451000.0,108000.0,19.32,372825.19,16.63,559000.0,76,11,297500,1
2206,158,20250725,47,3,12,474000.0,429000.0,45000.0,9.49,374000.0,55000.0,12.82,209580.71,21.47,429000.0,88,7,142500,1
2207,170,20240110,29,3,1,503000.0,469000.0,34000.0,6.76,382000.0,87000.0,18.55,198003.43,17.17,469000.0,102,6,202500,1
2208,439,20251109,81,2,1,503000.0,469000.0,34000.0,6.76,382000.0,87000.0,18.55,198003.43,17.17,469000.0,102,6,202500,1
2209,146,20251021,88,1,1,1284000.0,1179000.0,105000.0,8.18,982000.0,197000.0,16.71,437739.32,23.99,1179000.0,59,5,49620,1
2210,341,20240723,80,2,1,1284000.0,1179000.0,105000.0,8.18,982000.0,197000.0,16.71,437739.32,23.99,1179000.0,59,5,49620,1
2211,20,20260628,24,3,1,1108000.0,999000.0,109000.0,9.84,835000.0,164000.0,16.42,245213.7,44.45,999000.0,38,3,52500,1
2212,139,20260712,95,3,1,1108000.0,999000.0,109000.0,9.84,835000.0,164000.0,16.42,245213.7,44.45,999000.0,38,3,52500,1
2213,332,20251227,28,1,1,769000.0,699000.0,70000.0,9.1,593000.0,106000.0,15.16,374334.69,18.7,699000.0,83,8,82500,1
2214,772,20250530,83,2,1,769000.0,699000.0,70000.0,9.1,593000.0,106000.0,15.16,374334.69,18.7,699000.0,83,8,82500,1
2215,146,20240813,50,3,1,1182000.0,1029000.0,153000.0,12.94,829000.0,200000.0,19.44,402965.64,37.97,1029000.0,41,5,85365,1
2216,341,20261004,33,2,1,1182000.0,1029000.0,153000.0,12.94,829000.0,200000.0,19.44,402965.64,37.97,1029000.0,41,5,85365,1
2217,35,20261123,66,3,1,1116000.0,1049000.0,67000.0,6.0,858000.0,191000.0,18.21,246984.19,27.13,1049000.0,96,3,52500,1
2218,584,20260905,99,2,1,1116000.0,1049000.0,67000.0,6.0,858000.0,191000.0,18.21,246984.19,27.13,1049000.0,96,3,52500,1
2219,674,20250213,45,1,1,1040000.0,929000.0,111000.0,10.67,812000.0,117000.0,12.59,159744.0,69.49,929000.0,48,2,28562,1
2220,878,20250129,99,3,1,1040000.0,929000.0,111000.0,10.67,812000.0,117000.0,12.59,159744.0,69.49,929000.0,48,2,28562,1
2221,667,20240606,19,1,1,522000.0,479000.0,43000.0,8.24,418000.0,61000.0,12.73,115524.86,37.22,479000.0,18,3,90946,1
2222,1417,20260702,13,1,1,522000.0,479000.0,43000.0,8.24,418000.0,61000.0,12.73,115524.86,37.22,479000.0,18,3,90946,1
2223,371,20250613,81,2,1,1660000.0,1519000.0,141000.0,8.49,1310000.0,209000.0,13.76,132800.0,106.17,1519000.0,110,1,33725,1
2224,426,20261108,91,1,1,919000.0,819000.0,100000.0,10.88,656000.0,163000.0,19.9,519797.01,19.24,819000.0,113,10,112086,1
2225,237,20240121,11,2,1,514000.0,459000.0,55000.0,10.7,379000.0,80000.0,17.43,145774.02,37.73,459000.0,23,4,19900,1
2226,426,20260202,29,1,1,883000.0,768000.0,115000.0,13.02,653000.0,115000.0,14.97,499434.99,23.03,768000.0,77,10,186365,1
2227,146,20260117,56,3,1,1296000.0,1219000.0,77000.0,5.94,1002000.0,217000.0,17.8,441830.35,17.43,1219000.0,73,5,64507,1
2228,341,20260426,5,1,1,1296000.0,1219000.0,77000.0,5.94,1002000.0,217000.0,17.8,441830.35,17.43,1219000.0,73,5,64507,1
2229,783,20240503,68,2,1,1484000.0,1399000.0,85000.0,5.73,1221000.0,178000.0,12.72,118720.0,71.6,1399000.0,29,1,21964,1
2230,879,20250704,2,1,1,1484000.0,1399000.0,85000.0,5.73,1221000.0,178000.0,12.72,118720.0,71.6,1399000.0,29,1,21964,1
2231,880,20251107,35,2,1,549000.0,489000.0,60000.0,10.93,416000.0,73000.0,14.93,242742.22,24.72,489000.0,37,7,138166,1
2232,1440,20251005,7,3,1,549000.0,489000.0,60000.0,10.93,416000.0,73000.0,14.93,242742.22,24.72,489000.0,37,7,138166,1
2233,38,20260303,26,1,1,1350000.0,1219000.0,131000.0,9.7,982000.0,237000.0,19.44,382869.5,34.22,1219000.0,23,4,72789,1
2234,340,20260214,72,1,1,1350000.0,1219000.0,131000.0,9.7,982000.0,237000.0,19.44,382869.5,34.22,1219000.0,23,4,72789,1
2235,667,20260604,57,2,1,538000.0,499000.0,39000.0,7.25,435000.0,64000.0,12.83,119065.86,32.75,499000.0,53,3,13476,1
2236,1417,20260305,49,1,1,538000.0,499000.0,39000.0,7.25,435000.0,64000.0,12.83,119065.86,32.75,499000.0,53,3,13476,1
2237,128,20240607,97,2,1,951000.0,899000.0,52000.0,5.47,788000.0,111000.0,12.35,269710.3,19.28,899000.0,107,4,77500,1
2238,374,20250806,60,1,1,951000.0,899000.0,52000.0,5.47,788000.0,111000.0,12.35,269710.3,19.28,899000.0,107,4,77500,1
2239,1320,20241007,11,2,1,951000.0,899000.0,52000.0,5.47,788000.0,111000.0,12.35,269710.3,19.28,899000.0,107,4,77500,1
2240,38,20260407,86,1,1,1481000.0,1399000.0,82000.0,5.54,1128000.0,271000.0,19.37,420022.03,19.52,1399000.0,86,4,36396,1
2241,340,20240313,78,2,1,1481000.0,1399000.0,82000.0,5.54,1128000.0,271000.0,19.37,420022.03,19.52,1399000.0,86,4,36396,1
2242,146,20250707,84,2,1,1275000.0,1119000.0,156000.0,12.24,943000.0,176000.0,15.73,434671.06,35.89,1119000.0,104,5,70442,1
2243,341,20260322,28,1,1,1275000.0,1119000.0,156000.0,12.24,943000.0,176000.0,15.73,434671.06,35.89,1119000.0,104,5,70442,1
2244,38,20261021,9,3,1,1175000.0,1099000.0,76000.0,6.47,906000.0,193000.0,17.56,333238.27,22.81,1099000.0,106,4,126665,1
2245,340,20240809,34,3,1,1175000.0,1099000.0,76000.0,6.47,906000.0,193000.0,17.56,333238.27,22.81,1099000.0,106,4,126665,1
2246,43,20260401,51,2,1,540000.0,499000.0,41000.0,7.59,415000.0,84000.0,16.83,184095.98,22.27,499000.0,48,5,28834,1
2247,372,20240829,66,2,1,535000.0,499000.0,36000.0,6.73,406000.0,93000.0,18.64,368511.84,9.77,499000.0,37,14,207078,1
2248,1407,20240825,23,3,1,535000.0,499000.0,36000.0,6.73,406000.0,93000.0,18.64,368511.84,9.77,499000.0,37,14,207078,1
2249,45,20250707,80,2,1,737000.0,679000.0,58000.0,7.87,575000.0,104000.0,15.32,325867.05,17.8,679000.0,73,7,96118,1
2250,339,20240825,15,2,1,1257000.0,1189000.0,68000.0,5.41,1042000.0,147000.0,12.36,193075.2,35.22,1189000.0,98,2,32500,1
2251,671,20250802,58,3,1,1257000.0,1189000.0,68000.0,5.41,1042000.0,147000.0,12.36,193075.2,35.22,1189000.0,98,2,32500,1
2252,881,20260724,12,2,1,462000.0,419000.0,43000.0,9.31,352000.0,67000.0,15.99,204274.87,21.05,419000.0,41,7,96433,1
2253,202,20260323,68,3,1,1130000.0,1069000.0,61000.0,5.4,862000.0,207000.0,19.36,444818.85,13.71,1069000.0,18,6,112500,1
2254,272,20260314,71,1,1,1130000.0,1069000.0,61000.0,5.4,862000.0,207000.0,19.36,444818.85,13.71,1069000.0,18,6,112500,1
2255,667,20240103,48,1,1,564000.0,499000.0,65000.0,11.52,424000.0,75000.0,15.03,124819.97,52.08,499000.0,37,3,12500,1
2256,1417,20260906,51,2,1,564000.0,499000.0,65000.0,11.52,424000.0,75000.0,15.03,124819.97,52.08,499000.0,37,3,12500,1
2257,739,20240310,4,1,1,815000.0,759000.0,56000.0,6.87,628000.0,131000.0,17.26,320820.67,17.46,759000.0,104,6,62500,1
2258,426,20241003,63,2,1,838000.0,759000.0,79000.0,9.43,659000.0,100000.0,13.18,473982.48,16.67,759000.0,26,10,187500,1
2259,60,20250825,28,3,1,1091000.0,959000.0,132000.0,12.1,801000.0,158000.0,16.48,309415.28,42.66,959000.0,96,4,62630,1
2260,672,20260916,74,1,1,1091000.0,959000.0,132000.0,12.1,801000.0,158000.0,16.48,309415.28,42.66,959000.0,96,4,62630,1
2261,657,20250314,61,2,10,590000.0,529000.0,61000.0,10.34,431000.0,98000.0,18.53,167328.15,36.46,529000.0,86,4,252500,1
2262,571,20250201,47,1,1,506000.0,459000.0,47000.0,9.29,374000.0,85000.0,18.52,223729.62,21.01,459000.0,64,7,12500,1
2263,238,20250306,17,1,1,648000.0,599000.0,49000.0,7.56,516000.0,83000.0,13.86,220915.17,22.18,599000.0,19,5,17500,1
2264,518,20241203,43,2,1,103000.0,95000.0,8000.0,7.77,78000.0,17000.0,17.89,86549.87,9.24,95000.0,89,22,297500,1
2265,85,20260105,51,3,1,780000.0,698000.0,82000.0,10.51,601000.0,97000.0,13.9,265916.41,30.84,698000.0,15,5,61728,1
2266,366,20261223,26,3,1,780000.0,698000.0,82000.0,10.51,601000.0,97000.0,13.9,265916.41,30.84,698000.0,15,5,61728,1
2267,322,20260602,64,3,35,298000.0,259000.0,39000.0,13.09,211000.0,48000.0,18.53,168552.24,23.14,259000.0,57,10,87500,1
2268,1207,20260423,90,1,35,298000.0,259000.0,39000.0,13.09,211000.0,48000.0,18.53,168552.24,23.14,259000.0,57,10,87500,1
2269,882,20240626,7,2,3,480000.0,430000.0,50000.0,10.42,355000.0,75000.0,17.44,106229.76,47.07,430000.0,84,3,92500,1
2270,883,20250903,94,1,4,629000.0,569000.0,60000.0,9.54,476000.0,93000.0,16.34,377628.09,15.89,569000.0,76,11,177500,1
2271,29,20260524,7,1,1,1494000.0,1330000.0,164000.0,10.98,1164000.0,166000.0,12.48,229478.4,71.47,1330000.0,101,2,32500,1
2272,884,20251215,88,1,4,548000.0,500000.0,48000.0,8.76,437000.0,63000.0,12.6,309955.13,15.49,500000.0,50,10,127500,1
2273,885,20250720,3,1,4,824000.0,780000.0,44000.0,5.34,637000.0,143000.0,18.33,364334.4,12.08,780000.0,88,7,162500,1
2274,886,20241015,76,3,1,806000.0,729000.0,77000.0,9.55,604000.0,125000.0,17.15,392345.59,19.63,729000.0,69,8,127500,1
2275,887,20250420,92,2,1,1318000.0,1150000.0,168000.0,12.75,934000.0,216000.0,18.78,582758.18,28.83,1150000.0,86,7,52500,1
2276,765,20240916,33,2,4,320000.0,300000.0,20000.0,6.25,252000.0,48000.0,16.0,141489.09,14.14,300000.0,51,7,133000,1
2277,845,20260902,47,3,4,320000.0,300000.0,20000.0,6.25,252000.0,48000.0,16.0,141489.09,14.14,300000.0,51,7,133000,1
2278,1376,20240519,12,1,4,320000.0,300000.0,20000.0,6.25,252000.0,48000.0,16.0,141489.09,14.14,300000.0,51,7,133000,1
2279,888,20241028,22,2,9,207000.0,185000.0,22000.0,10.63,155000.0,30000.0,16.22,142583.08,15.43,185000.0,118,14,182330,1
2280,889,20260710,13,1,1,482000.0,450000.0,32000.0,6.64,392000.0,58000.0,12.89,74035.2,43.22,450000.0,90,2,13840,1
2281,1106,20250921,6,1,1,482000.0,450000.0,32000.0,6.64,392000.0,58000.0,12.89,74035.2,43.22,450000.0,90,2,13840,1
2282,890,20240309,51,2,1,199000.0,180000.0,19000.0,9.55,157000.0,23000.0,12.78,142026.82,13.38,180000.0,80,15,272500,1
2283,7,20261008,44,3,1,1052000.0,993000.0,59000.0,5.61,825000.0,168000.0,16.92,358646.24,16.45,993000.0,37,5,67500,1
2284,891,20240518,2,2,1,130000.0,119000.0,11000.0,8.46,100000.0,19000.0,15.97,98498.12,11.17,119000.0,111,17,187500,1
2285,892,20240908,99,1,1,145000.0,129000.0,16000.0,11.03,112000.0,17000.0,13.18,123694.68,12.94,129000.0,22,23,142500,1
2286,685,20240410,33,3,24,791000.0,729000.0,62000.0,7.84,630000.0,99000.0,13.58,385043.87,16.1,729000.0,90,8,90528,1
2287,893,20240813,58,1,10,3461000.0,3100000.0,361000.0,10.43,2481000.0,619000.0,19.97,1684749.48,21.43,3100000.0,24,8,82500,1
2288,279,20240505,4,1,18,638000.0,565000.0,73000.0,11.44,466000.0,99000.0,17.52,251145.51,29.07,565000.0,45,6,182500,1
2289,510,20240529,47,3,33,314000.0,275000.0,39000.0,12.42,229000.0,46000.0,16.73,177602.03,21.96,275000.0,101,10,207500,1
2290,894,20261104,93,3,33,314000.0,275000.0,39000.0,12.42,229000.0,46000.0,16.73,177602.03,21.96,275000.0,101,10,207500,1
2291,757,20250425,68,2,9,644000.0,600000.0,44000.0,6.83,491000.0,109000.0,18.17,98918.4,44.48,600000.0,24,2,57500,1
2292,895,20261227,97,3,9,644000.0,600000.0,44000.0,6.83,491000.0,109000.0,18.17,98918.4,44.48,600000.0,24,2,57500,1
2293,809,20260902,56,3,1,1274000.0,1169000.0,105000.0,8.24,954000.0,215000.0,18.39,361315.37,29.06,1169000.0,119,4,57500,1
2294,896,20250402,67,1,1,1274000.0,1169000.0,105000.0,8.24,954000.0,215000.0,18.39,361315.37,29.06,1169000.0,119,4,57500,1
2295,876,20260526,80,3,1,1907000.0,1790000.0,117000.0,6.14,1437000.0,353000.0,19.72,928291.61,12.6,1790000.0,84,8,72500,1
2296,808,20260727,54,1,1,1781000.0,1550000.0,231000.0,12.97,1320000.0,230000.0,14.84,394156.67,58.61,1550000.0,65,3,47500,1
2297,682,20241127,92,3,1,1657000.0,1450000.0,207000.0,12.49,1190000.0,260000.0,17.93,564901.92,36.64,1450000.0,104,5,62765,1
2298,897,20240707,74,3,1,304000.0,275000.0,29000.0,9.54,221000.0,54000.0,19.64,223928.34,12.95,275000.0,13,16,22500,1
2299,948,20240408,52,1,1,304000.0,275000.0,29000.0,9.54,221000.0,54000.0,19.64,223928.34,12.95,275000.0,13,16,22500,1
2300,25,20251118,17,3,12,420000.0,370000.0,50000.0,11.9,303000.0,67000.0,18.11,204448.07,24.46,370000.0,108,8,192500,1
2301,449,20260121,85,1,12,420000.0,370000.0,50000.0,11.9,303000.0,67000.0,18.11,204448.07,24.46,370000.0,108,8,192500,1
2302,1275,20250417,64,2,12,420000.0,370000.0,50000.0,11.9,303000.0,67000.0,18.11,204448.07,24.46,370000.0,108,8,192500,1
2303,473,20251209,56,2,1,285000.0,259000.0,26000.0,9.12,224000.0,35000.0,13.51,161199.29,16.13,259000.0,107,10,187500,1
2304,653,20250920,19,2,1,285000.0,259000.0,26000.0,9.12,224000.0,35000.0,13.51,161199.29,16.13,259000.0,107,10,187500,1
2305,435,20260603,83,1,1,773000.0,695000.0,78000.0,10.09,603000.0,92000.0,13.24,376281.81,20.73,695000.0,61,8,212500,1
2306,898,20250228,93,3,1,4765000.0,4500000.0,265000.0,5.56,3774000.0,726000.0,16.13,3787691.62,7.0,4500000.0,100,19,37500,1
2307,614,20240724,90,1,10,557000.0,495000.0,62000.0,11.13,412000.0,83000.0,16.77,315045.63,19.68,495000.0,19,10,160000,1
2308,899,20250307,44,3,10,557000.0,495000.0,62000.0,11.13,412000.0,83000.0,16.77,315045.63,19.68,495000.0,19,10,160000,1
2309,900,20240716,1,1,6,303000.0,285000.0,18000.0,5.94,250000.0,35000.0,12.28,240854.26,7.47,285000.0,103,19,379300,1
2310,488,20240228,74,1,1,1756000.0,1550000.0,206000.0,11.73,1265000.0,285000.0,18.39,776421.37,26.53,1550000.0,54,7,122500,1
2311,19,20260618,57,1,36,338000.0,300000.0,38000.0,11.24,245000.0,55000.0,18.33,133052.01,28.56,300000.0,93,6,50814,1
2312,377,20240905,23,2,36,338000.0,300000.0,38000.0,11.24,245000.0,55000.0,18.33,133052.01,28.56,300000.0,93,6,50814,1
2313,1389,20260212,79,1,36,338000.0,300000.0,38000.0,11.24,245000.0,55000.0,18.33,133052.01,28.56,300000.0,93,6,50814,1
2314,469,20250421,40,1,3,783000.0,699000.0,84000.0,10.73,576000.0,123000.0,17.6,381149.62,22.04,699000.0,38,8,187500,1
2315,901,20251001,65,3,1,211000.0,200000.0,11000.0,5.21,163000.0,37000.0,18.5,139628.6,7.88,200000.0,62,13,217500,1
2316,902,20240323,38,2,28,604000.0,559000.0,45000.0,7.45,464000.0,95000.0,16.99,318814.54,14.11,559000.0,38,9,92500,1
2317,1105,20240318,20,3,28,604000.0,559000.0,45000.0,7.45,464000.0,95000.0,16.99,318814.54,14.11,559000.0,38,9,92500,1
2318,903,20240419,51,3,10,268000.0,249000.0,19000.0,7.09,217000.0,32000.0,12.85,191272.3,9.93,249000.0,32,15,221753,1
2319,904,20261019,84,2,1,260000.0,239000.0,21000.0,8.08,203000.0,36000.0,15.06,126563.09,16.59,239000.0,66,8,197500,1
2320,164,20261102,23,1,17,794000.0,750000.0,44000.0,5.54,625000.0,125000.0,16.67,175721.73,25.04,750000.0,59,3,87500,1
2321,905,20261118,95,3,1,252000.0,220000.0,32000.0,12.7,192000.0,28000.0,12.73,223167.38,14.34,220000.0,30,26,72500,1
2322,333,20250528,81,2,12,662000.0,599000.0,63000.0,9.52,482000.0,117000.0,19.53,225688.03,27.91,599000.0,52,5,147500,1
2323,734,20240306,91,2,12,662000.0,599000.0,63000.0,9.52,482000.0,117000.0,19.53,225688.03,27.91,599000.0,52,5,147500,1
2324,219,20240807,46,1,12,518000.0,479000.0,39000.0,7.53,391000.0,88000.0,18.37,79564.8,49.02,479000.0,19,2,52500,1
2325,230,20251107,5,1,12,518000.0,479000.0,39000.0,7.53,391000.0,88000.0,18.37,79564.8,49.02,479000.0,19,2,52500,1
2326,906,20261113,36,2,1,500000.0,459000.0,41000.0,8.2,388000.0,71000.0,15.47,263919.32,15.54,459000.0,114,9,202500,1
2327,907,20240625,44,3,1,1182000.0,1080000.0,102000.0,8.63,917000.0,163000.0,15.09,335223.52,30.43,1080000.0,85,4,138362,1
2328,908,20251130,100,2,1,665000.0,599000.0,66000.0,9.92,481000.0,118000.0,19.7,323709.45,20.39,599000.0,39,8,109728,1
2329,909,20241214,51,1,17,32000.0,29000.0,3000.0,9.38,24000.0,5000.0,17.24,26889.28,11.16,29000.0,60,22,180000,1
2330,134,20250921,87,3,10,285000.0,250000.0,35000.0,12.28,213000.0,37000.0,14.8,188597.87,18.56,250000.0,42,13,72500,1
2331,61,20250703,32,3,1,362000.0,329000.0,33000.0,9.12,282000.0,47000.0,14.29,102665.75,32.14,329000.0,27,4,22500,1
2332,910,20260103,22,2,1,609000.0,530000.0,79000.0,12.97,451000.0,79000.0,14.91,365620.84,21.61,530000.0,87,11,122500,1
2333,911,20260908,91,1,4,318000.0,280000.0,38000.0,11.95,231000.0,49000.0,17.5,154796.4,24.55,280000.0,31,8,30000,1
2334,624,20240605,51,1,1,964000.0,900000.0,64000.0,6.64,727000.0,173000.0,19.22,379473.78,16.87,900000.0,73,6,8600,1
2335,749,20250828,78,2,1,857000.0,750000.0,107000.0,12.49,626000.0,124000.0,16.53,378925.46,28.24,750000.0,30,7,110150,1
2336,705,20260510,36,3,1,636000.0,599000.0,37000.0,5.82,485000.0,114000.0,19.03,309592.8,11.95,599000.0,10,8,184000,1
2337,154,20260715,75,1,1,180000.0,159000.0,21000.0,11.67,139000.0,20000.0,12.58,113820.05,18.45,159000.0,116,12,207500,1
2338,912,20260505,77,2,1,206000.0,189000.0,17000.0,8.25,158000.0,31000.0,16.4,136319.87,12.47,189000.0,24,13,130000,1
2339,913,20240624,74,3,1,79000.0,69000.0,10000.0,12.66,57000.0,12000.0,17.39,56382.51,17.74,69000.0,45,15,197500,1
2340,914,20250925,10,2,17,4206000.0,3700000.0,506000.0,12.03,3187000.0,513000.0,13.86,1192851.21,42.42,3700000.0,56,4,32500,1
2341,915,20251104,4,3,3,858000.0,759000.0,99000.0,11.54,637000.0,122000.0,16.07,379367.62,26.1,759000.0,63,7,82500,1
2342,654,20240601,75,3,5,418000.0,370000.0,48000.0,11.48,305000.0,65000.0,17.57,142503.92,33.68,370000.0,95,5,34400,1
2343,189,20240910,82,1,17,335000.0,310000.0,25000.0,7.46,268000.0,42000.0,13.55,163071.68,15.33,310000.0,41,8,62500,1
2344,916,20250120,56,1,17,335000.0,310000.0,25000.0,7.46,268000.0,42000.0,13.55,163071.68,15.33,310000.0,41,8,62500,1
2345,917,20251111,82,2,10,581000.0,549000.0,32000.0,5.51,477000.0,72000.0,13.11,282819.83,11.31,549000.0,67,8,172500,1
2346,257,20260811,1,2,3,1743000.0,1599000.0,144000.0,8.26,1365000.0,234000.0,14.63,385746.82,37.33,1599000.0,55,3,27500,1
2347,817,20241229,78,3,3,1743000.0,1599000.0,144000.0,8.26,1365000.0,234000.0,14.63,385746.82,37.33,1599000.0,55,3,27500,1
2348,918,20240723,30,2,1,69000.0,65000.0,4000.0,5.8,52000.0,13000.0,20.0,59672.68,6.7,65000.0,63,24,2500,1
2349,919,20260630,97,1,1,559000.0,499000.0,60000.0,10.73,422000.0,77000.0,15.43,85862.4,69.88,499000.0,42,2,67500,1
2350,36,20250824,74,1,2,682000.0,629000.0,53000.0,7.77,542000.0,87000.0,13.83,268465.89,19.74,629000.0,114,6,12500,1
2351,48,20260210,49,3,3,745000.0,649000.0,96000.0,12.89,526000.0,123000.0,18.95,114432.0,83.89,649000.0,48,2,12500,1
2352,920,20260708,31,3,1,357000.0,320000.0,37000.0,10.36,262000.0,58000.0,18.12,236243.65,15.66,320000.0,32,13,87254,1
2353,85,20240816,49,2,37,776000.0,685000.0,91000.0,11.73,596000.0,89000.0,12.99,264552.74,34.4,685000.0,52,5,107500,1
2354,366,20260520,60,1,37,776000.0,685000.0,91000.0,11.73,596000.0,89000.0,12.99,264552.74,34.4,685000.0,52,5,107500,1
2355,921,20250603,13,2,10,477000.0,449000.0,28000.0,5.87,360000.0,89000.0,19.82,210907.17,13.28,449000.0,64,7,87500,1
2356,1326,20240513,55,1,10,477000.0,449000.0,28000.0,5.87,360000.0,89000.0,19.82,210907.17,13.28,449000.0,64,7,87500,1
2357,922,20260920,72,1,1,1807000.0,1590000.0,217000.0,12.01,1368000.0,222000.0,13.96,399910.78,54.26,1590000.0,11,3,72500,1
2358,130,20240613,99,3,1,267000.0,234000.0,33000.0,12.36,196000.0,38000.0,16.24,129970.56,25.39,234000.0,75,8,122500,1
2359,1457,20261019,33,1,1,267000.0,234000.0,33000.0,12.36,196000.0,38000.0,16.24,129970.56,25.39,234000.0,75,8,122500,1
2360,328,20240406,88,2,1,396000.0,360000.0,36000.0,9.09,301000.0,59000.0,16.39,223982.17,16.07,360000.0,47,10,107500,1
2361,522,20250118,13,3,1,396000.0,360000.0,36000.0,9.09,301000.0,59000.0,16.39,223982.17,16.07,360000.0,47,10,107500,1
2362,167,20260517,87,3,1,665000.0,599000.0,66000.0,9.92,480000.0,119000.0,19.87,440061.7,15.0,599000.0,38,13,117500,1
2363,249,20250310,28,3,1,665000.0,599000.0,66000.0,9.92,480000.0,119000.0,19.87,440061.7,15.0,599000.0,38,13,117500,1
2364,538,20240321,73,2,1,665000.0,599000.0,66000.0,9.92,480000.0,119000.0,19.87,440061.7,15.0,599000.0,38,13,117500,1
2365,189,20260906,69,2,30,224000.0,199000.0,25000.0,11.16,172000.0,27000.0,13.57,109038.97,22.93,199000.0,119,8,230000,1
2366,916,20261117,48,1,30,224000.0,199000.0,25000.0,11.16,172000.0,27000.0,13.57,109038.97,22.93,199000.0,119,8,230000,1
2367,923,20250416,82,2,38,512000.0,480000.0,32000.0,6.25,398000.0,82000.0,17.08,289593.11,11.05,480000.0,76,10,212500,1
2368,1100,20260316,68,1,38,512000.0,480000.0,32000.0,6.25,398000.0,82000.0,17.08,289593.11,11.05,480000.0,76,10,212500,1
2369,924,20260401,100,2,1,517000.0,470000.0,47000.0,9.09,396000.0,74000.0,15.74,410962.55,11.44,470000.0,112,19,187500,1
2370,925,20251106,2,2,1,207000.0,190000.0,17000.0,8.21,162000.0,28000.0,14.74,164544.0,10.33,190000.0,80,19,373900,1
2371,926,20251202,13,1,4,447000.0,419999.0,27001.0,6.04,360000.0,59999.0,14.29,126772.35,21.3,419999.0,45,4,77500,1
2372,24,20240302,88,1,13,944000.0,869000.0,75000.0,7.94,762000.0,107000.0,12.31,208918.53,35.9,869000.0,38,3,111231,1
2373,741,20261007,42,2,13,944000.0,869000.0,75000.0,7.94,762000.0,107000.0,12.31,208918.53,35.9,869000.0,38,3,111231,1
2374,435,20250125,18,1,13,887000.0,839000.0,48000.0,5.41,707000.0,132000.0,15.73,431774.86,11.12,839000.0,46,8,144275,1
2375,263,20241217,77,3,13,621000.0,590000.0,31000.0,4.99,491000.0,99000.0,16.78,95385.6,32.5,590000.0,109,2,82500,1
2376,629,20261115,14,2,13,621000.0,590000.0,31000.0,4.99,491000.0,99000.0,16.78,95385.6,32.5,590000.0,109,2,82500,1
2377,328,20251001,83,3,1,558000.0,525000.0,33000.0,5.91,460000.0,65000.0,12.38,315611.24,10.46,525000.0,96,10,127500,1
2378,522,20250910,41,1,1,558000.0,525000.0,33000.0,5.91,460000.0,65000.0,12.38,315611.24,10.46,525000.0,96,10,127500,1
2379,399,20240606,13,3,1,640000.0,558000.0,82000.0,12.81,475000.0,83000.0,14.87,337816.73,24.27,558000.0,54,9,82500,1
2380,461,20240619,74,2,1,640000.0,558000.0,82000.0,12.81,475000.0,83000.0,14.87,337816.73,24.27,558000.0,54,9,82500,1
2381,927,20260426,68,3,3,98000.0,89000.0,9000.0,9.18,73000.0,16000.0,17.98,77900.06,11.55,89000.0,25,19,166500,1
2382,928,20261226,64,1,1,617000.0,538000.0,79000.0,12.8,436000.0,102000.0,18.96,390149.84,20.25,538000.0,40,12,17500,1
2383,929,20250622,93,1,10,711000.0,650000.0,61000.0,8.58,564000.0,86000.0,13.23,449589.2,13.57,650000.0,43,12,202500,1
2384,829,20241114,84,1,1,583000.0,539000.0,44000.0,7.55,447000.0,92000.0,17.07,198755.47,22.14,539000.0,59,5,82000,1
2385,930,20240609,43,3,1,583000.0,539000.0,44000.0,7.55,447000.0,92000.0,17.07,198755.47,22.14,539000.0,59,5,82000,1
2386,931,20250728,43,3,1,248000.0,225000.0,23000.0,9.27,192000.0,33000.0,14.67,176998.24,12.99,225000.0,74,15,22500,1
2387,7,20240619,78,3,39,892000.0,815000.0,77000.0,8.63,683000.0,132000.0,16.2,304099.28,25.32,815000.0,91,5,195498,1
2388,43,20250328,3,3,1,413000.0,389000.0,24000.0,5.81,317000.0,72000.0,18.51,140799.33,17.05,389000.0,71,5,52500,1
2389,126,20240507,23,2,1,745000.0,669000.0,76000.0,10.2,567000.0,102000.0,15.25,393239.78,19.33,669000.0,113,9,92500,1
2390,932,20260116,57,2,6,524000.0,489000.0,35000.0,6.68,394000.0,95000.0,19.43,360934.96,9.7,489000.0,52,14,42500,1
2391,959,20241113,99,1,6,524000.0,489000.0,35000.0,6.68,394000.0,95000.0,19.43,360934.96,9.7,489000.0,52,14,42500,1
2392,933,20250514,58,3,1,99000.0,89000.0,10000.0,10.1,74000.0,15000.0,16.85,83188.71,12.02,89000.0,65,22,247500,1
2393,934,20250513,56,2,1,188000.0,169000.0,19000.0,10.11,143000.0,26000.0,15.38,138482.0,13.72,169000.0,24,16,17500,1
2394,935,20250320,91,1,1,1225000.0,1150000.0,75000.0,6.12,960000.0,190000.0,16.52,541637.91,13.85,1150000.0,57,7,47500,1
2395,936,20260430,65,1,4,243000.0,230000.0,13000.0,5.35,198000.0,32000.0,13.91,178995.35,7.26,230000.0,58,16,242500,1
2396,937,20240804,75,1,1,360000.0,319000.0,41000.0,11.39,276000.0,43000.0,13.48,238228.89,17.21,319000.0,90,13,197500,1
2397,956,20261205,53,1,1,360000.0,319000.0,41000.0,11.39,276000.0,43000.0,13.48,238228.89,17.21,319000.0,90,13,197500,1
2398,702,20260622,10,3,1,865000.0,789000.0,76000.0,8.79,680000.0,109000.0,13.81,382462.69,19.87,789000.0,53,7,82500,1
2399,938,20240214,42,2,1,37000.0,35000.0,2000.0,5.41,28000.0,7000.0,20.0,34638.43,5.77,35000.0,19,33,358500,1
2400,682,20240422,99,3,1,1839000.0,1600000.0,239000.0,13.0,1305000.0,295000.0,18.44,626949.08,38.12,1600000.0,29,5,54392,1
2401,754,20261115,89,3,1,333000.0,315000.0,18000.0,5.41,266000.0,49000.0,15.56,220361.73,8.17,315000.0,79,13,342500,1
2402,939,20260517,87,3,1,333000.0,315000.0,18000.0,5.41,266000.0,49000.0,15.56,220361.73,8.17,315000.0,79,13,342500,1
2403,669,20240118,16,3,1,840000.0,750000.0,90000.0,10.71,656000.0,94000.0,12.53,371408.85,24.23,750000.0,17,7,63644,1
2404,72,20240128,4,2,2,2044000.0,1780000.0,264000.0,12.92,1543000.0,237000.0,13.31,804610.38,32.81,1780000.0,54,6,85550,1
2405,351,20260106,78,1,1,2244000.0,2090000.0,154000.0,6.86,1813000.0,277000.0,13.25,636414.2,24.2,2090000.0,43,4,32500,1
2406,610,20260109,49,1,1,1799000.0,1690000.0,109000.0,6.06,1393000.0,297000.0,17.57,708167.35,15.39,1690000.0,105,6,77500,1
2407,605,20240715,100,1,1,1050000.0,989000.0,61000.0,5.81,825000.0,164000.0,16.58,464261.07,13.14,989000.0,60,7,77500,1
2408,625,20260127,68,1,1,2150000.0,1990000.0,160000.0,7.44,1667000.0,323000.0,16.23,732974.73,21.83,1990000.0,115,5,67500,1
2409,703,20241221,57,1,1,921000.0,869000.0,52000.0,5.65,706000.0,163000.0,18.76,362547.04,14.34,869000.0,13,6,67500,1
2410,1444,20260804,39,2,1,921000.0,869000.0,52000.0,5.65,706000.0,163000.0,18.76,362547.04,14.34,869000.0,13,6,67500,1
2411,312,20250623,31,2,30,2787000.0,2490000.0,297000.0,10.66,1998000.0,492000.0,19.76,790412.82,37.58,2490000.0,117,4,62500,1
2412,399,20260428,35,2,10,654000.0,619000.0,35000.0,5.35,542000.0,77000.0,12.44,345206.47,10.14,619000.0,48,9,172500,1
2413,461,20240703,92,1,10,654000.0,619000.0,35000.0,5.35,542000.0,77000.0,12.44,345206.47,10.14,619000.0,48,9,172500,1
2414,375,20240507,49,2,1,670000.0,609000.0,61000.0,9.1,499000.0,110000.0,18.06,102912.0,59.27,609000.0,93,2,17500,1
2415,940,20260331,89,3,1,286000.0,249000.0,37000.0,12.94,204000.0,45000.0,18.07,232033.71,15.95,249000.0,33,20,247500,1
2416,941,20241001,58,2,17,304000.0,269000.0,35000.0,11.51,217000.0,52000.0,19.33,147981.46,23.65,269000.0,97,8,112500,1
2417,942,20260402,28,1,1,321000.0,289000.0,32000.0,9.97,253000.0,36000.0,12.46,192716.4,16.6,289000.0,64,11,17500,1
2418,35,20260919,18,3,1,961000.0,889000.0,72000.0,7.49,752000.0,137000.0,15.41,212680.83,33.85,889000.0,35,3,22500,1
2419,584,20250525,92,2,1,961000.0,889000.0,72000.0,7.49,752000.0,137000.0,15.41,212680.83,33.85,889000.0,35,3,22500,1
2420,943,20260304,23,2,22,76000.0,68000.0,8000.0,10.53,58000.0,10000.0,14.71,64833.07,12.34,68000.0,34,23,287500,1
2421,555,20240209,55,2,10,716000.0,649000.0,67000.0,9.36,567000.0,82000.0,12.63,348535.29,19.22,649000.0,45,8,17500,1
2422,623,20240331,32,1,10,716000.0,649000.0,67000.0,9.36,567000.0,82000.0,12.63,348535.29,19.22,649000.0,45,8,17500,1
2423,654,20250805,2,3,10,399000.0,365000.0,34000.0,8.52,302000.0,63000.0,17.26,136026.47,25.0,365000.0,80,5,62500,1
2424,466,20240109,63,2,1,904000.0,850000.0,54000.0,5.97,722000.0,128000.0,15.06,355855.08,15.17,850000.0,83,6,72500,1
2425,944,20260520,34,2,1,387000.0,340000.0,47000.0,12.14,273000.0,67000.0,19.71,131935.45,35.62,340000.0,67,5,57500,1
2426,244,20261204,5,2,1,219000.0,200000.0,19000.0,8.68,163000.0,37000.0,18.5,165931.46,11.45,200000.0,21,17,468000,1
2427,257,20260128,10,2,10,1176000.0,1100000.0,76000.0,6.46,953000.0,147000.0,13.36,260262.91,29.2,1100000.0,10,3,47500,1
2428,817,20250520,43,2,10,1176000.0,1100000.0,76000.0,6.46,953000.0,147000.0,13.36,260262.91,29.2,1100000.0,10,3,47500,1
2429,1,20261024,54,2,1,272000.0,249999.0,22001.0,8.09,215000.0,34999.0,14.0,163298.63,13.47,249999.0,59,11,207500,1
2430,945,20260518,51,2,2,163000.0,149000.0,14000.0,8.59,123000.0,26000.0,17.45,120066.84,11.66,149000.0,34,16,237500,1
2431,946,20241122,38,1,1,361000.0,319000.0,42000.0,11.63,265000.0,54000.0,16.93,228272.43,18.4,319000.0,89,12,132500,1
2432,63,20260616,16,1,13,516000.0,459000.0,57000.0,11.05,387000.0,72000.0,15.69,228151.15,24.98,459000.0,14,7,47500,1
2433,1487,20241107,12,3,13,516000.0,459000.0,57000.0,11.05,387000.0,72000.0,15.69,228151.15,24.98,459000.0,14,7,47500,1
2434,947,20250116,59,3,28,73000.0,65000.0,8000.0,10.96,52000.0,13000.0,20.0,60327.36,13.26,65000.0,92,21,309500,1
2435,897,20260711,65,2,1,378000.0,360000.0,18000.0,4.76,295000.0,65000.0,18.06,278437.21,6.46,360000.0,77,16,117500,1
2436,948,20260105,45,2,1,378000.0,360000.0,18000.0,4.76,295000.0,65000.0,18.06,278437.21,6.46,360000.0,77,16,117500,1
2437,586,20241108,82,3,3,502000.0,460000.0,42000.0,8.37,376000.0,84000.0,18.26,197609.79,21.25,460000.0,15,6,82500,1
2438,949,20251112,51,3,3,502000.0,460000.0,42000.0,8.37,376000.0,84000.0,18.26,197609.79,21.25,460000.0,15,6,82500,1
2439,524,20250302,39,3,12,768000.0,699000.0,69000.0,8.98,573000.0,126000.0,18.03,373847.91,18.46,699000.0,35,8,57500,1
2440,676,20250619,17,2,40,1040000.0,989000.0,51000.0,4.9,855000.0,134000.0,13.55,83200.0,61.3,989000.0,112,1,32500,1
2441,950,20250720,39,1,40,1040000.0,989000.0,51000.0,4.9,855000.0,134000.0,13.55,83200.0,61.3,989000.0,112,1,32500,1
2442,951,20240712,61,3,1,2959000.0,2750000.0,209000.0,7.06,2262000.0,488000.0,17.75,2672447.55,7.82,2750000.0,64,28,2500,1
2443,465,20260211,29,1,1,169000.0,150000.0,19000.0,11.24,122000.0,28000.0,18.67,116408.41,16.32,150000.0,48,14,12500,1
2444,133,20240324,82,1,3,633000.0,595000.0,38000.0,6.0,500000.0,95000.0,15.97,279883.1,13.58,595000.0,18,7,237500,1
2445,952,20250204,50,3,1,153000.0,139000.0,14000.0,9.15,121000.0,18000.0,12.95,105387.5,13.28,139000.0,54,14,192500,1
2446,20,20250628,8,3,1,1156000.0,1079000.0,77000.0,6.66,884000.0,195000.0,18.07,255836.67,30.1,1079000.0,23,3,82000,1
2447,139,20260420,97,3,1,1156000.0,1079000.0,77000.0,6.66,884000.0,195000.0,18.07,255836.67,30.1,1079000.0,23,3,82000,1
2448,371,20240516,59,2,4,1356000.0,1290000.0,66000.0,4.87,1040000.0,250000.0,19.38,108480.0,60.84,1290000.0,64,1,42000,1
2449,953,20260904,84,3,9,1708000.0,1590000.0,118000.0,6.91,1317000.0,273000.0,17.17,484400.82,24.36,1590000.0,18,4,56000,1
2450,954,20260622,4,3,1,1078000.0,939000.0,139000.0,12.89,807000.0,132000.0,14.06,305728.39,45.47,939000.0,24,4,116500,1
2451,1426,20250922,13,1,1,1078000.0,939000.0,139000.0,12.89,807000.0,132000.0,14.06,305728.39,45.47,939000.0,24,4,116500,1
2452,955,20260623,92,2,1,1910000.0,1690000.0,220000.0,11.52,1426000.0,264000.0,15.62,541689.45,40.61,1690000.0,46,4,47500,1
2453,399,20241110,74,1,17,666000.0,581000.0,85000.0,12.76,503000.0,78000.0,13.43,351540.53,24.18,581000.0,59,9,167500,1
2454,461,20241124,24,1,17,666000.0,581000.0,85000.0,12.76,503000.0,78000.0,13.43,351540.53,24.18,581000.0,59,9,167500,1
2455,937,20251208,65,2,1,283000.0,258000.0,25000.0,8.83,226000.0,32000.0,12.4,187274.38,13.35,258000.0,93,13,272500,1
2456,956,20250407,94,3,1,283000.0,258000.0,25000.0,8.83,226000.0,32000.0,12.4,187274.38,13.35,258000.0,93,13,272500,1
2457,239,20240115,95,3,1,451000.0,425000.0,26000.0,5.76,367000.0,58000.0,13.65,177533.89,14.65,425000.0,81,6,182500,1
2458,250,20250612,93,2,1,528000.0,478000.0,50000.0,9.47,405000.0,73000.0,15.27,278698.8,17.94,478000.0,105,9,222500,1
2459,1252,20240207,62,1,1,528000.0,478000.0,50000.0,9.47,405000.0,73000.0,15.27,278698.8,17.94,478000.0,105,9,222500,1
2460,957,20241222,72,3,1,96000.0,88000.0,8000.0,8.33,74000.0,14000.0,15.91,80667.84,9.92,88000.0,30,22,212500,1
2461,443,20251201,29,3,1,191000.0,168000.0,23000.0,12.04,135000.0,33000.0,19.64,114669.26,20.06,168000.0,66,11,172500,1
2462,958,20251022,31,3,1,137000.0,129000.0,8000.0,5.84,113000.0,16000.0,12.4,103801.87,7.71,129000.0,114,17,297500,1
2463,932,20250525,63,3,1,283000.0,258000.0,25000.0,8.83,214000.0,44000.0,17.05,194932.43,12.82,258000.0,28,14,212500,1
2464,959,20261213,22,3,1,283000.0,258000.0,25000.0,8.83,214000.0,44000.0,17.05,194932.43,12.82,258000.0,28,14,212500,1
2465,960,20240818,52,1,1,894000.0,839000.0,55000.0,6.15,681000.0,158000.0,18.83,638050.12,8.62,839000.0,102,15,77500,1
2466,400,20240118,81,1,1,214000.0,198000.0,16000.0,7.48,169000.0,29000.0,14.65,141613.84,11.3,198000.0,67,13,202500,1
2467,961,20261223,6,2,1,267000.0,238000.0,29000.0,10.86,196000.0,42000.0,17.65,151018.28,19.2,238000.0,104,10,232500,1
2468,1124,20240820,57,2,1,267000.0,238000.0,29000.0,10.86,196000.0,42000.0,17.65,151018.28,19.2,238000.0,104,10,232500,1
2469,962,20240229,81,2,1,1306000.0,1190000.0,116000.0,8.88,1008000.0,182000.0,15.29,104480.0,111.03,1190000.0,15,1,7500,1
2470,963,20240107,89,1,1,1947000.0,1790000.0,157000.0,8.06,1516000.0,274000.0,15.31,766426.81,20.48,1790000.0,13,6,67500,1
2471,964,20251108,7,2,1,2451000.0,2250000.0,201000.0,8.2,1880000.0,370000.0,16.44,542435.71,37.06,2250000.0,52,3,47500,1
2472,914,20241123,97,1,1,2948000.0,2690000.0,258000.0,8.75,2332000.0,358000.0,13.31,836073.55,30.86,2690000.0,102,4,57500,1
2473,862,20240408,10,1,1,3159000.0,2799000.0,360000.0,11.4,2299000.0,500000.0,17.86,1076961.47,33.43,2799000.0,51,5,92500,1
2474,90,20241119,83,1,1,899000.0,789000.0,110000.0,12.24,660000.0,129000.0,16.35,198959.49,55.29,789000.0,12,3,57500,1
2475,965,20240416,50,3,1,456000.0,398000.0,58000.0,12.72,336000.0,62000.0,15.58,314096.07,18.47,398000.0,10,14,182500,1
2476,679,20250616,72,2,1,552000.0,489000.0,63000.0,11.41,417000.0,72000.0,14.72,122164.22,51.57,489000.0,117,3,22500,1
2477,1166,20250224,72,1,1,552000.0,489000.0,63000.0,11.41,417000.0,72000.0,14.72,122164.22,51.57,489000.0,117,3,22500,1
2478,966,20261010,10,1,1,518000.0,479000.0,39000.0,7.53,413000.0,66000.0,13.78,342784.91,11.38,479000.0,64,13,97500,1
2479,131,20251219,59,2,1,894000.0,799000.0,95000.0,10.63,664000.0,135000.0,16.9,253544.69,37.47,799000.0,24,4,156442,1
2480,967,20240227,51,2,1,654000.0,598000.0,56000.0,8.56,509000.0,89000.0,14.88,318354.86,17.59,598000.0,56,8,157500,1
2481,968,20250301,97,1,1,1343000.0,1249000.0,94000.0,7.0,1014000.0,235000.0,18.82,806287.0,11.66,1249000.0,94,11,165210,1
2482,969,20241120,19,2,1,1018000.0,898000.0,120000.0,11.79,785000.0,113000.0,12.58,537339.73,22.33,898000.0,55,9,212500,1
2483,95,20260311,50,3,1,690000.0,655000.0,35000.0,5.07,544000.0,111000.0,16.95,305085.85,11.47,655000.0,67,7,117735,1
2484,95,20260618,57,2,1,797000.0,699000.0,98000.0,12.3,600000.0,99000.0,14.16,352396.26,27.81,699000.0,104,7,106229,1
2485,720,20250803,16,2,7,370000.0,338000.0,32000.0,8.65,271000.0,67000.0,19.82,244846.36,13.07,338000.0,80,13,378624,1
2486,1485,20250718,11,1,7,370000.0,338000.0,32000.0,8.65,271000.0,67000.0,19.82,244846.36,13.07,338000.0,80,13,378624,1
2487,362,20261226,96,3,1,511000.0,459000.0,52000.0,10.18,375000.0,84000.0,18.3,201152.59,25.85,459000.0,90,6,97500,1
2488,970,20261016,66,2,1,2454000.0,2199000.0,255000.0,10.39,1845000.0,354000.0,16.1,376934.4,67.65,2199000.0,92,2,67500,1
2489,659,20261229,14,1,1,2278000.0,1999000.0,279000.0,12.25,1740000.0,259000.0,12.96,896723.31,31.11,1999000.0,48,6,87500,1
2490,33,20260911,38,1,1,511000.0,459000.0,52000.0,10.18,387000.0,72000.0,15.69,306785.3,16.95,459000.0,12,11,202500,1
2491,971,20250603,68,3,1,443000.0,399000.0,44000.0,9.93,349000.0,50000.0,12.53,280123.79,15.71,399000.0,39,12,82500,1
2492,1052,20260806,88,3,1,443000.0,399000.0,44000.0,9.93,349000.0,50000.0,12.53,280123.79,15.71,399000.0,39,12,82500,1
2493,615,20250514,98,3,1,3698000.0,3500000.0,198000.0,5.35,2935000.0,565000.0,16.14,1048778.83,18.88,3500000.0,44,4,52500,1
2494,676,20261115,62,2,1,1013000.0,919000.0,94000.0,9.28,771000.0,148000.0,16.1,81040.0,115.99,919000.0,66,1,12500,1
2495,950,20250830,66,3,1,1013000.0,919000.0,94000.0,9.28,771000.0,148000.0,16.1,81040.0,115.99,919000.0,66,1,12500,1
2496,364,20240531,67,2,1,585000.0,549000.0,36000.0,6.15,444000.0,105000.0,19.13,89856.0,40.06,549000.0,38,2,52500,1
2497,47,20261113,33,3,1,1078000.0,959000.0,119000.0,11.04,829000.0,130000.0,13.56,86240.0,137.99,959000.0,59,1,7500,1
2498,27,20261206,57,1,1,715000.0,649000.0,66000.0,9.23,532000.0,117000.0,18.03,281456.17,23.45,649000.0,71,6,27500,1
2499,168,20240313,80,1,1,715000.0,649000.0,66000.0,9.23,532000.0,117000.0,18.03,281456.17,23.45,649000.0,71,6,27500,1
2500,298,20241109,9,3,1,781000.0,699000.0,82000.0,10.5,610000.0,89000.0,12.73,221497.1,37.02,699000.0,61,4,67500,1
2501,269,20251121,10,3,1,5482000.0,5200000.0,282000.0,5.14,4539000.0,661000.0,12.71,438560.0,64.3,5200000.0,23,1,12500,1
2502,972,20261104,24,2,1,1057000.0,999000.0,58000.0,5.49,875000.0,124000.0,12.41,557925.44,10.4,999000.0,44,9,147500,1
2503,973,20251030,55,1,1,448000.0,399000.0,49000.0,10.94,336000.0,63000.0,15.79,329999.66,14.85,399000.0,37,16,207500,1
2504,974,20260421,66,3,1,1585000.0,1499000.0,86000.0,5.43,1280000.0,219000.0,14.61,126800.0,67.82,1499000.0,67,1,27500,1
2505,238,20260122,41,2,1,718000.0,679000.0,39000.0,5.43,585000.0,94000.0,13.84,244779.47,15.93,679000.0,39,5,57500,1
2506,333,20240723,87,3,1,471000.0,448000.0,23000.0,4.88,363000.0,85000.0,18.97,160572.6,14.32,448000.0,99,5,110000,1
2507,734,20260425,94,3,1,471000.0,448000.0,23000.0,4.88,363000.0,85000.0,18.97,160572.6,14.32,448000.0,99,5,110000,1
2508,237,20260126,54,1,1,491000.0,429000.0,62000.0,12.63,364000.0,65000.0,15.15,139251.06,44.52,429000.0,16,4,37500,1
2509,975,20241201,52,2,1,448000.0,399000.0,49000.0,10.94,320000.0,79000.0,19.8,308585.61,15.88,399000.0,48,14,2500,1
2510,976,20260406,73,2,1,390000.0,359000.0,31000.0,7.95,301000.0,58000.0,16.16,86311.68,35.92,359000.0,104,3,102500,1
2511,85,20250802,47,2,1,701000.0,649000.0,52000.0,7.42,527000.0,122000.0,18.8,238983.85,21.76,649000.0,78,5,107500,1
2512,366,20241225,21,3,1,701000.0,649000.0,52000.0,7.42,527000.0,122000.0,18.8,238983.85,21.76,649000.0,78,5,107500,1
2513,43,20250603,87,3,1,444000.0,409000.0,35000.0,7.88,333000.0,76000.0,18.58,151367.8,23.12,409000.0,44,5,142500,1
2514,280,20240409,23,3,1,608000.0,539000.0,69000.0,11.35,447000.0,92000.0,17.07,134557.7,51.28,539000.0,61,3,77500,1
2515,582,20240115,2,1,1,608000.0,539000.0,69000.0,11.35,447000.0,92000.0,17.07,134557.7,51.28,539000.0,61,3,77500,1
2516,57,20260827,48,1,1,367000.0,329000.0,38000.0,10.35,275000.0,54000.0,16.41,104083.78,36.51,329000.0,23,4,2500,1
2517,144,20240829,72,1,1,394000.0,369000.0,25000.0,6.35,314000.0,55000.0,14.91,222850.95,11.22,369000.0,72,10,187500,1
2518,977,20250906,84,3,1,682000.0,639000.0,43000.0,6.3,515000.0,124000.0,19.41,385747.07,11.15,639000.0,45,10,192500,1
2519,86,20250121,13,3,1,698000.0,659000.0,39000.0,5.59,554000.0,105000.0,15.93,274764.21,14.19,659000.0,100,6,152500,1
2520,650,20240222,96,2,5,334000.0,299000.0,35000.0,10.48,244000.0,55000.0,18.39,211199.43,16.57,299000.0,33,12,202500,1
2521,1000,20250314,29,1,5,334000.0,299000.0,35000.0,10.48,244000.0,55000.0,18.39,211199.43,16.57,299000.0,33,12,202500,1
2522,60,20240505,31,1,1,968000.0,859000.0,109000.0,11.26,727000.0,132000.0,15.37,274531.61,39.7,859000.0,49,4,152500,1
2523,672,20250130,70,3,1,968000.0,859000.0,109000.0,11.26,727000.0,132000.0,15.37,274531.61,39.7,859000.0,49,4,152500,1
2524,11,20250902,9,2,1,699000.0,649000.0,50000.0,7.15,552000.0,97000.0,14.95,154697.09,32.32,649000.0,38,3,82500,1
2525,264,20240428,5,1,1,699000.0,649000.0,50000.0,7.15,552000.0,97000.0,14.95,154697.09,32.32,649000.0,38,3,82500,1
2526,56,20241017,77,2,1,651000.0,619000.0,32000.0,4.92,523000.0,96000.0,15.51,99993.6,32.0,619000.0,62,2,22500,1
2527,1954,20250206,24,2,1,651000.0,619000.0,32000.0,4.92,523000.0,96000.0,15.51,99993.6,32.0,619000.0,62,2,22500,1
2528,771,20240527,23,3,1,454000.0,429000.0,25000.0,5.51,369000.0,60000.0,13.99,300433.1,8.32,429000.0,118,13,202500,1
2529,175,20261010,81,3,1,446000.0,389000.0,57000.0,12.78,322000.0,67000.0,17.22,175565.67,32.47,389000.0,31,6,87500,1
2530,715,20251029,24,1,1,446000.0,389000.0,57000.0,12.78,322000.0,67000.0,17.22,175565.67,32.47,389000.0,31,6,87500,1
2531,7,20240524,57,1,1,927000.0,859000.0,68000.0,7.34,740000.0,119000.0,13.85,316031.43,21.52,859000.0,81,5,122500,1
2532,744,20250328,36,2,2,529000.0,469000.0,60000.0,11.34,391000.0,78000.0,16.63,299208.51,20.05,469000.0,24,10,89030,1
2533,50,20260723,80,2,1,611000.0,549000.0,62000.0,10.15,460000.0,89000.0,16.21,297423.27,20.85,549000.0,78,8,137500,1
2534,109,20240722,49,2,1,611000.0,549000.0,62000.0,10.15,460000.0,89000.0,16.21,297423.27,20.85,549000.0,78,8,137500,1
2535,11,20240717,59,2,1,1044000.0,959000.0,85000.0,8.14,817000.0,142000.0,14.81,231049.73,36.79,959000.0,73,3,12500,1
2536,264,20260626,14,3,1,1044000.0,959000.0,85000.0,8.14,817000.0,142000.0,14.81,231049.73,36.79,959000.0,73,3,12500,1
2537,698,20250505,37,3,1,470000.0,439000.0,31000.0,6.6,352000.0,87000.0,19.82,185013.15,16.76,439000.0,13,6,82500,1
2538,1396,20261113,93,1,1,470000.0,439000.0,31000.0,6.6,352000.0,87000.0,19.82,185013.15,16.76,439000.0,13,6,82500,1
2539,42,20250819,62,1,2,636000.0,599000.0,37000.0,5.82,511000.0,88000.0,14.69,309592.8,11.95,599000.0,84,8,162500,1
2540,387,20260817,43,2,1,744000.0,669000.0,75000.0,10.08,568000.0,101000.0,15.1,211003.64,35.54,669000.0,27,4,147500,1
2541,80,20240214,14,3,1,1577000.0,1399000.0,178000.0,11.29,1154000.0,245000.0,17.51,767653.84,23.19,1399000.0,51,8,157500,1
2542,12,20251029,51,1,4,523000.0,469000.0,54000.0,10.33,378000.0,91000.0,19.4,178300.36,30.29,469000.0,39,5,65605,1
2543,334,20260107,14,1,4,523000.0,469000.0,54000.0,10.33,378000.0,91000.0,19.4,178300.36,30.29,469000.0,39,5,65605,1
2544,39,20240206,65,2,1,727000.0,659000.0,68000.0,9.35,532000.0,127000.0,19.27,321445.52,21.15,659000.0,24,7,2500,1
2545,236,20251210,27,1,1,727000.0,659000.0,68000.0,9.35,532000.0,127000.0,19.27,321445.52,21.15,659000.0,24,7,2500,1
2546,63,20250109,50,2,1,336000.0,319000.0,17000.0,5.06,279000.0,40000.0,12.54,148563.54,11.44,319000.0,79,7,2500,1
2547,1487,20260618,56,2,1,336000.0,319000.0,17000.0,5.06,279000.0,40000.0,12.54,148563.54,11.44,319000.0,79,7,2500,1
2548,128,20240413,6,1,1,802000.0,699000.0,103000.0,12.84,598000.0,101000.0,14.45,227452.85,45.28,699000.0,64,4,2500,1
2549,374,20261217,89,1,1,802000.0,699000.0,103000.0,12.84,598000.0,101000.0,14.45,227452.85,45.28,699000.0,64,4,2500,1
2550,1320,20260409,4,1,1,802000.0,699000.0,103000.0,12.84,598000.0,101000.0,14.45,227452.85,45.28,699000.0,64,4,2500,1
2551,433,20240925,16,1,1,406000.0,359000.0,47000.0,11.58,291000.0,68000.0,18.94,268669.25,17.49,359000.0,62,13,2500,1
2552,716,20241112,20,3,1,406000.0,359000.0,47000.0,11.58,291000.0,68000.0,18.94,268669.25,17.49,359000.0,62,13,2500,1
2553,119,20260107,99,1,1,571000.0,529000.0,42000.0,7.36,438000.0,91000.0,17.2,277952.02,15.11,529000.0,25,8,2500,1
2554,978,20260911,74,3,1,571000.0,529000.0,42000.0,7.36,438000.0,91000.0,17.2,277952.02,15.11,529000.0,25,8,2500,1
2555,979,20250415,71,1,1,274000.0,239000.0,35000.0,12.77,203000.0,36000.0,15.06,144627.79,24.2,239000.0,113,9,2500,1
2556,86,20250601,75,2,1,998000.0,899000.0,99000.0,9.92,779000.0,120000.0,13.35,392857.71,25.2,899000.0,82,6,2500,1
2557,176,20250613,33,2,1,475000.0,429000.0,46000.0,9.68,345000.0,84000.0,19.58,250723.35,18.35,429000.0,116,9,2500,1
2558,1366,20241022,62,2,1,475000.0,429000.0,46000.0,9.68,345000.0,84000.0,19.58,250723.35,18.35,429000.0,116,9,2500,1
2559,429,20250629,74,3,1,404000.0,359000.0,45000.0,11.14,294000.0,65000.0,18.11,196659.58,22.88,359000.0,43,8,2500,1
2560,1334,20250407,100,3,1,404000.0,359000.0,45000.0,11.14,294000.0,65000.0,18.11,196659.58,22.88,359000.0,43,8,2500,1
2561,24,20261211,95,1,1,508000.0,449000.0,59000.0,11.61,391000.0,58000.0,12.92,112426.5,52.48,449000.0,36,3,2500,1
2562,741,20250730,60,1,1,508000.0,449000.0,59000.0,11.61,391000.0,58000.0,12.92,112426.5,52.48,449000.0,36,3,2500,1
2563,245,20261203,83,2,1,501000.0,449000.0,52000.0,10.38,360000.0,89000.0,19.82,170800.16,30.44,449000.0,22,5,2500,1
2564,275,20251229,64,3,1,501000.0,449000.0,52000.0,10.38,360000.0,89000.0,19.82,170800.16,30.44,449000.0,22,5,2500,1
2565,33,20250404,8,2,1,424000.0,399000.0,25000.0,5.9,326000.0,73000.0,18.3,254553.75,9.82,399000.0,109,11,2500,1
2566,836,20251012,52,3,1,378000.0,349000.0,29000.0,7.67,306000.0,43000.0,12.32,58060.8,49.95,349000.0,36,2,37500,1
2567,669,20240105,83,1,1,913000.0,799000.0,114000.0,12.49,678000.0,121000.0,15.14,403686.05,28.24,799000.0,82,7,7500,1
2568,516,20260814,49,1,1,428000.0,399000.0,29000.0,6.78,328000.0,71000.0,17.79,189241.65,15.32,399000.0,78,7,97500,1
2569,238,20251008,67,1,1,597000.0,549000.0,48000.0,8.04,442000.0,107000.0,19.49,203528.33,23.58,549000.0,95,5,97500,1
2570,980,20250318,3,3,1,578000.0,529000.0,49000.0,8.48,424000.0,105000.0,19.85,365488.83,13.41,529000.0,40,12,2500,1
2571,981,20241019,97,3,1,1148000.0,1049000.0,99000.0,8.62,860000.0,189000.0,18.02,254066.18,38.97,1049000.0,12,3,62500,1
2572,1488,20250320,85,2,1,1148000.0,1049000.0,99000.0,8.62,860000.0,189000.0,18.02,254066.18,38.97,1049000.0,12,3,62500,1
2573,746,20250515,97,1,1,1300000.0,1170000.0,130000.0,10.0,1019000.0,151000.0,12.91,287705.6,45.19,1170000.0,39,3,2500,1
2574,803,20240609,67,2,1,1300000.0,1170000.0,130000.0,10.0,1019000.0,151000.0,12.91,287705.6,45.19,1170000.0,39,3,2500,1
2575,982,20240826,28,2,1,800000.0,699000.0,101000.0,12.62,582000.0,117000.0,16.74,64000.0,157.81,699000.0,30,1,22500,1
2576,85,20260926,85,1,1,686000.0,639000.0,47000.0,6.85,548000.0,91000.0,14.24,233870.08,20.1,639000.0,108,5,97500,1
2577,366,20240524,33,1,1,686000.0,639000.0,47000.0,6.85,548000.0,91000.0,14.24,233870.08,20.1,639000.0,108,5,97500,1
2578,333,20241128,40,2,1,498000.0,469000.0,29000.0,5.82,410000.0,59000.0,12.58,169777.4,17.08,469000.0,15,5,97500,1
2579,734,20261023,32,1,1,498000.0,469000.0,29000.0,5.82,410000.0,59000.0,12.58,169777.4,17.08,469000.0,15,5,97500,1
2580,224,20240613,45,1,1,427000.0,399000.0,28000.0,6.56,332000.0,67000.0,16.79,168086.41,16.66,399000.0,101,6,97500,1
2581,843,20240622,65,3,1,427000.0,399000.0,28000.0,6.56,332000.0,67000.0,16.79,168086.41,16.66,399000.0,101,6,97500,1
2582,36,20260823,30,2,1,705000.0,619000.0,86000.0,12.2,505000.0,114000.0,18.42,277519.72,30.99,619000.0,41,6,97500,1
2583,175,20251104,80,1,1,367000.0,329000.0,38000.0,10.35,277000.0,52000.0,15.81,144467.71,26.3,329000.0,51,6,97500,1
2584,715,20260516,77,2,1,367000.0,329000.0,38000.0,10.35,277000.0,52000.0,15.81,144467.71,26.3,329000.0,51,6,97500,1
2585,7,20250704,64,2,1,862000.0,799000.0,63000.0,7.31,697000.0,102000.0,12.77,293871.73,21.44,799000.0,110,5,97500,1
2586,800,20260712,57,3,1,848000.0,749000.0,99000.0,11.67,647000.0,102000.0,13.62,412790.4,23.98,749000.0,71,8,67000,1
2587,983,20250226,37,2,1,567000.0,499000.0,68000.0,11.99,402000.0,97000.0,19.44,320701.75,21.2,499000.0,98,10,97500,1
2588,788,20251206,77,2,1,668000.0,589000.0,79000.0,11.83,504000.0,85000.0,14.43,325169.79,24.29,589000.0,41,8,97500,1
2589,788,20240615,2,1,1,707000.0,619000.0,88000.0,12.45,524000.0,95000.0,15.35,344154.26,25.57,619000.0,108,8,43000,1
2590,387,20250916,32,1,1,644000.0,599000.0,45000.0,6.99,523000.0,76000.0,12.69,182642.93,24.64,599000.0,95,4,97500,1
2591,131,20240804,42,1,1,866000.0,769000.0,97000.0,11.2,623000.0,146000.0,18.99,245603.7,39.49,769000.0,97,4,97500,1
2592,131,20250825,73,1,1,909000.0,829000.0,80000.0,8.8,699000.0,130000.0,15.68,257798.8,31.03,829000.0,48,4,62500,1
2593,52,20250115,6,3,1,362000.0,319000.0,43000.0,11.88,278000.0,41000.0,12.85,176214.77,24.4,319000.0,73,8,97500,1
2594,1018,20260312,83,2,1,362000.0,319000.0,43000.0,11.88,278000.0,41000.0,12.85,176214.77,24.4,319000.0,73,8,97500,1
2595,7,20240905,17,1,1,886000.0,789000.0,97000.0,10.95,657000.0,132000.0,16.73,302053.77,32.11,789000.0,39,5,97500,1
2596,7,20250215,83,3,1,924000.0,819000.0,105000.0,11.36,687000.0,132000.0,16.12,315008.67,33.33,819000.0,72,5,97500,1
2597,238,20250505,41,3,1,624000.0,559000.0,65000.0,10.42,450000.0,109000.0,19.5,212733.13,30.55,559000.0,105,5,97500,1
2598,356,20240302,70,2,1,960000.0,899000.0,61000.0,6.35,739000.0,160000.0,17.8,212459.52,28.71,899000.0,40,3,92500,1
2599,984,20250711,51,3,1,573000.0,519000.0,54000.0,9.42,429000.0,90000.0,17.34,253353.9,21.31,519000.0,96,7,142500,1
2600,2018,20260510,62,1,1,573000.0,519000.0,54000.0,9.42,429000.0,90000.0,17.34,253353.9,21.31,519000.0,96,7,142500,1
2601,352,20260330,33,2,1,1951000.0,1699000.0,252000.0,12.92,1488000.0,211000.0,12.42,862641.28,29.21,1699000.0,49,7,122500,1
2602,325,20260520,1,2,1,719000.0,629000.0,90000.0,12.52,517000.0,112000.0,17.81,349995.63,25.71,629000.0,42,8,112500,1
2603,854,20261012,54,2,1,719000.0,629000.0,90000.0,12.52,517000.0,112000.0,17.81,349995.63,25.71,629000.0,42,8,112500,1
2604,985,20260111,62,3,1,769000.0,729000.0,40000.0,5.2,610000.0,119000.0,16.32,340015.96,11.76,729000.0,72,7,167500,1
2605,495,20240530,92,1,1,585000.0,549000.0,36000.0,6.15,469000.0,80000.0,14.57,308785.6,11.66,549000.0,34,9,12500,1
2606,426,20241116,31,2,1,722000.0,679000.0,43000.0,5.96,552000.0,127000.0,18.7,408371.54,10.53,679000.0,45,10,147500,1
2607,40,20260414,27,1,1,571000.0,509000.0,62000.0,10.86,427000.0,82000.0,16.11,252469.59,24.56,509000.0,33,7,82500,1
2608,986,20251029,42,1,1,571000.0,509000.0,62000.0,10.86,427000.0,82000.0,16.11,252469.59,24.56,509000.0,33,7,82500,1
2609,987,20240812,56,2,1,542000.0,479000.0,63000.0,11.62,412000.0,67000.0,13.99,358666.83,17.57,479000.0,104,13,12500,1
2610,573,20250219,60,1,1,406000.0,379000.0,27000.0,6.65,329000.0,50000.0,13.19,229638.29,11.76,379000.0,67,10,192500,1
2611,1191,20250109,26,3,1,406000.0,379000.0,27000.0,6.65,329000.0,50000.0,13.19,229638.29,11.76,379000.0,67,10,192500,1
2612,178,20251117,22,2,1,494000.0,449000.0,45000.0,9.11,382000.0,67000.0,14.92,240469.88,18.71,449000.0,48,8,132500,1
2613,39,20240909,33,3,1,543000.0,479000.0,64000.0,11.79,409000.0,70000.0,14.61,240089.3,26.66,479000.0,55,7,202500,1
2614,236,20260605,98,2,1,543000.0,479000.0,64000.0,11.79,409000.0,70000.0,14.61,240089.3,26.66,479000.0,55,7,202500,1
2615,988,20250525,96,2,1,695000.0,619000.0,76000.0,10.94,501000.0,118000.0,19.06,366847.85,20.72,619000.0,86,9,112500,1
2616,314,20260106,34,1,1,661000.0,599000.0,62000.0,9.38,525000.0,74000.0,12.35,348901.34,17.77,599000.0,19,9,112500,1
2617,1241,20260820,39,1,1,661000.0,599000.0,62000.0,9.38,525000.0,74000.0,12.35,348901.34,17.77,599000.0,19,9,112500,1
2618,297,20240610,11,1,1,609000.0,549000.0,60000.0,9.85,445000.0,104000.0,18.94,207619.35,28.9,549000.0,96,5,82500,1
2619,708,20251213,59,2,1,384000.0,349000.0,35000.0,9.11,301000.0,48000.0,13.75,230539.25,15.18,349000.0,91,11,132500,1
2620,1289,20260619,70,3,1,384000.0,349000.0,35000.0,9.11,301000.0,48000.0,13.75,230539.25,15.18,349000.0,91,11,132500,1
2621,399,20250718,36,1,1,539000.0,499000.0,40000.0,7.42,410000.0,89000.0,17.84,284505.03,14.06,499000.0,41,9,202500,1
2622,461,20241017,82,3,1,539000.0,499000.0,40000.0,7.42,410000.0,89000.0,17.84,284505.03,14.06,499000.0,41,9,202500,1
2623,232,20261019,74,1,1,419000.0,379000.0,40000.0,9.55,332000.0,47000.0,12.4,251551.94,15.9,379000.0,106,11,67500,1
2624,1081,20250608,98,2,1,419000.0,379000.0,40000.0,9.55,332000.0,47000.0,12.4,251551.94,15.9,379000.0,106,11,67500,1
2625,27,20261019,34,2,1,423000.0,378000.0,45000.0,10.64,324000.0,54000.0,14.29,166511.83,27.03,378000.0,45,6,2500,1
2626,168,20250910,54,1,1,423000.0,378000.0,45000.0,10.64,324000.0,54000.0,14.29,166511.83,27.03,378000.0,45,6,2500,1
2627,800,20250619,22,2,1,909000.0,799000.0,110000.0,12.1,687000.0,112000.0,14.02,442484.04,24.86,799000.0,37,8,2500,1
2628,371,20250517,23,3,1,1325000.0,1190000.0,135000.0,10.19,973000.0,217000.0,18.24,106000.0,127.36,1190000.0,25,1,37500,1
2629,476,20250606,96,3,1,675000.0,599000.0,76000.0,11.26,500000.0,99000.0,16.53,149385.6,50.88,599000.0,25,3,27500,1
2630,199,20260514,11,1,1,478000.0,448000.0,30000.0,6.28,381000.0,67000.0,14.96,73420.8,40.86,448000.0,27,2,29000,1
2631,572,20240305,3,1,1,478000.0,448000.0,30000.0,6.28,381000.0,67000.0,14.96,73420.8,40.86,448000.0,27,2,29000,1
2632,989,20240601,43,1,1,1643000.0,1499000.0,144000.0,8.76,1292000.0,207000.0,13.81,465966.37,30.9,1499000.0,17,4,87500,1
2633,149,20240902,41,2,1,303000.0,288000.0,15000.0,4.95,233000.0,55000.0,19.1,133972.48,11.2,288000.0,115,7,72500,1
2634,655,20240118,75,3,1,303000.0,288000.0,15000.0,4.95,233000.0,55000.0,19.1,133972.48,11.2,288000.0,115,7,72500,1
2635,17,20261203,22,3,1,515000.0,479000.0,36000.0,6.99,420000.0,59000.0,12.32,202727.17,17.76,479000.0,89,6,82500,1
2636,114,20250723,23,2,1,515000.0,479000.0,36000.0,6.99,420000.0,59000.0,12.32,202727.17,17.76,479000.0,89,6,82500,1
2637,990,20250719,89,2,1,482000.0,429000.0,53000.0,11.0,374000.0,55000.0,12.82,74035.2,71.59,429000.0,84,2,52500,1
2638,437,20251015,50,2,1,1608000.0,1399000.0,209000.0,13.0,1149000.0,250000.0,17.87,782744.05,26.7,1399000.0,79,8,82500,1
2639,991,20240418,42,3,1,1608000.0,1399000.0,209000.0,13.0,1149000.0,250000.0,17.87,782744.05,26.7,1399000.0,79,8,82500,1
2640,992,20261203,82,2,1,1410000.0,1330000.0,80000.0,5.67,1152000.0,178000.0,13.38,399885.93,20.01,1330000.0,10,4,62500,1
2641,262,20240603,94,3,1,2496000.0,2290000.0,206000.0,8.25,1927000.0,363000.0,15.85,552394.75,37.29,2290000.0,71,3,27500,1
2642,993,20240304,24,2,1,327000.0,289000.0,38000.0,11.62,242000.0,47000.0,16.26,225239.94,16.87,289000.0,85,14,97500,1
2643,546,20240810,1,1,1,288000.0,269000.0,19000.0,6.6,222000.0,47000.0,17.47,140192.96,13.55,269000.0,47,8,87500,1
2644,1270,20260321,96,1,1,288000.0,269000.0,19000.0,6.6,222000.0,47000.0,17.47,140192.96,13.55,269000.0,47,8,87500,1
2645,736,20250719,12,2,1,706000.0,639000.0,67000.0,9.49,541000.0,98000.0,15.34,156246.27,42.88,639000.0,101,3,102500,1
2646,994,20260310,98,1,1,650000.0,579000.0,71000.0,10.92,497000.0,82000.0,14.16,447724.66,15.86,579000.0,54,14,117500,1
2647,4,20250901,20,1,1,477000.0,429000.0,48000.0,10.06,357000.0,72000.0,16.78,135280.56,35.48,429000.0,67,4,2500,1
2648,69,20250519,33,2,1,477000.0,429000.0,48000.0,10.06,357000.0,72000.0,16.78,135280.56,35.48,429000.0,67,4,2500,1
2649,995,20240203,28,1,1,320000.0,299000.0,21000.0,6.56,254000.0,45000.0,15.05,211759.02,9.92,299000.0,90,13,2500,1
2650,25,20250422,42,2,1,542000.0,499000.0,43000.0,7.93,427000.0,72000.0,14.43,263835.37,16.3,499000.0,10,8,2500,1
2651,449,20240531,76,3,1,542000.0,499000.0,43000.0,7.93,427000.0,72000.0,14.43,263835.37,16.3,499000.0,10,8,2500,1
2652,1275,20260717,89,1,1,542000.0,499000.0,43000.0,7.93,427000.0,72000.0,14.43,263835.37,16.3,499000.0,10,8,2500,1
2653,996,20260203,15,1,1,518000.0,459000.0,59000.0,11.39,393000.0,66000.0,14.38,203908.11,28.93,459000.0,41,6,2500,1
2654,265,20260319,50,1,1,397000.0,359000.0,38000.0,9.57,289000.0,70000.0,19.5,209551.94,18.13,359000.0,17,9,2500,1
2655,997,20241221,23,1,1,397000.0,359000.0,38000.0,9.57,289000.0,70000.0,19.5,209551.94,18.13,359000.0,17,9,2500,1
2656,998,20261130,64,3,1,283000.0,269000.0,14000.0,4.95,234000.0,35000.0,13.01,169902.62,8.24,269000.0,49,11,2500,1
2657,128,20261026,33,2,1,562000.0,499000.0,63000.0,11.21,417000.0,82000.0,16.43,159387.16,39.53,499000.0,65,4,2500,1
2658,374,20260505,33,2,1,562000.0,499000.0,63000.0,11.21,417000.0,82000.0,16.43,159387.16,39.53,499000.0,65,4,2500,1
2659,1320,20250619,57,2,1,562000.0,499000.0,63000.0,11.21,417000.0,82000.0,16.43,159387.16,39.53,499000.0,65,4,2500,1
2660,999,20241211,3,2,1,378000.0,359000.0,19000.0,5.03,295000.0,64000.0,17.83,199523.0,9.52,359000.0,72,9,2500,1
2661,175,20240905,40,1,1,426000.0,379000.0,47000.0,11.03,311000.0,68000.0,17.94,167692.77,28.03,379000.0,116,6,2500,1
2662,715,20241102,21,3,1,426000.0,379000.0,47000.0,11.03,311000.0,68000.0,17.94,167692.77,28.03,379000.0,116,6,2500,1
2663,650,20240805,66,1,1,352000.0,329000.0,23000.0,6.53,276000.0,53000.0,16.11,222581.43,10.33,329000.0,119,12,2500,1
2664,1000,20251102,50,3,1,352000.0,329000.0,23000.0,6.53,276000.0,53000.0,16.11,222581.43,10.33,329000.0,119,12,2500,1
2665,53,20240528,76,2,1,480000.0,419000.0,61000.0,12.71,365000.0,54000.0,12.89,163640.87,37.28,419000.0,97,5,2500,1
2666,999,20240301,18,3,1,434000.0,399000.0,35000.0,8.06,331000.0,68000.0,17.04,229081.97,15.28,399000.0,83,9,2500,1
2667,13,20240930,99,2,1,389000.0,359000.0,30000.0,7.71,309000.0,50000.0,13.93,153127.9,19.59,359000.0,112,6,2500,1
2668,299,20260224,74,2,1,389000.0,359000.0,30000.0,7.71,309000.0,50000.0,13.93,153127.9,19.59,359000.0,112,6,2500,1
2669,27,20250303,57,3,1,382000.0,359000.0,23000.0,6.02,290000.0,69000.0,19.22,150372.39,15.3,359000.0,112,6,2500,1
2670,168,20260408,86,3,1,382000.0,359000.0,23000.0,6.02,290000.0,69000.0,19.22,150372.39,15.3,359000.0,112,6,2500,1
2671,1001,20250712,94,2,1,193000.0,179000.0,14000.0,7.25,150000.0,29000.0,16.2,137744.6,10.16,179000.0,83,15,2500,1
2672,1002,20251119,79,3,1,147000.0,129000.0,18000.0,12.24,113000.0,16000.0,12.4,127128.75,14.16,129000.0,45,24,2500,1
2673,1003,20260902,32,3,1,298000.0,259000.0,39000.0,13.09,223000.0,36000.0,13.9,157295.91,24.79,259000.0,98,9,2500,1
2674,1004,20260525,48,1,1,260000.0,239000.0,21000.0,8.08,195000.0,44000.0,18.41,102347.7,20.52,239000.0,66,6,32500,1
2675,585,20240705,39,3,1,470000.0,429000.0,41000.0,8.72,360000.0,69000.0,16.08,248084.16,16.53,429000.0,83,9,102500,1
2676,1005,20250514,29,2,1,470000.0,429000.0,41000.0,8.72,360000.0,69000.0,16.08,248084.16,16.53,429000.0,83,9,102500,1
2677,577,20240202,33,3,1,380000.0,339000.0,41000.0,10.79,278000.0,61000.0,17.99,129549.02,31.65,339000.0,92,5,38000,1
2678,645,20240909,28,3,1,380000.0,339000.0,41000.0,10.79,278000.0,61000.0,17.99,129549.02,31.65,339000.0,92,5,38000,1
2679,221,20250429,66,1,1,261000.0,229000.0,32000.0,12.26,191000.0,38000.0,16.59,165039.07,19.39,229000.0,119,12,132500,1
2680,39,20250501,41,1,1,587000.0,529000.0,58000.0,9.88,456000.0,73000.0,13.8,259544.05,22.35,529000.0,54,7,2500,1
2681,236,20241028,14,2,1,587000.0,529000.0,58000.0,9.88,456000.0,73000.0,13.8,259544.05,22.35,529000.0,54,7,2500,1
2682,39,20260623,56,3,1,652000.0,599000.0,53000.0,8.13,516000.0,83000.0,13.86,288284.02,18.38,599000.0,88,7,112500,1
2683,236,20240422,23,3,1,652000.0,599000.0,53000.0,8.13,516000.0,83000.0,13.86,288284.02,18.38,599000.0,88,7,112500,1
2684,39,20250430,11,1,1,588000.0,539000.0,49000.0,8.33,441000.0,98000.0,18.18,259986.2,18.85,539000.0,89,7,2500,1
2685,236,20240104,70,3,1,588000.0,539000.0,49000.0,8.33,441000.0,98000.0,18.18,259986.2,18.85,539000.0,89,7,2500,1
2686,225,20240213,72,3,1,783000.0,699000.0,84000.0,10.73,611000.0,88000.0,12.59,222064.31,37.83,699000.0,11,4,107500,1
2687,20,20240617,58,3,1,1217000.0,1159000.0,58000.0,4.77,982000.0,177000.0,15.27,269336.7,21.53,1159000.0,102,3,62500,1
2688,139,20250819,49,2,1,1217000.0,1159000.0,58000.0,4.77,982000.0,177000.0,15.27,269336.7,21.53,1159000.0,102,3,62500,1
2689,60,20261015,77,1,1,922000.0,829000.0,93000.0,10.09,688000.0,141000.0,17.01,261485.69,35.57,829000.0,77,4,17500,1
2690,672,20250115,39,2,1,922000.0,829000.0,93000.0,10.09,688000.0,141000.0,17.01,261485.69,35.57,829000.0,77,4,17500,1
2691,426,20240328,59,2,1,715000.0,659000.0,56000.0,7.83,554000.0,105000.0,15.93,404412.26,13.85,659000.0,59,10,122500,1
2692,1006,20240527,18,2,1,778000.0,689000.0,89000.0,11.44,585000.0,104000.0,15.09,265234.57,33.56,689000.0,38,5,2500,1
2693,606,20240131,52,3,1,444000.0,419000.0,25000.0,5.63,354000.0,65000.0,15.51,234360.35,10.67,419000.0,104,9,132500,1
2694,632,20260602,92,2,1,444000.0,419000.0,25000.0,5.63,354000.0,65000.0,15.51,234360.35,10.67,419000.0,104,9,132500,1
2695,434,20251220,86,2,1,1551000.0,1399000.0,152000.0,9.8,1174000.0,225000.0,16.08,238233.6,63.8,1399000.0,90,2,32500,1
2696,101,20261207,4,3,1,581000.0,529000.0,52000.0,8.95,445000.0,84000.0,15.88,306674.25,16.96,529000.0,19,9,142500,1
2697,1132,20240523,34,3,1,581000.0,529000.0,52000.0,8.95,445000.0,84000.0,15.88,306674.25,16.96,529000.0,19,9,142500,1
2698,175,20240716,77,1,1,400000.0,359000.0,41000.0,10.25,292000.0,67000.0,18.66,157458.0,26.04,359000.0,36,6,2500,1
2699,715,20250502,2,3,1,400000.0,359000.0,41000.0,10.25,292000.0,67000.0,18.66,157458.0,26.04,359000.0,36,6,2500,1
2700,218,20260427,2,3,1,348000.0,329000.0,19000.0,5.46,285000.0,44000.0,13.37,208926.19,9.09,329000.0,114,11,82500,1
2701,851,20260130,18,2,1,420000.0,379000.0,41000.0,9.76,320000.0,59000.0,15.57,221692.23,18.49,379000.0,24,9,132500,1
2702,1007,20240615,7,1,1,420000.0,379000.0,41000.0,9.76,320000.0,59000.0,15.57,221692.23,18.49,379000.0,24,9,132500,1
2703,1008,20250202,89,3,1,939000.0,849000.0,90000.0,9.58,688000.0,161000.0,18.96,415182.04,21.68,849000.0,69,7,32500,1
2704,25,20260210,42,1,1,463000.0,419000.0,44000.0,9.5,361000.0,58000.0,13.84,225379.66,19.52,419000.0,117,8,160000,1
2705,449,20260425,12,2,1,463000.0,419000.0,44000.0,9.5,361000.0,58000.0,13.84,225379.66,19.52,419000.0,117,8,160000,1
2706,1275,20250118,25,1,1,463000.0,419000.0,44000.0,9.5,361000.0,58000.0,13.84,225379.66,19.52,419000.0,117,8,160000,1
2707,1009,20250615,67,3,1,265000.0,239000.0,26000.0,9.81,209000.0,30000.0,12.55,117170.65,22.19,239000.0,40,7,62500,1
2708,1009,20240104,59,3,1,267000.0,239000.0,28000.0,10.49,209000.0,30000.0,12.55,118054.96,23.72,239000.0,30,7,22500,1
2709,1010,20260107,59,2,1,485000.0,429000.0,56000.0,11.55,356000.0,73000.0,17.02,236088.85,23.72,429000.0,69,8,92500,1
2710,579,20241203,28,1,10,709000.0,658000.0,51000.0,7.19,534000.0,124000.0,18.84,345127.82,14.78,658000.0,67,8,132500,1
2711,1011,20250104,47,2,41,258000.0,228000.0,30000.0,11.63,192000.0,36000.0,15.79,200482.42,14.96,228000.0,50,18,232500,1
2712,1012,20251118,75,1,1,262000.0,238000.0,24000.0,9.16,193000.0,45000.0,18.91,180467.48,13.3,238000.0,55,14,217500,1
2713,1013,20240701,9,3,1,157000.0,148000.0,9000.0,5.73,129000.0,19000.0,12.84,112051.31,8.03,148000.0,54,15,192500,1
2714,435,20260120,78,3,1,696000.0,659000.0,37000.0,5.32,537000.0,122000.0,18.51,338799.66,10.92,659000.0,35,8,162500,1
2715,1014,20250805,20,3,1,323000.0,298000.0,25000.0,7.74,244000.0,54000.0,18.12,170491.88,14.66,298000.0,111,9,172500,1
2716,650,20250719,33,1,1,326000.0,289000.0,37000.0,11.35,241000.0,48000.0,16.61,206140.76,17.95,289000.0,60,12,142500,1
2717,1000,20261113,21,1,1,326000.0,289000.0,37000.0,11.35,241000.0,48000.0,16.61,206140.76,17.95,289000.0,60,12,142500,1
2718,12,20260625,63,2,1,476000.0,425000.0,51000.0,10.71,353000.0,72000.0,16.94,162277.19,31.43,425000.0,45,5,2500,1
2719,334,20250203,10,3,1,476000.0,425000.0,51000.0,10.71,353000.0,72000.0,16.94,162277.19,31.43,425000.0,45,5,2500,1
2720,1015,20261224,43,1,10,134000.0,119000.0,15000.0,11.19,103000.0,16000.0,13.45,108715.09,13.8,119000.0,61,20,122500,1
2721,143,20260914,28,2,1,517000.0,469000.0,48000.0,9.28,392000.0,77000.0,16.42,146624.84,32.74,469000.0,90,4,82500,1
2722,350,20240902,18,2,1,517000.0,469000.0,48000.0,9.28,392000.0,77000.0,16.42,146624.84,32.74,469000.0,90,4,82500,1
2723,12,20250904,69,3,1,469000.0,429000.0,40000.0,8.53,349000.0,80000.0,18.65,159890.77,25.02,429000.0,60,5,36000,1
2724,334,20261123,41,1,1,469000.0,429000.0,40000.0,8.53,349000.0,80000.0,18.65,159890.77,25.02,429000.0,60,5,36000,1
2725,224,20241010,44,3,1,425000.0,399000.0,26000.0,6.12,328000.0,71000.0,17.79,167299.12,15.54,399000.0,12,6,2500,1
2726,843,20251213,51,1,1,425000.0,399000.0,26000.0,6.12,328000.0,71000.0,17.79,167299.12,15.54,399000.0,12,6,2500,1
2727,12,20260917,98,3,1,454000.0,419000.0,35000.0,7.71,352000.0,67000.0,15.99,154776.99,22.61,419000.0,23,5,132500,1
2728,334,20260417,37,2,1,454000.0,419000.0,35000.0,7.71,352000.0,67000.0,15.99,154776.99,22.61,419000.0,23,5,132500,1
2729,718,20250725,59,1,1,174000.0,159000.0,15000.0,8.62,129000.0,30000.0,18.87,115143.96,13.03,159000.0,58,13,177500,1
2730,27,20260405,41,1,1,677000.0,639000.0,38000.0,5.61,542000.0,97000.0,15.18,266497.66,14.26,639000.0,86,6,42500,1
2731,168,20250227,26,1,1,677000.0,639000.0,38000.0,5.61,542000.0,97000.0,15.18,266497.66,14.26,639000.0,86,6,42500,1
2732,237,20260105,33,2,1,449000.0,419000.0,30000.0,6.68,354000.0,65000.0,15.51,127339.56,23.56,419000.0,114,4,32500,1
2733,1016,20260619,57,2,1,643000.0,579000.0,64000.0,9.95,496000.0,83000.0,14.34,219210.58,29.2,579000.0,100,5,62500,1
2734,1017,20241020,36,3,1,100000.0,89000.0,11000.0,11.0,78000.0,11000.0,12.36,84029.0,13.09,89000.0,10,22,200000,1
2735,52,20250605,13,2,1,332000.0,289000.0,43000.0,12.95,252000.0,37000.0,12.8,161611.33,26.61,289000.0,66,8,77500,1
2736,1018,20250914,41,2,1,332000.0,289000.0,43000.0,12.95,252000.0,37000.0,12.8,161611.33,26.61,289000.0,66,8,77500,1
2737,777,20240711,31,3,1,1131000.0,989000.0,142000.0,12.56,866000.0,123000.0,12.44,90480.0,156.94,989000.0,26,1,21364,1
2738,335,20250819,23,2,1,890000.0,799000.0,91000.0,10.22,655000.0,144000.0,18.02,303417.44,29.99,799000.0,59,5,67500,1
2739,199,20250601,1,3,1,546000.0,499999.0,46001.0,8.43,405000.0,94999.0,19.0,83865.6,54.85,499999.0,107,2,28891,1
2740,572,20261106,54,2,1,546000.0,499999.0,46001.0,8.43,405000.0,94999.0,19.0,83865.6,54.85,499999.0,107,2,28891,1
2741,40,20261115,98,2,1,423000.0,379999.0,43001.0,10.17,313000.0,66999.0,17.63,187030.89,22.99,379999.0,23,7,212500,1
2742,986,20240319,93,1,1,423000.0,379999.0,43001.0,10.17,313000.0,66999.0,17.63,187030.89,22.99,379999.0,23,7,212500,1
2743,250,20260308,84,1,1,564000.0,499999.0,64001.0,11.35,436000.0,63999.0,12.8,297700.99,21.5,499999.0,68,9,152500,1
2744,1252,20260118,17,1,1,564000.0,499999.0,64001.0,11.35,436000.0,63999.0,12.8,297700.99,21.5,499999.0,68,9,152500,1
2745,679,20241201,14,2,1,530000.0,499000.0,31000.0,5.85,438000.0,61000.0,12.22,117295.36,26.43,499000.0,90,3,42500,1
2746,1166,20251202,23,1,1,530000.0,499000.0,31000.0,5.85,438000.0,61000.0,12.22,117295.36,26.43,499000.0,90,3,42500,1
2747,1019,20240110,64,3,1,4353000.0,3990000.0,363000.0,8.34,3466000.0,524000.0,13.13,348240.0,104.24,3990000.0,12,1,27500,1
2748,224,20240409,85,1,1,418000.0,369000.0,49000.0,11.72,298000.0,71000.0,19.24,164543.61,29.78,369000.0,107,6,297500,1
2749,843,20240525,41,3,1,418000.0,369000.0,49000.0,11.72,298000.0,71000.0,19.24,164543.61,29.78,369000.0,107,6,297500,1
2750,153,20250808,99,3,1,717000.0,659000.0,58000.0,8.09,577000.0,82000.0,12.44,430460.0,13.47,659000.0,49,11,267500,1
2751,853,20251005,69,3,1,717000.0,659000.0,58000.0,8.09,577000.0,82000.0,12.44,430460.0,13.47,659000.0,49,11,267500,1
2752,1020,20240908,42,3,1,962000.0,869000.0,93000.0,9.67,725000.0,144000.0,16.57,327963.57,28.36,869000.0,98,5,117500,1
2753,999,20241006,27,2,1,521000.0,469999.0,51001.0,9.79,376000.0,93999.0,20.0,275003.93,18.55,469999.0,75,9,87500,1
2754,481,20260411,18,3,1,1795000.0,1680000.0,115000.0,6.41,1403000.0,277000.0,16.49,611948.67,18.79,1680000.0,43,5,87500,1
2755,435,20241209,21,3,1,977000.0,899000.0,78000.0,7.98,723000.0,176000.0,19.58,475585.16,16.4,899000.0,99,8,142500,1
2756,1021,20260320,37,1,1,324000.0,299000.0,25000.0,7.72,252000.0,47000.0,15.72,71705.09,34.87,299000.0,104,3,25861,1
2757,365,20260930,98,1,1,947000.0,899999.0,47001.0,4.96,744000.0,155999.0,17.33,268575.87,17.5,899999.0,18,4,57500,1
2758,369,20251028,57,3,1,947000.0,899999.0,47001.0,4.96,744000.0,155999.0,17.33,268575.87,17.5,899999.0,18,4,57500,1
2759,557,20240614,35,2,1,189000.0,179999.0,9001.0,4.76,151000.0,28999.0,16.11,125070.17,7.2,179999.0,103,13,147500,1
2760,20,20261211,76,2,1,1020000.0,899999.0,120001.0,11.76,764000.0,135999.0,15.11,225738.24,53.16,899999.0,93,3,69655,1
2761,139,20240727,61,1,1,1020000.0,899999.0,120001.0,11.76,764000.0,135999.0,15.11,225738.24,53.16,899999.0,93,3,69655,1
2762,94,20240116,97,1,1,711000.0,659999.0,51001.0,7.17,574000.0,85999.0,13.03,157352.83,32.41,659999.0,30,3,117500,1
2763,368,20250622,75,1,1,1430000.0,1298000.0,132000.0,9.23,1107000.0,191000.0,14.71,219648.0,60.1,1298000.0,102,2,52500,1
2764,794,20240408,68,1,1,1430000.0,1298000.0,132000.0,9.23,1107000.0,191000.0,14.71,219648.0,60.1,1298000.0,102,2,52500,1
2765,39,20260802,100,2,1,540000.0,499999.0,40001.0,7.41,417000.0,82999.0,16.6,238762.84,16.75,499999.0,34,7,177500,1
2766,236,20240126,85,1,1,540000.0,499999.0,40001.0,7.41,417000.0,82999.0,16.6,238762.84,16.75,499999.0,34,7,177500,1
2767,182,20260620,3,1,1,641000.0,559999.0,81001.0,12.64,485000.0,74999.0,13.39,181792.11,44.56,559999.0,111,4,27500,1
2768,622,20250913,24,2,1,641000.0,559999.0,81001.0,12.64,485000.0,74999.0,13.39,181792.11,44.56,559999.0,111,4,27500,1
2769,1022,20250428,65,3,1,472000.0,439000.0,33000.0,6.99,383000.0,56000.0,12.76,312344.55,10.57,439000.0,53,13,150000,1
2770,385,20260312,1,2,1,1136000.0,1039000.0,97000.0,8.54,841000.0,198000.0,19.06,251410.43,38.58,1039000.0,34,3,92500,1
2771,1203,20261228,56,1,1,1136000.0,1039000.0,97000.0,8.54,841000.0,198000.0,19.06,251410.43,38.58,1039000.0,34,3,92500,1
2772,600,20251109,37,2,1,772000.0,679000.0,93000.0,12.05,572000.0,107000.0,15.76,118579.2,78.43,679000.0,18,2,57500,1
2773,1023,20260723,8,3,1,781000.0,689000.0,92000.0,11.78,567000.0,122000.0,17.71,221497.1,41.54,689000.0,112,4,135000,1
2774,1024,20250909,23,1,1,1068000.0,999000.0,69000.0,6.46,803000.0,196000.0,19.62,563731.66,12.24,999000.0,71,9,137500,1
2775,1025,20251008,39,1,1,338000.0,299000.0,39000.0,11.54,255000.0,44000.0,14.72,223670.46,17.44,299000.0,117,13,2500,1
2776,1192,20240408,48,3,1,338000.0,299000.0,39000.0,11.54,255000.0,44000.0,14.72,223670.46,17.44,299000.0,117,13,2500,1
2777,68,20240128,10,3,1,766000.0,699000.0,67000.0,8.75,607000.0,92000.0,13.16,261143.55,25.66,699000.0,35,5,137500,1
2778,526,20240331,26,1,1,526000.0,479000.0,47000.0,8.94,389000.0,90000.0,18.79,232572.69,20.21,479000.0,66,7,112500,1
2779,578,20250804,41,1,1,526000.0,479000.0,47000.0,8.94,389000.0,90000.0,18.79,232572.69,20.21,479000.0,66,7,112500,1
2780,511,20240209,75,2,1,669000.0,629000.0,40000.0,5.98,544000.0,85000.0,13.51,325656.57,12.28,629000.0,46,8,2500,1
2781,1491,20240118,75,2,1,669000.0,629000.0,40000.0,5.98,544000.0,85000.0,13.51,325656.57,12.28,629000.0,46,8,2500,1
2782,511,20250109,34,3,1,634000.0,599000.0,35000.0,5.52,520000.0,79000.0,13.19,308619.23,11.34,599000.0,25,8,2500,1
2783,1491,20260207,90,2,1,634000.0,599000.0,35000.0,5.52,520000.0,79000.0,13.19,308619.23,11.34,599000.0,25,8,2500,1
2784,130,20241001,18,1,1,291000.0,259000.0,32000.0,11.0,226000.0,33000.0,12.74,141653.31,22.59,259000.0,46,8,92500,1
2785,1457,20260813,34,2,1,291000.0,259000.0,32000.0,11.0,226000.0,33000.0,12.74,141653.31,22.59,259000.0,46,8,92500,1
2786,1026,20240916,64,3,1,1846000.0,1679000.0,167000.0,9.05,1379000.0,300000.0,17.87,629335.51,26.54,1679000.0,85,5,2500,1
2787,1027,20250522,5,1,1,764000.0,699000.0,65000.0,8.51,610000.0,89000.0,12.73,593676.63,10.95,699000.0,33,18,112500,1
2788,1028,20250821,78,1,1,673000.0,599000.0,74000.0,11.0,495000.0,104000.0,17.36,355235.4,20.83,599000.0,35,9,2500,1
2789,1029,20260418,24,2,1,1013000.0,899000.0,114000.0,11.25,759000.0,140000.0,15.57,722980.73,15.77,899000.0,29,15,107500,1
2790,1030,20240725,83,2,1,884000.0,829000.0,55000.0,6.22,667000.0,162000.0,19.54,430314.52,12.78,829000.0,18,8,107000,1
2791,810,20241005,9,3,1,988000.0,889000.0,99000.0,10.02,714000.0,175000.0,19.69,480939.75,20.58,889000.0,96,8,112500,1
2792,1031,20250403,69,2,1,743000.0,699000.0,44000.0,5.92,599000.0,100000.0,14.31,469823.87,9.37,699000.0,112,12,77500,1
2793,1032,20251109,94,3,1,966000.0,859000.0,107000.0,11.08,718000.0,141000.0,16.41,711561.77,15.04,859000.0,38,16,57000,1
2794,1033,20261120,18,1,1,1439000.0,1290000.0,149000.0,10.35,1058000.0,232000.0,17.98,813915.01,18.31,1290000.0,40,10,48000,1
2795,365,20251011,19,3,1,1030000.0,899000.0,131000.0,12.72,733000.0,166000.0,18.46,292115.25,44.85,899000.0,28,4,133000,1
2796,369,20261117,9,2,1,1030000.0,899000.0,131000.0,12.72,733000.0,166000.0,18.46,292115.25,44.85,899000.0,28,4,133000,1
2797,1034,20240515,39,2,1,326000.0,308000.0,18000.0,5.52,263000.0,45000.0,14.61,158690.65,11.34,308000.0,29,8,202500,1
2798,836,20251221,59,1,1,485000.0,459000.0,26000.0,5.36,367000.0,92000.0,20.04,74496.0,34.9,459000.0,96,2,12545,1
2799,767,20240402,25,2,1,647000.0,599999.0,47001.0,7.26,519000.0,80999.0,13.5,99379.2,47.29,599999.0,116,2,47500,1
2800,1035,20250928,86,1,1,538000.0,499999.0,38001.0,7.06,403000.0,96999.0,19.4,152580.59,24.91,499999.0,36,4,102500,1
2801,1399,20240921,29,3,1,538000.0,499999.0,38001.0,7.06,403000.0,96999.0,19.4,152580.59,24.91,499999.0,36,4,102500,1
2802,1036,20240628,82,3,1,602000.0,559999.0,42001.0,6.98,457000.0,102999.0,18.39,266176.35,15.78,559999.0,103,7,107500,1
2803,1037,20250706,95,3,1,2224000.0,1950000.0,274000.0,12.32,1620000.0,330000.0,16.92,630742.06,43.44,1950000.0,94,4,112500,1
2804,391,20260201,78,2,1,1129000.0,1050000.0,79000.0,7.0,881000.0,169000.0,16.1,384896.96,20.52,1050000.0,53,5,102500,1
2805,436,20240127,42,2,1,1129000.0,1050000.0,79000.0,7.0,881000.0,169000.0,16.1,384896.96,20.52,1050000.0,53,5,102500,1
2806,1038,20250422,20,2,1,1239000.0,1150000.0,89000.0,7.18,953000.0,197000.0,17.13,274205.57,32.46,1150000.0,44,3,42500,1
2807,761,20240513,41,2,1,1407000.0,1250000.0,157000.0,11.16,1032000.0,218000.0,17.44,399035.11,39.34,1250000.0,80,4,137500,1
2808,203,20241218,98,3,1,327000.0,299000.0,28000.0,8.56,262000.0,37000.0,12.37,216391.24,12.94,299000.0,31,13,17500,1
2809,227,20260203,8,3,1,327000.0,299000.0,28000.0,8.56,262000.0,37000.0,12.37,216391.24,12.94,299000.0,31,13,17500,1
2810,107,20240716,16,2,1,337000.0,299000.0,38000.0,11.28,255000.0,44000.0,14.72,114889.53,33.08,299000.0,83,5,85000,1
2811,1039,20260421,73,3,1,337000.0,299000.0,38000.0,11.28,255000.0,44000.0,14.72,114889.53,33.08,299000.0,83,5,85000,1
2812,426,20240410,28,2,1,654000.0,619000.0,35000.0,5.35,496000.0,123000.0,19.87,369909.95,9.46,619000.0,96,10,12500,1
2813,241,20260930,72,2,1,438000.0,399000.0,39000.0,8.9,333000.0,66000.0,16.54,301697.54,12.93,399000.0,24,14,80096,1
2814,45,20240927,67,3,1,684000.0,649000.0,35000.0,5.12,565000.0,84000.0,12.94,302432.92,11.57,649000.0,103,7,198745,1
2815,1040,20240327,84,3,1,2799000.0,2650000.0,149000.0,5.32,2184000.0,466000.0,17.58,619452.29,24.05,2650000.0,107,3,67500,1
2816,1041,20240316,74,1,1,861000.0,755000.0,106000.0,12.31,610000.0,145000.0,19.21,454469.07,23.32,755000.0,22,9,120000,1
2817,1042,20240826,7,1,10,148000.0,139000.0,9000.0,6.08,120000.0,19000.0,13.67,120073.39,7.5,139000.0,13,20,122500,1
2818,592,20240422,99,3,1,406000.0,368000.0,38000.0,9.36,312000.0,56000.0,15.22,179514.28,21.17,368000.0,91,7,94000,1
2819,796,20260222,46,1,1,1308000.0,1199000.0,109000.0,8.33,1014000.0,185000.0,15.43,445921.37,24.44,1199000.0,65,5,2500,1
2820,1043,20261029,17,1,1,562000.0,518000.0,44000.0,7.83,417000.0,101000.0,19.5,248490.21,17.71,518000.0,32,7,117500,1
2821,56,20260919,52,3,1,625000.0,548000.0,77000.0,12.32,445000.0,103000.0,18.8,96000.0,80.21,548000.0,106,2,2500,1
2822,1954,20250624,93,3,1,625000.0,548000.0,77000.0,12.32,445000.0,103000.0,18.8,96000.0,80.21,548000.0,106,2,2500,1
2823,1044,20250709,31,2,1,314000.0,298000.0,16000.0,5.1,253000.0,45000.0,15.1,152849.27,10.47,298000.0,107,8,92500,1
2824,1045,20240524,87,3,1,780000.0,699000.0,81000.0,10.38,571000.0,128000.0,18.31,307043.1,26.38,699000.0,43,6,132500,1
2825,1046,20260918,98,2,1,365000.0,318000.0,47000.0,12.88,267000.0,51000.0,16.04,161385.99,29.12,318000.0,109,7,72500,1
2826,1047,20260721,97,3,1,352000.0,318000.0,34000.0,9.66,268000.0,50000.0,15.72,155638.0,21.85,318000.0,108,7,82500,1
2827,1048,20241127,95,3,1,375000.0,328000.0,47000.0,12.53,270000.0,58000.0,17.68,147616.87,31.84,328000.0,26,6,45412,1
2828,1049,20240731,14,2,1,367000.0,348000.0,19000.0,5.18,305000.0,43000.0,12.36,125117.08,15.19,348000.0,37,5,2500,1
2829,462,20260413,57,3,1,130000.0,119000.0,11000.0,8.46,103000.0,16000.0,13.45,89544.93,12.28,119000.0,23,14,102500,1
2830,130,20250522,74,2,1,300000.0,279000.0,21000.0,7.0,239000.0,40000.0,14.34,146034.34,14.38,279000.0,43,8,62500,1
2831,1457,20260121,83,1,1,300000.0,279000.0,21000.0,7.0,239000.0,40000.0,14.34,146034.34,14.38,279000.0,43,8,62500,1
2832,1050,20261212,54,1,1,167000.0,149000.0,18000.0,10.78,120000.0,29000.0,19.46,129769.63,13.87,149000.0,84,18,2500,1
2833,633,20260905,66,1,1,297000.0,259000.0,38000.0,12.79,209000.0,50000.0,19.31,204575.73,18.58,259000.0,66,14,112500,1
2834,1051,20240309,98,2,1,297000.0,259000.0,38000.0,12.79,209000.0,50000.0,19.31,204575.73,18.58,259000.0,66,14,112500,1
2835,971,20260723,53,2,1,322000.0,299000.0,23000.0,7.14,251000.0,48000.0,16.05,203611.42,11.3,299000.0,86,12,2500,1
2836,1052,20260624,16,3,1,322000.0,299000.0,23000.0,7.14,251000.0,48000.0,16.05,203611.42,11.3,299000.0,86,12,2500,1
2837,233,20260804,53,3,1,267000.0,239000.0,28000.0,10.49,194000.0,45000.0,18.83,183911.51,15.22,239000.0,106,14,2500,1
2838,540,20240909,72,3,1,267000.0,239000.0,28000.0,10.49,194000.0,45000.0,18.83,183911.51,15.22,239000.0,106,14,2500,1
2839,557,20260302,15,2,1,191000.0,179000.0,12000.0,6.28,157000.0,22000.0,12.29,126393.66,9.49,179000.0,64,13,92500,1
2840,1053,20260815,11,3,1,186000.0,168000.0,18000.0,9.68,137000.0,31000.0,18.45,123084.93,14.62,168000.0,75,13,142500,1
2841,1054,20260716,91,3,1,491000.0,448000.0,43000.0,8.76,376000.0,72000.0,16.07,193279.69,22.25,448000.0,107,6,64112,1
2842,1054,20260102,57,3,1,491000.0,428000.0,63000.0,12.83,355000.0,73000.0,17.06,193279.69,32.6,428000.0,102,6,97500,1
2843,679,20251209,89,2,1,493000.0,444000.0,49000.0,9.94,378000.0,66000.0,14.86,109106.82,44.91,444000.0,46,3,36712,1
2844,1166,20260629,39,3,1,493000.0,444000.0,49000.0,9.94,378000.0,66000.0,14.86,109106.82,44.91,444000.0,46,3,36712,1
2845,1055,20251224,66,1,1,443000.0,408000.0,35000.0,7.9,331000.0,77000.0,18.87,195873.96,17.87,408000.0,77,7,97500,1
2846,372,20240516,13,2,1,353000.0,333000.0,20000.0,5.67,278000.0,55000.0,16.52,243148.93,8.23,333000.0,85,14,182500,1
2847,1407,20261117,51,1,1,353000.0,333000.0,20000.0,5.67,278000.0,55000.0,16.52,243148.93,8.23,333000.0,85,14,182500,1
2848,128,20240818,85,3,1,404000.0,379000.0,25000.0,6.19,312000.0,67000.0,17.68,114577.24,21.82,379000.0,35,4,47500,1
2849,374,20250309,82,1,1,404000.0,379000.0,25000.0,6.19,312000.0,67000.0,17.68,114577.24,21.82,379000.0,35,4,47500,1
2850,1320,20261203,62,3,1,404000.0,379000.0,25000.0,6.19,312000.0,67000.0,17.68,114577.24,21.82,379000.0,35,4,47500,1
2851,1056,20240311,29,1,1,5674000.0,5290000.0,384000.0,6.77,4608000.0,682000.0,12.89,453920.0,84.6,5290000.0,70,1,32500,1
2852,760,20240530,8,1,1,214000.0,199000.0,15000.0,7.01,160000.0,39000.0,19.6,157633.77,9.52,199000.0,101,16,162500,1
2853,497,20241006,20,1,1,1361000.0,1199000.0,162000.0,11.9,1047000.0,152000.0,12.68,301205.63,53.78,1199000.0,76,3,2500,1
2854,1057,20240225,96,1,1,595000.0,538000.0,57000.0,9.58,466000.0,72000.0,13.38,376238.5,15.15,538000.0,93,12,117500,1
2855,1390,20261111,73,2,1,595000.0,538000.0,57000.0,9.58,466000.0,72000.0,13.38,376238.5,15.15,538000.0,93,12,117500,1
2856,175,20240722,30,2,1,362000.0,328000.0,34000.0,9.39,270000.0,58000.0,17.68,142499.49,23.86,328000.0,83,6,92500,1
2857,715,20260122,58,3,1,362000.0,328000.0,34000.0,9.39,270000.0,58000.0,17.68,142499.49,23.86,328000.0,83,6,92500,1
2858,1058,20240904,51,3,1,794000.0,748000.0,46000.0,5.79,646000.0,102000.0,13.64,449095.57,10.24,748000.0,61,10,92500,1
2859,705,20240208,20,3,1,963000.0,848000.0,115000.0,11.94,681000.0,167000.0,19.69,468770.23,24.53,848000.0,27,8,107500,1
2860,1059,20240703,38,1,1,1233000.0,1099000.0,134000.0,10.87,964000.0,135000.0,12.28,545175.14,24.58,1099000.0,62,7,2500,1
2861,1060,20240905,87,2,1,2103000.0,1990000.0,113000.0,5.37,1676000.0,314000.0,15.78,465419.14,24.28,1990000.0,72,3,92500,1
2862,1061,20261106,8,2,1,1625000.0,1450000.0,175000.0,10.77,1195000.0,255000.0,17.59,553992.52,31.59,1450000.0,62,5,77500,1
2863,1062,20261031,65,3,1,2419000.0,2190000.0,229000.0,9.47,1816000.0,374000.0,17.08,193520.0,118.33,2190000.0,36,1,12500,1
2864,979,20251006,6,3,1,200000.0,189000.0,11000.0,5.5,152000.0,37000.0,19.58,105567.73,10.42,189000.0,40,9,127500,1
2865,10,20260609,44,2,1,338000.0,308000.0,30000.0,8.88,271000.0,37000.0,12.01,213728.76,14.04,308000.0,100,12,177500,1
2866,1063,20250729,1,3,1,338000.0,308000.0,30000.0,8.88,271000.0,37000.0,12.01,213728.76,14.04,308000.0,100,12,177500,1
2867,48,20241023,65,3,1,877000.0,798000.0,79000.0,9.01,641000.0,157000.0,19.67,134707.2,58.65,798000.0,115,2,12500,1
2868,38,20251231,45,3,1,1044000.0,979000.0,65000.0,6.23,834000.0,145000.0,14.81,296085.75,21.95,979000.0,10,4,93082,1
2869,340,20251028,12,3,1,1044000.0,979000.0,65000.0,6.23,834000.0,145000.0,14.81,296085.75,21.95,979000.0,10,4,93082,1
2870,38,20240224,78,2,1,1075000.0,939000.0,136000.0,12.65,784000.0,155000.0,16.51,304877.57,44.61,939000.0,15,4,122866,1
2871,340,20240130,4,2,1,1075000.0,939000.0,136000.0,12.65,784000.0,155000.0,16.51,304877.57,44.61,939000.0,15,4,122866,1
2872,839,20261201,43,2,1,453000.0,399000.0,54000.0,11.92,349000.0,50000.0,12.53,271964.27,19.86,399000.0,20,11,172500,1
2873,85,20241006,95,1,1,725000.0,649000.0,76000.0,10.48,532000.0,117000.0,18.03,247165.9,30.75,649000.0,43,5,132500,1
2874,366,20260626,25,2,1,725000.0,649000.0,76000.0,10.48,532000.0,117000.0,18.03,247165.9,30.75,649000.0,43,5,132500,1
2875,323,20261219,90,3,1,909000.0,829000.0,80000.0,8.8,698000.0,131000.0,15.8,401917.44,19.9,829000.0,112,7,122500,1
2876,328,20260403,12,2,1,457000.0,419000.0,38000.0,8.32,351000.0,68000.0,16.23,258484.48,14.7,419000.0,93,10,112500,1
2877,522,20240215,82,3,1,457000.0,419000.0,38000.0,8.32,351000.0,68000.0,16.23,258484.48,14.7,419000.0,93,10,112500,1
2878,88,20251213,100,2,1,601000.0,539000.0,62000.0,10.32,462000.0,77000.0,14.29,265734.19,23.33,539000.0,72,7,92500,1
2879,535,20251128,38,2,1,601000.0,539000.0,62000.0,10.32,462000.0,77000.0,14.29,265734.19,23.33,539000.0,72,7,92500,1
2880,345,20250201,56,3,1,971000.0,879000.0,92000.0,9.47,708000.0,171000.0,19.45,275382.44,33.41,879000.0,62,4,106211,1
2881,494,20241001,2,1,1,971000.0,879000.0,92000.0,9.47,708000.0,171000.0,19.45,275382.44,33.41,879000.0,62,4,106211,1
2882,345,20260119,12,1,1,1055000.0,999000.0,56000.0,5.31,815000.0,184000.0,18.42,299205.43,18.72,999000.0,94,4,90321,1
2883,494,20251127,65,1,1,1055000.0,999000.0,56000.0,5.31,815000.0,184000.0,18.42,299205.43,18.72,999000.0,94,4,90321,1
2884,14,20261018,83,1,1,803000.0,729000.0,74000.0,9.22,596000.0,133000.0,18.24,227736.45,32.49,729000.0,94,4,115920,1
2885,336,20250217,47,2,1,1685000.0,1490000.0,195000.0,11.57,1280000.0,210000.0,14.09,745028.48,26.17,1490000.0,27,7,157063,1
2886,1064,20240417,42,2,1,1414000.0,1290000.0,124000.0,8.77,1052000.0,238000.0,18.45,625204.91,19.83,1290000.0,30,7,131457,1
2887,586,20251107,57,3,1,600000.0,569000.0,31000.0,5.17,481000.0,88000.0,15.47,236187.0,13.13,569000.0,28,6,107500,1
2888,949,20260906,39,2,1,600000.0,569000.0,31000.0,5.17,481000.0,88000.0,15.47,236187.0,13.13,569000.0,28,6,107500,1
2889,225,20260707,69,2,1,789000.0,699000.0,90000.0,11.41,571000.0,128000.0,18.31,223765.95,40.22,699000.0,13,4,13051,1
2890,349,20240713,47,1,1,566000.0,529000.0,37000.0,6.54,460000.0,69000.0,13.04,160521.58,23.05,529000.0,86,4,109322,1
2891,12,20260322,69,2,1,494000.0,459000.0,35000.0,7.09,402000.0,57000.0,12.42,168413.73,20.78,459000.0,91,5,87500,1
2892,334,20260517,85,2,1,494000.0,459000.0,35000.0,7.09,402000.0,57000.0,12.42,168413.73,20.78,459000.0,91,5,87500,1
2893,131,20260503,66,1,1,916000.0,859000.0,57000.0,6.22,723000.0,136000.0,15.83,259784.05,21.94,859000.0,38,4,75955,1
2894,131,20240929,39,2,1,790000.0,729000.0,61000.0,7.72,604000.0,125000.0,17.15,224049.56,27.23,729000.0,34,4,109070,1
2895,35,20250226,56,2,1,933000.0,829000.0,104000.0,11.15,679000.0,150000.0,18.09,206484.1,50.37,829000.0,65,3,40948,1
2896,584,20260810,43,1,1,933000.0,829000.0,104000.0,11.15,679000.0,150000.0,18.09,206484.1,50.37,829000.0,65,3,40948,1
2897,35,20250917,31,3,1,1024000.0,929000.0,95000.0,9.28,747000.0,182000.0,19.59,226623.49,41.92,929000.0,86,3,31559,1
2898,584,20240306,5,3,1,1024000.0,929000.0,95000.0,9.28,747000.0,182000.0,19.59,226623.49,41.92,929000.0,86,3,31559,1
2899,223,20260823,2,2,1,491000.0,459000.0,32000.0,6.52,377000.0,82000.0,17.86,294778.05,10.86,459000.0,72,11,186999,1
2900,70,20251206,56,2,1,757000.0,665000.0,92000.0,12.15,567000.0,98000.0,14.74,334710.12,27.49,665000.0,36,7,120000,1
2901,466,20261011,48,1,1,830000.0,729000.0,101000.0,12.17,614000.0,115000.0,15.78,326725.35,30.91,729000.0,69,6,184451,1
2902,89,20260410,7,2,1,909000.0,799000.0,110000.0,12.1,700000.0,99000.0,12.39,309894.9,35.5,799000.0,92,5,46292,1
2903,238,20260209,52,3,1,708000.0,659000.0,49000.0,6.92,548000.0,111000.0,16.84,241370.28,20.3,659000.0,58,5,97500,1
2904,20,20261025,40,2,1,1423000.0,1299000.0,124000.0,8.71,1111000.0,188000.0,14.47,314926.98,39.37,1299000.0,74,3,32500,1
2905,139,20260518,31,1,1,1423000.0,1299000.0,124000.0,8.71,1111000.0,188000.0,14.47,314926.98,39.37,1299000.0,74,3,32500,1
2906,45,20260624,55,3,1,757000.0,659000.0,98000.0,12.95,553000.0,106000.0,16.08,334710.12,29.28,659000.0,47,7,97591,1
2907,1065,20261009,71,3,1,833000.0,739000.0,94000.0,11.28,622000.0,117000.0,15.83,368313.78,25.52,739000.0,92,7,102500,1
2908,237,20250506,59,2,1,431000.0,409000.0,22000.0,5.1,336000.0,73000.0,17.85,122234.63,18.0,409000.0,61,4,52500,1
2909,7,20241217,69,1,1,1003000.0,949000.0,54000.0,5.38,794000.0,155000.0,16.33,341941.23,15.79,949000.0,10,5,58697,1
2910,127,20240821,32,2,1,569000.0,519000.0,50000.0,8.79,435000.0,84000.0,16.18,223984.0,22.32,519000.0,49,6,177500,1
2911,636,20260619,29,1,1,569000.0,519000.0,50000.0,8.79,435000.0,84000.0,16.18,223984.0,22.32,519000.0,49,6,177500,1
2912,579,20260424,62,3,1,683000.0,599000.0,84000.0,12.3,513000.0,86000.0,14.36,332471.51,25.27,599000.0,90,8,189822,1
2913,765,20251012,23,3,1,474000.0,429000.0,45000.0,9.49,375000.0,54000.0,12.59,209580.71,21.47,429000.0,30,7,152500,1
2914,845,20261123,72,2,1,474000.0,429000.0,45000.0,9.49,375000.0,54000.0,12.59,209580.71,21.47,429000.0,30,7,152500,1
2915,1376,20260312,81,3,1,474000.0,429000.0,45000.0,9.49,375000.0,54000.0,12.59,209580.71,21.47,429000.0,30,7,152500,1
2916,399,20240701,96,3,1,615000.0,559000.0,56000.0,9.11,462000.0,97000.0,17.35,324620.76,17.25,559000.0,95,9,122500,1
2917,461,20260123,92,2,1,615000.0,559000.0,56000.0,9.11,462000.0,97000.0,17.35,324620.76,17.25,559000.0,95,9,122500,1
2918,102,20240127,84,1,5,710000.0,669000.0,41000.0,5.77,537000.0,132000.0,19.73,313928.91,13.06,669000.0,24,7,137500,1
2919,20,20250504,82,3,1,1227000.0,1100000.0,127000.0,10.35,924000.0,176000.0,16.0,271549.82,46.77,1100000.0,59,3,82008,1
2920,139,20241012,15,1,1,1227000.0,1100000.0,127000.0,10.35,924000.0,176000.0,16.0,271549.82,46.77,1100000.0,59,3,82008,1
2921,438,20251004,39,3,1,656000.0,579000.0,77000.0,11.74,488000.0,91000.0,15.72,186046.22,41.39,579000.0,112,4,87500,1
2922,569,20260930,40,3,1,656000.0,579000.0,77000.0,11.74,488000.0,91000.0,15.72,186046.22,41.39,579000.0,112,4,87500,1
2923,20,20260130,6,3,1,1305000.0,1199000.0,106000.0,8.12,975000.0,224000.0,18.68,288812.16,36.7,1199000.0,57,3,42500,1
2924,139,20240209,37,2,1,1305000.0,1199000.0,106000.0,8.12,975000.0,224000.0,18.68,288812.16,36.7,1199000.0,57,3,42500,1
2925,20,20260423,99,3,1,1081000.0,959000.0,122000.0,11.29,826000.0,133000.0,13.87,239238.27,51.0,959000.0,112,3,126961,1
2926,139,20240120,17,1,1,1081000.0,959000.0,122000.0,11.29,826000.0,133000.0,13.87,239238.27,51.0,959000.0,112,3,126961,1
2927,20,20260208,51,3,1,801000.0,699000.0,102000.0,12.73,614000.0,85000.0,12.16,177270.91,57.54,699000.0,41,3,45219,1
2928,139,20240718,14,2,1,801000.0,699000.0,102000.0,12.73,614000.0,85000.0,12.16,177270.91,57.54,699000.0,41,3,45219,1
2929,123,20250622,100,3,1,855000.0,799000.0,56000.0,6.55,700000.0,99000.0,12.39,189221.76,29.59,799000.0,58,3,76808,1
2930,376,20250707,8,1,1,855000.0,799000.0,56000.0,6.55,700000.0,99000.0,12.39,189221.76,29.59,799000.0,58,3,76808,1
2931,710,20241128,72,2,1,855000.0,799000.0,56000.0,6.55,700000.0,99000.0,12.39,189221.76,29.59,799000.0,58,3,76808,1
2932,1066,20251227,89,2,1,1576000.0,1430000.0,146000.0,9.26,1167000.0,263000.0,18.39,537287.52,27.17,1430000.0,77,5,17500,1
2933,7,20240924,50,2,1,948000.0,879000.0,69000.0,7.28,765000.0,114000.0,12.97,323190.72,21.35,879000.0,117,5,22500,1
2934,12,20240102,33,1,1,462000.0,409000.0,53000.0,11.47,350000.0,59000.0,14.43,157504.34,33.65,409000.0,54,5,52500,1
2935,334,20250515,47,1,1,462000.0,409000.0,53000.0,11.47,350000.0,59000.0,14.43,157504.34,33.65,409000.0,54,5,52500,1
2936,7,20250405,29,3,1,952000.0,859000.0,93000.0,9.77,718000.0,141000.0,16.41,324554.39,28.65,859000.0,41,5,89487,1
2937,134,20240623,20,1,1,244000.0,219000.0,25000.0,10.25,185000.0,34000.0,15.53,161466.25,15.48,219000.0,13,13,142500,1
2938,292,20250617,48,3,1,519000.0,459000.0,60000.0,11.56,398000.0,61000.0,13.29,293552.39,20.44,459000.0,74,10,145000,1
2939,678,20240813,16,2,1,1188000.0,1090000.0,98000.0,8.25,914000.0,176000.0,16.15,627072.3,15.63,1090000.0,106,9,112500,1
2940,802,20241116,55,1,1,1188000.0,1090000.0,98000.0,8.25,914000.0,176000.0,16.15,627072.3,15.63,1090000.0,106,9,112500,1
2941,1067,20260117,16,3,1,1050000.0,920000.0,130000.0,12.38,763000.0,157000.0,17.07,593892.12,21.89,920000.0,80,10,127500,1
2942,191,20260821,3,2,1,209000.0,189000.0,20000.0,9.57,159000.0,30000.0,15.87,138305.11,14.46,189000.0,82,13,182500,1
2943,251,20240726,25,3,1,1013000.0,950000.0,63000.0,6.22,804000.0,146000.0,15.37,534700.54,11.78,950000.0,74,9,147500,1
2944,797,20250807,37,1,1,1410000.0,1259000.0,151000.0,10.71,1026000.0,233000.0,18.51,480695.05,31.41,1259000.0,89,5,77500,1
2945,1068,20240614,2,3,1,1251000.0,1108000.0,143000.0,11.43,966000.0,142000.0,12.82,553133.9,25.85,1108000.0,27,7,234549,1
2946,1215,20250626,3,3,1,1251000.0,1108000.0,143000.0,11.43,966000.0,142000.0,12.82,553133.9,25.85,1108000.0,27,7,234549,1
2947,695,20250722,70,2,1,1027000.0,949000.0,78000.0,7.59,810000.0,139000.0,14.65,82160.0,94.94,949000.0,63,1,2500,1
2948,1069,20260616,80,2,1,1027000.0,949000.0,78000.0,7.59,810000.0,139000.0,14.65,82160.0,94.94,949000.0,63,1,2500,1
2949,4,20250511,63,3,1,733000.0,645000.0,88000.0,12.01,549000.0,96000.0,14.88,207883.96,42.33,645000.0,56,4,42500,1
2950,69,20240630,96,1,1,733000.0,645000.0,88000.0,12.01,549000.0,96000.0,14.88,207883.96,42.33,645000.0,56,4,42500,1
2951,45,20240831,59,2,1,736000.0,645000.0,91000.0,12.36,521000.0,124000.0,19.22,325424.9,27.96,645000.0,15,7,162500,1
2952,1070,20260622,59,1,1,264000.0,245000.0,19000.0,7.2,208000.0,37000.0,15.1,181845.09,10.45,245000.0,75,14,182500,1
2953,557,20250512,55,3,1,201000.0,175000.0,26000.0,12.94,142000.0,33000.0,18.86,133011.13,19.55,175000.0,18,13,297500,1
2954,1071,20240604,30,3,1,1894000.0,1780000.0,114000.0,6.02,1435000.0,345000.0,19.38,290918.4,39.19,1780000.0,77,2,7500,1
2955,8,20261116,96,3,1,209000.0,195000.0,14000.0,6.7,164000.0,31000.0,15.9,132157.72,10.59,195000.0,118,12,212500,1
2956,1072,20250622,32,1,1,1336000.0,1250000.0,86000.0,6.44,1040000.0,210000.0,16.8,106880.0,80.46,1250000.0,32,1,7500,1
2957,158,20260421,90,1,1,513000.0,450000.0,63000.0,12.28,381000.0,69000.0,15.33,226824.69,27.77,450000.0,116,7,127500,1
2958,1072,20250911,16,1,1,1394000.0,1250000.0,144000.0,10.33,1009000.0,241000.0,19.28,111520.0,129.12,1250000.0,118,1,2500,1
2959,774,20250830,85,1,1,669000.0,628000.0,41000.0,6.13,524000.0,104000.0,16.56,295800.62,13.86,628000.0,52,7,167500,1
2960,64,20250130,86,2,1,935000.0,855000.0,80000.0,8.56,696000.0,159000.0,18.6,206926.72,38.66,855000.0,60,3,47500,1
2961,43,20251028,37,1,1,439000.0,395000.0,44000.0,10.02,347000.0,48000.0,12.15,149663.21,29.4,395000.0,81,5,27500,1
2962,433,20251216,77,1,1,270000.0,255000.0,15000.0,5.56,215000.0,40000.0,15.69,178671.67,8.4,255000.0,112,13,152500,1
2963,716,20250220,9,3,1,270000.0,255000.0,15000.0,5.56,215000.0,40000.0,15.69,178671.67,8.4,255000.0,112,13,152500,1
2964,33,20260627,57,3,1,495000.0,435000.0,60000.0,12.12,372000.0,63000.0,14.48,297179.5,20.19,435000.0,34,11,182500,1
2965,778,20250828,69,2,1,560000.0,495000.0,65000.0,11.61,409000.0,86000.0,17.37,336203.07,19.33,495000.0,89,11,152500,1
2966,1073,20240827,64,2,1,560000.0,495000.0,65000.0,11.61,409000.0,86000.0,17.37,336203.07,19.33,495000.0,89,11,152500,1
2967,654,20260405,92,2,1,391000.0,355000.0,36000.0,9.21,287000.0,68000.0,19.15,133299.12,27.01,355000.0,44,5,82500,1
2968,1074,20261027,49,3,1,338000.0,295000.0,43000.0,12.72,259000.0,36000.0,12.2,232816.82,18.47,295000.0,26,14,212500,1
2969,844,20240914,23,3,1,257000.0,235000.0,22000.0,8.56,193000.0,42000.0,17.87,145362.17,15.13,235000.0,27,10,212500,1
2970,1075,20261005,63,1,1,257000.0,235000.0,22000.0,8.56,193000.0,42000.0,17.87,145362.17,15.13,235000.0,27,10,212500,1
2971,51,20250315,91,3,1,184000.0,160000.0,24000.0,13.04,133000.0,27000.0,16.88,135535.58,17.71,160000.0,36,16,242500,1
2972,36,20250524,41,3,1,754000.0,675000.0,79000.0,10.48,575000.0,100000.0,14.81,296808.33,26.62,675000.0,24,6,237500,1
2973,1076,20241116,46,1,1,200000.0,180000.0,20000.0,10.0,144000.0,36000.0,20.0,105567.73,18.95,180000.0,90,9,177500,1
2974,774,20251017,68,2,1,688000.0,645000.0,43000.0,6.25,558000.0,87000.0,13.49,304201.54,14.14,645000.0,116,7,157500,1
2975,146,20260302,49,3,1,893000.0,785000.0,108000.0,12.09,662000.0,123000.0,15.67,304440.2,35.47,785000.0,78,5,197500,1
2976,341,20240328,17,2,1,893000.0,785000.0,108000.0,12.09,662000.0,123000.0,15.67,304440.2,35.47,785000.0,78,5,197500,1
2977,408,20260208,83,2,1,486000.0,445000.0,41000.0,8.44,366000.0,79000.0,17.75,274887.21,14.92,445000.0,89,10,187500,1
2978,438,20240712,2,3,1,549000.0,515000.0,34000.0,6.19,415000.0,100000.0,19.42,155700.26,21.84,515000.0,24,4,187500,1
2979,569,20251229,70,1,1,549000.0,515000.0,34000.0,6.19,415000.0,100000.0,19.42,155700.26,21.84,515000.0,24,4,187500,1
2980,1077,20260608,66,2,1,756000.0,719000.0,37000.0,4.89,585000.0,134000.0,18.64,478044.21,7.74,719000.0,51,12,62500,1
2981,344,20250831,84,2,1,1858000.0,1680000.0,178000.0,9.58,1464000.0,216000.0,12.86,148640.0,119.75,1680000.0,119,1,2500,1
2982,660,20251206,10,1,1,1858000.0,1680000.0,178000.0,9.58,1464000.0,216000.0,12.86,148640.0,119.75,1680000.0,119,1,2500,1
2983,199,20260305,76,1,1,524000.0,475000.0,49000.0,9.35,406000.0,69000.0,14.53,80486.4,60.88,475000.0,43,2,37500,1
2984,572,20250314,97,3,1,524000.0,475000.0,49000.0,9.35,406000.0,69000.0,14.53,80486.4,60.88,475000.0,43,2,37500,1
2985,848,20250324,72,3,1,163000.0,145000.0,18000.0,11.04,119000.0,26000.0,17.93,97859.11,18.39,145000.0,57,11,247500,1
2986,1078,20260603,8,2,1,165000.0,145000.0,20000.0,12.12,117000.0,28000.0,19.31,113653.18,17.6,145000.0,92,14,172500,1
2987,1079,20250505,41,1,1,344000.0,325000.0,19000.0,5.52,278000.0,47000.0,14.46,206524.74,9.2,325000.0,17,11,142500,1
2988,1,20240314,91,3,1,253000.0,225000.0,28000.0,11.07,190000.0,35000.0,15.56,151891.74,18.43,225000.0,19,11,127500,1
2989,1074,20250602,84,2,1,305000.0,285000.0,20000.0,6.56,237000.0,48000.0,16.84,210086.19,9.52,285000.0,14,14,242500,1
2990,27,20241116,97,2,1,778000.0,685000.0,93000.0,11.95,568000.0,117000.0,17.08,306255.81,30.37,685000.0,57,6,77500,1
2991,168,20250813,38,3,1,778000.0,685000.0,93000.0,11.95,568000.0,117000.0,17.08,306255.81,30.37,685000.0,57,6,77500,1
2992,1080,20260907,90,3,1,209000.0,185000.0,24000.0,11.48,151000.0,34000.0,18.38,178290.95,13.46,185000.0,35,23,277500,1
2993,232,20260418,81,2,1,326000.0,295000.0,31000.0,9.51,252000.0,43000.0,14.58,195718.21,15.84,295000.0,95,11,257500,1
2994,1081,20250204,74,3,1,326000.0,295000.0,31000.0,9.51,252000.0,43000.0,14.58,195718.21,15.84,295000.0,95,11,257500,1
2995,27,20240708,68,1,1,465000.0,415000.0,50000.0,10.75,364000.0,51000.0,12.29,183044.92,27.32,415000.0,117,6,57500,1
2996,168,20250704,33,3,1,465000.0,415000.0,50000.0,10.75,364000.0,51000.0,12.29,183044.92,27.32,415000.0,117,6,57500,1
2997,126,20260110,23,2,1,741000.0,685000.0,56000.0,7.56,558000.0,127000.0,18.54,391128.43,14.32,685000.0,32,9,257500,1
2998,661,20260420,58,1,1,247000.0,225000.0,22000.0,8.91,191000.0,34000.0,15.11,163451.49,13.46,225000.0,71,13,297500,1
2999,1415,20260121,82,3,1,247000.0,225000.0,22000.0,8.91,191000.0,34000.0,15.11,163451.49,13.46,225000.0,71,13,297500,1
3000,118,20240227,86,2,1,368000.0,325000.0,43000.0,11.68,271000.0,54000.0,16.62,144861.36,29.68,325000.0,22,6,72500,1
3001,651,20260522,89,2,1,368000.0,325000.0,43000.0,11.68,271000.0,54000.0,16.62,144861.36,29.68,325000.0,22,6,72500,1
3002,4,20260325,82,1,1,422000.0,385000.0,37000.0,8.77,322000.0,63000.0,16.36,119682.17,30.92,385000.0,18,4,157500,1
3003,69,20250507,64,1,1,422000.0,385000.0,37000.0,8.77,322000.0,63000.0,16.36,119682.17,30.92,385000.0,18,4,157500,1
3004,873,20260120,40,3,1,353000.0,325000.0,28000.0,7.93,267000.0,58000.0,17.85,138956.68,20.15,325000.0,29,6,117500,1
3005,1082,20260403,95,3,1,353000.0,325000.0,28000.0,7.93,267000.0,58000.0,17.85,138956.68,20.15,325000.0,29,6,117500,1
3006,58,20240809,45,1,1,742000.0,675000.0,67000.0,9.03,585000.0,90000.0,13.33,292084.59,22.94,675000.0,101,6,232500,1
3007,718,20240422,1,1,1,176000.0,155000.0,21000.0,11.93,130000.0,25000.0,16.13,116467.46,18.03,155000.0,117,13,152500,1
3008,166,20240527,80,1,1,477000.0,440000.0,37000.0,7.76,371000.0,69000.0,15.68,105565.82,35.05,440000.0,66,3,52500,1
3009,360,20250227,58,3,10,320000.0,300000.0,20000.0,6.25,247000.0,53000.0,17.67,109093.91,18.33,300000.0,110,5,52500,1
3010,781,20240429,44,2,10,320000.0,300000.0,20000.0,6.25,247000.0,53000.0,17.67,109093.91,18.33,300000.0,110,5,52500,1
3011,669,20261010,35,1,1,734000.0,655000.0,79000.0,10.76,534000.0,121000.0,18.47,324540.59,24.34,655000.0,33,7,252500,1
3012,1083,20260215,64,1,1,436000.0,385000.0,51000.0,11.7,311000.0,74000.0,19.22,192778.88,26.46,385000.0,117,7,172500,1
3013,1084,20240222,96,3,1,1219000.0,1150000.0,69000.0,5.66,986000.0,164000.0,14.26,538984.99,12.8,1150000.0,42,7,97500,1
3014,1085,20261213,53,1,1,1820000.0,1695000.0,125000.0,6.87,1383000.0,312000.0,18.41,402787.84,31.03,1695000.0,29,3,32500,1
3015,1086,20260205,17,3,1,388000.0,365000.0,23000.0,5.93,312000.0,53000.0,14.52,285803.28,8.05,365000.0,69,16,177500,1
3016,1087,20241210,75,1,1,428000.0,395000.0,33000.0,7.71,328000.0,67000.0,16.96,256955.2,12.84,395000.0,57,11,92500,1
3017,1088,20261126,13,1,1,871000.0,795000.0,76000.0,8.73,662000.0,133000.0,16.73,133785.6,56.81,795000.0,73,2,7500,1
3018,344,20250330,69,3,1,1558000.0,1385000.0,173000.0,11.1,1160000.0,225000.0,16.25,124640.0,138.8,1385000.0,39,1,2500,1
3019,660,20260214,75,3,1,1558000.0,1385000.0,173000.0,11.1,1160000.0,225000.0,16.25,124640.0,138.8,1385000.0,39,1,2500,1
3020,70,20260720,87,1,1,619000.0,555000.0,64000.0,10.34,460000.0,95000.0,17.12,273692.95,23.38,555000.0,117,7,162500,1
3021,344,20240107,17,1,1,1440000.0,1295000.0,145000.0,10.07,1046000.0,249000.0,19.23,115200.0,125.87,1295000.0,82,1,2500,1
3022,660,20241120,99,2,1,1440000.0,1295000.0,145000.0,10.07,1046000.0,249000.0,19.23,115200.0,125.87,1295000.0,82,1,2500,1
3023,1089,20260721,40,3,1,1617000.0,1490000.0,127000.0,7.85,1229000.0,261000.0,17.52,551265.18,23.04,1490000.0,118,5,102500,1
3024,1090,20241103,80,3,1,641000.0,565000.0,76000.0,11.86,482000.0,83000.0,14.69,457483.36,16.61,565000.0,26,15,107500,1
3025,229,20250730,84,3,1,795000.0,725000.0,70000.0,8.81,619000.0,106000.0,14.62,63600.0,110.06,725000.0,109,1,12500,1
3026,1420,20240311,34,3,1,795000.0,725000.0,70000.0,8.81,619000.0,106000.0,14.62,63600.0,110.06,725000.0,109,1,12500,1
3027,1091,20241208,51,3,1,304000.0,265000.0,39000.0,12.83,218000.0,47000.0,17.74,209397.38,18.62,265000.0,23,14,147500,1
3028,614,20250102,55,2,1,596000.0,535000.0,61000.0,10.23,448000.0,87000.0,16.26,337104.48,18.1,535000.0,28,10,52500,1
3029,899,20250111,87,3,1,596000.0,535000.0,61000.0,10.23,448000.0,87000.0,16.26,337104.48,18.1,535000.0,28,10,52500,1
3030,1092,20260321,40,2,1,303000.0,285000.0,18000.0,5.94,232000.0,53000.0,18.6,208708.57,8.62,285000.0,80,14,127500,1
3031,1527,20240920,7,1,1,303000.0,285000.0,18000.0,5.94,232000.0,53000.0,18.6,208708.57,8.62,285000.0,80,14,127500,1
3032,862,20261215,83,3,1,1621000.0,1450000.0,171000.0,10.55,1184000.0,266000.0,18.34,552628.85,30.94,1450000.0,68,5,102500,1
3033,229,20250525,34,2,1,785000.0,725000.0,60000.0,7.64,581000.0,144000.0,19.86,62800.0,95.54,725000.0,76,1,3024,1
3034,1420,20260927,36,2,1,785000.0,725000.0,60000.0,7.64,581000.0,144000.0,19.86,62800.0,95.54,725000.0,76,1,3024,1
3035,1093,20241120,40,1,1,554000.0,495000.0,59000.0,10.65,432000.0,63000.0,12.73,332600.89,17.74,495000.0,106,11,117500,1
3036,575,20240420,18,2,1,312000.0,295000.0,17000.0,5.45,241000.0,54000.0,18.31,106366.56,15.98,295000.0,53,5,167500,1
3037,1094,20251208,72,3,1,312000.0,295000.0,17000.0,5.45,241000.0,54000.0,18.31,106366.56,15.98,295000.0,53,5,167500,1
3038,1095,20261108,24,1,1,123000.0,115000.0,8000.0,6.5,94000.0,21000.0,18.26,95578.83,8.37,115000.0,41,18,297500,1
3039,1096,20251107,31,1,1,1016000.0,895000.0,121000.0,11.91,736000.0,159000.0,17.77,81280.0,148.87,895000.0,20,1,7500,1
3040,1096,20251011,55,1,1,810000.0,755000.0,55000.0,6.79,612000.0,143000.0,18.94,64800.0,84.88,755000.0,115,1,12500,1
3041,730,20240515,81,1,1,743000.0,655000.0,88000.0,11.84,557000.0,98000.0,14.96,328519.98,26.79,655000.0,11,7,297500,1
3042,38,20241202,88,1,1,814000.0,755000.0,59000.0,7.25,609000.0,146000.0,19.34,230856.13,25.56,755000.0,99,4,202500,1
3043,340,20260302,13,1,1,814000.0,755000.0,59000.0,7.25,609000.0,146000.0,19.34,230856.13,25.56,755000.0,99,4,202500,1
3044,153,20240507,61,2,1,663000.0,595000.0,68000.0,10.26,482000.0,113000.0,18.99,398040.42,17.08,595000.0,77,11,267500,1
3045,853,20260525,23,3,1,663000.0,595000.0,68000.0,10.26,482000.0,113000.0,18.99,398040.42,17.08,595000.0,77,11,267500,1
3046,202,20260115,27,2,1,879000.0,785000.0,94000.0,10.69,668000.0,117000.0,14.9,346013.95,27.17,785000.0,26,6,117500,1
3047,272,20240506,90,3,1,879000.0,785000.0,94000.0,10.69,668000.0,117000.0,14.9,346013.95,27.17,785000.0,26,6,117500,1
3048,614,20251207,41,3,1,589000.0,535000.0,54000.0,9.17,443000.0,92000.0,17.2,333145.2,16.21,535000.0,90,10,57500,1
3049,899,20240205,43,1,1,589000.0,535000.0,54000.0,9.17,443000.0,92000.0,17.2,333145.2,16.21,535000.0,90,10,57500,1
3050,1097,20250720,23,3,1,146000.0,135000.0,11000.0,7.53,116000.0,19000.0,14.07,113451.29,9.7,135000.0,101,18,237500,1
3051,873,20240516,11,3,1,391000.0,365000.0,26000.0,6.65,308000.0,57000.0,15.62,153915.19,16.89,365000.0,103,6,67500,1
3052,1082,20240429,77,2,1,391000.0,365000.0,26000.0,6.65,308000.0,57000.0,15.62,153915.19,16.89,365000.0,103,6,67500,1
3053,1098,20251125,19,3,1,195000.0,185000.0,10000.0,5.13,152000.0,33000.0,17.84,143638.25,6.96,185000.0,49,16,167500,1
3054,1099,20251114,94,3,1,85000.0,79000.0,6000.0,7.06,67000.0,12000.0,15.19,74429.04,8.06,79000.0,96,25,282500,1
3055,923,20260909,7,1,1,574000.0,515000.0,59000.0,10.28,417000.0,98000.0,19.03,324661.03,18.17,515000.0,55,10,152500,1
3056,1100,20260518,85,2,1,574000.0,515000.0,59000.0,10.28,417000.0,98000.0,19.03,324661.03,18.17,515000.0,55,10,152500,1
3057,932,20260524,92,3,1,412000.0,360000.0,52000.0,12.62,303000.0,57000.0,15.83,283788.55,18.32,360000.0,97,14,142500,1
3058,959,20250505,63,3,1,412000.0,360000.0,52000.0,12.62,303000.0,57000.0,15.83,283788.55,18.32,360000.0,97,14,142500,1
3059,1013,20240410,47,3,1,142000.0,125000.0,17000.0,11.97,104000.0,21000.0,16.8,101345.77,16.77,125000.0,102,15,292500,1
3060,1101,20250713,25,1,1,1183000.0,1050000.0,133000.0,11.24,863000.0,187000.0,17.81,94640.0,140.53,1050000.0,13,1,2500,1
3061,1102,20240819,87,3,1,1118000.0,990000.0,128000.0,11.45,840000.0,150000.0,15.15,171724.8,74.54,990000.0,47,2,57500,1
3062,1103,20241004,96,3,1,329000.0,295000.0,34000.0,10.33,257000.0,38000.0,12.88,226617.56,15.0,295000.0,72,14,217500,1
3063,2270,20260926,13,1,1,329000.0,295000.0,34000.0,10.33,257000.0,38000.0,12.88,226617.56,15.0,295000.0,72,14,217500,1
3064,588,20260621,76,3,1,683000.0,635000.0,48000.0,7.03,559000.0,76000.0,11.97,268859.53,17.85,635000.0,38,6,157500,1
3065,546,20240817,59,2,1,257000.0,225000.0,32000.0,12.45,191000.0,34000.0,15.11,125102.75,25.58,225000.0,28,8,177500,1
3066,1270,20260618,53,3,1,257000.0,225000.0,32000.0,12.45,191000.0,34000.0,15.11,125102.75,25.58,225000.0,28,8,177500,1
3067,1104,20260810,58,3,1,279000.0,250000.0,29000.0,10.39,208000.0,42000.0,16.8,135811.93,21.35,250000.0,100,8,297500,1
3068,1373,20260503,38,1,1,279000.0,250000.0,29000.0,10.39,208000.0,42000.0,16.8,135811.93,21.35,250000.0,100,8,297500,1
3069,902,20240904,15,1,1,437000.0,395000.0,42000.0,9.61,323000.0,72000.0,18.23,230665.48,18.21,395000.0,38,9,182500,1
3070,1105,20260122,80,2,1,437000.0,395000.0,42000.0,9.61,323000.0,72000.0,18.23,230665.48,18.21,395000.0,38,9,182500,1
3071,889,20240317,43,2,1,584000.0,550000.0,34000.0,5.82,451000.0,99000.0,18.0,89702.4,37.9,550000.0,109,2,2500,1
3072,1106,20260322,45,3,1,584000.0,550000.0,34000.0,5.82,451000.0,99000.0,18.0,89702.4,37.9,550000.0,109,2,2500,1
3073,1101,20240613,32,2,1,1379000.0,1260000.0,119000.0,8.63,1056000.0,204000.0,16.19,110320.0,107.87,1260000.0,44,1,2500,1
3074,33,20240310,37,2,1,345000.0,315000.0,30000.0,8.7,261000.0,54000.0,17.14,207125.1,14.48,315000.0,79,11,297500,1
3075,1107,20240102,73,2,1,1921000.0,1690000.0,231000.0,12.02,1476000.0,214000.0,12.66,544809.12,42.4,1690000.0,32,4,67500,1
3076,355,20260719,33,2,1,694000.0,628000.0,66000.0,9.51,521000.0,107000.0,17.04,392534.41,16.81,628000.0,112,10,195470,1
3077,634,20240121,54,1,1,158000.0,145000.0,13000.0,8.23,120000.0,25000.0,17.24,125593.97,10.35,145000.0,55,19,262500,1
3078,679,20240907,24,3,1,499000.0,435000.0,64000.0,12.83,361000.0,74000.0,17.01,110434.69,57.95,435000.0,53,3,52500,1
3079,1166,20260502,4,2,1,499000.0,435000.0,64000.0,12.83,361000.0,74000.0,17.01,110434.69,57.95,435000.0,53,3,52500,1
3080,435,20261120,1,1,1,737000.0,695000.0,42000.0,5.7,603000.0,92000.0,13.24,358757.69,11.71,695000.0,57,8,162500,1
3081,1108,20250201,63,2,1,126000.0,115000.0,11000.0,8.73,98000.0,17000.0,14.78,113798.04,9.67,115000.0,61,28,182500,1
3082,557,20240807,32,1,1,184000.0,175000.0,9000.0,4.89,149000.0,26000.0,14.86,121761.43,7.39,175000.0,17,13,132500,1
3083,1101,20261201,65,3,1,1405000.0,1250000.0,155000.0,11.03,1033000.0,217000.0,17.36,112400.0,137.9,1250000.0,64,1,2500,1
3084,1109,20240116,51,2,1,251000.0,220000.0,31000.0,12.35,190000.0,30000.0,13.64,179139.35,17.3,220000.0,75,15,217500,1
3085,1110,20261031,10,1,1,149000.0,138000.0,11000.0,7.38,111000.0,27000.0,19.57,94217.71,11.68,138000.0,86,12,297500,1
3086,631,20240419,21,2,1,452000.0,398000.0,54000.0,11.95,346000.0,52000.0,13.07,128190.38,42.12,398000.0,49,4,122500,1
3087,1111,20260615,15,1,1,200000.0,185000.0,15000.0,7.5,156000.0,29000.0,15.68,158979.71,9.44,185000.0,94,19,202500,1
3088,128,20240222,80,2,1,742000.0,650000.0,92000.0,12.4,541000.0,109000.0,16.77,210436.42,43.72,650000.0,40,4,52500,1
3089,374,20241224,45,3,1,742000.0,650000.0,92000.0,12.4,541000.0,109000.0,16.77,210436.42,43.72,650000.0,40,4,52500,1
3090,1320,20260305,52,2,1,742000.0,650000.0,92000.0,12.4,541000.0,109000.0,16.77,210436.42,43.72,650000.0,40,4,52500,1
3091,871,20240524,9,1,1,174000.0,155000.0,19000.0,10.92,130000.0,25000.0,16.13,131835.95,14.41,155000.0,57,17,297500,1
3092,754,20240319,4,3,1,305000.0,270000.0,35000.0,11.48,230000.0,40000.0,14.81,201832.81,17.34,270000.0,109,13,297500,1
3093,939,20260629,83,1,1,305000.0,270000.0,35000.0,11.48,230000.0,40000.0,14.81,201832.81,17.34,270000.0,109,13,297500,1
3094,739,20261022,28,3,1,621000.0,590000.0,31000.0,4.99,473000.0,117000.0,19.83,244453.54,12.68,590000.0,70,6,117500,1
3095,87,20250609,90,1,1,224000.0,195000.0,29000.0,12.95,170000.0,25000.0,12.82,154292.81,18.8,195000.0,61,14,187500,1
3096,126,20261127,89,3,1,702000.0,625000.0,77000.0,10.97,522000.0,103000.0,16.48,370542.72,20.78,625000.0,47,9,297500,1
3097,1112,20250923,45,2,1,1264000.0,1170000.0,94000.0,7.44,968000.0,202000.0,17.26,870652.26,10.8,1170000.0,100,14,227500,1
3098,871,20260505,48,3,1,238000.0,210000.0,28000.0,11.76,170000.0,40000.0,19.05,180327.33,15.53,210000.0,45,17,102500,1
3099,129,20250830,41,1,1,321000.0,298000.0,23000.0,7.17,249000.0,49000.0,16.44,141931.24,16.21,298000.0,96,7,92500,1
3100,204,20250617,27,2,1,321000.0,298000.0,23000.0,7.17,249000.0,49000.0,16.44,141931.24,16.21,298000.0,96,7,92500,1
3101,447,20251215,20,2,1,216000.0,190000.0,26000.0,12.04,160000.0,30000.0,15.79,159106.98,16.34,190000.0,64,16,162500,1
3102,1113,20250103,31,2,4,413000.0,389000.0,24000.0,5.81,324000.0,65000.0,16.71,247949.76,9.68,389000.0,94,11,217500,1
3103,1114,20251004,12,1,1,426000.0,380000.0,46000.0,10.8,325000.0,55000.0,14.47,293431.85,15.68,380000.0,22,14,97500,1
3104,659,20250802,89,2,1,1444000.0,1308000.0,136000.0,9.42,1090000.0,218000.0,16.67,568423.38,23.93,1308000.0,46,6,129220,1
3105,533,20261124,98,3,1,477000.0,450000.0,27000.0,5.66,395000.0,55000.0,12.22,361412.35,7.47,450000.0,56,17,102500,1
3106,1115,20260626,54,2,1,477000.0,450000.0,27000.0,5.66,395000.0,55000.0,12.22,361412.35,7.47,450000.0,56,17,102500,1
3107,1116,20240110,90,3,5,1052000.0,979000.0,73000.0,6.94,830000.0,149000.0,15.22,232820.22,31.35,979000.0,99,3,62500,1
3108,11,20240802,49,3,4,409000.0,389000.0,20000.0,4.89,336000.0,53000.0,13.62,90516.61,22.1,389000.0,113,3,97500,1
3109,264,20260629,99,3,4,409000.0,389000.0,20000.0,4.89,336000.0,53000.0,13.62,90516.61,22.1,389000.0,113,3,97500,1
3110,1117,20240115,40,1,6,416000.0,379000.0,37000.0,8.89,307000.0,72000.0,19.0,249750.85,14.81,379000.0,80,11,157500,1
3111,438,20240601,48,3,1,625000.0,579000.0,46000.0,7.36,482000.0,97000.0,16.75,177254.4,25.95,579000.0,119,4,89347,1
3112,569,20250109,45,2,1,625000.0,579000.0,46000.0,7.36,482000.0,97000.0,16.75,177254.4,25.95,579000.0,119,4,89347,1
3113,1118,20241116,92,1,1,809000.0,729000.0,80000.0,9.89,603000.0,126000.0,17.28,318458.8,25.12,729000.0,112,6,97500,1
3114,56,20240229,37,3,5,668000.0,619000.0,49000.0,7.34,523000.0,96000.0,15.51,102604.8,47.76,619000.0,31,2,22500,1
3115,1954,20240302,90,2,5,668000.0,619000.0,49000.0,7.34,523000.0,96000.0,15.51,102604.8,47.76,619000.0,31,2,22500,1
3116,66,20240210,27,2,1,463000.0,429000.0,34000.0,7.34,373000.0,56000.0,13.05,131310.06,25.89,429000.0,48,4,77500,1
3117,335,20240604,98,3,4,1101000.0,979000.0,122000.0,11.08,789000.0,190000.0,19.41,375351.24,32.5,979000.0,96,5,97500,1
3118,237,20240219,21,2,1,431000.0,409000.0,22000.0,5.1,330000.0,79000.0,19.32,122234.63,18.0,409000.0,67,4,57500,1
3119,666,20260709,7,3,5,330000.0,289000.0,41000.0,12.42,251000.0,38000.0,13.15,174186.75,23.54,289000.0,39,9,187500,1
3120,1120,20261231,32,3,5,330000.0,289000.0,41000.0,12.42,251000.0,38000.0,13.15,174186.75,23.54,289000.0,39,9,187500,1
3121,11,20261111,70,3,4,737000.0,649000.0,88000.0,11.94,530000.0,119000.0,18.34,163106.94,53.95,649000.0,27,3,92500,1
3122,264,20240110,49,2,4,737000.0,649000.0,88000.0,11.94,530000.0,119000.0,18.34,163106.94,53.95,649000.0,27,3,92500,1
3123,11,20240726,57,1,4,1071000.0,959000.0,112000.0,10.46,819000.0,140000.0,14.6,237025.15,47.25,959000.0,115,3,17500,1
3124,264,20260820,22,3,4,1071000.0,959000.0,112000.0,10.46,819000.0,140000.0,14.6,237025.15,47.25,959000.0,115,3,17500,1
3125,11,20250218,35,3,6,709000.0,639000.0,70000.0,9.87,539000.0,100000.0,15.65,156910.21,44.61,639000.0,27,3,109212,1
3126,264,20250731,3,1,6,709000.0,639000.0,70000.0,9.87,539000.0,100000.0,15.65,156910.21,44.61,639000.0,27,3,109212,1
3127,246,20260221,22,2,1,546000.0,479000.0,67000.0,12.27,415000.0,64000.0,13.36,265782.5,25.21,479000.0,119,8,149496,1
3128,430,20241114,80,1,1,546000.0,479000.0,67000.0,12.27,415000.0,64000.0,13.36,265782.5,25.21,479000.0,119,8,149496,1
3129,94,20260621,39,2,1,683000.0,639000.0,44000.0,6.44,518000.0,121000.0,18.94,151156.1,29.11,639000.0,83,3,92500,1
3130,433,20261019,20,2,10,295000.0,279000.0,16000.0,5.42,226000.0,53000.0,19.0,195215.34,8.2,279000.0,48,13,162500,1
3131,716,20261127,13,3,10,295000.0,279000.0,16000.0,5.42,226000.0,53000.0,19.0,195215.34,8.2,279000.0,48,13,162500,1
3132,332,20251012,39,2,10,396000.0,369000.0,27000.0,6.82,312000.0,57000.0,15.45,192765.33,14.01,369000.0,103,8,122500,1
3133,772,20250527,67,3,10,396000.0,369000.0,27000.0,6.82,312000.0,57000.0,15.45,192765.33,14.01,369000.0,103,8,122500,1
3134,176,20261215,51,2,10,473000.0,419000.0,54000.0,11.42,367000.0,52000.0,12.41,249667.68,21.63,419000.0,35,9,91323,1
3135,1366,20260916,64,1,10,473000.0,419000.0,54000.0,11.42,367000.0,52000.0,12.41,249667.68,21.63,419000.0,35,9,91323,1
3136,925,20260127,45,2,10,199000.0,189000.0,10000.0,5.03,157000.0,32000.0,16.93,158184.81,6.32,189000.0,80,19,172500,1
3137,134,20241203,20,1,10,298000.0,269000.0,29000.0,9.73,222000.0,47000.0,17.47,197200.58,14.71,269000.0,16,13,152500,1
3138,512,20260106,92,2,10,401000.0,349000.0,52000.0,12.97,296000.0,53000.0,15.19,113726.42,45.72,349000.0,78,4,80912,1
3139,529,20260615,7,1,10,907000.0,799000.0,108000.0,11.91,699000.0,100000.0,12.52,309213.06,34.93,799000.0,74,5,81496,1
3140,1103,20251030,69,2,10,330000.0,299000.0,31000.0,9.39,259000.0,40000.0,13.38,227306.37,13.64,299000.0,55,14,122500,1
3141,2270,20250608,57,2,10,330000.0,299000.0,31000.0,9.39,259000.0,40000.0,13.38,227306.37,13.64,299000.0,55,14,122500,1
3142,397,20250910,49,3,10,295000.0,279000.0,16000.0,5.42,245000.0,34000.0,12.19,186538.42,8.58,279000.0,27,12,112500,1
3143,1151,20250802,45,1,10,295000.0,279000.0,16000.0,5.42,245000.0,34000.0,12.19,186538.42,8.58,279000.0,27,12,112500,1
3144,325,20251120,44,1,10,645000.0,569000.0,76000.0,11.78,456000.0,113000.0,19.86,313973.83,24.21,569000.0,22,8,117500,1
3145,854,20250909,10,2,10,645000.0,569000.0,76000.0,11.78,456000.0,113000.0,19.86,313973.83,24.21,569000.0,22,8,117500,1
3146,1119,20241126,82,3,10,299000.0,269000.0,30000.0,10.03,218000.0,51000.0,18.96,132203.87,22.69,269000.0,34,7,152500,1
3147,81,20260802,7,1,10,339000.0,319000.0,20000.0,5.9,271000.0,48000.0,15.05,178937.3,11.18,319000.0,113,9,122500,1
3148,1392,20250114,93,2,10,339000.0,319000.0,20000.0,5.9,271000.0,48000.0,15.05,178937.3,11.18,319000.0,113,9,122500,1
3149,666,20240222,33,1,10,349000.0,329000.0,20000.0,5.73,285000.0,44000.0,13.37,184215.68,10.86,329000.0,17,9,112500,1
3150,1120,20260416,84,2,10,349000.0,329000.0,20000.0,5.73,285000.0,44000.0,13.37,184215.68,10.86,329000.0,17,9,112500,1
3151,1121,20250429,21,3,10,307000.0,269000.0,38000.0,12.38,221000.0,48000.0,17.84,232607.11,16.34,269000.0,83,17,162500,1
3152,920,20250122,47,1,10,390000.0,349000.0,41000.0,10.51,286000.0,63000.0,18.05,258081.3,15.89,349000.0,41,13,87501,1
3153,221,20251208,12,3,10,248000.0,219000.0,29000.0,11.69,189000.0,30000.0,13.7,156818.74,18.49,219000.0,26,12,152500,1
3154,720,20240312,34,1,10,374000.0,329000.0,45000.0,12.03,265000.0,64000.0,19.45,247493.35,18.18,329000.0,111,13,172500,1
3155,1485,20260212,49,3,10,374000.0,329000.0,45000.0,12.03,265000.0,64000.0,19.45,247493.35,18.18,329000.0,111,13,172500,1
3156,4,20260104,46,3,10,475000.0,429000.0,46000.0,9.68,356000.0,73000.0,17.02,134713.34,34.15,429000.0,88,4,122500,1
3157,69,20261101,62,3,10,475000.0,429000.0,46000.0,9.68,356000.0,73000.0,17.02,134713.34,34.15,429000.0,88,4,122500,1
3158,1122,20241212,16,2,10,539000.0,489000.0,50000.0,9.28,411000.0,78000.0,15.95,82790.4,60.39,489000.0,88,2,42500,1
3159,453,20260131,58,3,10,272000.0,249000.0,23000.0,8.46,210000.0,39000.0,15.66,211361.31,10.88,249000.0,57,18,152500,1
3160,1123,20250531,99,2,10,272000.0,249000.0,23000.0,8.46,210000.0,39000.0,15.66,211361.31,10.88,249000.0,57,18,152500,1
3161,961,20250827,46,2,10,345000.0,319000.0,26000.0,7.54,274000.0,45000.0,14.11,195135.98,13.32,319000.0,72,10,107500,1
3162,1124,20260530,92,1,10,345000.0,319000.0,26000.0,7.54,274000.0,45000.0,14.11,195135.98,13.32,319000.0,72,10,107500,1
3163,1125,20260511,96,3,10,294000.0,269000.0,25000.0,8.5,223000.0,46000.0,17.1,228456.71,10.94,269000.0,49,18,157500,1
3164,39,20260612,100,2,10,563000.0,499000.0,64000.0,11.37,424000.0,75000.0,15.03,248932.36,25.71,499000.0,93,7,127500,1
3165,236,20260424,100,1,10,563000.0,499000.0,64000.0,11.37,424000.0,75000.0,15.03,248932.36,25.71,499000.0,93,7,127500,1
3166,95,20250722,85,3,10,632000.0,569000.0,63000.0,9.97,482000.0,87000.0,15.29,279440.95,22.55,569000.0,24,7,132500,1
3167,1126,20251126,1,2,1,477000.0,419000.0,58000.0,12.16,354000.0,65000.0,15.51,328561.02,17.65,419000.0,108,14,87500,1
3168,1127,20260607,94,1,1,241000.0,220000.0,21000.0,8.71,187000.0,33000.0,15.0,225617.91,9.31,220000.0,15,33,112500,1
3169,1128,20241011,1,1,1,177000.0,159000.0,18000.0,10.17,131000.0,28000.0,17.61,100113.24,17.98,159000.0,103,10,12500,1
3170,101,20260503,16,2,1,711000.0,639000.0,72000.0,10.13,516000.0,123000.0,19.25,375293.27,19.18,639000.0,72,9,98000,1
3171,1132,20250204,58,2,1,711000.0,639000.0,72000.0,10.13,516000.0,123000.0,19.25,375293.27,19.18,639000.0,72,9,98000,1
3172,95,20240729,46,3,1,775000.0,699000.0,76000.0,9.81,566000.0,133000.0,19.03,342668.88,22.18,699000.0,17,7,62000,1
3173,1129,20250305,31,1,1,2005000.0,1790000.0,215000.0,10.72,1464000.0,326000.0,18.21,789258.22,27.24,1790000.0,104,6,32500,1
3174,12,20251115,85,2,3,450000.0,419000.0,31000.0,6.89,352000.0,67000.0,15.99,153413.31,20.21,419000.0,41,5,87500,1
3175,334,20240820,86,2,3,450000.0,419000.0,31000.0,6.89,352000.0,67000.0,15.99,153413.31,20.21,419000.0,41,5,87500,1
3176,365,20260626,67,2,1,1056000.0,959000.0,97000.0,9.19,832000.0,127000.0,13.24,299489.03,32.39,959000.0,54,4,92500,1
3177,369,20260128,36,1,1,1056000.0,959000.0,97000.0,9.19,832000.0,127000.0,13.24,299489.03,32.39,959000.0,54,4,92500,1
3178,174,20240530,79,1,1,699000.0,659000.0,40000.0,5.72,564000.0,95000.0,14.42,309065.23,12.94,659000.0,61,7,144000,1
3179,58,20250427,82,2,1,804000.0,739000.0,65000.0,8.08,638000.0,101000.0,13.67,316490.58,20.54,739000.0,88,6,119000,1
3180,71,20241021,54,1,1,537000.0,489000.0,48000.0,8.94,405000.0,84000.0,17.18,261401.47,18.36,489000.0,91,8,202500,1
3181,1130,20250822,62,2,1,537000.0,489000.0,48000.0,8.94,405000.0,84000.0,17.18,261401.47,18.36,489000.0,91,8,202500,1
3182,626,20240910,57,2,1,422000.0,378000.0,44000.0,10.43,315000.0,63000.0,16.67,301182.5,14.61,378000.0,22,15,202500,1
3183,173,20240413,53,3,1,503000.0,439000.0,64000.0,12.72,365000.0,74000.0,16.86,142654.34,44.86,439000.0,33,4,67500,1
3184,144,20240428,77,3,1,409000.0,368000.0,41000.0,10.02,300000.0,68000.0,18.48,231335.12,17.72,368000.0,49,10,152500,1
3185,399,20250723,85,2,1,561000.0,499000.0,62000.0,11.05,402000.0,97000.0,19.44,296117.48,20.94,499000.0,23,9,182500,1
3186,461,20240501,85,2,1,561000.0,499000.0,62000.0,11.05,402000.0,97000.0,19.44,296117.48,20.94,499000.0,23,9,182500,1
3187,146,20240724,94,2,1,1044000.0,949000.0,95000.0,9.1,804000.0,145000.0,15.28,355918.89,26.69,949000.0,101,5,136000,1
3188,341,20250415,27,2,1,1044000.0,949000.0,95000.0,9.1,804000.0,145000.0,15.28,355918.89,26.69,949000.0,101,5,136000,1
3189,328,20250522,63,1,1,422000.0,379000.0,43000.0,10.19,333000.0,46000.0,12.14,238688.07,18.02,379000.0,84,10,146600,1
3190,522,20250805,70,2,1,422000.0,379000.0,43000.0,10.19,333000.0,46000.0,12.14,238688.07,18.02,379000.0,84,10,146600,1
3191,73,20240416,64,1,1,559000.0,529000.0,30000.0,5.37,430000.0,99000.0,18.71,353474.49,8.49,529000.0,79,12,199500,1
3192,1131,20240921,30,1,1,559000.0,529000.0,30000.0,5.37,430000.0,99000.0,18.71,353474.49,8.49,529000.0,79,12,199500,1
3193,778,20260708,32,2,1,580000.0,539000.0,41000.0,7.07,433000.0,106000.0,19.67,348210.32,11.77,539000.0,71,11,125000,1
3194,1073,20250327,72,2,1,580000.0,539000.0,41000.0,7.07,433000.0,106000.0,19.67,348210.32,11.77,539000.0,71,11,125000,1
3195,372,20240321,48,1,1,488000.0,449000.0,39000.0,7.99,387000.0,62000.0,13.81,336137.9,11.6,449000.0,98,14,197000,1
3196,1407,20241115,65,2,1,488000.0,449000.0,39000.0,7.99,387000.0,62000.0,13.81,336137.9,11.6,449000.0,98,14,197000,1
3197,328,20260705,20,1,1,416000.0,379000.0,37000.0,8.89,311000.0,68000.0,17.94,235294.4,15.72,379000.0,70,10,146000,1
3198,522,20251005,14,1,1,416000.0,379000.0,37000.0,8.89,311000.0,68000.0,17.94,235294.4,15.72,379000.0,70,10,146000,1
3199,339,20260929,44,3,1,1423000.0,1349000.0,74000.0,5.2,1169000.0,180000.0,13.34,218572.8,33.86,1349000.0,10,2,70000,1
3200,671,20241011,69,2,1,1423000.0,1349000.0,74000.0,5.2,1169000.0,180000.0,13.34,218572.8,33.86,1349000.0,10,2,70000,1
3201,101,20260601,85,1,1,531000.0,499000.0,32000.0,6.03,427000.0,72000.0,14.43,280282.32,11.42,499000.0,98,9,175071,1
3202,1132,20260921,46,2,1,531000.0,499000.0,32000.0,6.03,427000.0,72000.0,14.43,280282.32,11.42,499000.0,98,9,175071,1
3203,932,20240711,14,3,1,344000.0,319000.0,25000.0,7.27,279000.0,40000.0,12.54,236949.67,10.55,319000.0,75,14,182500,1
3204,959,20250805,84,2,1,344000.0,319000.0,25000.0,7.27,279000.0,40000.0,12.54,236949.67,10.55,319000.0,75,14,182500,1
3205,1133,20260801,69,1,1,1824000.0,1590000.0,234000.0,12.83,1324000.0,266000.0,16.73,806487.8,29.01,1590000.0,41,7,132500,1
3206,1134,20250703,62,2,1,2706000.0,2498000.0,208000.0,7.69,2131000.0,367000.0,14.69,415641.6,50.04,2498000.0,22,2,22500,1
3207,1135,20240617,73,3,1,1316000.0,1198000.0,118000.0,8.97,1003000.0,195000.0,16.28,291246.59,40.52,1198000.0,42,3,37500,1
3208,687,20241229,83,1,1,1335000.0,1248000.0,87000.0,6.52,1061000.0,187000.0,14.98,205056.0,42.43,1248000.0,41,2,27500,1
3209,1136,20250825,94,2,1,1053000.0,948000.0,105000.0,9.97,792000.0,156000.0,16.46,414508.18,25.33,948000.0,65,6,67500,1
3210,1137,20251023,33,3,1,783000.0,726000.0,57000.0,7.28,592000.0,134000.0,18.46,308224.03,18.49,726000.0,33,6,112500,1
3211,714,20260603,29,3,1,170000.0,159000.0,11000.0,6.47,134000.0,25000.0,15.72,125223.09,8.78,159000.0,100,16,120000,1
3212,1138,20241113,34,1,1,880000.0,799000.0,81000.0,9.2,673000.0,126000.0,15.77,135168.0,59.93,799000.0,13,2,24983,1
3213,1139,20250715,53,1,1,1050000.0,999000.0,51000.0,4.86,864000.0,135000.0,13.51,84000.0,60.71,999000.0,97,1,2500,1
3214,954,20261102,74,2,3,1050000.0,999000.0,51000.0,4.86,858000.0,141000.0,14.11,297787.39,17.13,999000.0,32,4,57500,1
3215,1426,20250519,85,3,3,1050000.0,999000.0,51000.0,4.86,858000.0,141000.0,14.11,297787.39,17.13,999000.0,32,4,57500,1
3216,1140,20240131,59,2,1,491000.0,458000.0,33000.0,6.72,391000.0,67000.0,14.63,338204.32,9.76,458000.0,38,14,2500,1
3217,1141,20240429,19,3,1,463000.0,439000.0,24000.0,5.18,355000.0,84000.0,19.13,102467.46,23.42,439000.0,107,3,62500,1
3218,58,20240504,84,3,1,848000.0,799000.0,49000.0,5.78,685000.0,114000.0,14.27,333810.96,14.68,799000.0,30,6,81917,1
3219,1142,20240301,66,2,1,2058000.0,1899000.0,159000.0,7.73,1595000.0,304000.0,16.01,583663.29,27.24,1899000.0,39,4,62500,1
3220,1143,20260203,36,3,1,417000.0,369000.0,48000.0,11.51,322000.0,47000.0,12.74,235860.01,20.35,369000.0,99,10,217500,1
3221,1144,20260316,21,3,1,1760000.0,1590000.0,170000.0,9.66,1389000.0,201000.0,12.64,140800.0,120.74,1590000.0,29,1,22500,1
3222,415,20261226,17,1,1,550000.0,499000.0,51000.0,9.27,401000.0,98000.0,19.64,290311.25,17.57,499000.0,25,9,156936,1
3223,1145,20260408,87,1,1,550000.0,499000.0,51000.0,9.27,401000.0,98000.0,19.64,290311.25,17.57,499000.0,25,9,156936,1
3224,116,20240123,63,3,1,495000.0,459000.0,36000.0,7.27,397000.0,62000.0,13.51,168754.65,21.33,459000.0,76,5,112500,1
3225,1146,20251125,65,3,1,495000.0,459000.0,36000.0,7.27,397000.0,62000.0,13.51,168754.65,21.33,459000.0,76,5,112500,1
3226,259,20240228,30,3,1,913000.0,799000.0,114000.0,12.49,642000.0,157000.0,19.65,258933.23,44.03,799000.0,58,4,123493,1
3227,963,20240917,84,2,1,1733000.0,1590000.0,143000.0,8.25,1319000.0,271000.0,17.04,682186.78,20.96,1590000.0,110,6,102500,1
3228,907,20240922,74,3,1,1481000.0,1399000.0,82000.0,5.54,1180000.0,219000.0,15.65,420022.03,19.52,1399000.0,67,4,68835,1
3229,325,20260529,36,2,1,810000.0,729000.0,81000.0,10.0,592000.0,137000.0,18.79,394292.71,20.54,729000.0,113,8,45695,1
3230,854,20241112,1,1,1,810000.0,729000.0,81000.0,10.0,592000.0,137000.0,18.79,394292.71,20.54,729000.0,113,8,45695,1
3231,810,20250221,80,1,1,848000.0,799000.0,49000.0,5.78,687000.0,112000.0,14.02,412790.4,11.87,799000.0,53,8,176873,1
3232,648,20240606,57,3,1,433000.0,399000.0,34000.0,7.85,319000.0,80000.0,20.05,95828.1,35.48,399000.0,34,3,39759,1
3233,1147,20250816,59,2,1,1760000.0,1599000.0,161000.0,9.15,1301000.0,298000.0,18.64,692815.2,23.24,1599000.0,32,6,61789,1
3234,27,20240807,47,2,1,681000.0,599000.0,82000.0,12.04,507000.0,92000.0,15.36,268072.24,30.59,599000.0,117,6,42500,1
3235,168,20250410,4,2,1,681000.0,599000.0,82000.0,12.04,507000.0,92000.0,15.36,268072.24,30.59,599000.0,117,6,42500,1
3236,1147,20250324,1,3,1,1318000.0,1199000.0,119000.0,9.03,1028000.0,171000.0,14.26,518824.11,22.94,1199000.0,68,6,2500,1
3237,1148,20251206,81,1,1,1903000.0,1699000.0,204000.0,10.72,1484000.0,215000.0,12.65,648767.86,31.44,1699000.0,10,5,138902,1
3238,97,20250123,83,1,9,1942000.0,1690000.0,252000.0,12.98,1447000.0,243000.0,14.38,298291.2,84.48,1690000.0,106,2,47500,1
3239,24,20240514,21,3,9,764000.0,719000.0,45000.0,5.89,614000.0,105000.0,14.6,169082.37,26.61,719000.0,24,3,47500,1
3240,741,20260429,78,2,9,764000.0,719000.0,45000.0,5.89,614000.0,105000.0,14.6,169082.37,26.61,719000.0,24,3,47500,1
3241,68,20241207,73,1,1,861000.0,799000.0,62000.0,7.2,664000.0,135000.0,16.9,293530.81,21.12,799000.0,90,5,77500,1
3242,345,20250306,79,3,1,1056000.0,969000.0,87000.0,8.24,775000.0,194000.0,20.02,299489.03,29.05,969000.0,107,4,102327,1
3243,494,20250501,13,2,1,1056000.0,969000.0,87000.0,8.24,775000.0,194000.0,20.02,299489.03,29.05,969000.0,107,4,102327,1
3244,368,20260606,9,2,1,1561000.0,1429000.0,132000.0,8.46,1157000.0,272000.0,19.03,239769.6,55.05,1429000.0,90,2,37500,1
3245,794,20260502,82,3,1,1561000.0,1429000.0,132000.0,8.46,1157000.0,272000.0,19.03,239769.6,55.05,1429000.0,90,2,37500,1
3246,1149,20260425,62,2,1,6109000.0,5599000.0,510000.0,8.35,4719000.0,880000.0,15.72,938342.4,54.35,5599000.0,61,2,12500,1
3247,969,20261008,75,3,1,900000.0,789000.0,111000.0,12.33,674000.0,115000.0,14.58,475054.77,23.37,789000.0,67,9,162500,1
3248,11,20251026,37,2,3,537000.0,479000.0,58000.0,10.8,399000.0,80000.0,16.7,118844.54,48.8,479000.0,50,3,62500,1
3249,264,20261021,19,3,3,537000.0,479000.0,58000.0,10.8,399000.0,80000.0,16.7,118844.54,48.8,479000.0,50,3,62500,1
3250,298,20240403,70,3,1,888000.0,799000.0,89000.0,10.02,686000.0,113000.0,14.14,251843.05,35.34,799000.0,53,4,32500,1
3251,1150,20240220,99,1,1,816000.0,755000.0,61000.0,7.48,636000.0,119000.0,15.76,321214.32,18.99,755000.0,13,6,2500,1
3252,397,20240215,16,1,2,373000.0,329000.0,44000.0,11.8,265000.0,64000.0,19.45,235860.44,18.66,329000.0,86,12,127500,1
3253,1151,20260722,42,1,2,373000.0,329000.0,44000.0,11.8,265000.0,64000.0,19.45,235860.44,18.66,329000.0,86,12,127500,1
3254,189,20240815,35,3,1,372000.0,325000.0,47000.0,12.63,265000.0,60000.0,18.46,181082.58,25.96,325000.0,77,8,82500,1
3255,916,20260618,66,1,1,372000.0,325000.0,47000.0,12.63,265000.0,60000.0,18.46,181082.58,25.96,325000.0,77,8,82500,1
3256,40,20240328,33,2,1,644000.0,569000.0,75000.0,11.65,493000.0,76000.0,13.36,284746.79,26.34,569000.0,16,7,2500,1
3257,986,20241124,48,1,1,644000.0,569000.0,75000.0,11.65,493000.0,76000.0,13.36,284746.79,26.34,569000.0,16,7,2500,1
3258,297,20250726,48,2,1,625000.0,595000.0,30000.0,4.8,511000.0,84000.0,14.12,213074.05,14.08,595000.0,55,5,2500,1
3259,128,20240226,30,2,1,578000.0,519000.0,59000.0,10.21,452000.0,67000.0,12.91,163924.87,35.99,519000.0,18,4,32500,1
3260,374,20250930,55,3,1,578000.0,519000.0,59000.0,10.21,452000.0,67000.0,12.91,163924.87,35.99,519000.0,18,4,32500,1
3261,1320,20261223,86,1,1,578000.0,519000.0,59000.0,10.21,452000.0,67000.0,12.91,163924.87,35.99,519000.0,18,4,32500,1
3262,90,20241227,36,3,1,811000.0,769000.0,42000.0,5.18,622000.0,147000.0,19.12,179484.03,23.4,769000.0,96,3,2500,1
3263,57,20240216,77,3,1,522000.0,485000.0,37000.0,7.09,426000.0,59000.0,12.16,148042.87,24.99,485000.0,42,4,52500,1
3264,976,20250108,70,1,1,442000.0,419000.0,23000.0,5.2,342000.0,77000.0,18.38,97819.9,23.51,419000.0,42,3,67500,1
3265,674,20260102,80,2,1,1331000.0,1199000.0,132000.0,9.92,960000.0,239000.0,19.93,204441.6,64.57,1199000.0,93,2,55628,1
3266,878,20250323,100,2,1,1331000.0,1199000.0,132000.0,9.92,960000.0,239000.0,19.93,204441.6,64.57,1199000.0,93,2,55628,1
3267,739,20261125,32,2,9,760000.0,679000.0,81000.0,10.66,597000.0,82000.0,12.08,299170.2,27.07,679000.0,13,6,57500,1
3268,1152,20250630,25,1,9,1263000.0,1190000.0,73000.0,5.78,979000.0,211000.0,17.73,666660.2,10.95,1190000.0,74,9,52500,1
3269,1153,20250406,71,2,9,1186000.0,1090000.0,96000.0,8.09,930000.0,160000.0,14.68,784831.85,12.23,1090000.0,115,13,87500,1
3270,173,20240927,19,3,1,481000.0,439000.0,42000.0,8.73,357000.0,82000.0,18.68,136414.99,30.79,439000.0,43,4,87500,1
3271,347,20260423,52,2,1,814000.0,749000.0,65000.0,7.99,634000.0,115000.0,15.35,277507.64,23.42,749000.0,100,5,97500,1
3272,1154,20260924,94,2,1,292000.0,275000.0,17000.0,5.82,240000.0,35000.0,12.73,175305.89,9.7,275000.0,94,11,2500,1
3273,1155,20240819,46,2,1,431000.0,395000.0,36000.0,8.35,326000.0,69000.0,17.47,122234.63,29.45,395000.0,97,4,42500,1
3274,240,20240809,54,1,13,426000.0,379000.0,47000.0,11.03,324000.0,55000.0,14.51,145231.27,32.36,379000.0,88,5,92500,1
3275,410,20240416,18,3,13,426000.0,379000.0,47000.0,11.03,324000.0,55000.0,14.51,145231.27,32.36,379000.0,88,5,92500,1
3276,931,20260708,88,3,1,274000.0,259000.0,15000.0,5.47,211000.0,48000.0,18.53,195554.51,7.67,259000.0,108,15,202500,1
3277,1156,20240401,62,1,1,3259000.0,3080000.0,179000.0,5.49,2618000.0,462000.0,15.0,260720.0,68.66,3080000.0,73,1,2500,1
3278,1157,20260611,67,2,1,2594000.0,2390000.0,204000.0,7.86,1976000.0,414000.0,17.32,207520.0,98.3,2390000.0,34,1,2500,1
3279,1158,20250204,69,1,1,3604000.0,3150000.0,454000.0,12.6,2573000.0,577000.0,18.32,288320.0,157.46,3150000.0,64,1,2500,1
3280,24,20240725,89,2,1,545000.0,488000.0,57000.0,10.46,403000.0,85000.0,17.42,120615.04,47.26,488000.0,18,3,22500,1
3281,741,20260712,74,2,1,545000.0,488000.0,57000.0,10.46,403000.0,85000.0,17.42,120615.04,47.26,488000.0,18,3,22500,1
3282,1159,20260618,71,1,1,207000.0,185000.0,22000.0,10.63,151000.0,34000.0,18.38,164544.0,13.37,185000.0,26,19,177500,1
3283,1160,20260502,47,2,1,260000.0,239000.0,21000.0,8.08,208000.0,31000.0,12.97,202036.55,10.39,239000.0,30,18,162500,1
3284,123,20261205,24,2,1,432000.0,389000.0,43000.0,9.95,324000.0,65000.0,16.71,95606.78,44.98,389000.0,69,3,2500,1
3285,376,20251022,23,3,1,432000.0,389000.0,43000.0,9.95,324000.0,65000.0,16.71,95606.78,44.98,389000.0,69,3,2500,1
3286,710,20261214,24,1,1,432000.0,389000.0,43000.0,9.95,324000.0,65000.0,16.71,95606.78,44.98,389000.0,69,3,2500,1
3287,1161,20260218,31,2,1,209000.0,199000.0,10000.0,4.78,163000.0,36000.0,18.09,125475.79,7.97,199000.0,22,11,112500,1
3288,203,20240316,56,1,1,300000.0,269000.0,31000.0,10.33,225000.0,44000.0,16.36,198524.08,15.62,269000.0,12,13,197500,1
3289,227,20240226,18,3,1,300000.0,269000.0,31000.0,10.33,225000.0,44000.0,16.36,198524.08,15.62,269000.0,12,13,197500,1
3290,533,20260901,14,3,1,570000.0,499000.0,71000.0,12.46,412000.0,87000.0,17.43,431876.39,16.44,499000.0,77,17,257500,1
3291,1115,20250115,18,2,1,570000.0,499000.0,71000.0,12.46,412000.0,87000.0,17.43,431876.39,16.44,499000.0,77,17,257500,1
3292,327,20240403,73,2,1,210000.0,189000.0,21000.0,10.0,162000.0,27000.0,14.29,159112.35,13.2,189000.0,13,17,217500,1
3293,332,20250329,36,1,1,363000.0,319000.0,44000.0,12.12,280000.0,39000.0,12.23,176701.55,24.9,319000.0,116,8,222500,1
3294,772,20251212,22,3,1,363000.0,319000.0,44000.0,12.12,280000.0,39000.0,12.23,176701.55,24.9,319000.0,116,8,222500,1
3295,1162,20250927,79,2,1,190000.0,169000.0,21000.0,11.05,141000.0,28000.0,16.57,162082.69,12.96,169000.0,101,23,242500,1
3296,1163,20240404,87,2,1,137000.0,129000.0,8000.0,5.84,112000.0,17000.0,13.18,111149.01,7.2,129000.0,16,20,287500,1
3297,1074,20260628,97,3,1,318000.0,279000.0,39000.0,12.26,236000.0,43000.0,15.41,219040.68,17.8,279000.0,35,14,162500,1
3298,1092,20261221,79,2,1,305000.0,289000.0,16000.0,5.25,235000.0,54000.0,18.69,210086.19,7.62,289000.0,84,14,167500,1
3299,1527,20261108,56,3,1,305000.0,289000.0,16000.0,5.25,235000.0,54000.0,18.69,210086.19,7.62,289000.0,84,14,167500,1
3300,1114,20240226,97,3,1,458000.0,415000.0,43000.0,9.39,355000.0,60000.0,14.46,315473.68,13.63,415000.0,33,14,92500,1
3301,46,20261202,58,1,1,850000.0,799000.0,51000.0,6.0,672000.0,127000.0,15.89,241065.98,21.16,799000.0,116,4,43299,1
3302,1016,20250427,24,2,1,630000.0,599000.0,31000.0,4.92,510000.0,89000.0,14.86,214778.64,14.43,599000.0,19,5,70925,1
3303,345,20241003,78,2,1,938000.0,859000.0,79000.0,8.42,748000.0,111000.0,12.92,266023.4,29.7,859000.0,110,4,125552,1
3304,494,20260407,15,2,1,938000.0,859000.0,79000.0,8.42,748000.0,111000.0,12.92,266023.4,29.7,859000.0,110,4,125552,1
3305,324,20241009,49,1,1,1078000.0,999000.0,79000.0,7.33,834000.0,165000.0,16.52,305728.39,25.84,999000.0,22,4,76642,1
3306,665,20240612,66,2,1,1078000.0,999000.0,79000.0,7.33,834000.0,165000.0,16.52,305728.39,25.84,999000.0,22,4,76642,1
3307,1164,20241027,18,2,1,933000.0,849000.0,84000.0,9.0,740000.0,109000.0,12.84,264605.37,31.75,849000.0,53,4,151366,1
3308,343,20250408,82,3,1,1040000.0,939000.0,101000.0,9.71,808000.0,131000.0,13.95,230164.48,43.88,939000.0,115,3,112500,1
3309,493,20250708,22,3,1,1040000.0,939000.0,101000.0,9.71,808000.0,131000.0,13.95,230164.48,43.88,939000.0,115,3,112500,1
3310,365,20260504,13,3,1,695000.0,659000.0,36000.0,5.18,553000.0,106000.0,16.08,197106.89,18.26,659000.0,48,4,84732,1
3311,369,20241207,71,1,1,695000.0,659000.0,36000.0,5.18,553000.0,106000.0,16.08,197106.89,18.26,659000.0,48,4,84732,1
3312,711,20240920,1,3,1,307000.0,289000.0,18000.0,5.86,245000.0,44000.0,15.22,135741.09,13.26,289000.0,28,7,84772,1
3313,559,20251218,2,1,1,972000.0,879000.0,93000.0,9.57,726000.0,153000.0,17.41,215115.26,43.23,879000.0,60,3,54567,1
3314,826,20250903,87,3,1,836000.0,771000.0,65000.0,7.78,677000.0,94000.0,12.19,185016.83,35.13,771000.0,28,3,95000,1
3315,1165,20251108,51,3,1,836000.0,771000.0,65000.0,7.78,677000.0,94000.0,12.19,185016.83,35.13,771000.0,28,3,95000,1
3316,674,20240709,93,1,1,1335000.0,1189000.0,146000.0,10.94,1015000.0,174000.0,14.63,205056.0,71.2,1189000.0,85,2,37929,1
3317,878,20260104,98,3,1,1335000.0,1189000.0,146000.0,10.94,1015000.0,174000.0,14.63,205056.0,71.2,1189000.0,85,2,37929,1
3318,27,20240913,28,1,42,445000.0,399000.0,46000.0,10.34,321000.0,78000.0,19.55,175172.02,26.26,399000.0,61,6,12500,1
3319,168,20240624,19,1,42,445000.0,399000.0,46000.0,10.34,321000.0,78000.0,19.55,175172.02,26.26,399000.0,61,6,12500,1
3320,247,20260715,75,2,9,566000.0,499000.0,67000.0,11.84,412000.0,87000.0,17.43,357900.82,18.72,499000.0,95,12,127500,1
3321,11,20260831,22,1,9,514000.0,459000.0,55000.0,10.7,390000.0,69000.0,15.03,113754.37,48.35,459000.0,56,3,37500,1
3322,264,20260518,47,3,9,514000.0,459000.0,55000.0,10.7,390000.0,69000.0,15.03,113754.37,48.35,459000.0,56,3,37500,1
3323,679,20241121,46,1,9,545000.0,499000.0,46000.0,8.44,401000.0,98000.0,19.64,120615.04,38.14,499000.0,110,3,47500,1
3324,1166,20260813,4,1,9,545000.0,499000.0,46000.0,8.44,401000.0,98000.0,19.64,120615.04,38.14,499000.0,110,3,47500,1
3325,679,20261106,45,1,9,658000.0,589000.0,69000.0,10.49,472000.0,117000.0,19.86,145623.3,47.38,589000.0,39,3,32500,1
3326,1166,20251108,15,1,9,658000.0,589000.0,69000.0,10.49,472000.0,117000.0,19.86,145623.3,47.38,589000.0,39,3,32500,1
3327,129,20240604,2,2,1,311000.0,289000.0,22000.0,7.07,242000.0,47000.0,16.26,137509.71,16.0,289000.0,55,7,82500,1
3328,204,20241127,52,3,1,311000.0,289000.0,22000.0,7.07,242000.0,47000.0,16.26,137509.71,16.0,289000.0,55,7,82500,1
3329,1167,20260902,93,1,1,399000.0,369000.0,30000.0,7.52,305000.0,64000.0,17.34,210607.62,14.24,369000.0,85,9,42500,1
3330,654,20250607,21,1,1,439000.0,389000.0,50000.0,11.39,325000.0,64000.0,16.45,149663.21,33.41,389000.0,102,5,32500,1
3331,20,20240716,67,2,1,1028000.0,939000.0,89000.0,8.66,771000.0,168000.0,17.89,227508.74,39.12,939000.0,30,3,107500,1
3332,139,20251222,68,2,1,1028000.0,939000.0,89000.0,8.66,771000.0,168000.0,17.89,227508.74,39.12,939000.0,30,3,107500,1
3333,1168,20240507,69,1,1,191000.0,169000.0,22000.0,11.52,137000.0,32000.0,18.93,148419.16,14.82,169000.0,84,18,247500,1
3334,961,20240217,77,3,42,418000.0,369000.0,49000.0,11.72,316000.0,53000.0,14.36,236425.63,20.73,369000.0,110,10,17500,1
3335,1124,20250623,84,2,42,418000.0,369000.0,49000.0,11.72,316000.0,53000.0,14.36,236425.63,20.73,369000.0,110,10,17500,1
3336,1169,20240316,76,1,1,942000.0,829000.0,113000.0,12.0,697000.0,132000.0,15.92,267157.83,42.3,829000.0,57,4,42500,1
3337,11,20240607,55,2,1,604000.0,529000.0,75000.0,12.42,432000.0,97000.0,18.34,133672.45,56.11,529000.0,71,3,52500,1
3338,264,20240419,63,1,1,604000.0,529000.0,75000.0,12.42,432000.0,97000.0,18.34,133672.45,56.11,529000.0,71,3,52500,1
3339,162,20240625,96,1,1,371000.0,339000.0,32000.0,8.63,280000.0,59000.0,17.4,222734.53,14.37,339000.0,67,11,192500,1
3340,1170,20250606,32,1,1,371000.0,339000.0,32000.0,8.63,280000.0,59000.0,17.4,222734.53,14.37,339000.0,67,11,192500,1
3341,143,20240919,66,1,2,528000.0,488000.0,40000.0,7.58,414000.0,74000.0,15.16,149744.52,26.71,488000.0,27,4,120000,1
3342,350,20240102,80,3,2,528000.0,488000.0,40000.0,7.58,414000.0,74000.0,15.16,149744.52,26.71,488000.0,27,4,120000,1
3343,1171,20250511,3,3,42,154000.0,139000.0,15000.0,9.74,112000.0,27000.0,19.42,122414.38,12.25,139000.0,117,19,147500,1
3344,546,20250507,25,1,2,324000.0,298000.0,26000.0,8.02,242000.0,56000.0,18.79,157717.09,16.49,298000.0,68,8,80000,1
3345,1270,20240127,84,1,2,324000.0,298000.0,26000.0,8.02,242000.0,56000.0,18.79,157717.09,16.49,298000.0,68,8,80000,1
3346,1172,20241126,67,1,42,210000.0,189000.0,21000.0,10.0,152000.0,37000.0,19.58,149877.55,14.01,189000.0,100,15,272500,1
3347,27,20261029,75,1,42,582000.0,519000.0,63000.0,10.82,449000.0,70000.0,13.49,229101.39,27.5,519000.0,110,6,12500,1
3348,168,20261014,70,2,42,582000.0,519000.0,63000.0,10.82,449000.0,70000.0,13.49,229101.39,27.5,519000.0,110,6,12500,1
3349,650,20240330,46,1,2,346000.0,309000.0,37000.0,10.69,266000.0,43000.0,13.92,218787.43,16.91,309000.0,57,12,177221,1
3350,1000,20240625,89,1,2,346000.0,309000.0,37000.0,10.69,266000.0,43000.0,13.92,218787.43,16.91,309000.0,57,12,177221,1
3351,148,20260122,92,3,4,597000.0,549000.0,48000.0,8.04,472000.0,77000.0,14.03,235006.06,20.43,549000.0,72,6,132500,1
3352,1173,20260828,4,1,1,788000.0,739000.0,49000.0,6.22,634000.0,105000.0,14.21,63040.0,77.73,739000.0,21,1,17500,1
3353,586,20250607,94,1,4,622000.0,569000.0,53000.0,8.52,486000.0,83000.0,14.59,244847.19,21.65,569000.0,96,6,105711,1
3354,949,20260710,2,2,4,622000.0,569000.0,53000.0,8.52,486000.0,83000.0,14.59,244847.19,21.65,569000.0,96,6,105711,1
3355,71,20240109,47,2,2,659000.0,619000.0,40000.0,6.07,519000.0,100000.0,16.16,320788.76,12.47,619000.0,43,8,103766,1
3356,1130,20260224,72,2,2,659000.0,619000.0,40000.0,6.07,519000.0,100000.0,16.16,320788.76,12.47,619000.0,43,8,103766,1
3357,7,20241007,63,2,1,978000.0,859000.0,119000.0,12.17,731000.0,128000.0,14.9,333418.27,35.69,859000.0,70,5,128258,1
3358,492,20260904,46,3,1,1365000.0,1259000.0,106000.0,7.77,1011000.0,248000.0,19.7,465353.72,22.78,1259000.0,111,5,40566,1
3359,437,20240417,61,2,1,1171000.0,1099000.0,72000.0,6.15,934000.0,165000.0,15.01,570020.7,12.63,1099000.0,96,8,2500,1
3360,991,20240902,14,1,1,1171000.0,1099000.0,72000.0,6.15,934000.0,165000.0,15.01,570020.7,12.63,1099000.0,96,8,2500,1
3361,698,20251201,4,1,1,462000.0,439000.0,23000.0,4.98,379000.0,60000.0,13.67,181863.99,12.65,439000.0,62,6,110945,1
3362,1396,20240926,50,3,1,462000.0,439000.0,23000.0,4.98,379000.0,60000.0,13.67,181863.99,12.65,439000.0,62,6,110945,1
3363,1174,20260711,57,2,1,444000.0,398000.0,46000.0,10.36,334000.0,64000.0,16.08,196316.11,23.43,398000.0,34,7,282500,1
3364,238,20240326,45,3,1,790000.0,709000.0,81000.0,10.25,587000.0,122000.0,17.21,269325.6,30.08,709000.0,71,5,92500,1
3365,1175,20260720,97,2,10,150000.0,138000.0,12000.0,8.0,113000.0,25000.0,18.12,119234.78,10.06,138000.0,13,19,2500,1
3366,435,20240117,16,1,1,845000.0,799000.0,46000.0,5.44,680000.0,119000.0,14.89,411330.05,11.18,799000.0,103,8,212500,1
3367,664,20260218,39,1,1,119000.0,109000.0,10000.0,8.4,93000.0,16000.0,14.68,87656.16,11.41,109000.0,103,16,284021,1
3368,1176,20260417,87,1,1,323000.0,299000.0,24000.0,7.43,260000.0,39000.0,13.04,91605.07,26.2,299000.0,22,4,17000,1
3369,1177,20240110,8,1,1,352000.0,315000.0,37000.0,10.51,261000.0,54000.0,17.14,251223.31,14.73,315000.0,51,15,197500,1
3370,46,20261202,83,1,1,765000.0,689000.0,76000.0,9.93,594000.0,95000.0,13.79,216959.39,35.03,689000.0,58,4,142500,1
3371,425,20260118,46,1,1,759000.0,699000.0,60000.0,7.91,591000.0,108000.0,15.45,258757.12,23.19,699000.0,87,5,72500,1
3372,1178,20251218,64,1,1,759000.0,699000.0,60000.0,7.91,591000.0,108000.0,15.45,258757.12,23.19,699000.0,87,5,72500,1
3373,1179,20250326,52,3,1,953000.0,889000.0,64000.0,6.72,774000.0,115000.0,12.94,146380.8,43.72,889000.0,65,2,62500,1
3374,659,20240920,19,1,1,1998000.0,1739000.0,259000.0,12.96,1465000.0,274000.0,15.76,786502.71,32.93,1739000.0,56,6,102500,1
3375,1180,20241016,90,2,1,1707000.0,1558000.0,149000.0,8.73,1311000.0,247000.0,15.85,830935.38,17.93,1558000.0,17,8,97500,1
3376,1181,20260412,82,2,1,547000.0,489000.0,58000.0,10.6,414000.0,75000.0,15.34,402923.69,14.39,489000.0,64,16,237500,1
3377,336,20240917,29,3,1,1551000.0,1458000.0,93000.0,6.0,1254000.0,204000.0,13.99,685779.92,13.56,1458000.0,97,7,217500,1
3378,628,20240317,51,2,1,1360000.0,1238000.0,122000.0,8.97,1086000.0,152000.0,12.28,816493.17,14.94,1238000.0,27,11,147500,1
3379,80,20251027,14,3,1,1682000.0,1598000.0,84000.0,4.99,1288000.0,310000.0,19.4,818765.86,10.26,1598000.0,44,8,92500,1
3380,426,20240610,36,2,1,834000.0,758000.0,76000.0,9.11,610000.0,148000.0,19.53,471720.03,16.11,758000.0,98,10,97500,1
3381,484,20250829,11,1,1,2508000.0,2188000.0,320000.0,12.76,1915000.0,273000.0,12.48,555050.5,57.65,2188000.0,90,3,72500,1
3382,484,20260316,56,1,1,2317000.0,2129000.0,188000.0,8.11,1793000.0,336000.0,15.78,512779.9,36.66,2129000.0,41,3,97500,1
3383,352,20250215,50,2,1,1832000.0,1738000.0,94000.0,5.13,1476000.0,262000.0,15.07,810025.03,11.6,1738000.0,33,7,177500,1
3384,876,20250720,45,1,1,1578000.0,1498000.0,80000.0,5.07,1256000.0,242000.0,16.15,768140.62,10.41,1498000.0,16,8,177500,1
3385,72,20250808,73,3,1,1849000.0,1698000.0,151000.0,8.17,1371000.0,327000.0,19.26,727849.6,20.75,1698000.0,22,6,182500,1
3386,72,20251013,95,3,1,1918000.0,1799000.0,119000.0,6.2,1550000.0,249000.0,13.84,755011.11,15.76,1799000.0,100,6,152500,1
3387,14,20250429,39,1,1,946000.0,899000.0,47000.0,4.97,773000.0,126000.0,14.02,268292.26,17.52,899000.0,78,4,92500,1
3388,679,20240410,65,2,5,501000.0,445000.0,56000.0,11.18,367000.0,78000.0,17.53,110877.31,50.51,445000.0,109,3,87500,1
3389,1166,20240331,34,1,5,501000.0,445000.0,56000.0,11.18,367000.0,78000.0,17.53,110877.31,50.51,445000.0,109,3,87500,1
3390,126,20250409,30,3,5,849000.0,775000.0,74000.0,8.72,639000.0,136000.0,17.55,448135.0,16.51,775000.0,99,9,297500,1
3391,859,20251206,21,2,5,523000.0,485000.0,38000.0,7.27,421000.0,64000.0,13.2,205876.33,18.46,485000.0,51,6,142500,1
3392,425,20240211,75,1,1,968000.0,849000.0,119000.0,12.29,684000.0,165000.0,19.43,330009.09,36.06,849000.0,118,5,72500,1
3393,1178,20250710,3,3,1,968000.0,849000.0,119000.0,12.29,684000.0,165000.0,19.43,330009.09,36.06,849000.0,118,5,72500,1
3394,182,20251016,32,2,1,487000.0,459000.0,28000.0,5.75,400000.0,59000.0,12.85,138116.63,20.27,459000.0,40,4,92500,1
3395,622,20240924,57,3,1,487000.0,459000.0,28000.0,5.75,400000.0,59000.0,12.85,138116.63,20.27,459000.0,40,4,92500,1
3396,1182,20250410,68,3,1,1374000.0,1199000.0,175000.0,12.74,984000.0,215000.0,17.93,725250.29,24.13,1199000.0,83,9,202009,1
3397,1183,20260106,86,2,1,1188000.0,1099000.0,89000.0,7.49,931000.0,168000.0,15.29,671946.52,13.25,1099000.0,119,10,189967,1
3398,194,20260811,57,2,10,225000.0,198000.0,27000.0,12.0,173000.0,25000.0,12.63,135081.59,19.99,198000.0,35,11,182500,1
3399,455,20261004,23,1,10,225000.0,198000.0,27000.0,12.0,173000.0,25000.0,12.63,135081.59,19.99,198000.0,35,11,182500,1
3400,415,20250701,50,2,1,819000.0,738000.0,81000.0,9.89,630000.0,108000.0,14.63,432299.84,18.74,738000.0,95,9,72500,1
3401,1145,20240404,100,2,1,819000.0,738000.0,81000.0,9.89,630000.0,108000.0,14.63,432299.84,18.74,738000.0,95,9,72500,1
3402,142,20240324,15,1,1,452000.0,399000.0,53000.0,11.73,332000.0,67000.0,16.79,128190.38,41.34,399000.0,85,4,37500,1
3403,574,20260712,50,2,1,470000.0,409000.0,61000.0,12.98,350000.0,59000.0,14.43,72192.0,84.5,409000.0,41,2,12500,1
3404,356,20250825,63,1,2,991000.0,919000.0,72000.0,7.27,760000.0,159000.0,17.3,219320.19,32.83,919000.0,100,3,100750,1
3405,650,20260424,20,2,2,354000.0,309000.0,45000.0,12.71,254000.0,55000.0,17.8,223846.1,20.1,309000.0,106,12,177500,1
3406,1000,20250121,41,2,2,354000.0,309000.0,45000.0,12.71,254000.0,55000.0,17.8,223846.1,20.1,309000.0,106,12,177500,1
3407,325,20241105,47,3,1,718000.0,659000.0,59000.0,8.22,580000.0,79000.0,11.99,349508.85,16.88,659000.0,61,8,152500,1
3408,854,20251107,38,2,1,718000.0,659000.0,59000.0,8.22,580000.0,79000.0,11.99,349508.85,16.88,659000.0,61,8,152500,1
3409,60,20250717,6,1,1,1044000.0,959000.0,85000.0,8.14,825000.0,134000.0,13.97,296085.75,28.71,959000.0,29,4,133410,1
3410,672,20240619,66,1,1,1044000.0,959000.0,85000.0,8.14,825000.0,134000.0,13.97,296085.75,28.71,959000.0,29,4,133410,1
3411,4,20261230,94,1,1,508000.0,469000.0,39000.0,7.68,399000.0,70000.0,14.93,144072.38,27.07,469000.0,112,4,111123,1
3412,69,20240223,44,1,1,508000.0,469000.0,39000.0,7.68,399000.0,70000.0,14.93,144072.38,27.07,469000.0,112,4,111123,1
3413,16,20250220,19,3,1,959000.0,869000.0,90000.0,9.38,720000.0,149000.0,17.15,76720.0,117.31,869000.0,114,1,17500,1
3414,1184,20260414,30,1,1,479000.0,449999.0,29001.0,6.05,362000.0,87999.0,19.56,38320.0,75.68,449999.0,49,1,92500,1
3415,954,20240512,89,1,1,1103000.0,998000.0,105000.0,9.52,801000.0,197000.0,19.74,312818.57,33.57,998000.0,68,4,42500,1
3416,1426,20260616,34,3,1,1103000.0,998000.0,105000.0,9.52,801000.0,197000.0,19.74,312818.57,33.57,998000.0,68,4,42500,1
3417,406,20251210,54,2,1,892000.0,808000.0,84000.0,9.42,682000.0,126000.0,15.59,434208.77,19.35,808000.0,86,8,97500,1
3418,355,20240911,29,2,1,583000.0,518000.0,65000.0,11.15,446000.0,72000.0,13.9,329751.53,19.71,518000.0,23,10,102500,1
3419,205,20260608,68,3,1,632000.0,558000.0,74000.0,11.71,470000.0,88000.0,15.77,333594.02,22.18,558000.0,53,9,102500,1
3420,677,20240412,10,3,1,632000.0,558000.0,74000.0,11.71,470000.0,88000.0,15.77,333594.02,22.18,558000.0,53,9,102500,1
3421,131,20241002,83,1,1,896000.0,819000.0,77000.0,8.59,710000.0,109000.0,13.31,254111.91,30.3,819000.0,113,4,87500,1
3422,489,20250527,96,3,1,1803000.0,1669000.0,134000.0,7.43,1340000.0,329000.0,19.71,614676.01,21.8,1669000.0,95,5,167500,1
3423,127,20250629,28,3,1,558000.0,519000.0,39000.0,6.99,430000.0,89000.0,17.15,219653.91,17.76,519000.0,91,6,162500,1
3424,636,20241224,58,3,1,558000.0,519000.0,39000.0,6.99,430000.0,89000.0,17.15,219653.91,17.76,519000.0,91,6,162500,1
3425,6,20260805,58,2,1,287000.0,268000.0,19000.0,6.62,219000.0,49000.0,18.28,197687.66,9.61,268000.0,57,14,162500,1
3426,192,20240426,14,3,1,336000.0,318000.0,18000.0,5.36,266000.0,52000.0,16.35,212464.09,8.47,318000.0,102,12,222500,1
3427,1185,20241103,11,1,1,336000.0,318000.0,18000.0,5.36,266000.0,52000.0,16.35,212464.09,8.47,318000.0,102,12,222500,1
3428,134,20261031,76,1,1,236000.0,218000.0,18000.0,7.63,176000.0,42000.0,19.27,156172.27,11.53,218000.0,52,13,182500,1
3429,1186,20260813,41,2,1,311000.0,289000.0,22000.0,7.07,253000.0,36000.0,12.46,137509.71,16.0,289000.0,25,7,132500,1
3430,839,20250819,69,1,1,412000.0,359000.0,53000.0,12.86,294000.0,65000.0,18.11,247349.4,21.43,359000.0,119,11,142500,1
3431,149,20260314,79,1,10,275000.0,249000.0,26000.0,9.45,218000.0,31000.0,12.45,121592.18,21.38,249000.0,44,7,167500,1
3432,655,20251007,22,1,10,275000.0,249000.0,26000.0,9.45,218000.0,31000.0,12.45,121592.18,21.38,249000.0,44,7,167500,1
3433,969,20241211,69,1,1,726000.0,669000.0,57000.0,7.85,558000.0,111000.0,16.59,383210.85,14.87,669000.0,62,9,2500,1
3434,1187,20240803,79,3,1,1394000.0,1258000.0,136000.0,9.76,1106000.0,152000.0,12.08,395348.21,34.4,1258000.0,43,4,62500,1
3435,1045,20250723,69,2,1,934000.0,878000.0,56000.0,6.0,741000.0,137000.0,15.6,367664.43,15.23,878000.0,12,6,92500,1
3436,1188,20250103,76,1,1,644000.0,588000.0,56000.0,8.7,514000.0,74000.0,12.59,364253.84,15.37,588000.0,77,10,127500,1
3437,1045,20260912,55,3,1,665000.0,598000.0,67000.0,10.08,479000.0,119000.0,19.9,261773.92,25.59,598000.0,14,6,92500,1
3438,1189,20250213,18,1,1,514000.0,468000.0,46000.0,8.95,402000.0,66000.0,14.1,290724.33,15.82,468000.0,19,10,92500,1
3439,917,20250223,50,1,1,761000.0,698000.0,63000.0,8.28,609000.0,89000.0,12.75,370440.44,17.01,698000.0,61,8,92500,1
3440,1190,20250627,67,2,1,952000.0,828000.0,124000.0,13.03,672000.0,156000.0,18.84,420930.04,29.46,828000.0,38,7,157500,1
3441,573,20260928,29,3,1,635000.0,558000.0,77000.0,12.13,451000.0,107000.0,19.18,359163.33,21.44,558000.0,105,10,62500,1
3442,1191,20260916,24,3,1,635000.0,558000.0,77000.0,12.13,451000.0,107000.0,19.18,359163.33,21.44,558000.0,105,10,62500,1
3443,1028,20240331,21,1,1,721000.0,648000.0,73000.0,10.12,540000.0,108000.0,16.67,380571.66,19.18,648000.0,40,9,67500,1
3444,1025,20240521,39,3,1,363000.0,328000.0,35000.0,9.64,287000.0,41000.0,12.5,240214.13,14.57,328000.0,75,13,102500,1
3445,1192,20250727,82,2,1,363000.0,328000.0,35000.0,9.64,287000.0,41000.0,12.5,240214.13,14.57,328000.0,75,13,102500,1
3446,1126,20250826,51,3,1,487000.0,438000.0,49000.0,10.06,369000.0,69000.0,15.75,335449.09,14.61,438000.0,85,14,97500,1
3447,605,20260127,97,1,1,993000.0,928000.0,65000.0,6.55,782000.0,146000.0,15.73,439058.32,14.8,928000.0,100,7,77500,1
3448,1028,20250206,73,1,1,586000.0,538000.0,48000.0,8.19,436000.0,102000.0,18.96,309313.44,15.52,538000.0,78,9,92500,1
3449,685,20241225,25,1,1,1010000.0,958000.0,52000.0,5.15,766000.0,192000.0,20.04,491648.94,10.58,958000.0,46,8,52500,1
3450,685,20260914,80,2,1,1019000.0,928000.0,91000.0,8.93,803000.0,125000.0,13.47,496029.97,18.35,928000.0,36,8,77500,1
3451,749,20260814,90,3,1,682000.0,618000.0,64000.0,9.38,499000.0,119000.0,19.26,301548.62,21.22,618000.0,96,7,87500,1
3452,1025,20240325,18,2,1,352000.0,328000.0,24000.0,6.82,279000.0,49000.0,14.94,232934.92,10.3,328000.0,42,13,97500,1
3453,1192,20250826,56,1,1,352000.0,328000.0,24000.0,6.82,279000.0,49000.0,14.94,232934.92,10.3,328000.0,42,13,97500,1
3454,633,20251017,61,1,1,365000.0,318000.0,47000.0,12.88,278000.0,40000.0,12.58,251414.62,18.69,318000.0,77,14,97500,1
3455,1051,20250817,10,2,1,365000.0,318000.0,47000.0,12.88,278000.0,40000.0,12.58,251414.62,18.69,318000.0,77,14,97500,1
3456,685,20240913,22,3,1,1002000.0,878000.0,124000.0,12.38,717000.0,161000.0,18.34,487754.69,25.42,878000.0,68,8,92500,1
3457,1188,20250216,53,2,1,772000.0,688000.0,84000.0,10.88,587000.0,101000.0,14.68,436652.11,19.24,688000.0,73,10,107500,1
3458,1193,20250209,26,2,1,538000.0,488000.0,50000.0,9.29,393000.0,95000.0,19.47,370578.26,13.49,488000.0,94,14,102500,1
3459,400,20251102,51,1,1,260000.0,229000.0,31000.0,11.92,194000.0,35000.0,15.28,172054.2,18.02,229000.0,97,13,167500,1
3460,327,20250816,29,1,1,202000.0,189999.0,12001.0,5.94,154000.0,35999.0,18.95,153050.93,7.84,189999.0,53,17,137500,1
3461,400,20241112,84,1,1,225000.0,199000.0,26000.0,11.56,171000.0,28000.0,14.07,148893.06,17.46,199000.0,104,13,2500,1
3462,592,20250311,95,3,1,403000.0,379000.0,24000.0,5.96,312000.0,67000.0,17.68,178187.82,13.47,379000.0,117,7,137500,1
3463,592,20260419,89,1,1,451000.0,399000.0,52000.0,11.53,334000.0,65000.0,16.29,199411.18,26.08,399000.0,97,7,22500,1
3464,1194,20240417,25,2,1,307000.0,285000.0,22000.0,7.17,242000.0,43000.0,15.09,173642.74,12.67,285000.0,58,10,187500,1
3465,1317,20261103,22,3,1,307000.0,285000.0,22000.0,7.17,242000.0,43000.0,15.09,173642.74,12.67,285000.0,58,10,187500,1
3466,87,20260724,77,2,1,226000.0,199000.0,27000.0,11.95,162000.0,37000.0,18.59,155670.42,17.34,199000.0,62,14,112500,1
3467,53,20241115,57,3,1,441000.0,385000.0,56000.0,12.7,331000.0,54000.0,14.03,150345.05,37.25,385000.0,83,5,142500,1
3468,53,20240530,76,1,1,425000.0,399000.0,26000.0,6.12,329000.0,70000.0,17.54,144890.35,17.94,399000.0,58,5,62500,1
3469,87,20240329,76,3,1,251000.0,229000.0,22000.0,8.76,195000.0,34000.0,14.85,172890.6,12.72,229000.0,75,14,2500,1
3470,1195,20240919,60,1,1,2065000.0,1799000.0,266000.0,12.88,1462000.0,337000.0,18.73,457009.28,58.2,1799000.0,104,3,78554,1
3471,915,20240316,24,1,1,768000.0,699000.0,69000.0,8.98,598000.0,101000.0,14.45,339573.81,20.32,699000.0,72,7,72500,1
3472,1196,20240420,4,3,1,2044000.0,1799000.0,245000.0,11.99,1458000.0,341000.0,18.95,579692.79,42.26,1799000.0,34,4,82415,1
3473,1197,20260116,21,1,1,1108000.0,999000.0,109000.0,9.84,833000.0,166000.0,16.62,314236.6,34.69,999000.0,13,4,92909,1
3474,136,20261204,56,1,1,575000.0,529000.0,46000.0,8.0,434000.0,95000.0,17.96,127254.4,36.15,529000.0,60,3,53823,1
3475,484,20240104,67,1,1,2156000.0,1999000.0,157000.0,7.28,1719000.0,280000.0,14.01,477148.67,32.9,1999000.0,20,3,92500,1
3476,170,20260313,62,3,1,598000.0,559000.0,39000.0,6.52,459000.0,100000.0,17.89,235399.71,16.57,559000.0,26,6,62500,1
3477,439,20240821,56,3,1,598000.0,559000.0,39000.0,6.52,459000.0,100000.0,17.89,235399.71,16.57,559000.0,26,6,62500,1
3478,797,20261216,79,2,1,1960000.0,1740000.0,220000.0,11.22,1515000.0,225000.0,12.93,668200.21,32.92,1740000.0,117,5,72500,1
3479,908,20240408,13,1,1,935000.0,859000.0,76000.0,8.13,748000.0,111000.0,12.92,455140.35,16.7,859000.0,75,8,96831,1
3480,1198,20240409,39,1,1,549000.0,499000.0,50000.0,9.11,407000.0,92000.0,18.44,391822.73,12.76,499000.0,79,15,112500,1
3481,527,20250126,40,3,1,658000.0,599000.0,59000.0,8.97,509000.0,90000.0,15.03,347317.82,16.99,599000.0,82,9,142500,1
3482,368,20240316,82,3,1,1328000.0,1199000.0,129000.0,9.71,968000.0,231000.0,19.27,203980.8,63.24,1199000.0,78,2,32500,1
3483,794,20260422,1,3,1,1328000.0,1199000.0,129000.0,9.71,968000.0,231000.0,19.27,203980.8,63.24,1199000.0,78,2,32500,1
3484,336,20260127,76,1,1,2158000.0,1899000.0,259000.0,12.0,1579000.0,320000.0,16.85,954167.03,27.14,1899000.0,93,7,64490,1
3485,1148,20241230,10,3,1,1951000.0,1699000.0,252000.0,12.92,1456000.0,243000.0,14.3,665131.95,37.89,1699000.0,38,5,138902,1
3486,27,20250109,78,1,1,588000.0,539000.0,49000.0,8.33,460000.0,79000.0,14.66,231463.26,21.17,539000.0,94,6,137500,1
3487,168,20250326,43,3,1,588000.0,539000.0,49000.0,8.33,460000.0,79000.0,14.66,231463.26,21.17,539000.0,94,6,137500,1
3488,27,20250913,96,3,1,611000.0,539000.0,72000.0,11.78,458000.0,81000.0,15.03,240517.09,29.94,539000.0,82,6,122500,1
3489,168,20240228,69,3,1,611000.0,539000.0,72000.0,11.78,458000.0,81000.0,15.03,240517.09,29.94,539000.0,82,6,122500,1
3490,245,20240114,41,3,1,675000.0,599000.0,76000.0,11.26,493000.0,106000.0,17.7,230119.97,33.03,599000.0,101,5,17500,1
3491,275,20251205,56,3,1,675000.0,599000.0,76000.0,11.26,493000.0,106000.0,17.7,230119.97,33.03,599000.0,101,5,17500,1
3492,1199,20260803,76,1,1,530000.0,479000.0,51000.0,9.62,398000.0,81000.0,16.91,180686.79,28.23,479000.0,81,5,76558,1
3493,238,20251223,75,2,1,835000.0,729000.0,106000.0,12.69,589000.0,140000.0,19.2,284666.93,37.24,729000.0,104,5,27500,1
3494,18,20260620,99,3,1,534000.0,499000.0,35000.0,6.55,428000.0,71000.0,14.23,236109.91,14.82,499000.0,29,7,158601,1
3495,172,20250112,84,2,1,534000.0,499000.0,35000.0,6.55,428000.0,71000.0,14.23,236109.91,14.82,499000.0,29,7,158601,1
3496,1200,20241128,47,1,1,2757000.0,2599000.0,158000.0,5.73,2184000.0,415000.0,15.97,423475.2,37.31,2599000.0,36,2,33398,1
3497,7,20240905,40,2,1,862000.0,759000.0,103000.0,11.95,650000.0,109000.0,14.36,293871.73,35.05,759000.0,17,5,87500,1
3498,351,20241025,56,3,1,2296000.0,2099000.0,197000.0,8.58,1721000.0,378000.0,18.01,651161.76,30.25,2099000.0,94,4,45136,1
3499,224,20240714,6,3,1,566000.0,499000.0,67000.0,11.84,412000.0,87000.0,17.43,222803.07,30.07,499000.0,70,6,107500,1
3500,843,20260803,76,3,1,566000.0,499000.0,67000.0,11.84,412000.0,87000.0,17.43,222803.07,30.07,499000.0,70,6,107500,1
3501,146,20240328,35,1,1,1058000.0,929000.0,129000.0,12.19,768000.0,161000.0,17.33,360691.75,35.76,929000.0,37,5,82500,1
3502,341,20240410,72,3,1,1058000.0,929000.0,129000.0,12.19,768000.0,161000.0,17.33,360691.75,35.76,929000.0,37,5,82500,1
3503,38,20260522,82,3,1,1435000.0,1359000.0,76000.0,5.3,1090000.0,269000.0,19.79,406976.1,18.67,1359000.0,96,4,23751,1
3504,340,20241217,40,3,1,1435000.0,1359000.0,76000.0,5.3,1090000.0,269000.0,19.79,406976.1,18.67,1359000.0,96,4,23751,1
3505,1201,20251108,80,2,1,853000.0,749000.0,104000.0,12.19,620000.0,129000.0,17.22,131020.8,79.38,749000.0,79,2,27500,1
3506,170,20251227,10,1,1,590000.0,539000.0,51000.0,8.64,466000.0,73000.0,13.54,232250.55,21.96,539000.0,12,6,37500,1
3507,439,20240603,79,1,1,590000.0,539000.0,51000.0,8.64,466000.0,73000.0,13.54,232250.55,21.96,539000.0,12,6,37500,1
3508,1202,20260327,8,3,1,2752000.0,2499000.0,253000.0,9.19,2179000.0,320000.0,12.81,422707.2,59.85,2499000.0,78,2,54934,1
3509,426,20251202,79,1,1,1000000.0,899000.0,101000.0,10.1,756000.0,143000.0,15.91,565611.55,17.86,899000.0,82,10,162500,1
3510,1019,20250607,62,2,1,3998000.0,3499000.0,499000.0,12.48,2927000.0,572000.0,16.35,319840.0,156.02,3499000.0,16,1,17500,1
3511,150,20241104,68,3,1,378000.0,359000.0,19000.0,5.03,288000.0,71000.0,19.78,239022.11,7.95,359000.0,69,12,2500,1
3512,282,20240923,95,1,1,378000.0,359000.0,19000.0,5.03,288000.0,71000.0,19.78,239022.11,7.95,359000.0,69,12,2500,1
3513,963,20251119,60,3,1,1755000.0,1599000.0,156000.0,8.89,1392000.0,207000.0,12.95,690846.97,22.58,1599000.0,13,6,107216,1
3514,385,20240908,73,2,1,1118000.0,999000.0,119000.0,10.64,800000.0,199000.0,19.92,247426.82,48.1,999000.0,112,3,142500,1
3515,1203,20240423,38,1,1,1118000.0,999000.0,119000.0,10.64,800000.0,199000.0,19.92,247426.82,48.1,999000.0,112,3,142500,1
3516,438,20260203,57,1,1,594000.0,529000.0,65000.0,10.94,463000.0,66000.0,12.48,168462.58,38.58,529000.0,14,4,52500,1
3517,569,20260626,79,1,1,594000.0,529000.0,65000.0,10.94,463000.0,66000.0,12.48,168462.58,38.58,529000.0,14,4,52500,1
3518,4,20251004,51,2,1,726000.0,649000.0,77000.0,10.61,545000.0,104000.0,16.02,205898.71,37.4,649000.0,20,4,97500,1
3519,69,20241210,56,3,1,726000.0,649000.0,77000.0,10.61,545000.0,104000.0,16.02,205898.71,37.4,649000.0,20,4,97500,1
3520,458,20240702,63,3,1,234000.0,219999.0,14001.0,5.98,182000.0,37999.0,17.27,113906.78,12.29,219999.0,24,8,132500,1
3521,648,20241119,25,2,1,367000.0,339999.0,27001.0,7.36,297000.0,42999.0,12.65,81221.5,33.24,339999.0,73,3,37500,1
3522,326,20240109,60,2,1,216000.0,199000.0,17000.0,7.87,160000.0,39000.0,19.6,148782.35,11.43,199000.0,107,14,147500,1
3523,1204,20260701,65,1,1,588000.0,519999.0,68001.0,11.56,440000.0,79999.0,15.38,166760.94,40.78,519999.0,22,4,142500,1
3524,1254,20241202,91,3,1,588000.0,519999.0,68001.0,11.56,440000.0,79999.0,15.38,166760.94,40.78,519999.0,22,4,142500,1
3525,709,20250426,41,2,1,322000.0,299000.0,23000.0,7.14,252000.0,47000.0,15.72,142373.39,16.15,299000.0,16,7,57500,1
3526,1458,20250423,64,2,1,322000.0,299000.0,23000.0,7.14,252000.0,47000.0,15.72,142373.39,16.15,299000.0,16,7,57500,1
3527,246,20241213,90,2,1,449000.0,419000.0,30000.0,6.68,343000.0,76000.0,18.14,218564.73,13.73,419000.0,113,8,132500,1
3528,430,20260121,11,3,1,449000.0,419000.0,30000.0,6.68,343000.0,76000.0,18.14,218564.73,13.73,419000.0,113,8,132500,1
3529,679,20240831,44,1,1,526000.0,459000.0,67000.0,12.74,383000.0,76000.0,16.56,116410.11,57.56,459000.0,15,3,17500,1
3530,1166,20250903,50,2,1,526000.0,459000.0,67000.0,12.74,383000.0,76000.0,16.56,116410.11,57.56,459000.0,15,3,17500,1
3531,237,20250520,44,1,5,520000.0,495000.0,25000.0,4.81,422000.0,73000.0,14.75,147475.66,16.95,495000.0,65,4,62500,1
3532,123,20251215,85,3,5,1034000.0,899000.0,135000.0,13.06,771000.0,128000.0,14.24,228836.61,58.99,899000.0,73,3,77500,1
3533,376,20250318,48,3,5,1034000.0,899000.0,135000.0,13.06,771000.0,128000.0,14.24,228836.61,58.99,899000.0,73,3,77500,1
3534,710,20240630,31,2,5,1034000.0,899000.0,135000.0,13.06,771000.0,128000.0,14.24,228836.61,58.99,899000.0,73,3,77500,1
3535,267,20241003,99,1,5,430000.0,385000.0,45000.0,10.47,308000.0,77000.0,20.0,190125.96,23.67,385000.0,112,7,97500,1
3536,1205,20261128,33,2,5,430000.0,385000.0,45000.0,10.47,308000.0,77000.0,20.0,190125.96,23.67,385000.0,112,7,97500,1
3537,351,20250501,21,1,1,2265000.0,1999000.0,266000.0,11.74,1749000.0,250000.0,12.51,642369.95,41.41,1999000.0,59,4,70606,1
3538,737,20261206,92,1,1,2158000.0,1999000.0,159000.0,7.37,1626000.0,373000.0,18.66,612023.99,25.98,1999000.0,39,4,87500,1
3539,27,20261230,61,1,5,573000.0,545000.0,28000.0,4.89,446000.0,99000.0,18.17,225558.58,12.41,545000.0,31,6,72500,1
3540,168,20240606,7,1,5,573000.0,545000.0,28000.0,4.89,446000.0,99000.0,18.17,225558.58,12.41,545000.0,31,6,72500,1
3541,656,20241030,28,1,1,2022000.0,1799000.0,223000.0,11.03,1477000.0,322000.0,17.9,161760.0,137.86,1799000.0,34,1,2500,1
3542,606,20240121,29,1,5,652000.0,575000.0,77000.0,11.81,462000.0,113000.0,19.65,344150.79,22.37,575000.0,37,9,97500,1
3543,632,20251031,50,1,5,652000.0,575000.0,77000.0,11.81,462000.0,113000.0,19.65,344150.79,22.37,575000.0,37,9,97500,1
3544,1206,20250505,2,2,1,2359000.0,2099000.0,260000.0,11.02,1700000.0,399000.0,19.01,928608.55,28.0,2099000.0,93,6,67500,1
3545,574,20260113,11,3,5,531000.0,499000.0,32000.0,6.03,439000.0,60000.0,12.02,81561.6,39.23,499000.0,48,2,18081,1
3546,505,20240411,3,2,1,2362000.0,2099000.0,263000.0,11.13,1732000.0,367000.0,17.48,929789.49,28.29,2099000.0,76,6,77500,1
3547,118,20241024,10,1,5,450000.0,399000.0,51000.0,11.33,323000.0,76000.0,19.05,177140.25,28.79,399000.0,14,6,82500,1
3548,651,20261108,24,1,5,450000.0,399000.0,51000.0,11.33,323000.0,76000.0,19.05,177140.25,28.79,399000.0,14,6,82500,1
3549,322,20240425,86,3,5,374000.0,335000.0,39000.0,10.43,271000.0,64000.0,19.1,211538.72,18.44,335000.0,74,10,37500,1
3550,1207,20251026,74,2,5,374000.0,335000.0,39000.0,10.43,271000.0,64000.0,19.1,211538.72,18.44,335000.0,74,10,37500,1
3551,90,20250803,23,1,1,979000.0,869000.0,110000.0,11.24,745000.0,124000.0,14.27,216664.45,50.77,869000.0,24,3,31358,1
3552,21,20250613,45,2,5,1020000.0,899000.0,121000.0,11.86,781000.0,118000.0,13.13,156672.0,77.23,899000.0,99,2,47500,1
3553,1208,20260119,67,1,1,599000.0,539000.0,60000.0,10.02,442000.0,97000.0,18.0,47920.0,125.21,539000.0,76,1,2500,1
3554,372,20250610,66,3,5,503000.0,475000.0,28000.0,5.57,381000.0,94000.0,19.79,346470.01,8.08,475000.0,49,14,302810,1
3555,1407,20240929,21,1,5,503000.0,475000.0,28000.0,5.57,381000.0,94000.0,19.79,346470.01,8.08,475000.0,49,14,302810,1
3556,117,20240724,72,3,1,724000.0,659000.0,65000.0,8.98,539000.0,120000.0,18.21,205331.5,31.66,659000.0,114,4,62500,1
3557,93,20260311,48,3,5,422000.0,399000.0,23000.0,5.45,321000.0,78000.0,19.55,186588.73,12.33,399000.0,115,7,102500,1
3558,156,20240204,17,1,5,422000.0,399000.0,23000.0,5.45,321000.0,78000.0,19.55,186588.73,12.33,399000.0,115,7,102500,1
3559,1097,20251013,17,2,5,213000.0,195000.0,18000.0,8.45,158000.0,37000.0,18.97,165514.56,10.88,195000.0,107,18,287500,1
3560,232,20251119,84,1,5,435000.0,399000.0,36000.0,8.28,333000.0,66000.0,16.54,261157.74,13.78,399000.0,78,11,227500,1
3561,1081,20250312,56,3,5,435000.0,399000.0,36000.0,8.28,333000.0,66000.0,16.54,261157.74,13.78,399000.0,78,11,227500,1
3562,1209,20260727,70,3,5,512000.0,485000.0,27000.0,5.27,397000.0,88000.0,18.14,226382.54,11.93,485000.0,104,7,97500,1
3563,18,20250123,87,1,5,418000.0,385000.0,33000.0,7.89,324000.0,61000.0,15.84,184820.12,17.86,385000.0,86,7,42500,1
3564,172,20240408,58,1,5,418000.0,385000.0,33000.0,7.89,324000.0,61000.0,15.84,184820.12,17.86,385000.0,86,7,42500,1
3565,1210,20261123,72,3,1,3076000.0,2899000.0,177000.0,5.75,2378000.0,521000.0,17.97,246080.0,71.93,2899000.0,52,1,7500,1
3566,438,20240712,98,3,5,564000.0,499000.0,65000.0,11.52,437000.0,62000.0,12.42,159954.37,40.64,499000.0,10,4,22500,1
3567,569,20240508,93,3,5,564000.0,499000.0,65000.0,11.52,437000.0,62000.0,12.42,159954.37,40.64,499000.0,10,4,22500,1
3568,11,20240917,54,2,5,869000.0,759000.0,110000.0,12.66,662000.0,97000.0,12.78,192320.13,57.2,759000.0,31,3,97500,1
3569,264,20251003,52,3,5,869000.0,759000.0,110000.0,12.66,662000.0,97000.0,12.78,192320.13,57.2,759000.0,31,3,97500,1
3570,1211,20251027,81,2,1,845000.0,799000.0,46000.0,5.44,675000.0,124000.0,15.52,559176.15,8.23,799000.0,71,13,144480,1
3571,130,20260729,44,2,1,331000.0,289000.0,42000.0,12.69,239000.0,50000.0,17.3,161124.55,26.07,289000.0,88,8,87500,1
3572,1457,20260424,26,1,1,331000.0,289000.0,42000.0,12.69,239000.0,50000.0,17.3,161124.55,26.07,289000.0,88,8,87500,1
3573,24,20240301,65,3,1,583000.0,529000.0,54000.0,9.26,439000.0,90000.0,17.01,129024.9,41.85,529000.0,35,3,82500,1
3574,741,20260211,69,2,1,583000.0,529000.0,54000.0,9.26,439000.0,90000.0,17.01,129024.9,41.85,529000.0,35,3,82500,1
3575,777,20260425,19,2,1,1014000.0,939000.0,75000.0,7.4,782000.0,157000.0,16.72,81120.0,92.46,939000.0,27,1,12492,1
3576,489,20251222,13,3,1,2220000.0,2099000.0,121000.0,5.45,1801000.0,298000.0,14.2,756839.02,15.99,2099000.0,57,5,82487,1
3577,730,20250310,94,2,1,1099000.0,999000.0,100000.0,9.1,835000.0,164000.0,16.42,485926.59,20.58,999000.0,18,7,65558,1
3578,1116,20240619,57,2,1,857000.0,759000.0,98000.0,11.44,659000.0,100000.0,13.18,189664.38,51.67,759000.0,10,3,147500,1
3579,27,20250228,33,3,1,671000.0,599000.0,72000.0,10.73,524000.0,75000.0,12.52,264135.79,27.26,599000.0,116,6,74562,1
3580,168,20260605,55,1,1,671000.0,599000.0,72000.0,10.73,524000.0,75000.0,12.52,264135.79,27.26,599000.0,116,6,74562,1
3581,27,20250410,22,1,1,664000.0,629000.0,35000.0,5.27,520000.0,109000.0,17.33,261380.28,13.39,629000.0,18,6,42287,1
3582,168,20251213,68,3,1,664000.0,629000.0,35000.0,5.27,520000.0,109000.0,17.33,261380.28,13.39,629000.0,18,6,42287,1
3583,1196,20260319,26,2,1,1691000.0,1599000.0,92000.0,5.44,1351000.0,248000.0,15.51,479579.5,19.18,1599000.0,32,4,66453,1
3584,648,20250324,87,3,1,435000.0,399000.0,36000.0,8.28,322000.0,77000.0,19.3,96270.72,37.39,399000.0,116,3,21585,1
3585,176,20240205,84,2,33,429000.0,397000.0,32000.0,7.46,324000.0,73000.0,18.39,226442.78,14.13,397000.0,54,9,102500,1
3586,1366,20260226,38,3,33,429000.0,397000.0,32000.0,7.46,324000.0,73000.0,18.39,226442.78,14.13,397000.0,54,9,102500,1
3587,360,20260423,3,1,33,343000.0,320000.0,23000.0,6.71,267000.0,53000.0,16.56,116935.04,19.67,320000.0,11,5,82500,1
3588,781,20260928,44,1,33,343000.0,320000.0,23000.0,6.71,267000.0,53000.0,16.56,116935.04,19.67,320000.0,11,5,82500,1
3589,1212,20260422,65,3,33,377000.0,350000.0,27000.0,7.16,286000.0,64000.0,18.29,238389.77,11.33,350000.0,23,12,207500,1
3590,332,20240528,28,1,33,463000.0,410000.0,53000.0,11.45,357000.0,53000.0,12.93,225379.66,23.52,410000.0,47,8,47500,1
3591,772,20260612,77,1,33,463000.0,410000.0,53000.0,11.45,357000.0,53000.0,12.93,225379.66,23.52,410000.0,47,8,47500,1
3592,175,20250203,14,3,33,400000.0,350000.0,50000.0,12.5,284000.0,66000.0,18.86,157458.0,31.75,350000.0,49,6,92500,1
3593,715,20240915,46,3,33,400000.0,350000.0,50000.0,12.5,284000.0,66000.0,18.86,157458.0,31.75,350000.0,49,6,92500,1
3594,93,20260302,25,1,33,403000.0,370000.0,33000.0,8.19,309000.0,61000.0,16.49,178187.82,18.52,370000.0,72,7,92500,1
3595,156,20240711,14,3,33,403000.0,370000.0,33000.0,8.19,309000.0,61000.0,16.49,178187.82,18.52,370000.0,72,7,92500,1
3596,296,20240818,62,2,33,559000.0,490000.0,69000.0,12.34,416000.0,74000.0,15.1,272110.65,25.36,490000.0,91,8,157500,1
3597,673,20240218,99,2,33,559000.0,490000.0,69000.0,12.34,416000.0,74000.0,15.1,272110.65,25.36,490000.0,91,8,157500,1
3598,1213,20240423,46,3,33,400000.0,370000.0,30000.0,7.5,316000.0,54000.0,14.59,240145.05,12.49,370000.0,25,11,157500,1
3599,1171,20250812,97,1,33,148000.0,135000.0,13000.0,8.78,112000.0,23000.0,17.04,117644.99,11.05,135000.0,102,19,212500,1
3600,67,20250221,9,2,1,728000.0,679000.0,49000.0,6.73,590000.0,89000.0,13.11,206465.93,23.73,679000.0,117,4,100849,1
3601,301,20240303,51,2,1,947000.0,850000.0,97000.0,10.24,719000.0,131000.0,15.41,75760.0,128.04,850000.0,84,1,12500,1
3602,877,20240227,6,2,1,517000.0,450000.0,67000.0,12.96,376000.0,74000.0,16.44,310387.48,21.59,450000.0,15,11,27500,1
3603,1214,20240816,3,2,1,517000.0,450000.0,67000.0,12.96,376000.0,74000.0,16.44,310387.48,21.59,450000.0,15,11,27500,1
3604,1068,20250129,38,3,1,1065000.0,959000.0,106000.0,9.95,772000.0,187000.0,19.5,470893.37,22.51,959000.0,12,7,17500,1
3605,1215,20251004,41,1,1,1065000.0,959000.0,106000.0,9.95,772000.0,187000.0,19.5,470893.37,22.51,959000.0,12,7,17500,1
3606,183,20250419,3,1,1,542000.0,499000.0,43000.0,7.93,418000.0,81000.0,16.23,286088.54,15.03,499000.0,23,9,90000,1
3607,639,20260201,79,2,1,542000.0,499000.0,43000.0,7.93,418000.0,81000.0,16.23,286088.54,15.03,499000.0,23,9,90000,1
3608,1216,20251114,45,1,1,1327000.0,1190000.0,137000.0,10.32,1030000.0,160000.0,13.45,376346.54,36.4,1190000.0,75,4,17500,1
3609,1217,20240129,28,3,1,351000.0,330000.0,21000.0,5.98,280000.0,50000.0,15.15,250509.61,8.38,330000.0,105,15,17500,1
3610,1218,20260227,57,1,1,1138000.0,999000.0,139000.0,12.21,866000.0,133000.0,13.31,251853.06,55.19,999000.0,104,3,72000,1
3611,588,20250616,56,1,1,736000.0,669000.0,67000.0,9.1,562000.0,107000.0,15.99,289722.72,23.13,669000.0,84,6,99000,1
3612,682,20240531,36,2,1,1303000.0,1190000.0,113000.0,8.67,963000.0,227000.0,19.08,444216.78,25.44,1190000.0,95,5,84000,1
3613,1219,20251013,65,2,1,3315000.0,2990000.0,325000.0,9.8,2395000.0,595000.0,19.9,265200.0,122.55,2990000.0,76,1,26000,1
3614,437,20240729,95,3,1,990000.0,890000.0,100000.0,10.1,734000.0,156000.0,17.53,481913.32,20.75,890000.0,40,8,100000,1
3615,991,20261108,78,2,1,990000.0,890000.0,100000.0,10.1,734000.0,156000.0,17.53,481913.32,20.75,890000.0,40,8,100000,1
3616,4,20260517,95,3,1,506000.0,479000.0,27000.0,5.34,410000.0,69000.0,14.41,143505.16,18.81,479000.0,42,4,44574,1
3617,69,20240105,59,2,1,506000.0,479000.0,27000.0,5.34,410000.0,69000.0,14.41,143505.16,18.81,479000.0,42,4,44574,1
3618,108,20251215,85,2,10,658000.0,588000.0,70000.0,10.64,508000.0,80000.0,13.61,186613.43,37.51,588000.0,97,4,107500,1
3619,1220,20240904,95,3,10,658000.0,588000.0,70000.0,10.64,508000.0,80000.0,13.61,186613.43,37.51,588000.0,97,4,107500,1
3620,709,20260423,1,2,1,300000.0,279000.0,21000.0,7.0,230000.0,49000.0,17.56,132646.02,15.83,279000.0,10,7,102500,1
3621,1458,20241201,90,3,1,300000.0,279000.0,21000.0,7.0,230000.0,49000.0,17.56,132646.02,15.83,279000.0,10,7,102500,1
3622,663,20260124,64,3,1,447000.0,399000.0,48000.0,10.74,335000.0,64000.0,16.04,268362.09,17.89,399000.0,53,11,162500,1
3623,1221,20240825,79,2,1,633000.0,559000.0,74000.0,11.69,466000.0,93000.0,16.64,215801.4,34.29,559000.0,24,5,141170,1
3624,1383,20240822,67,1,1,633000.0,559000.0,74000.0,11.69,466000.0,93000.0,16.64,215801.4,34.29,559000.0,24,5,141170,1
3625,786,20250918,14,3,1,903000.0,799000.0,104000.0,11.52,665000.0,134000.0,16.77,570997.25,18.21,799000.0,46,12,92500,1
3626,1222,20260312,28,3,1,903000.0,799000.0,104000.0,11.52,665000.0,134000.0,16.77,570997.25,18.21,799000.0,46,12,92500,1
3627,1261,20240428,7,3,1,903000.0,799000.0,104000.0,11.52,665000.0,134000.0,16.77,570997.25,18.21,799000.0,46,12,92500,1
3628,1223,20241225,52,3,1,728000.0,659000.0,69000.0,9.48,539000.0,120000.0,18.21,58240.0,118.48,659000.0,36,1,15941,1
3629,1236,20240810,46,2,1,728000.0,659000.0,69000.0,9.48,539000.0,120000.0,18.21,58240.0,118.48,659000.0,36,1,15941,1
3630,1224,20261212,51,3,1,153000.0,139000.0,14000.0,9.15,113000.0,26000.0,18.71,128564.36,10.89,139000.0,111,22,297500,1
3631,7,20260406,95,2,1,936000.0,879000.0,57000.0,6.09,717000.0,162000.0,18.43,319099.69,17.86,879000.0,57,5,97500,1
3632,579,20241125,100,1,1,596000.0,529000.0,67000.0,11.24,426000.0,103000.0,19.47,290121.55,23.09,529000.0,36,8,237500,1
3633,400,20260826,52,2,1,247000.0,229000.0,18000.0,7.29,187000.0,42000.0,18.34,163451.49,11.01,229000.0,117,13,84000,1
3634,621,20250506,46,1,1,186000.0,169000.0,17000.0,9.14,135000.0,34000.0,20.12,123084.93,13.81,169000.0,21,13,48000,1
3635,400,20251125,8,3,1,279000.0,259000.0,20000.0,7.17,220000.0,39000.0,15.06,184627.39,10.83,259000.0,76,13,109000,1
3636,40,20250804,50,1,1,552000.0,519000.0,33000.0,5.98,428000.0,91000.0,17.53,244068.68,13.52,519000.0,39,7,112500,1
3637,986,20250616,53,1,1,552000.0,519000.0,33000.0,5.98,428000.0,91000.0,17.53,244068.68,13.52,519000.0,39,7,112500,1
3638,850,20250921,43,1,1,611000.0,549000.0,62000.0,10.15,482000.0,67000.0,12.2,240517.09,25.78,549000.0,105,6,92000,1
3639,1225,20241115,73,2,1,611000.0,549000.0,62000.0,10.15,482000.0,67000.0,12.2,240517.09,25.78,549000.0,105,6,92000,1
3640,1226,20261004,33,1,1,557000.0,528000.0,29000.0,5.21,431000.0,97000.0,18.37,189891.59,15.27,528000.0,96,5,52500,1
3641,1828,20240407,31,3,1,557000.0,528000.0,29000.0,5.21,431000.0,97000.0,18.37,189891.59,15.27,528000.0,96,5,52500,1
3642,1227,20250127,38,3,1,674000.0,599000.0,75000.0,11.13,496000.0,103000.0,17.2,191151.14,39.24,599000.0,75,4,132500,1
3643,1228,20250912,30,2,10,1504000.0,1390000.0,114000.0,7.58,1152000.0,238000.0,17.12,850679.76,13.4,1390000.0,16,10,172500,1
3644,189,20240831,40,3,1,303000.0,289000.0,14000.0,4.62,231000.0,58000.0,20.07,147494.68,9.49,289000.0,43,8,92500,1
3645,916,20240304,65,2,1,303000.0,289000.0,14000.0,4.62,231000.0,58000.0,20.07,147494.68,9.49,289000.0,43,8,92500,1
3646,121,20251224,36,2,1,416000.0,378000.0,38000.0,9.13,328000.0,50000.0,13.23,141822.09,26.79,378000.0,41,5,144000,1
3647,73,20260328,62,1,1,533000.0,505000.0,28000.0,5.25,405000.0,100000.0,19.8,337033.82,8.31,505000.0,48,12,137500,1
3648,1131,20251018,45,1,1,533000.0,505000.0,28000.0,5.25,405000.0,100000.0,19.8,337033.82,8.31,505000.0,48,12,137500,1
3649,1229,20251017,76,1,1,289000.0,268000.0,21000.0,7.27,235000.0,33000.0,12.31,152545.37,13.77,268000.0,105,9,107500,1
3650,60,20250407,24,3,1,940000.0,839000.0,101000.0,10.74,731000.0,108000.0,12.87,266590.62,37.89,839000.0,52,4,53020,1
3651,672,20260627,24,3,1,940000.0,839000.0,101000.0,10.74,731000.0,108000.0,12.87,266590.62,37.89,839000.0,52,4,53020,1
3652,1050,20251209,94,1,1,210000.0,199000.0,11000.0,5.24,168000.0,31000.0,15.58,163183.37,6.74,199000.0,52,18,267500,1
3653,238,20260702,53,2,1,793000.0,699000.0,94000.0,11.85,590000.0,109000.0,15.59,270348.35,34.77,699000.0,87,5,67500,1
3654,698,20261123,36,1,1,398000.0,379000.0,19000.0,4.77,323000.0,56000.0,14.78,156670.71,12.13,379000.0,12,6,37500,1
3655,1396,20240721,31,1,1,398000.0,379000.0,19000.0,4.77,323000.0,56000.0,14.78,156670.71,12.13,379000.0,12,6,37500,1
3656,1230,20260312,47,3,10,644000.0,599000.0,45000.0,6.99,498000.0,101000.0,16.86,443591.82,10.14,599000.0,55,14,172500,1
3657,1231,20260927,91,1,1,606000.0,539000.0,67000.0,11.06,459000.0,80000.0,14.84,267944.96,25.01,539000.0,41,7,112500,1
3658,1401,20240726,7,2,1,606000.0,539000.0,67000.0,11.06,459000.0,80000.0,14.84,267944.96,25.01,539000.0,41,7,112500,1
3659,771,20240616,51,3,1,518000.0,479000.0,39000.0,7.53,385000.0,94000.0,19.62,342784.91,11.38,479000.0,52,13,122500,1
3660,16,20250902,95,1,1,593000.0,559000.0,34000.0,5.73,450000.0,109000.0,19.5,47440.0,71.67,559000.0,109,1,17890,1
3661,235,20240531,28,1,1,824000.0,759000.0,65000.0,7.89,635000.0,124000.0,16.34,126566.4,51.36,759000.0,90,2,22500,1
3662,4,20250101,65,2,1,484000.0,449000.0,35000.0,7.23,379000.0,70000.0,15.59,137265.81,25.5,449000.0,12,4,85988,1
3663,69,20260107,25,3,1,484000.0,449000.0,35000.0,7.23,379000.0,70000.0,15.59,137265.81,25.5,449000.0,12,4,85988,1
3664,247,20260708,9,3,1,566000.0,499000.0,67000.0,11.84,435000.0,64000.0,12.83,357900.82,18.72,499000.0,83,12,162959,1
3665,199,20250502,37,2,1,486000.0,449000.0,37000.0,7.61,363000.0,86000.0,19.15,74649.6,49.56,449000.0,72,2,7500,1
3666,572,20260625,79,3,1,486000.0,449000.0,37000.0,7.61,363000.0,86000.0,19.15,74649.6,49.56,449000.0,72,2,7500,1
3667,806,20260513,100,2,1,699000.0,619000.0,80000.0,11.44,536000.0,83000.0,13.41,55920.0,143.06,619000.0,49,1,17970,1
3668,11,20240917,37,2,1,523000.0,459000.0,64000.0,12.24,375000.0,84000.0,18.3,115746.18,55.29,459000.0,27,3,60250,1
3669,264,20250824,88,3,1,523000.0,459000.0,64000.0,12.24,375000.0,84000.0,18.3,115746.18,55.29,459000.0,27,3,60250,1
3670,1232,20241020,18,2,1,819000.0,749000.0,70000.0,8.55,623000.0,126000.0,16.82,65520.0,106.84,749000.0,76,1,2500,1
3671,1233,20250902,60,1,1,444000.0,389000.0,55000.0,12.39,321000.0,68000.0,17.48,68198.4,80.65,389000.0,112,2,2500,1
3672,229,20250404,31,1,1,575000.0,529000.0,46000.0,8.0,440000.0,89000.0,16.82,46000.0,100.0,529000.0,71,1,30231,1
3673,1420,20260709,27,1,1,575000.0,529000.0,46000.0,8.0,440000.0,89000.0,16.82,46000.0,100.0,529000.0,71,1,30231,1
3674,438,20261019,18,3,1,457000.0,399000.0,58000.0,12.69,324000.0,75000.0,18.8,129608.42,44.75,399000.0,19,4,132309,1
3675,569,20250423,80,1,1,457000.0,399000.0,58000.0,12.69,324000.0,75000.0,18.8,129608.42,44.75,399000.0,19,4,132309,1
3676,113,20260115,71,1,1,412000.0,389000.0,23000.0,5.58,327000.0,62000.0,15.94,32960.0,69.78,389000.0,61,1,2500,1
3677,11,20240226,36,3,1,525000.0,469000.0,56000.0,10.67,405000.0,64000.0,13.65,116188.8,48.2,469000.0,82,3,8574,1
3678,264,20240606,18,2,1,525000.0,469000.0,56000.0,10.67,405000.0,64000.0,13.65,116188.8,48.2,469000.0,82,3,8574,1
3679,637,20260810,71,2,1,516000.0,469000.0,47000.0,9.11,392000.0,77000.0,16.42,79257.6,59.3,469000.0,55,2,2500,1
3680,199,20251001,38,2,1,511000.0,469000.0,42000.0,8.22,394000.0,75000.0,15.99,78489.6,53.51,469000.0,64,2,11096,1
3681,572,20260806,47,2,1,511000.0,469000.0,42000.0,8.22,394000.0,75000.0,15.99,78489.6,53.51,469000.0,64,2,11096,1
3682,263,20261016,65,1,1,600000.0,539000.0,61000.0,10.17,468000.0,71000.0,13.17,92160.0,66.19,539000.0,55,2,44939,1
3683,629,20251002,36,2,1,600000.0,539000.0,61000.0,10.17,468000.0,71000.0,13.17,92160.0,66.19,539000.0,55,2,44939,1
3684,470,20261210,46,2,1,525000.0,469000.0,56000.0,10.67,402000.0,67000.0,14.29,42000.0,133.33,469000.0,84,1,6061,1
3685,1235,20240715,87,2,1,525000.0,469000.0,56000.0,10.67,402000.0,67000.0,14.29,42000.0,133.33,469000.0,84,1,6061,1
3686,1234,20240329,45,2,1,419000.0,399000.0,20000.0,4.77,335000.0,64000.0,16.04,92729.73,21.57,399000.0,69,3,34168,1
3687,229,20250726,7,2,1,575000.0,539000.0,36000.0,6.26,442000.0,97000.0,18.0,46000.0,78.26,539000.0,106,1,6053,1
3688,1420,20250203,5,2,1,575000.0,539000.0,36000.0,6.26,442000.0,97000.0,18.0,46000.0,78.26,539000.0,106,1,6053,1
3689,470,20250725,90,2,1,660000.0,589000.0,71000.0,10.76,513000.0,76000.0,12.9,52800.0,134.47,589000.0,109,1,8509,1
3690,1235,20260611,76,1,1,660000.0,589000.0,71000.0,10.76,513000.0,76000.0,12.9,52800.0,134.47,589000.0,109,1,8509,1
3691,113,20250302,68,2,1,501000.0,449000.0,52000.0,10.38,380000.0,69000.0,15.37,40080.0,129.74,449000.0,35,1,18860,1
3692,235,20250312,21,3,1,710000.0,619000.0,91000.0,12.82,506000.0,113000.0,18.26,109056.0,83.44,619000.0,36,2,8176,1
3693,806,20261011,49,2,1,1114000.0,989000.0,125000.0,11.22,812000.0,177000.0,17.9,89120.0,140.26,989000.0,47,1,9443,1
3694,263,20240326,40,1,1,571000.0,499000.0,72000.0,12.61,431000.0,68000.0,13.63,87705.6,82.09,499000.0,31,2,215675,1
3695,629,20260222,76,2,1,571000.0,499000.0,72000.0,12.61,431000.0,68000.0,13.63,87705.6,82.09,499000.0,31,2,215675,1
3696,235,20240526,42,3,1,626000.0,559000.0,67000.0,10.7,449000.0,110000.0,19.68,96153.6,69.68,559000.0,35,2,14396,1
3697,11,20251022,72,1,1,431000.0,399000.0,32000.0,7.42,351000.0,48000.0,12.03,95385.47,33.55,399000.0,95,3,90912,1
3698,264,20240707,31,3,1,431000.0,399000.0,32000.0,7.42,351000.0,48000.0,12.03,95385.47,33.55,399000.0,95,3,90912,1
3699,245,20250527,24,1,1,423000.0,399000.0,24000.0,5.67,323000.0,76000.0,19.05,144208.52,16.64,399000.0,78,5,70636,1
3700,275,20250313,25,1,1,423000.0,399000.0,24000.0,5.67,323000.0,76000.0,19.05,144208.52,16.64,399000.0,78,5,70636,1
3701,229,20250113,52,3,1,901000.0,799000.0,102000.0,11.32,690000.0,109000.0,13.64,72080.0,141.51,799000.0,44,1,14797,1
3702,1420,20251113,35,2,1,901000.0,799000.0,102000.0,11.32,690000.0,109000.0,13.64,72080.0,141.51,799000.0,44,1,14797,1
3703,1223,20250809,68,1,1,534000.0,479000.0,55000.0,10.3,398000.0,81000.0,16.91,42720.0,128.75,479000.0,75,1,8069,1
3704,1236,20260708,69,3,1,534000.0,479000.0,55000.0,10.3,398000.0,81000.0,16.91,42720.0,128.75,479000.0,75,1,8069,1
3705,1237,20260204,69,3,1,453000.0,429000.0,24000.0,5.3,360000.0,69000.0,16.08,36240.0,66.23,429000.0,108,1,12500,1
3706,245,20260511,16,2,1,357000.0,329000.0,28000.0,7.84,286000.0,43000.0,13.07,121707.9,23.01,329000.0,82,5,182218,1
3707,275,20241121,95,1,1,357000.0,329000.0,28000.0,7.84,286000.0,43000.0,13.07,121707.9,23.01,329000.0,82,5,182218,1
3708,4,20250119,80,2,1,560000.0,489000.0,71000.0,12.68,407000.0,82000.0,16.77,158819.94,44.7,489000.0,60,4,74709,1
3709,69,20251001,42,3,1,560000.0,489000.0,71000.0,12.68,407000.0,82000.0,16.77,158819.94,44.7,489000.0,60,4,74709,1
3710,235,20250929,53,1,1,637000.0,579000.0,58000.0,9.11,488000.0,91000.0,15.72,97843.2,59.28,579000.0,27,2,27010,1
3711,779,20240930,46,3,1,622000.0,569000.0,53000.0,8.52,457000.0,112000.0,19.68,137656.06,38.5,569000.0,52,3,28499,1
3712,229,20260702,42,2,1,645000.0,589000.0,56000.0,8.68,471000.0,118000.0,20.03,51600.0,108.53,589000.0,21,1,9584,1
3713,1420,20240903,18,2,1,645000.0,589000.0,56000.0,8.68,471000.0,118000.0,20.03,51600.0,108.53,589000.0,21,1,9584,1
3714,24,20240526,17,3,1,556000.0,519000.0,37000.0,6.65,425000.0,94000.0,18.11,123049.47,30.07,519000.0,12,3,145675,1
3715,741,20260826,4,3,1,556000.0,519000.0,37000.0,6.65,425000.0,94000.0,18.11,123049.47,30.07,519000.0,12,3,145675,1
3716,16,20251015,33,1,1,695000.0,639000.0,56000.0,8.06,546000.0,93000.0,14.55,55600.0,100.72,639000.0,91,1,16080,1
3717,94,20260405,71,2,1,738000.0,679000.0,59000.0,7.99,550000.0,129000.0,19.0,163328.26,36.12,679000.0,111,3,50721,1
3718,16,20250704,27,2,1,833000.0,789000.0,44000.0,5.28,638000.0,151000.0,19.14,66640.0,66.03,789000.0,16,1,3528,1
3719,4,20260420,28,2,1,483000.0,429000.0,54000.0,11.18,357000.0,72000.0,16.78,136982.2,39.42,429000.0,106,4,112706,1
3720,69,20250122,75,3,1,483000.0,429000.0,54000.0,11.18,357000.0,72000.0,16.78,136982.2,39.42,429000.0,106,4,112706,1
3721,470,20260911,50,3,1,632000.0,579000.0,53000.0,8.39,493000.0,86000.0,14.85,50560.0,104.83,579000.0,15,1,14031,1
3722,1235,20250226,50,2,1,632000.0,579000.0,53000.0,8.39,493000.0,86000.0,14.85,50560.0,104.83,579000.0,15,1,14031,1
3723,47,20250131,80,3,1,995000.0,879000.0,116000.0,11.66,753000.0,126000.0,14.33,79600.0,145.73,879000.0,91,1,12500,1
3724,375,20240220,82,3,1,782000.0,689000.0,93000.0,11.89,561000.0,128000.0,18.58,120115.2,77.43,689000.0,54,2,15357,1
3725,16,20260614,83,3,1,631000.0,589000.0,42000.0,6.66,475000.0,114000.0,19.35,50480.0,83.2,589000.0,95,1,4504,1
3726,21,20251124,14,1,1,880000.0,789000.0,91000.0,10.34,691000.0,98000.0,12.42,135168.0,67.32,789000.0,48,2,22500,1
3727,375,20260401,76,1,1,844000.0,769000.0,75000.0,8.89,631000.0,138000.0,17.95,129638.4,57.85,769000.0,60,2,39939,1
3728,16,20241126,93,1,1,636000.0,559000.0,77000.0,12.11,485000.0,74000.0,13.24,50880.0,151.34,559000.0,18,1,10655,1
3729,333,20251029,29,3,1,513000.0,479000.0,34000.0,6.63,416000.0,63000.0,13.15,174891.18,19.44,479000.0,108,5,122900,1
3730,734,20260914,51,1,1,513000.0,479000.0,34000.0,6.63,416000.0,63000.0,13.15,174891.18,19.44,479000.0,108,5,122900,1
3731,229,20240225,66,2,1,692000.0,619000.0,73000.0,10.55,533000.0,86000.0,13.89,55360.0,131.86,619000.0,32,1,3037,1
3732,1420,20250604,22,3,1,692000.0,619000.0,73000.0,10.55,533000.0,86000.0,13.89,55360.0,131.86,619000.0,32,1,3037,1
3733,470,20260512,15,1,1,654000.0,589000.0,65000.0,9.94,479000.0,110000.0,18.68,52320.0,124.24,589000.0,21,1,11629,1
3734,1235,20260131,51,1,1,654000.0,589000.0,65000.0,9.94,479000.0,110000.0,18.68,52320.0,124.24,589000.0,21,1,11629,1
3735,229,20260917,20,1,1,625000.0,579000.0,46000.0,7.36,501000.0,78000.0,13.47,50000.0,92.0,579000.0,97,1,91132,1
3736,1420,20260907,55,1,1,625000.0,579000.0,46000.0,7.36,501000.0,78000.0,13.47,50000.0,92.0,579000.0,97,1,91132,1
3737,1238,20241028,44,3,1,904000.0,850000.0,54000.0,5.97,732000.0,118000.0,13.88,440050.14,12.27,850000.0,71,8,112500,1
3738,1239,20251020,66,1,1,2063000.0,1850000.0,213000.0,10.32,1568000.0,282000.0,15.24,456566.66,46.65,1850000.0,113,3,99927,1
3739,323,20240731,83,2,1,972000.0,865000.0,107000.0,11.01,715000.0,150000.0,17.34,429773.1,24.9,865000.0,82,7,65000,1
3740,462,20260511,37,1,10,161000.0,149000.0,12000.0,7.45,122000.0,27000.0,18.12,110897.95,10.82,149000.0,86,14,172500,1
3741,64,20260518,29,3,1,935000.0,839000.0,96000.0,10.27,679000.0,160000.0,19.07,206926.72,46.39,839000.0,49,3,22500,1
3742,319,20241128,83,3,1,271000.0,249000.0,22000.0,8.12,209000.0,40000.0,16.06,153280.73,14.35,249000.0,63,10,162500,1
3743,669,20250513,83,2,1,1008000.0,899000.0,109000.0,10.81,761000.0,138000.0,15.35,445690.63,24.46,899000.0,115,7,162500,1
3744,35,20250310,29,2,1,919000.0,859000.0,60000.0,6.53,712000.0,147000.0,17.11,203385.73,29.5,859000.0,90,3,82500,1
3745,584,20250730,41,3,1,919000.0,859000.0,60000.0,6.53,712000.0,147000.0,17.11,203385.73,29.5,859000.0,90,3,82500,1
3746,1240,20241111,12,2,1,967000.0,849000.0,118000.0,12.2,711000.0,138000.0,16.25,427562.34,27.6,849000.0,16,7,112500,1
3747,325,20250422,90,3,1,754000.0,699000.0,55000.0,7.29,580000.0,119000.0,17.02,367032.97,14.99,699000.0,26,8,167500,1
3748,854,20250206,45,2,1,754000.0,699000.0,55000.0,7.29,580000.0,119000.0,17.02,367032.97,14.99,699000.0,26,8,167500,1
3749,684,20260418,51,2,1,803000.0,739000.0,64000.0,7.97,629000.0,110000.0,14.88,316096.93,20.25,739000.0,59,6,172500,1
3750,484,20250201,90,1,1,2058000.0,1949000.0,109000.0,5.3,1700000.0,249000.0,12.78,455460.1,23.93,1949000.0,33,3,92500,1
3751,94,20240910,11,3,1,710000.0,669000.0,41000.0,5.77,544000.0,125000.0,18.68,157131.52,26.09,669000.0,11,3,102500,1
3752,314,20240615,83,1,1,528000.0,479000.0,49000.0,9.28,398000.0,81000.0,16.91,278698.8,17.58,479000.0,108,9,167500,1
3753,1241,20250812,67,1,1,528000.0,479000.0,49000.0,9.28,398000.0,81000.0,16.91,278698.8,17.58,479000.0,108,9,167500,1
3754,39,20251003,57,1,1,623000.0,579000.0,44000.0,7.06,470000.0,109000.0,18.83,275461.57,15.97,579000.0,101,7,157500,1
3755,236,20250710,37,1,1,623000.0,579000.0,44000.0,7.06,470000.0,109000.0,18.83,275461.57,15.97,579000.0,101,7,157500,1
3756,669,20250811,42,1,1,792000.0,699000.0,93000.0,11.74,594000.0,105000.0,15.02,350185.49,26.56,699000.0,92,7,162500,1
3757,1242,20240708,100,3,1,872000.0,829000.0,43000.0,4.93,712000.0,117000.0,14.11,133939.2,32.1,829000.0,42,2,61216,1
3758,1209,20250115,23,2,1,543000.0,499000.0,44000.0,8.1,436000.0,63000.0,12.63,240089.3,18.33,499000.0,30,7,30470,1
3759,1243,20260219,62,3,1,324000.0,299000.0,25000.0,7.72,246000.0,53000.0,17.73,194517.49,12.85,299000.0,83,11,86856,1
3760,115,20250315,45,2,1,693000.0,659000.0,34000.0,4.91,577000.0,82000.0,12.44,153369.22,22.17,659000.0,62,3,38780,1
3761,526,20250208,86,3,1,530000.0,499000.0,31000.0,5.85,402000.0,97000.0,19.44,234341.3,13.23,499000.0,55,7,121888,1
3762,578,20260305,82,3,1,530000.0,499000.0,31000.0,5.85,402000.0,97000.0,19.44,234341.3,13.23,499000.0,55,7,121888,1
3763,50,20241012,33,2,1,501000.0,459000.0,42000.0,8.38,389000.0,70000.0,15.25,243877.34,17.22,459000.0,54,8,120518,1
3764,109,20261113,92,3,1,501000.0,459000.0,42000.0,8.38,389000.0,70000.0,15.25,243877.34,17.22,459000.0,54,8,120518,1
3765,148,20240627,9,1,1,691000.0,629000.0,62000.0,8.97,506000.0,123000.0,19.55,272008.69,22.79,629000.0,18,6,129742,1
3766,1244,20260509,35,3,1,653000.0,599000.0,54000.0,8.27,522000.0,77000.0,12.85,222619.77,24.26,599000.0,111,5,95544,1
3767,1245,20241125,35,2,1,948000.0,859000.0,89000.0,9.39,724000.0,135000.0,15.72,268859.47,33.1,859000.0,15,4,169602,1
3768,779,20240419,85,3,1,731000.0,659000.0,72000.0,9.85,562000.0,97000.0,14.72,161779.07,44.51,659000.0,60,3,41571,1
3769,137,20260510,47,2,1,861000.0,819000.0,42000.0,4.88,710000.0,109000.0,13.31,190549.63,22.04,819000.0,115,3,92500,1
3770,117,20250614,64,3,1,657000.0,599000.0,58000.0,8.83,486000.0,113000.0,18.86,186329.83,31.13,599000.0,44,4,65497,1
3771,35,20240929,53,2,1,870000.0,759000.0,111000.0,12.76,610000.0,149000.0,19.63,192541.44,57.65,759000.0,91,3,97236,1
3772,584,20250312,25,2,1,870000.0,759000.0,111000.0,12.76,610000.0,149000.0,19.63,192541.44,57.65,759000.0,91,3,97236,1
3773,368,20260718,39,3,1,1432000.0,1300000.0,132000.0,9.22,1131000.0,169000.0,13.0,219955.2,60.01,1300000.0,62,2,23627,1
3774,794,20250921,8,2,1,1432000.0,1300000.0,132000.0,9.22,1131000.0,169000.0,13.0,219955.2,60.01,1300000.0,62,2,23627,1
3775,375,20250502,54,3,1,737000.0,659000.0,78000.0,10.58,544000.0,115000.0,17.45,113203.2,68.9,659000.0,28,2,17639,1
3776,820,20250125,11,1,1,1395000.0,1290000.0,105000.0,7.53,1045000.0,245000.0,18.99,395631.82,26.54,1290000.0,78,4,47500,1
3777,863,20240525,39,1,1,1395000.0,1290000.0,105000.0,7.53,1045000.0,245000.0,18.99,395631.82,26.54,1290000.0,78,4,47500,1
3778,1246,20260717,43,3,1,1556000.0,1380000.0,176000.0,11.31,1156000.0,224000.0,16.23,757431.43,23.24,1380000.0,34,8,52500,1
3779,1247,20250606,54,2,1,2249000.0,1995000.0,254000.0,11.29,1691000.0,304000.0,15.24,637832.23,39.82,1995000.0,20,4,47500,1
3780,964,20260906,84,2,1,3185000.0,2890000.0,295000.0,9.26,2319000.0,571000.0,19.76,704878.72,41.85,2890000.0,83,3,72500,1
3781,39,20260115,7,3,30,687000.0,599000.0,88000.0,12.81,492000.0,107000.0,17.86,303759.38,28.97,599000.0,26,7,132500,1
3782,236,20260925,50,3,30,687000.0,599000.0,88000.0,12.81,492000.0,107000.0,17.86,303759.38,28.97,599000.0,26,7,132500,1
3783,679,20250720,75,1,30,509000.0,479000.0,30000.0,5.89,384000.0,95000.0,19.83,112647.81,26.63,479000.0,45,3,62500,1
3784,1166,20241227,87,1,30,509000.0,479000.0,30000.0,5.89,384000.0,95000.0,19.83,112647.81,26.63,479000.0,45,3,62500,1
3785,1248,20250610,58,2,1,72000.0,68000.0,4000.0,5.56,57000.0,11000.0,16.18,49594.12,8.07,68000.0,99,14,147500,1
3786,18,20260618,44,2,1,479000.0,425000.0,54000.0,11.27,370000.0,55000.0,12.94,211791.48,25.5,425000.0,104,7,192500,1
3787,172,20260722,29,2,1,479000.0,425000.0,54000.0,11.27,370000.0,55000.0,12.94,211791.48,25.5,425000.0,104,7,192500,1
3788,638,20240622,87,1,1,328000.0,290000.0,38000.0,11.59,255000.0,35000.0,12.07,129115.56,29.43,290000.0,105,6,301822,1
3789,1249,20250116,64,3,1,328000.0,290000.0,38000.0,11.59,255000.0,35000.0,12.07,129115.56,29.43,290000.0,105,6,301822,1
3790,1250,20261222,42,2,1,179000.0,169000.0,10000.0,5.59,144000.0,25000.0,14.79,139094.39,7.19,169000.0,30,18,217500,1
3791,339,20240807,1,3,1,1059000.0,984000.0,75000.0,7.08,800000.0,184000.0,18.7,162662.4,46.11,984000.0,27,2,37500,1
3792,671,20260722,49,1,1,1059000.0,984000.0,75000.0,7.08,800000.0,184000.0,18.7,162662.4,46.11,984000.0,27,2,37500,1
3793,575,20251007,60,2,1,299000.0,284000.0,15000.0,5.02,248000.0,36000.0,12.68,101934.62,14.72,284000.0,69,5,232500,1
3794,1094,20241219,47,2,1,299000.0,284000.0,15000.0,5.02,248000.0,36000.0,12.68,101934.62,14.72,284000.0,69,5,232500,1
3795,1012,20250111,16,2,1,212000.0,196000.0,16000.0,7.55,165000.0,31000.0,15.82,146027.12,10.96,196000.0,27,14,297500,1
3796,146,20250517,97,2,1,988000.0,876000.0,112000.0,11.34,712000.0,164000.0,18.72,336827.46,33.25,876000.0,10,5,82500,1
3797,341,20240424,48,3,1,988000.0,876000.0,112000.0,11.34,712000.0,164000.0,18.72,336827.46,33.25,876000.0,10,5,82500,1
3798,1251,20251003,67,2,1,303000.0,275000.0,28000.0,9.24,240000.0,35000.0,12.73,181909.87,15.39,275000.0,23,11,212500,1
3799,250,20240810,33,1,1,606000.0,559000.0,47000.0,7.76,481000.0,78000.0,13.95,319870.21,14.69,559000.0,17,9,262500,1
3800,1252,20260929,43,2,1,606000.0,559000.0,47000.0,7.76,481000.0,78000.0,13.95,319870.21,14.69,559000.0,17,9,262500,1
3801,1253,20250617,3,1,1,173000.0,159000.0,14000.0,8.09,137000.0,22000.0,13.84,103862.73,13.48,159000.0,75,11,137500,1
3802,1204,20250522,91,2,1,482000.0,459000.0,23000.0,4.77,393000.0,66000.0,14.38,136698.59,16.83,459000.0,60,4,102500,1
3803,1254,20251012,3,3,1,482000.0,459000.0,23000.0,4.77,393000.0,66000.0,14.38,136698.59,16.83,459000.0,60,4,102500,1
3804,1255,20240116,65,3,1,204000.0,189000.0,15000.0,7.35,154000.0,35000.0,18.52,115384.76,13.0,189000.0,88,10,162500,1
3805,298,20241219,8,3,1,690000.0,619000.0,71000.0,10.29,506000.0,113000.0,18.26,195688.86,36.28,619000.0,69,4,122500,1
3806,45,20250424,32,2,1,637000.0,555000.0,82000.0,12.87,475000.0,80000.0,14.41,281651.72,29.11,555000.0,43,7,192500,1
3807,1256,20240722,83,2,1,166000.0,146000.0,20000.0,12.05,119000.0,27000.0,18.49,109849.99,18.21,146000.0,45,13,112500,1
3808,701,20250531,60,1,1,316000.0,300000.0,16000.0,5.06,251000.0,49000.0,16.33,89619.82,17.85,300000.0,71,4,142500,1
3809,969,20250131,20,1,1,842000.0,739000.0,103000.0,12.23,637000.0,102000.0,13.8,444440.13,23.18,739000.0,10,9,2500,1
3810,1257,20251017,77,1,1,3374000.0,2990000.0,384000.0,11.38,2580000.0,410000.0,13.71,269920.0,142.26,2990000.0,94,1,31000,1
3811,1258,20260917,62,1,1,901000.0,799000.0,102000.0,11.32,668000.0,131000.0,16.4,138393.6,73.7,799000.0,51,2,61385,1
3812,921,20251127,74,2,1,361000.0,329000.0,32000.0,8.86,284000.0,45000.0,13.68,159617.38,20.05,329000.0,10,7,103980,1
3813,1326,20240615,19,3,1,361000.0,329000.0,32000.0,8.86,284000.0,45000.0,13.68,159617.38,20.05,329000.0,10,7,103980,1
3814,1258,20240405,60,2,1,936000.0,859000.0,77000.0,8.23,745000.0,114000.0,13.27,143769.6,53.56,859000.0,105,2,26368,1
3815,1030,20251103,85,3,1,788000.0,729000.0,59000.0,7.49,621000.0,108000.0,14.81,383583.53,15.38,729000.0,93,8,146447,1
3816,556,20250225,71,2,1,1056000.0,999000.0,57000.0,5.4,817000.0,182000.0,18.22,415689.12,13.71,999000.0,63,6,158629,1
3817,134,20251229,90,1,1,299000.0,279000.0,20000.0,6.69,229000.0,50000.0,17.92,197862.33,10.11,279000.0,56,13,132500,1
3818,151,20241217,51,3,1,398000.0,369999.0,28001.0,7.04,305000.0,64999.0,17.57,193738.89,14.45,369999.0,109,8,152500,1
3819,954,20250223,5,3,1,989000.0,899999.0,89001.0,9.0,728000.0,171999.0,19.11,280487.36,31.73,899999.0,48,4,87500,1
3820,1426,20250509,58,2,1,989000.0,899999.0,89001.0,9.0,728000.0,171999.0,19.11,280487.36,31.73,899999.0,48,4,87500,1
3821,93,20251110,51,3,1,315000.0,279999.0,35001.0,11.11,230000.0,49999.0,17.86,139278.32,25.13,279999.0,39,7,2500,1
3822,156,20250801,57,1,1,315000.0,279999.0,35001.0,11.11,230000.0,49999.0,17.86,139278.32,25.13,279999.0,39,7,2500,1
3823,1144,20260526,51,3,1,1964000.0,1790000.0,174000.0,8.86,1462000.0,328000.0,18.32,157120.0,110.74,1790000.0,16,1,22500,1
3824,1259,20260131,20,1,1,463000.0,439000.0,24000.0,5.18,367000.0,72000.0,16.4,131310.06,18.28,439000.0,31,4,117500,1
3825,438,20251213,89,1,9,492000.0,429000.0,63000.0,12.8,374000.0,55000.0,12.82,139534.66,45.15,429000.0,59,4,17500,1
3826,569,20240322,95,3,9,492000.0,429000.0,63000.0,12.8,374000.0,55000.0,12.82,139534.66,45.15,429000.0,59,4,17500,1
3827,387,20250501,30,3,1,777000.0,679000.0,98000.0,12.61,549000.0,130000.0,19.15,220362.67,44.47,679000.0,54,4,82500,1
3828,385,20250520,60,2,1,1862000.0,1650000.0,212000.0,11.39,1415000.0,235000.0,14.24,412082.94,51.45,1650000.0,83,3,22500,1
3829,1203,20260919,84,2,1,1862000.0,1650000.0,212000.0,11.39,1415000.0,235000.0,14.24,412082.94,51.45,1650000.0,83,3,22500,1
3830,1260,20251118,16,1,1,1836000.0,1598000.0,238000.0,12.96,1366000.0,232000.0,14.52,722732.22,32.93,1598000.0,81,6,92500,1
3831,786,20260424,44,2,1,1246000.0,1128000.0,118000.0,9.47,911000.0,217000.0,19.24,787887.68,14.98,1128000.0,100,12,132500,1
3832,1222,20261101,26,3,1,1246000.0,1128000.0,118000.0,9.47,911000.0,217000.0,19.24,787887.68,14.98,1128000.0,100,12,132500,1
3833,1261,20261105,2,1,1,1246000.0,1128000.0,118000.0,9.47,911000.0,217000.0,19.24,787887.68,14.98,1128000.0,100,12,132500,1
3834,786,20260226,91,1,1,1329000.0,1159000.0,170000.0,12.79,1013000.0,146000.0,12.6,840371.37,20.23,1159000.0,19,12,72500,1
3835,1222,20240408,58,3,1,1329000.0,1159000.0,170000.0,12.79,1013000.0,146000.0,12.6,840371.37,20.23,1159000.0,19,12,72500,1
3836,1261,20240730,37,1,1,1329000.0,1159000.0,170000.0,12.79,1013000.0,146000.0,12.6,840371.37,20.23,1159000.0,19,12,72500,1
3837,1262,20241201,5,2,1,590000.0,558000.0,32000.0,5.42,472000.0,86000.0,15.41,421084.53,7.6,558000.0,23,15,97500,1
3838,702,20251103,62,1,1,976000.0,898000.0,78000.0,7.99,745000.0,153000.0,17.04,431541.72,18.07,898000.0,55,7,97500,1
3839,469,20240126,28,3,1,738000.0,688000.0,50000.0,6.78,592000.0,96000.0,13.95,359244.47,13.92,688000.0,84,8,92500,1
3840,1263,20240217,54,1,1,351000.0,328000.0,23000.0,6.55,269000.0,59000.0,17.99,221949.1,10.36,328000.0,15,12,242500,1
3841,1264,20240302,75,2,1,721000.0,678000.0,43000.0,5.96,580000.0,98000.0,14.45,318792.6,13.49,678000.0,30,7,72500,1
3842,1265,20250427,46,1,1,1777000.0,1598000.0,179000.0,10.07,1283000.0,315000.0,19.71,605812.13,29.55,1598000.0,71,5,52500,1
3843,800,20250218,22,2,1,776000.0,688000.0,88000.0,11.34,597000.0,91000.0,13.23,377742.15,23.3,688000.0,106,8,102500,1
3844,1266,20241113,13,3,1,973000.0,878000.0,95000.0,9.76,734000.0,144000.0,16.4,550340.03,17.26,878000.0,28,10,97500,1
3845,989,20260202,44,1,1,1701000.0,1598000.0,103000.0,6.06,1360000.0,238000.0,14.89,482415.58,21.35,1598000.0,112,4,67500,1
3846,256,20250621,66,2,1,790000.0,698000.0,92000.0,11.65,571000.0,127000.0,18.19,416992.52,22.06,698000.0,97,9,97500,1
3847,1267,20250919,19,3,1,1256000.0,1128000.0,128000.0,10.19,963000.0,165000.0,14.63,662965.33,19.31,1128000.0,91,9,82500,1
3848,1268,20260619,68,1,1,1653000.0,1518000.0,135000.0,8.17,1308000.0,210000.0,13.83,650695.18,20.75,1518000.0,108,6,37500,1
3849,8,20250531,66,1,9,323000.0,289000.0,34000.0,10.53,242000.0,47000.0,16.26,204243.76,16.65,289000.0,71,12,137500,1
3850,333,20250422,28,1,9,903000.0,839000.0,64000.0,7.09,713000.0,126000.0,15.02,307849.38,20.79,839000.0,116,5,57500,1
3851,734,20240109,68,3,9,903000.0,839000.0,64000.0,7.09,713000.0,126000.0,15.02,307849.38,20.79,839000.0,116,5,57500,1
3852,782,20240808,41,3,9,472000.0,435000.0,37000.0,7.84,364000.0,71000.0,16.32,229760.69,16.1,435000.0,110,8,82500,1
3853,375,20261125,12,1,9,752000.0,659000.0,93000.0,12.37,574000.0,85000.0,12.9,115507.2,80.51,659000.0,92,2,92500,1
3854,205,20250901,90,2,9,646000.0,599000.0,47000.0,7.28,503000.0,96000.0,16.03,340983.76,13.78,599000.0,62,9,12500,1
3855,677,20260610,71,2,9,646000.0,599000.0,47000.0,7.28,503000.0,96000.0,16.03,340983.76,13.78,599000.0,62,9,12500,1
3856,225,20240113,85,3,9,811000.0,739000.0,72000.0,8.88,641000.0,98000.0,13.26,230005.31,31.3,739000.0,33,4,62500,1
3857,88,20241001,31,1,1,568000.0,499000.0,69000.0,12.15,431000.0,68000.0,13.63,251143.13,27.47,499000.0,65,7,42500,1
3858,535,20240721,30,1,1,568000.0,499000.0,69000.0,12.15,431000.0,68000.0,13.63,251143.13,27.47,499000.0,65,7,42500,1
3859,345,20260714,44,2,1,1164000.0,1039000.0,125000.0,10.74,865000.0,174000.0,16.75,330118.59,37.87,1039000.0,71,4,117500,1
3860,494,20261125,51,1,1,1164000.0,1039000.0,125000.0,10.74,865000.0,174000.0,16.75,330118.59,37.87,1039000.0,71,4,117500,1
3861,765,20240916,76,3,3,464000.0,439000.0,25000.0,5.39,359000.0,80000.0,18.22,205159.18,12.19,439000.0,43,7,82500,1
3862,845,20240608,36,3,3,464000.0,439000.0,25000.0,5.39,359000.0,80000.0,18.22,205159.18,12.19,439000.0,43,7,82500,1
3863,1376,20240314,17,2,3,464000.0,439000.0,25000.0,5.39,359000.0,80000.0,18.22,205159.18,12.19,439000.0,43,7,82500,1
3864,782,20241027,59,1,25,531000.0,499000.0,32000.0,6.03,415000.0,84000.0,16.83,258480.78,12.38,499000.0,31,8,117500,1
3865,1269,20241013,54,1,3,703000.0,669000.0,34000.0,4.84,579000.0,90000.0,13.45,56240.0,60.46,669000.0,77,1,7500,1
3866,42,20251126,50,3,25,778000.0,699000.0,79000.0,10.15,572000.0,127000.0,18.17,378715.72,20.86,699000.0,66,8,102500,1
3867,63,20241024,79,2,25,492000.0,449000.0,43000.0,8.74,378000.0,71000.0,15.81,217539.47,19.77,449000.0,19,7,122500,1
3868,1487,20240327,68,3,25,492000.0,449000.0,43000.0,8.74,378000.0,71000.0,15.81,217539.47,19.77,449000.0,19,7,122500,1
3869,263,20261018,58,2,25,605000.0,569000.0,36000.0,5.95,492000.0,77000.0,13.53,92928.0,38.74,569000.0,75,2,62500,1
3870,629,20261102,80,2,25,605000.0,569000.0,36000.0,5.95,492000.0,77000.0,13.53,92928.0,38.74,569000.0,75,2,62500,1
3871,18,20260925,72,2,25,434000.0,379000.0,55000.0,12.67,314000.0,65000.0,17.15,191894.58,28.66,379000.0,17,7,52500,1
3872,172,20240222,57,3,25,434000.0,379000.0,55000.0,12.67,314000.0,65000.0,17.15,191894.58,28.66,379000.0,17,7,52500,1
3873,191,20241025,16,2,25,275000.0,249000.0,26000.0,9.45,212000.0,37000.0,14.86,181980.4,14.29,249000.0,106,13,97500,1
3874,38,20260525,36,3,3,966000.0,899000.0,67000.0,6.94,737000.0,162000.0,18.02,273964.4,24.46,899000.0,47,4,67500,1
3875,340,20260707,1,1,3,966000.0,899000.0,67000.0,6.94,737000.0,162000.0,18.02,273964.4,24.46,899000.0,47,4,67500,1
3876,1070,20260912,57,2,25,296000.0,269000.0,27000.0,9.12,218000.0,51000.0,18.96,203886.92,13.24,269000.0,116,14,127500,1
3877,7,20240526,47,3,1,1061000.0,949000.0,112000.0,10.56,820000.0,129000.0,13.59,361714.5,30.96,949000.0,71,5,57500,1
3878,397,20250306,62,1,25,348000.0,329000.0,19000.0,5.46,266000.0,63000.0,19.15,220052.1,8.63,329000.0,37,12,157500,1
3879,1151,20240517,78,3,25,348000.0,329000.0,19000.0,5.46,266000.0,63000.0,19.15,220052.1,8.63,329000.0,37,12,157500,1
3880,546,20240228,77,3,25,365000.0,339000.0,26000.0,7.12,279000.0,60000.0,17.7,177675.11,14.63,339000.0,19,8,62500,1
3881,1270,20260510,85,3,25,365000.0,339000.0,26000.0,7.12,279000.0,60000.0,17.7,177675.11,14.63,339000.0,19,8,62500,1
3882,173,20241023,85,3,1,451000.0,399000.0,52000.0,11.53,346000.0,53000.0,13.28,127906.78,40.65,399000.0,54,4,152500,1
3883,679,20251017,43,2,25,503000.0,459000.0,44000.0,8.75,380000.0,79000.0,17.21,111319.94,39.53,459000.0,74,3,32500,1
3884,1166,20260718,64,1,25,503000.0,459000.0,44000.0,8.75,380000.0,79000.0,17.21,111319.94,39.53,459000.0,74,3,32500,1
3885,1271,20240213,42,2,1,529000.0,479000.0,50000.0,9.45,420000.0,59000.0,12.32,279226.64,17.91,479000.0,107,9,207500,1
3886,837,20240905,37,2,25,261000.0,239000.0,22000.0,8.43,210000.0,29000.0,12.13,147624.61,14.9,239000.0,76,10,102500,1
3887,149,20260907,23,2,25,357000.0,339000.0,18000.0,5.04,278000.0,61000.0,17.99,157848.76,11.4,339000.0,18,7,102500,1
3888,655,20240513,80,2,25,357000.0,339000.0,18000.0,5.04,278000.0,61000.0,17.99,157848.76,11.4,339000.0,18,7,102500,1
3889,27,20250816,51,2,25,458000.0,429000.0,29000.0,6.33,345000.0,84000.0,19.58,180289.41,16.09,429000.0,14,6,152500,1
3890,168,20241107,76,1,25,458000.0,429000.0,29000.0,6.33,345000.0,84000.0,19.58,180289.41,16.09,429000.0,14,6,152500,1
3891,332,20250411,64,2,25,513000.0,469000.0,44000.0,8.58,402000.0,67000.0,14.29,249718.72,17.62,469000.0,115,8,82500,1
3892,772,20240425,29,1,25,513000.0,469000.0,44000.0,8.58,402000.0,67000.0,14.29,249718.72,17.62,469000.0,115,8,82500,1
3893,333,20260330,68,1,25,663000.0,619000.0,44000.0,6.64,518000.0,101000.0,16.32,226028.95,19.47,619000.0,19,5,102500,1
3894,734,20240903,53,3,25,663000.0,619000.0,44000.0,6.64,518000.0,101000.0,16.32,226028.95,19.47,619000.0,19,5,102500,1
3895,64,20250822,57,2,1,801000.0,759000.0,42000.0,5.24,613000.0,146000.0,19.24,177270.91,23.69,759000.0,21,3,22500,1
3896,21,20260105,51,2,1,1065000.0,939000.0,126000.0,11.83,804000.0,135000.0,14.38,163584.0,77.02,939000.0,91,2,32500,1
3897,1020,20240912,35,1,1,734000.0,639000.0,95000.0,12.94,513000.0,126000.0,19.72,250234.16,37.96,639000.0,67,5,84853,1
3898,1221,20260107,37,1,1,676000.0,599000.0,77000.0,11.39,521000.0,78000.0,13.02,230460.89,33.41,599000.0,30,5,125959,1
3899,1383,20260415,78,2,1,676000.0,599000.0,77000.0,11.39,521000.0,78000.0,13.02,230460.89,33.41,599000.0,30,5,125959,1
3900,162,20240212,20,2,25,396000.0,349000.0,47000.0,11.87,283000.0,66000.0,18.91,237743.6,19.77,349000.0,30,11,152500,1
3901,1170,20250208,47,1,25,396000.0,349000.0,47000.0,11.87,283000.0,66000.0,18.91,237743.6,19.77,349000.0,30,11,152500,1
3902,1194,20261022,62,2,1,300000.0,279000.0,21000.0,7.0,226000.0,53000.0,19.0,169683.46,12.38,279000.0,74,10,75355,1
3903,1317,20261127,32,1,1,300000.0,279000.0,21000.0,7.0,226000.0,53000.0,19.0,169683.46,12.38,279000.0,74,10,75355,1
3904,324,20250709,88,2,1,1260000.0,1099000.0,161000.0,12.78,895000.0,204000.0,18.56,357344.87,45.05,1099000.0,12,4,87500,1
3905,665,20260212,24,3,1,1260000.0,1099000.0,161000.0,12.78,895000.0,204000.0,18.56,357344.87,45.05,1099000.0,12,4,87500,1
3906,40,20260612,60,2,1,491000.0,459000.0,32000.0,6.52,402000.0,57000.0,12.42,217097.32,14.74,459000.0,78,7,67500,1
3907,986,20240929,23,2,1,491000.0,459000.0,32000.0,6.52,402000.0,57000.0,12.42,217097.32,14.74,459000.0,78,7,67500,1
3908,1272,20240513,39,2,1,1029000.0,899000.0,130000.0,12.63,769000.0,130000.0,14.46,405060.7,32.09,899000.0,98,6,157500,1
3909,1472,20261024,69,1,1,1029000.0,899000.0,130000.0,12.63,769000.0,130000.0,14.46,405060.7,32.09,899000.0,98,6,157500,1
3910,231,20260415,95,3,1,1838000.0,1599000.0,239000.0,13.0,1382000.0,217000.0,13.57,406771.46,58.76,1599000.0,73,3,62500,1
3911,36,20251227,49,1,1,829000.0,739000.0,90000.0,10.86,615000.0,124000.0,16.78,326331.7,27.58,739000.0,58,6,2500,1
3912,347,20241102,15,2,1,837000.0,729000.0,108000.0,12.9,603000.0,126000.0,17.28,285348.77,37.85,729000.0,81,5,87500,1
3913,1273,20260505,81,2,1,143000.0,129000.0,14000.0,9.79,106000.0,23000.0,17.83,118175.51,11.85,129000.0,26,21,227500,1
3914,1050,20251106,15,3,1,171000.0,159000.0,12000.0,7.02,133000.0,26000.0,16.35,132877.88,9.03,159000.0,82,18,202500,1
3915,1274,20250121,25,2,1,864000.0,790000.0,74000.0,8.56,667000.0,123000.0,15.57,69120.0,107.06,790000.0,41,1,57,1
3916,696,20240824,59,1,1,1387000.0,1250000.0,137000.0,9.88,1063000.0,187000.0,14.96,613266.76,22.34,1250000.0,79,7,67500,1
3917,25,20260626,81,2,10,316000.0,299000.0,17000.0,5.38,245000.0,54000.0,18.06,153822.84,11.05,299000.0,113,8,142500,1
3918,449,20260707,33,3,10,316000.0,299000.0,17000.0,5.38,245000.0,54000.0,18.06,153822.84,11.05,299000.0,113,8,142500,1
3919,1275,20261218,13,2,10,316000.0,299000.0,17000.0,5.38,245000.0,54000.0,18.06,153822.84,11.05,299000.0,113,8,142500,1
3920,158,20240429,83,3,10,377000.0,339000.0,38000.0,10.08,297000.0,42000.0,12.39,166691.83,22.8,339000.0,30,7,227500,1
3921,1276,20250519,65,3,1,1481000.0,1290000.0,191000.0,12.9,1050000.0,240000.0,18.6,420022.03,45.47,1290000.0,16,4,97263,1
3922,88,20240709,82,1,1,427000.0,399000.0,28000.0,6.56,350000.0,49000.0,12.28,188799.5,14.83,399000.0,16,7,92500,1
3923,535,20261012,53,1,1,427000.0,399000.0,28000.0,6.56,350000.0,49000.0,12.28,188799.5,14.83,399000.0,16,7,92500,1
3924,437,20250629,97,3,1,902000.0,799000.0,103000.0,11.42,640000.0,159000.0,19.9,439076.58,23.46,799000.0,112,8,182500,1
3925,991,20261202,14,1,1,902000.0,799000.0,103000.0,11.42,640000.0,159000.0,19.9,439076.58,23.46,799000.0,112,8,182500,1
3926,38,20260613,79,1,10,900000.0,789000.0,111000.0,12.33,662000.0,127000.0,16.1,255246.34,43.49,789000.0,36,4,162500,1
3927,340,20250602,9,3,10,900000.0,789000.0,111000.0,12.33,662000.0,127000.0,16.1,255246.34,43.49,789000.0,36,4,162500,1
3928,298,20260425,65,3,10,640000.0,559000.0,81000.0,12.66,462000.0,97000.0,17.35,181508.51,44.63,559000.0,17,4,202500,1
3929,462,20250210,64,2,10,159000.0,139000.0,20000.0,12.58,116000.0,23000.0,16.55,109520.34,18.26,139000.0,82,14,192500,1
3930,1253,20241228,53,1,1,259000.0,235000.0,24000.0,9.27,199000.0,36000.0,15.32,155493.92,15.43,235000.0,37,11,2500,1
3931,266,20260604,31,2,1,407000.0,355000.0,52000.0,12.78,296000.0,59000.0,16.62,160213.51,32.46,355000.0,88,6,72500,1
3932,847,20260407,30,3,1,407000.0,355000.0,52000.0,12.78,296000.0,59000.0,16.62,160213.51,32.46,355000.0,88,6,72500,1
3933,1277,20260417,1,1,1,535000.0,475000.0,60000.0,11.21,396000.0,79000.0,16.63,151729.77,39.54,475000.0,75,4,82500,1
3934,1278,20240410,43,3,1,400000.0,375000.0,25000.0,6.25,322000.0,53000.0,14.13,136367.39,18.33,375000.0,80,5,2500,1
3935,789,20251204,10,2,1,723000.0,659000.0,64000.0,8.85,563000.0,96000.0,14.57,351942.75,18.18,659000.0,56,8,117500,1
3936,1279,20250112,8,2,1,1345000.0,1199000.0,146000.0,10.86,1039000.0,160000.0,13.34,760747.53,19.19,1199000.0,91,10,162500,1
3937,176,20250825,40,1,1,429000.0,399000.0,30000.0,6.99,327000.0,72000.0,18.05,226442.78,13.25,399000.0,95,9,172500,1
3938,1366,20240128,46,2,1,429000.0,399000.0,30000.0,6.99,327000.0,72000.0,18.05,226442.78,13.25,399000.0,95,9,172500,1
3939,1280,20260621,56,1,1,723000.0,649000.0,74000.0,10.24,551000.0,98000.0,15.1,434062.18,17.05,649000.0,19,11,107500,1
3940,401,20250221,5,2,1,1004000.0,899000.0,105000.0,10.46,761000.0,138000.0,15.35,395219.58,26.57,899000.0,42,6,152500,1
3941,769,20251122,37,2,1,959000.0,899000.0,60000.0,6.26,746000.0,153000.0,17.02,326940.82,18.35,899000.0,16,5,107500,1
3942,1435,20240714,26,2,1,959000.0,899000.0,60000.0,6.26,746000.0,153000.0,17.02,326940.82,18.35,899000.0,16,5,107500,1
3943,205,20260321,49,1,1,641000.0,579000.0,62000.0,9.67,486000.0,93000.0,16.06,338344.57,18.32,579000.0,12,9,207500,1
3944,677,20261002,82,3,1,641000.0,579000.0,62000.0,9.67,486000.0,93000.0,16.06,338344.57,18.32,579000.0,12,9,207500,1
3945,1281,20250615,31,1,1,360000.0,319000.0,41000.0,11.39,263000.0,56000.0,17.55,203620.16,20.14,319000.0,23,10,187500,1
3946,676,20260215,9,3,1,1011000.0,919000.0,92000.0,9.1,746000.0,173000.0,18.82,80880.0,113.75,919000.0,53,1,12500,1
3947,950,20250106,9,1,1,1011000.0,919000.0,92000.0,9.1,746000.0,173000.0,18.82,80880.0,113.75,919000.0,53,1,12500,1
3948,1282,20240617,41,1,10,314000.0,299000.0,15000.0,4.78,244000.0,55000.0,18.39,138836.17,10.8,299000.0,55,7,72500,1
3949,1342,20241003,43,3,10,314000.0,299000.0,15000.0,4.78,244000.0,55000.0,18.39,138836.17,10.8,299000.0,55,7,72500,1
3950,1283,20240413,40,2,1,3668000.0,3490000.0,178000.0,4.85,2821000.0,669000.0,19.17,1040270.62,17.11,3490000.0,70,4,72500,1
3951,11,20260412,64,2,6,705000.0,649000.0,56000.0,7.94,555000.0,94000.0,14.48,156024.96,35.89,649000.0,45,3,92500,1
3952,264,20261004,58,3,6,705000.0,649000.0,56000.0,7.94,555000.0,94000.0,14.48,156024.96,35.89,649000.0,45,3,92500,1
3953,166,20240118,3,2,6,467000.0,409000.0,58000.0,12.42,349000.0,60000.0,14.67,103352.7,56.12,409000.0,22,3,57500,1
3954,16,20260521,11,2,5,943000.0,879000.0,64000.0,6.79,770000.0,109000.0,12.4,75440.0,84.84,879000.0,25,1,7500,1
3955,12,20260120,10,2,6,511000.0,459000.0,52000.0,10.18,394000.0,65000.0,14.16,174209.34,29.85,459000.0,89,5,102500,1
3956,334,20250413,48,2,6,511000.0,459000.0,52000.0,10.18,394000.0,65000.0,14.16,174209.34,29.85,459000.0,89,5,102500,1
3957,333,20260215,66,2,4,664000.0,619000.0,45000.0,6.78,498000.0,121000.0,19.55,226369.87,19.88,619000.0,14,5,61718,1
3958,734,20240503,9,2,4,664000.0,619000.0,45000.0,6.78,498000.0,121000.0,19.55,226369.87,19.88,619000.0,14,5,61718,1
3959,16,20240816,13,3,6,951000.0,879000.0,72000.0,7.57,765000.0,114000.0,12.97,76080.0,94.64,879000.0,98,1,6895,1
3960,360,20241209,84,2,5,407000.0,359000.0,48000.0,11.79,312000.0,47000.0,13.09,138753.82,34.59,359000.0,47,5,88147,1
3961,781,20260822,89,1,5,407000.0,359000.0,48000.0,11.79,312000.0,47000.0,13.09,138753.82,34.59,359000.0,47,5,88147,1
3962,11,20251128,22,2,1,1009000.0,899000.0,110000.0,10.9,751000.0,148000.0,16.46,223303.81,49.26,899000.0,111,3,87500,1
3963,264,20250811,62,1,1,1009000.0,899000.0,110000.0,10.9,751000.0,148000.0,16.46,223303.81,49.26,899000.0,111,3,87500,1
3964,674,20261125,21,1,4,1260000.0,1189000.0,71000.0,5.63,1007000.0,182000.0,15.31,193536.0,36.69,1189000.0,59,2,15199,1
3965,878,20250517,68,1,4,1260000.0,1189000.0,71000.0,5.63,1007000.0,182000.0,15.31,193536.0,36.69,1189000.0,59,2,15199,1
3966,235,20250525,45,1,4,939000.0,859000.0,80000.0,8.52,754000.0,105000.0,12.22,144230.4,55.47,859000.0,47,2,17500,1
3967,146,20240805,64,2,4,989000.0,939000.0,50000.0,5.06,791000.0,148000.0,15.76,337168.37,14.83,939000.0,112,5,142500,1
3968,341,20240530,99,1,4,989000.0,939000.0,50000.0,5.06,791000.0,148000.0,15.76,337168.37,14.83,939000.0,112,5,142500,1
3969,240,20240518,71,1,4,383000.0,349000.0,34000.0,8.88,304000.0,45000.0,12.89,130571.78,26.04,349000.0,65,5,73795,1
3970,410,20260606,63,3,4,383000.0,349000.0,34000.0,8.88,304000.0,45000.0,12.89,130571.78,26.04,349000.0,65,5,73795,1
3971,974,20240107,1,3,1,1684000.0,1509000.0,175000.0,10.39,1217000.0,292000.0,19.35,134720.0,129.9,1509000.0,72,1,14000,1
3972,974,20251001,96,1,1,1581000.0,1489000.0,92000.0,5.82,1214000.0,275000.0,18.47,126480.0,72.74,1489000.0,57,1,12000,1
3973,209,20260109,70,2,1,1349000.0,1250000.0,99000.0,7.34,1044000.0,206000.0,16.48,531027.1,18.64,1250000.0,114,6,18000,1
3974,1284,20251122,9,2,1,566000.0,519000.0,47000.0,8.3,439000.0,80000.0,15.41,275518.12,17.06,519000.0,99,8,168000,1
3975,1285,20261210,78,2,1,1245000.0,1090000.0,155000.0,12.45,943000.0,147000.0,13.49,657159.1,23.59,1090000.0,68,9,46800,1
3976,1422,20250208,99,3,1,1245000.0,1090000.0,155000.0,12.45,943000.0,147000.0,13.49,657159.1,23.59,1090000.0,68,9,46800,1
3977,442,20260916,84,2,1,1827000.0,1590000.0,237000.0,12.97,1398000.0,192000.0,12.08,404337.02,58.61,1590000.0,86,3,21100,1
3978,1286,20250110,46,2,1,3153000.0,2990000.0,163000.0,5.17,2485000.0,505000.0,16.89,697796.74,23.36,2990000.0,53,3,53500,1
3979,1287,20251008,74,3,1,584000.0,519000.0,65000.0,11.13,417000.0,102000.0,19.65,350611.77,18.54,519000.0,99,11,151000,1
3980,1288,20240123,11,3,1,1076000.0,990000.0,86000.0,7.99,855000.0,135000.0,13.64,423562.02,20.3,990000.0,64,6,98000,1
3981,1109,20261104,14,3,1,239000.0,219000.0,20000.0,8.37,186000.0,33000.0,15.07,170574.92,11.73,219000.0,64,15,170000,1
3982,413,20260723,30,3,1,809000.0,719000.0,90000.0,11.12,587000.0,132000.0,18.36,427021.46,21.08,719000.0,10,9,87000,1
3983,258,20251126,89,2,1,936000.0,820000.0,116000.0,12.39,688000.0,132000.0,16.1,319099.69,36.35,820000.0,17,5,112000,1
3984,708,20250611,61,2,1,342000.0,299000.0,43000.0,12.57,257000.0,42000.0,14.05,205324.02,20.94,299000.0,13,11,213000,1
3985,1289,20260621,12,1,1,342000.0,299000.0,43000.0,12.57,257000.0,42000.0,14.05,205324.02,20.94,299000.0,13,11,213000,1
3986,1290,20251130,84,2,1,3534000.0,3190000.0,344000.0,9.73,2749000.0,441000.0,13.82,542822.4,63.37,3190000.0,94,2,24000,1
3987,262,20240528,55,1,1,2660000.0,2450000.0,210000.0,7.89,2058000.0,392000.0,16.0,588689.92,35.67,2450000.0,95,3,33000,1
3988,1291,20250120,94,3,1,620000.0,549000.0,71000.0,11.45,453000.0,96000.0,17.49,327259.95,21.7,549000.0,62,9,86000,1
3989,1412,20251015,94,1,1,620000.0,549000.0,71000.0,11.45,453000.0,96000.0,17.49,327259.95,21.7,549000.0,62,9,86000,1
3990,687,20250701,90,1,1,1289000.0,1199000.0,90000.0,6.98,1053000.0,146000.0,12.18,197990.4,45.46,1199000.0,67,2,52000,1
3991,298,20240829,76,1,1,906000.0,819000.0,87000.0,9.6,699000.0,120000.0,14.65,256947.98,33.86,819000.0,46,4,32000,1
3992,1224,20241119,17,3,10,150000.0,138000.0,12000.0,8.0,115000.0,23000.0,16.67,126043.49,9.52,138000.0,58,22,152500,1
3993,675,20260721,42,2,10,399000.0,358000.0,41000.0,10.28,294000.0,64000.0,17.88,157064.35,26.1,358000.0,76,6,87500,1
3994,253,20260330,38,1,1,858000.0,799000.0,59000.0,6.88,686000.0,113000.0,14.14,337747.41,17.47,799000.0,28,6,52500,1
3995,908,20250325,8,2,3,747000.0,699000.0,48000.0,6.43,573000.0,126000.0,18.03,363625.5,13.2,699000.0,10,8,82500,1
3996,256,20260501,78,3,3,741000.0,649000.0,92000.0,12.42,528000.0,121000.0,18.64,391128.43,23.52,649000.0,38,9,92500,1
3997,1292,20250601,45,2,3,635000.0,599000.0,36000.0,5.67,505000.0,94000.0,15.69,467745.06,7.7,599000.0,96,16,72500,1
3998,1479,20250424,85,1,3,635000.0,599000.0,36000.0,5.67,505000.0,94000.0,15.69,467745.06,7.7,599000.0,96,16,72500,1
3999,746,20261128,49,2,3,1099000.0,999000.0,100000.0,9.1,822000.0,177000.0,17.72,243221.89,41.11,999000.0,42,3,122500,1
4000,803,20261221,71,3,3,1099000.0,999000.0,100000.0,9.1,822000.0,177000.0,17.72,243221.89,41.11,999000.0,42,3,122500,1
4001,669,20261224,82,3,1,921000.0,859000.0,62000.0,6.73,730000.0,129000.0,15.02,407223.28,15.23,859000.0,61,7,92500,1
4002,1293,20240513,81,2,1,632000.0,599999.0,32001.0,5.06,486000.0,113999.0,19.0,379429.18,8.43,599999.0,50,11,132500,1
4003,767,20240629,12,1,1,653000.0,619999.0,33001.0,5.05,528000.0,91999.0,14.84,100300.8,32.9,619999.0,32,2,8442,1
4004,224,20251230,100,1,1,426000.0,399000.0,27000.0,6.34,328000.0,71000.0,17.79,167692.77,16.1,399000.0,14,6,167500,1
4005,843,20261102,24,2,1,426000.0,399000.0,27000.0,6.34,328000.0,71000.0,17.79,167692.77,16.1,399000.0,14,6,167500,1
4006,1294,20240612,85,1,1,790000.0,695000.0,95000.0,12.03,556000.0,139000.0,20.0,474286.47,20.03,695000.0,80,11,147500,1
4007,737,20260216,45,3,1,1724000.0,1599000.0,125000.0,7.25,1295000.0,304000.0,19.01,488938.54,25.57,1599000.0,66,4,72500,1
4008,202,20261030,62,3,1,1373000.0,1199000.0,174000.0,12.67,1049000.0,150000.0,12.51,540474.58,32.19,1199000.0,15,6,82500,1
4009,272,20251116,27,3,1,1373000.0,1199000.0,174000.0,12.67,1049000.0,150000.0,12.51,540474.58,32.19,1199000.0,15,6,82500,1
4010,231,20241219,81,1,1,1762000.0,1590000.0,172000.0,9.76,1382000.0,208000.0,13.08,389951.74,44.11,1590000.0,58,3,37000,1
4011,1295,20240806,1,1,1,743000.0,679000.0,64000.0,8.61,556000.0,123000.0,18.11,328519.98,19.48,679000.0,31,7,137500,1
4012,527,20251013,64,1,1,636000.0,574000.0,62000.0,9.75,495000.0,79000.0,13.76,335705.37,18.47,574000.0,86,9,167500,1
4013,12,20260319,11,1,1,506000.0,459000.0,47000.0,9.29,390000.0,69000.0,15.03,172504.75,27.25,459000.0,85,5,182500,1
4014,334,20250315,79,1,1,506000.0,459000.0,47000.0,9.29,390000.0,69000.0,15.03,172504.75,27.25,459000.0,85,5,182500,1
4015,19,20250517,45,3,1,483000.0,429000.0,54000.0,11.18,377000.0,52000.0,12.12,190130.53,28.4,429000.0,13,6,72500,1
4016,377,20240903,12,3,1,483000.0,429000.0,54000.0,11.18,377000.0,52000.0,12.12,190130.53,28.4,429000.0,13,6,72500,1
4017,1389,20251210,70,1,1,483000.0,429000.0,54000.0,11.18,377000.0,52000.0,12.12,190130.53,28.4,429000.0,13,6,72500,1
4018,1296,20240117,1,1,1,646000.0,599000.0,47000.0,7.28,497000.0,102000.0,17.03,99225.6,47.37,599000.0,81,2,57500,1
4019,62,20261016,9,2,2,368000.0,339000.0,29000.0,7.88,290000.0,49000.0,14.45,125458.0,23.12,339000.0,73,5,87500,1
4020,12,20241122,21,3,1,477000.0,419000.0,58000.0,12.16,337000.0,82000.0,19.57,162618.11,35.67,419000.0,46,5,222500,1
4021,334,20250904,44,3,1,477000.0,419000.0,58000.0,12.16,337000.0,82000.0,19.57,162618.11,35.67,419000.0,46,5,222500,1
4022,335,20260915,1,2,1,869000.0,759000.0,110000.0,12.66,631000.0,128000.0,16.86,296258.16,37.13,759000.0,40,5,127500,1
4023,16,20240429,23,2,1,967000.0,849000.0,118000.0,12.2,745000.0,104000.0,12.25,77360.0,152.53,849000.0,46,1,23123,1
4024,174,20250712,19,2,1,693000.0,635000.0,58000.0,8.37,535000.0,100000.0,15.75,306412.31,18.93,635000.0,54,7,117500,1
4025,1297,20240130,34,3,1,608000.0,539000.0,69000.0,11.35,444000.0,95000.0,17.63,343891.82,20.06,539000.0,99,10,132500,1
4026,675,20251108,76,3,1,456000.0,415000.0,41000.0,8.99,336000.0,79000.0,19.04,179502.12,22.84,415000.0,116,6,12500,1
4027,141,20241203,74,3,1,357000.0,325000.0,32000.0,8.96,278000.0,47000.0,14.46,188438.39,16.98,325000.0,17,9,97500,1
4028,149,20240421,82,1,1,320000.0,299000.0,21000.0,6.56,255000.0,44000.0,14.72,141489.09,14.84,299000.0,49,7,102500,1
4029,655,20251120,64,3,1,320000.0,299000.0,21000.0,6.56,255000.0,44000.0,14.72,141489.09,14.84,299000.0,49,7,102500,1
4030,1298,20250616,86,3,1,2096000.0,1890000.0,206000.0,9.83,1569000.0,321000.0,16.98,926753.52,22.23,1890000.0,106,7,52500,1
4031,171,20241116,8,1,1,448000.0,419000.0,29000.0,6.47,367000.0,52000.0,12.41,152731.48,18.99,419000.0,118,5,92500,1
4032,171,20251014,74,1,1,443000.0,409000.0,34000.0,7.67,328000.0,81000.0,19.8,151026.89,22.51,409000.0,102,5,137500,1
4033,57,20250502,43,2,1,464000.0,409000.0,55000.0,11.85,337000.0,72000.0,17.6,131593.67,41.8,409000.0,14,4,182500,1
4034,575,20250503,14,1,1,423000.0,395000.0,28000.0,6.62,345000.0,50000.0,12.66,144208.52,19.42,395000.0,37,5,97500,1
4035,1094,20261221,83,3,1,423000.0,395000.0,28000.0,6.62,345000.0,50000.0,12.66,144208.52,19.42,395000.0,37,5,97500,1
4036,296,20241205,8,3,1,601000.0,569000.0,32000.0,5.32,470000.0,99000.0,17.4,292555.46,10.94,569000.0,113,8,122500,1
4037,673,20260203,67,2,1,601000.0,569000.0,32000.0,5.32,470000.0,99000.0,17.4,292555.46,10.94,569000.0,113,8,122500,1
4038,164,20250723,2,1,1,739000.0,699000.0,40000.0,5.41,573000.0,126000.0,18.03,163549.57,24.46,699000.0,90,3,107500,1
4039,296,20250527,83,3,1,571000.0,499000.0,72000.0,12.61,421000.0,78000.0,15.63,277952.02,25.9,499000.0,96,8,162500,1
4040,673,20240825,5,3,1,571000.0,499000.0,72000.0,12.61,421000.0,78000.0,15.63,277952.02,25.9,499000.0,96,8,162500,1
4041,996,20250405,74,3,1,428000.0,389000.0,39000.0,9.11,337000.0,52000.0,13.37,168480.06,23.15,389000.0,118,6,152500,1
4042,93,20250417,93,3,1,413000.0,379000.0,34000.0,8.23,306000.0,73000.0,19.26,182609.35,18.62,379000.0,18,7,27500,1
4043,156,20260625,33,1,1,413000.0,379000.0,34000.0,8.23,306000.0,73000.0,19.26,182609.35,18.62,379000.0,18,7,27500,1
4044,36,20250308,48,2,1,734000.0,649000.0,85000.0,11.58,568000.0,81000.0,12.48,288935.43,29.42,649000.0,11,6,132500,1
4045,94,20240727,15,1,1,781000.0,689000.0,92000.0,11.78,595000.0,94000.0,13.64,172844.67,53.23,689000.0,72,3,182500,1
4046,800,20240605,6,2,1,1082000.0,999000.0,83000.0,7.67,814000.0,185000.0,18.52,526697.18,15.76,999000.0,105,8,97500,1
4047,52,20260120,12,2,1,341000.0,305000.0,36000.0,10.56,261000.0,44000.0,14.43,165992.36,21.69,305000.0,60,8,167500,1
4048,1018,20250404,73,1,1,341000.0,305000.0,36000.0,10.56,261000.0,44000.0,14.43,165992.36,21.69,305000.0,60,8,167500,1
4049,1299,20260723,70,3,1,405000.0,359000.0,46000.0,11.36,298000.0,61000.0,16.99,138071.98,33.32,359000.0,40,5,92500,1
4050,319,20251201,85,3,1,322000.0,289000.0,33000.0,10.25,241000.0,48000.0,16.61,182126.92,18.12,289000.0,16,10,157500,1
4051,775,20250303,61,2,1,627000.0,589000.0,38000.0,6.06,508000.0,81000.0,13.75,213755.88,17.78,589000.0,39,5,72500,1
4052,805,20240418,30,2,1,627000.0,589000.0,38000.0,6.06,508000.0,81000.0,13.75,213755.88,17.78,589000.0,39,5,72500,1
4053,438,20251013,82,1,1,807000.0,709000.0,98000.0,12.14,622000.0,87000.0,12.27,228870.88,42.82,709000.0,67,4,79000,1
4054,569,20240217,34,2,1,807000.0,709000.0,98000.0,12.14,622000.0,87000.0,12.27,228870.88,42.82,709000.0,67,4,79000,1
4055,101,20260819,16,3,9,661000.0,599000.0,62000.0,9.38,485000.0,114000.0,19.03,348901.34,17.77,599000.0,12,9,152500,1
4056,1132,20240507,47,2,9,661000.0,599000.0,62000.0,9.38,485000.0,114000.0,19.03,348901.34,17.77,599000.0,12,9,152500,1
4057,86,20240424,11,1,9,700000.0,649000.0,51000.0,7.29,541000.0,108000.0,16.64,275551.5,18.51,649000.0,60,6,162500,1
4058,399,20250701,22,3,9,589000.0,539000.0,50000.0,8.49,452000.0,87000.0,16.14,310896.96,16.08,539000.0,65,9,212500,1
4059,461,20250804,2,2,9,589000.0,539000.0,50000.0,8.49,452000.0,87000.0,16.14,310896.96,16.08,539000.0,65,9,212500,1
4060,108,20260616,1,2,1,526000.0,499000.0,27000.0,5.13,414000.0,85000.0,17.03,149177.3,18.1,499000.0,82,4,97051,1
4061,1220,20261216,37,3,1,526000.0,499000.0,27000.0,5.13,414000.0,85000.0,17.03,149177.3,18.1,499000.0,82,4,97051,1
4062,203,20240209,31,1,1,335000.0,315000.0,20000.0,5.97,261000.0,54000.0,17.14,221685.22,9.02,315000.0,19,13,110000,1
4063,227,20240317,5,1,1,335000.0,315000.0,20000.0,5.97,261000.0,54000.0,17.14,221685.22,9.02,315000.0,19,13,110000,1
4064,235,20240801,99,2,42,607000.0,539000.0,68000.0,11.2,433000.0,106000.0,19.67,93235.2,72.93,539000.0,70,2,12500,1
4065,25,20250131,66,3,42,503000.0,479000.0,24000.0,4.77,409000.0,70000.0,14.61,244850.91,9.8,479000.0,119,8,122500,1
4066,449,20241223,60,2,42,503000.0,479000.0,24000.0,4.77,409000.0,70000.0,14.61,244850.91,9.8,479000.0,119,8,122500,1
4067,1275,20260425,51,1,42,503000.0,479000.0,24000.0,4.77,409000.0,70000.0,14.61,244850.91,9.8,479000.0,119,8,122500,1
4068,333,20241024,22,2,42,512000.0,469000.0,43000.0,8.4,392000.0,77000.0,16.42,174550.26,24.63,469000.0,59,5,17500,1
4069,734,20260628,56,3,42,512000.0,469000.0,43000.0,8.4,392000.0,77000.0,16.42,174550.26,24.63,469000.0,59,5,17500,1
4070,108,20260906,86,3,42,385000.0,349000.0,36000.0,9.35,285000.0,64000.0,18.34,109188.71,32.97,349000.0,56,4,147500,1
4071,1220,20261023,30,3,42,385000.0,349000.0,36000.0,9.35,285000.0,64000.0,18.34,109188.71,32.97,349000.0,56,4,147500,1
4072,127,20250909,62,1,42,400000.0,379000.0,21000.0,5.25,328000.0,51000.0,13.46,157458.0,13.34,379000.0,99,6,47500,1
4073,636,20261216,89,3,42,400000.0,379000.0,21000.0,5.25,328000.0,51000.0,13.46,157458.0,13.34,379000.0,99,6,47500,1
4074,13,20240715,99,1,42,687000.0,599000.0,88000.0,12.81,518000.0,81000.0,13.52,270434.11,32.54,599000.0,10,6,122500,1
4075,299,20250525,88,2,42,687000.0,599000.0,88000.0,12.81,518000.0,81000.0,13.52,270434.11,32.54,599000.0,10,6,122500,1
4076,39,20250124,99,2,42,675000.0,629000.0,46000.0,6.81,528000.0,101000.0,16.06,298453.54,15.41,629000.0,103,7,72500,1
4077,236,20240616,46,1,42,675000.0,629000.0,46000.0,6.81,528000.0,101000.0,16.06,298453.54,15.41,629000.0,103,7,72500,1
4078,93,20261017,85,1,1,323000.0,299000.0,24000.0,7.43,246000.0,53000.0,17.73,142815.55,16.8,299000.0,66,7,52500,1
4079,156,20260421,35,1,1,323000.0,299000.0,24000.0,7.43,246000.0,53000.0,17.73,142815.55,16.8,299000.0,66,7,52500,1
4080,698,20251226,33,2,1,388000.0,359000.0,29000.0,7.47,306000.0,53000.0,14.76,152734.26,18.99,359000.0,47,6,72500,1
4081,1396,20260827,33,2,1,388000.0,359000.0,29000.0,7.47,306000.0,53000.0,14.76,152734.26,18.99,359000.0,47,6,72500,1
4082,1300,20241012,73,2,1,750000.0,699000.0,51000.0,6.8,575000.0,124000.0,17.74,450271.97,11.33,699000.0,71,11,152500,1
4083,106,20260804,59,2,1,208000.0,198000.0,10000.0,4.81,162000.0,36000.0,18.18,101250.47,9.88,198000.0,88,8,87500,1
4084,872,20250511,26,1,1,99000.0,88000.0,11000.0,11.11,76000.0,12000.0,13.64,84453.61,13.02,88000.0,98,23,2500,1
4085,1163,20241003,2,1,1,193000.0,168000.0,25000.0,12.95,135000.0,33000.0,19.64,156582.19,15.97,168000.0,79,20,267500,1
4086,1301,20241023,44,3,1,310000.0,289000.0,21000.0,6.77,233000.0,56000.0,19.38,163629.98,12.83,289000.0,91,9,237500,1
4087,46,20250818,20,2,1,780000.0,699000.0,81000.0,10.38,560000.0,139000.0,19.89,221213.49,36.62,699000.0,74,4,127500,1
4088,174,20251114,5,2,1,651000.0,579000.0,72000.0,11.06,470000.0,109000.0,18.83,287841.86,25.01,579000.0,71,7,212500,1
4089,568,20240405,25,1,1,600000.0,529000.0,71000.0,11.83,426000.0,103000.0,19.47,236187.0,30.06,529000.0,65,6,97500,1
4090,1302,20250907,18,2,1,600000.0,529000.0,71000.0,11.83,426000.0,103000.0,19.47,236187.0,30.06,529000.0,65,6,97500,1
4091,1303,20250708,100,3,1,1802000.0,1650000.0,152000.0,8.44,1451000.0,199000.0,12.06,276787.2,54.92,1650000.0,76,2,32500,1
4092,189,20240915,56,1,1,333000.0,308000.0,25000.0,7.51,254000.0,54000.0,17.53,162098.12,15.42,308000.0,26,8,77500,1
4093,916,20250425,80,3,1,333000.0,308000.0,25000.0,7.51,254000.0,54000.0,17.53,162098.12,15.42,308000.0,26,8,77500,1
4094,1304,20260119,3,3,1,399000.0,369000.0,30000.0,7.52,300000.0,69000.0,18.7,252301.11,11.89,369000.0,17,12,150000,1
4095,1305,20251109,50,2,1,369000.0,329000.0,40000.0,10.84,270000.0,59000.0,17.93,163154.6,24.52,329000.0,69,7,90000,1
4096,238,20240710,19,2,13,871000.0,770000.0,101000.0,11.6,674000.0,96000.0,12.47,296939.99,34.01,770000.0,49,5,47500,1
4097,58,20250919,30,2,1,896000.0,839000.0,57000.0,6.36,706000.0,133000.0,15.85,352705.92,16.16,839000.0,90,6,142500,1
4098,237,20240213,73,2,1,423000.0,389000.0,34000.0,8.04,323000.0,66000.0,16.97,119965.78,28.34,389000.0,98,4,40334,1
4099,11,20260726,64,1,2,740000.0,649000.0,91000.0,12.3,565000.0,84000.0,12.94,163770.88,55.57,649000.0,71,3,81847,1
4100,264,20250315,53,1,2,740000.0,649000.0,91000.0,12.3,565000.0,84000.0,12.94,163770.88,55.57,649000.0,71,3,81847,1
4101,238,20260328,2,3,1,824000.0,729000.0,95000.0,11.53,606000.0,123000.0,16.87,280916.82,33.82,729000.0,50,5,84113,1
4102,585,20260511,46,2,2,572000.0,498000.0,74000.0,12.94,412000.0,86000.0,17.27,301923.7,24.51,498000.0,21,9,1400000,1
4103,1005,20260209,87,1,2,572000.0,498000.0,74000.0,12.94,412000.0,86000.0,17.27,301923.7,24.51,498000.0,21,9,1400000,1
4104,1306,20260111,99,1,1,1564000.0,1390000.0,174000.0,11.13,1135000.0,255000.0,18.35,615660.78,28.26,1390000.0,102,6,77500,1
4105,1019,20240417,7,1,1,3649000.0,3350000.0,299000.0,8.19,2781000.0,569000.0,16.99,291920.0,102.43,3350000.0,98,1,12500,1
4106,1307,20251201,70,1,1,886000.0,799000.0,87000.0,9.82,659000.0,140000.0,17.52,560247.58,15.53,799000.0,109,12,2500,1
4107,279,20250701,65,3,1,669000.0,599000.0,70000.0,10.46,512000.0,87000.0,14.52,263348.5,26.58,599000.0,63,6,127500,1
4108,1308,20260513,46,1,1,591000.0,559000.0,32000.0,5.41,460000.0,99000.0,17.71,334276.42,9.57,559000.0,98,10,187500,1
4109,328,20240124,42,2,1,507000.0,459000.0,48000.0,9.47,388000.0,71000.0,15.47,286765.05,16.74,459000.0,102,10,127500,1
4110,522,20240914,29,3,1,507000.0,459000.0,48000.0,9.47,388000.0,71000.0,15.47,286765.05,16.74,459000.0,102,10,127500,1
4111,940,20240514,69,1,1,290000.0,259000.0,31000.0,10.69,209000.0,50000.0,19.31,235278.93,13.18,259000.0,20,20,297500,1
4112,7,20250106,77,1,1,884000.0,829000.0,55000.0,6.22,676000.0,153000.0,18.46,301371.93,18.25,829000.0,69,5,7500,1
4113,127,20240316,79,2,1,540000.0,479000.0,61000.0,11.3,399000.0,80000.0,16.7,212568.3,28.7,479000.0,77,6,7500,1
4114,636,20240303,1,3,1,540000.0,479000.0,61000.0,11.3,399000.0,80000.0,16.7,212568.3,28.7,479000.0,77,6,7500,1
4115,1309,20260906,87,1,1,575000.0,519000.0,56000.0,9.74,454000.0,65000.0,12.52,380504.48,14.72,519000.0,87,13,12500,1
4116,1433,20260928,77,3,1,575000.0,519000.0,56000.0,9.74,454000.0,65000.0,12.52,380504.48,14.72,519000.0,87,13,12500,1
4117,1310,20261212,75,3,1,205000.0,179000.0,26000.0,12.68,149000.0,30000.0,16.76,151004.31,17.22,179000.0,55,16,12500,1
4118,1311,20260722,76,2,1,505000.0,479000.0,26000.0,5.15,409000.0,70000.0,14.61,347847.62,7.47,479000.0,47,14,2500,1
4119,333,20240120,31,3,1,430000.0,399000.0,31000.0,7.21,327000.0,72000.0,18.05,146594.95,21.15,399000.0,70,5,7500,1
4120,734,20240227,20,1,1,430000.0,399000.0,31000.0,7.21,327000.0,72000.0,18.05,146594.95,21.15,399000.0,70,5,7500,1
4121,247,20241215,73,2,1,510000.0,459000.0,51000.0,10.0,372000.0,87000.0,18.95,322490.14,15.81,459000.0,26,12,12500,1
4122,1312,20250902,85,2,1,474000.0,439000.0,35000.0,7.38,353000.0,86000.0,19.59,250195.51,13.99,439000.0,75,9,12500,1
4123,1508,20250608,77,1,1,474000.0,439000.0,35000.0,7.38,353000.0,86000.0,19.59,250195.51,13.99,439000.0,75,9,12500,1
4124,163,20261024,5,3,1,190000.0,169000.0,21000.0,11.05,139000.0,30000.0,17.75,143958.8,14.59,169000.0,81,17,2500,1
4125,25,20250910,93,2,1,427000.0,379000.0,48000.0,11.24,308000.0,71000.0,18.73,207855.54,23.09,379000.0,45,8,2500,1
4126,449,20241126,94,3,1,427000.0,379000.0,48000.0,11.24,308000.0,71000.0,18.73,207855.54,23.09,379000.0,45,8,2500,1
4127,1275,20241019,42,1,1,427000.0,379000.0,48000.0,11.24,308000.0,71000.0,18.73,207855.54,23.09,379000.0,45,8,2500,1
4128,777,20260928,75,2,1,953000.0,899000.0,54000.0,5.67,732000.0,167000.0,18.58,76240.0,70.83,899000.0,83,1,2500,1
4129,33,20260708,55,1,1,406000.0,369000.0,37000.0,9.11,318000.0,51000.0,13.82,243747.22,15.18,369000.0,16,11,197500,1
4130,1313,20250112,32,1,2,834000.0,758000.0,76000.0,9.11,607000.0,151000.0,19.92,184574.21,41.18,758000.0,109,3,100000,1
4131,85,20261015,49,2,1,727000.0,669000.0,58000.0,7.98,565000.0,104000.0,15.55,247847.73,23.4,669000.0,25,5,97500,1
4132,366,20241011,94,2,1,727000.0,669000.0,58000.0,7.98,565000.0,104000.0,15.55,247847.73,23.4,669000.0,25,5,97500,1
4133,435,20250101,90,1,1,868000.0,759000.0,109000.0,12.56,630000.0,129000.0,17.0,422526.02,25.8,759000.0,23,8,97500,1
4134,60,20260205,39,2,1,950000.0,839000.0,111000.0,11.68,705000.0,134000.0,15.97,269426.69,41.2,839000.0,89,4,142500,1
4135,672,20250119,5,1,1,950000.0,839000.0,111000.0,11.68,705000.0,134000.0,15.97,269426.69,41.2,839000.0,89,4,142500,1
4136,143,20250603,99,2,1,514000.0,459000.0,55000.0,10.7,388000.0,71000.0,15.47,145774.02,37.73,459000.0,34,4,97500,1
4137,350,20260602,5,2,1,514000.0,459000.0,55000.0,10.7,388000.0,71000.0,15.47,145774.02,37.73,459000.0,34,4,97500,1
4138,335,20260725,4,1,1,896000.0,799000.0,97000.0,10.83,659000.0,140000.0,17.52,305462.96,31.76,799000.0,114,5,97500,1
4139,89,20260413,41,3,1,865000.0,789000.0,76000.0,8.79,650000.0,139000.0,17.62,294894.48,25.77,789000.0,13,5,97500,1
4140,1314,20240815,52,2,1,410000.0,359000.0,51000.0,12.44,308000.0,51000.0,14.21,139776.58,36.49,359000.0,38,5,97500,1
4141,131,20250127,5,3,1,894000.0,799000.0,95000.0,10.63,695000.0,104000.0,13.02,253544.69,37.47,799000.0,65,4,97500,1
4142,146,20250312,76,2,1,897000.0,799000.0,98000.0,10.93,652000.0,147000.0,18.4,305803.87,32.05,799000.0,15,5,97500,1
4143,341,20250522,6,3,1,897000.0,799000.0,98000.0,10.93,652000.0,147000.0,18.4,305803.87,32.05,799000.0,15,5,97500,1
4144,118,20260816,94,3,2,395000.0,348000.0,47000.0,11.9,281000.0,67000.0,19.25,155489.77,30.23,348000.0,10,6,80000,1
4145,651,20240724,38,1,2,395000.0,348000.0,47000.0,11.9,281000.0,67000.0,19.25,155489.77,30.23,348000.0,10,6,80000,1
4146,839,20260527,51,2,1,344000.0,319000.0,25000.0,7.27,278000.0,41000.0,12.85,206524.74,12.11,319000.0,48,11,197500,1
4147,600,20250410,8,3,1,847000.0,749000.0,98000.0,11.57,620000.0,129000.0,17.22,130099.2,75.33,749000.0,10,2,42500,1
4148,39,20261121,73,3,1,583000.0,545000.0,38000.0,6.52,460000.0,85000.0,15.6,257775.43,14.74,545000.0,113,7,127500,1
4149,236,20260207,6,3,1,583000.0,545000.0,38000.0,6.52,460000.0,85000.0,15.6,257775.43,14.74,545000.0,113,7,127500,1
4150,128,20260926,81,1,2,540000.0,498000.0,42000.0,7.78,413000.0,85000.0,17.07,153147.8,27.42,498000.0,72,4,60000,1
4151,374,20260105,45,3,2,540000.0,498000.0,42000.0,7.78,413000.0,85000.0,17.07,153147.8,27.42,498000.0,72,4,60000,1
4152,1320,20241106,92,2,2,540000.0,498000.0,42000.0,7.78,413000.0,85000.0,17.07,153147.8,27.42,498000.0,72,4,60000,1
4153,127,20240829,98,1,2,540000.0,498000.0,42000.0,7.78,403000.0,95000.0,19.08,212568.3,19.76,498000.0,66,6,100,1
4154,636,20250619,29,1,2,540000.0,498000.0,42000.0,7.78,403000.0,95000.0,19.08,212568.3,19.76,498000.0,66,6,100,1
4155,344,20240226,83,1,1,1101000.0,959000.0,142000.0,12.9,812000.0,147000.0,15.33,88080.0,161.22,959000.0,76,1,39883,1
4156,660,20240309,27,2,1,1101000.0,959000.0,142000.0,12.9,812000.0,147000.0,15.33,88080.0,161.22,959000.0,76,1,39883,1
4157,1315,20240408,82,1,1,794000.0,699000.0,95000.0,11.96,589000.0,110000.0,15.74,546912.89,17.37,699000.0,74,14,162500,1
4158,1316,20250727,69,2,10,481000.0,429000.0,52000.0,10.81,350000.0,79000.0,18.41,234141.72,22.21,429000.0,74,8,92500,1
4159,246,20260502,6,3,10,426000.0,379000.0,47000.0,11.03,317000.0,62000.0,16.36,207368.76,22.66,379000.0,112,8,62500,1
4160,430,20240730,84,1,10,426000.0,379000.0,47000.0,11.03,317000.0,62000.0,16.36,207368.76,22.66,379000.0,112,8,62500,1
4161,1194,20260503,90,1,1,353000.0,319000.0,34000.0,9.63,276000.0,43000.0,13.48,199660.88,17.03,319000.0,30,10,102500,1
4162,1317,20250808,26,2,1,353000.0,319000.0,34000.0,9.63,276000.0,43000.0,13.48,199660.88,17.03,319000.0,30,10,102500,1
4163,339,20250329,48,3,1,1178000.0,1029000.0,149000.0,12.65,872000.0,157000.0,15.26,180940.8,82.35,1029000.0,118,2,37500,1
4164,671,20251217,71,2,1,1178000.0,1029000.0,149000.0,12.65,872000.0,157000.0,15.26,180940.8,82.35,1029000.0,118,2,37500,1
4165,670,20240227,40,1,1,593000.0,539000.0,54000.0,9.11,435000.0,104000.0,19.29,335407.65,16.1,539000.0,39,10,160094,1
4166,1386,20241221,4,1,1,593000.0,539000.0,54000.0,9.11,435000.0,104000.0,19.29,335407.65,16.1,539000.0,39,10,160094,1
4167,42,20260626,73,3,1,652000.0,599000.0,53000.0,8.13,505000.0,94000.0,15.69,317381.29,16.7,599000.0,105,8,172500,1
4168,238,20240729,62,1,1,745000.0,699000.0,46000.0,6.17,598000.0,101000.0,14.45,253984.27,18.11,699000.0,42,5,37500,1
4169,1268,20250912,48,1,1,1466000.0,1299000.0,167000.0,11.39,1122000.0,177000.0,13.63,577083.57,28.94,1299000.0,57,6,52500,1
4170,1318,20250506,84,1,1,624000.0,555000.0,69000.0,11.06,472000.0,83000.0,14.95,245634.48,28.09,555000.0,31,6,92500,1
4171,147,20240917,51,3,1,793000.0,729000.0,64000.0,8.07,592000.0,137000.0,18.79,175500.42,36.47,729000.0,103,3,52500,1
4172,1388,20251215,14,3,1,793000.0,729000.0,64000.0,8.07,592000.0,137000.0,18.79,175500.42,36.47,729000.0,103,3,52500,1
4173,1116,20240823,49,1,2,999000.0,949000.0,50000.0,5.01,813000.0,136000.0,14.33,221090.69,22.62,949000.0,63,3,32500,1
4174,70,20240105,18,1,2,770000.0,679000.0,91000.0,11.82,580000.0,99000.0,14.58,340458.12,26.73,679000.0,119,7,97500,1
4175,234,20241128,14,3,1,892000.0,849000.0,43000.0,4.82,681000.0,168000.0,19.79,252977.48,17.0,849000.0,13,4,87500,1
4176,1319,20240102,2,1,1,892000.0,849000.0,43000.0,4.82,681000.0,168000.0,19.79,252977.48,17.0,849000.0,13,4,87500,1
4177,234,20250903,2,1,1,1423000.0,1270000.0,153000.0,10.75,1058000.0,212000.0,16.69,403572.82,37.91,1270000.0,96,4,32500,1
4178,1319,20251011,72,1,1,1423000.0,1270000.0,153000.0,10.75,1058000.0,212000.0,16.69,403572.82,37.91,1270000.0,96,4,32500,1
4179,754,20241223,63,2,1,388000.0,338000.0,50000.0,12.89,279000.0,59000.0,17.46,256757.81,19.47,338000.0,64,13,162500,1
4180,939,20251216,92,2,1,388000.0,338000.0,50000.0,12.89,279000.0,59000.0,17.46,256757.81,19.47,338000.0,64,13,162500,1
4181,64,20260601,2,2,1,830000.0,759000.0,71000.0,8.55,648000.0,111000.0,14.62,183688.96,38.65,759000.0,53,3,62500,1
4182,335,20240910,1,3,1,858000.0,799000.0,59000.0,6.88,653000.0,146000.0,18.27,292508.05,20.17,799000.0,98,5,97500,1
4183,143,20250627,92,2,1,514000.0,459000.0,55000.0,10.7,389000.0,70000.0,15.25,145774.02,37.73,459000.0,21,4,77500,1
4184,350,20251214,21,2,1,514000.0,459000.0,55000.0,10.7,389000.0,70000.0,15.25,145774.02,37.73,459000.0,21,4,77500,1
4185,292,20251024,22,3,1,450000.0,398000.0,52000.0,11.56,347000.0,51000.0,12.81,254525.2,20.43,398000.0,90,10,207500,1
4186,575,20260125,74,1,1,474000.0,429000.0,45000.0,9.49,371000.0,58000.0,13.52,161595.36,27.85,429000.0,88,5,37500,1
4187,1094,20251209,80,2,1,474000.0,429000.0,45000.0,9.49,371000.0,58000.0,13.52,161595.36,27.85,429000.0,88,5,37500,1
4188,128,20250711,59,3,9,1433000.0,1250000.0,183000.0,12.77,1092000.0,158000.0,12.64,406408.89,45.03,1250000.0,83,4,67500,1
4189,374,20250808,19,2,9,1433000.0,1250000.0,183000.0,12.77,1092000.0,158000.0,12.64,406408.89,45.03,1250000.0,83,4,67500,1
4190,1320,20260331,22,2,9,1433000.0,1250000.0,183000.0,12.77,1092000.0,158000.0,12.64,406408.89,45.03,1250000.0,83,4,67500,1
4191,36,20250510,69,2,9,733000.0,695000.0,38000.0,5.18,610000.0,85000.0,12.23,288541.78,13.17,695000.0,108,6,2500,1
4192,13,20261124,22,1,9,659000.0,599000.0,60000.0,9.1,480000.0,119000.0,19.87,259412.05,23.13,599000.0,61,6,2500,1
4193,299,20260926,13,2,9,659000.0,599000.0,60000.0,9.1,480000.0,119000.0,19.87,259412.05,23.13,599000.0,61,6,2500,1
4194,165,20250822,83,2,1,1637000.0,1459000.0,178000.0,10.87,1240000.0,219000.0,15.01,644396.86,27.62,1459000.0,102,6,72500,1
4195,1321,20250803,84,1,14,362000.0,319000.0,43000.0,11.88,266000.0,53000.0,16.61,123412.49,34.84,319000.0,85,5,49850,1
4196,1495,20240816,3,2,14,362000.0,319000.0,43000.0,11.88,266000.0,53000.0,16.61,123412.49,34.84,319000.0,85,5,49850,1
4197,570,20250104,57,2,1,565000.0,529000.0,36000.0,6.37,460000.0,69000.0,13.04,192618.94,18.69,529000.0,74,5,117500,1
4198,763,20260103,82,3,1,565000.0,529000.0,36000.0,6.37,460000.0,69000.0,13.04,192618.94,18.69,529000.0,74,5,117500,1
4199,202,20260714,78,2,9,1079000.0,955000.0,124000.0,11.49,783000.0,172000.0,18.01,424742.95,29.19,955000.0,74,6,102500,1
4200,272,20251103,15,3,9,1079000.0,955000.0,124000.0,11.49,783000.0,172000.0,18.01,424742.95,29.19,955000.0,74,6,102500,1
4201,4,20250505,21,2,1,426000.0,385000.0,41000.0,9.62,338000.0,47000.0,12.21,120816.6,33.94,385000.0,19,4,152500,1
4202,69,20250210,37,3,1,426000.0,385000.0,41000.0,9.62,338000.0,47000.0,12.21,120816.6,33.94,385000.0,19,4,152500,1
4203,1322,20260508,17,3,1,1089000.0,999000.0,90000.0,8.26,848000.0,151000.0,15.12,428679.4,20.99,999000.0,27,6,62500,1
4204,1430,20250302,25,1,1,1089000.0,999000.0,90000.0,8.26,848000.0,151000.0,15.12,428679.4,20.99,999000.0,27,6,62500,1
4205,1323,20260130,75,1,1,424000.0,399000.0,25000.0,5.9,345000.0,54000.0,13.53,187473.04,13.34,399000.0,56,7,157500,1
4206,1324,20261109,43,2,1,1010000.0,889000.0,121000.0,11.98,717000.0,172000.0,19.35,397581.45,30.43,889000.0,75,6,37500,1
4207,1325,20250330,50,1,1,500000.0,469000.0,31000.0,6.2,382000.0,87000.0,18.55,368303.19,8.42,469000.0,58,16,112500,1
4208,921,20260814,15,3,1,561000.0,519000.0,42000.0,7.49,447000.0,72000.0,13.87,248048.06,16.93,519000.0,81,7,137500,1
4209,1326,20261122,67,2,1,561000.0,519000.0,42000.0,7.49,447000.0,72000.0,13.87,248048.06,16.93,519000.0,81,7,137500,1
4210,1327,20250603,30,3,12,3108000.0,2880000.0,228000.0,7.34,2309000.0,571000.0,19.83,248640.0,91.7,2880000.0,31,1,32500,1
4211,1328,20250208,77,1,12,1692000.0,1488000.0,204000.0,12.06,1288000.0,200000.0,13.44,823633.67,24.77,1488000.0,95,8,132500,1
4212,159,20250726,57,1,1,245000.0,219000.0,26000.0,10.61,175000.0,44000.0,20.09,129320.47,20.11,219000.0,35,9,61000,1
4213,1329,20250110,7,3,1,360000.0,319000.0,41000.0,11.39,272000.0,47000.0,14.73,79672.32,51.46,319000.0,99,3,24000,1
4214,1330,20260212,78,1,1,171000.0,159000.0,12000.0,7.02,132000.0,27000.0,16.98,122043.14,9.83,159000.0,18,15,152000,1
4215,102,20240125,51,1,1,722000.0,649000.0,73000.0,10.11,551000.0,98000.0,15.1,319234.75,22.87,649000.0,30,7,117500,1
4216,1331,20260716,18,3,1,442000.0,399000.0,43000.0,9.73,341000.0,58000.0,14.54,265360.28,16.2,399000.0,104,11,177500,1
4217,1332,20240428,84,1,1,634000.0,559000.0,75000.0,11.83,463000.0,96000.0,17.17,334649.7,22.41,559000.0,72,9,167500,1
4218,1333,20240301,80,2,20,261000.0,229000.0,32000.0,12.26,185000.0,44000.0,19.21,127049.87,25.19,229000.0,116,8,167500,1
4219,546,20241124,73,1,43,304000.0,289000.0,15000.0,4.93,233000.0,56000.0,19.38,147981.46,10.14,289000.0,15,8,47500,1
4220,1270,20260112,54,2,43,304000.0,289000.0,15000.0,4.93,233000.0,56000.0,19.38,147981.46,10.14,289000.0,15,8,47500,1
4221,175,20250823,48,1,43,412000.0,369000.0,43000.0,10.44,313000.0,56000.0,15.18,162181.74,26.51,369000.0,23,6,72500,1
4222,715,20260622,95,1,43,412000.0,369000.0,43000.0,10.44,313000.0,56000.0,15.18,162181.74,26.51,369000.0,23,6,72500,1
4223,1299,20251113,25,3,43,368000.0,349000.0,19000.0,5.16,294000.0,55000.0,15.76,125458.0,15.14,349000.0,42,5,87500,1
4224,429,20240610,77,1,43,352000.0,319000.0,33000.0,9.38,274000.0,45000.0,14.11,171346.96,19.26,319000.0,80,8,172500,1
4225,1334,20240706,82,2,43,352000.0,319000.0,33000.0,9.38,274000.0,45000.0,14.11,171346.96,19.26,319000.0,80,8,172500,1
4226,429,20250314,66,1,1,323000.0,299000.0,24000.0,7.43,251000.0,48000.0,16.05,157230.3,15.26,299000.0,33,8,107500,1
4227,1334,20251227,18,2,1,323000.0,299000.0,24000.0,7.43,251000.0,48000.0,16.05,157230.3,15.26,299000.0,33,8,107500,1
4228,961,20241013,31,2,1,408000.0,378000.0,30000.0,7.35,315000.0,63000.0,16.67,230769.51,13.0,378000.0,82,10,85153,1
4229,1124,20250303,20,1,1,408000.0,378000.0,30000.0,7.35,315000.0,63000.0,16.67,230769.51,13.0,378000.0,82,10,85153,1
4230,232,20250622,93,1,43,379000.0,349000.0,30000.0,7.92,290000.0,59000.0,16.91,227537.43,13.18,349000.0,84,11,187500,1
4231,1081,20260124,58,3,43,379000.0,349000.0,30000.0,7.92,290000.0,59000.0,16.91,227537.43,13.18,349000.0,84,11,187500,1
4232,709,20250503,31,2,43,333000.0,299000.0,34000.0,10.21,240000.0,59000.0,19.73,147237.08,23.09,299000.0,96,7,77500,1
4233,1458,20240714,13,2,43,333000.0,299000.0,34000.0,10.21,240000.0,59000.0,19.73,147237.08,23.09,299000.0,96,7,77500,1
4234,1335,20241026,83,2,1,2914000.0,2690000.0,224000.0,7.69,2224000.0,466000.0,17.32,826430.91,27.1,2690000.0,60,4,57500,1
4235,191,20240210,74,3,20,167000.0,149000.0,18000.0,10.78,131000.0,18000.0,12.08,110511.74,16.29,149000.0,11,13,212500,1
4236,964,20250127,54,2,1,3260000.0,2990000.0,270000.0,8.28,2601000.0,389000.0,13.01,721477.12,37.42,2990000.0,24,3,22500,1
4237,1336,20240316,88,2,1,3054000.0,2890000.0,164000.0,5.37,2388000.0,502000.0,17.37,469094.4,34.96,2890000.0,44,2,12500,1
4238,192,20250502,20,2,1,299000.0,265000.0,34000.0,11.37,224000.0,41000.0,15.47,189067.75,17.98,265000.0,45,12,167500,1
4239,1185,20250922,22,2,1,299000.0,265000.0,34000.0,11.37,224000.0,41000.0,15.47,189067.75,17.98,265000.0,45,12,167500,1
4240,60,20240526,91,3,1,991000.0,919000.0,72000.0,7.27,797000.0,122000.0,13.28,281054.58,25.62,919000.0,101,4,52500,1
4241,672,20260628,60,2,1,991000.0,919000.0,72000.0,7.27,797000.0,122000.0,13.28,281054.58,25.62,919000.0,101,4,52500,1
4242,38,20240223,30,2,1,983000.0,899000.0,84000.0,8.55,751000.0,148000.0,16.46,278785.72,30.13,899000.0,48,4,72500,1
4243,340,20250531,100,1,1,983000.0,899000.0,84000.0,8.55,751000.0,148000.0,16.46,278785.72,30.13,899000.0,48,4,72500,1
4244,606,20240128,88,1,1,592000.0,529000.0,63000.0,10.64,424000.0,105000.0,19.85,312480.47,20.16,529000.0,117,9,72500,1
4245,632,20240627,99,3,1,592000.0,529000.0,63000.0,10.64,424000.0,105000.0,19.85,312480.47,20.16,529000.0,117,9,72500,1
4246,11,20240429,3,2,1,703000.0,649000.0,54000.0,7.68,523000.0,126000.0,19.41,155582.34,34.71,649000.0,13,3,72500,1
4247,264,20250605,88,2,1,703000.0,649000.0,54000.0,7.68,523000.0,126000.0,19.41,155582.34,34.71,649000.0,13,3,72500,1
4248,108,20251012,89,3,1,590000.0,559000.0,31000.0,5.25,470000.0,89000.0,15.92,167328.15,18.53,559000.0,73,4,37500,1
4249,1220,20251211,3,2,1,590000.0,559000.0,31000.0,5.25,470000.0,89000.0,15.92,167328.15,18.53,559000.0,73,4,37500,1
4250,123,20260416,20,1,1,793000.0,729000.0,64000.0,8.07,640000.0,89000.0,12.21,175500.42,36.47,729000.0,83,3,22500,1
4251,376,20251115,25,2,1,793000.0,729000.0,64000.0,8.07,640000.0,89000.0,12.21,175500.42,36.47,729000.0,83,3,22500,1
4252,710,20260504,37,3,1,793000.0,729000.0,64000.0,8.07,640000.0,89000.0,12.21,175500.42,36.47,729000.0,83,3,22500,1
4253,173,20240920,17,1,1,525000.0,459000.0,66000.0,12.57,393000.0,66000.0,14.38,148893.7,44.33,459000.0,15,4,32500,1
4254,1337,20250715,48,3,1,289000.0,259000.0,30000.0,10.38,209000.0,50000.0,19.31,173504.8,17.29,259000.0,66,11,157500,1
4255,41,20251116,27,3,1,893000.0,799000.0,94000.0,10.53,651000.0,148000.0,18.52,394842.99,23.81,799000.0,39,7,90000,1
4256,385,20251112,25,3,1,1659000.0,1490000.0,169000.0,10.19,1284000.0,206000.0,13.83,367156.61,46.03,1490000.0,119,3,62000,1
4257,1203,20250325,32,3,1,1659000.0,1490000.0,169000.0,10.19,1284000.0,206000.0,13.83,367156.61,46.03,1490000.0,119,3,62000,1
4258,390,20260408,68,1,1,940000.0,879000.0,61000.0,6.49,762000.0,117000.0,13.31,266590.62,22.88,879000.0,108,4,102500,1
4259,707,20251003,65,2,1,940000.0,879000.0,61000.0,6.49,762000.0,117000.0,13.31,266590.62,22.88,879000.0,108,4,102500,1
4260,1338,20250626,64,2,1,654000.0,599000.0,55000.0,8.41,509000.0,90000.0,15.03,345206.47,15.93,599000.0,116,9,162500,1
4261,1482,20261017,25,3,1,654000.0,599000.0,55000.0,8.41,509000.0,90000.0,15.03,345206.47,15.93,599000.0,116,9,162500,1
4262,438,20241221,18,1,1,674000.0,599000.0,75000.0,11.13,510000.0,89000.0,14.86,191151.14,39.24,599000.0,83,4,87500,1
4263,569,20250523,41,1,1,674000.0,599000.0,75000.0,11.13,510000.0,89000.0,14.86,191151.14,39.24,599000.0,83,4,87500,1
4264,6,20251122,41,2,1,317000.0,299000.0,18000.0,5.68,240000.0,59000.0,19.73,218351.87,8.24,299000.0,105,14,212500,1
4265,285,20260419,77,3,1,419000.0,389000.0,30000.0,7.16,337000.0,52000.0,13.37,142844.84,21.0,389000.0,115,5,117500,1
4266,106,20250901,2,3,1,225000.0,209000.0,16000.0,7.11,180000.0,29000.0,13.88,109525.75,14.61,209000.0,115,8,142500,1
4267,638,20250208,5,3,1,371000.0,339000.0,32000.0,8.63,278000.0,61000.0,17.99,146042.29,21.91,339000.0,76,6,112500,1
4268,1249,20240619,26,1,1,371000.0,339000.0,32000.0,8.63,278000.0,61000.0,17.99,146042.29,21.91,339000.0,76,6,112500,1
4269,98,20250317,30,2,1,902000.0,786000.0,116000.0,12.86,673000.0,113000.0,14.38,307508.47,37.72,786000.0,99,5,92500,1
4270,90,20251017,25,3,1,834000.0,789000.0,45000.0,5.4,645000.0,144000.0,18.25,184574.21,24.38,789000.0,24,3,17500,1
4271,24,20240207,60,2,4,528000.0,479000.0,49000.0,9.28,385000.0,94000.0,19.62,116852.74,41.93,479000.0,26,3,22500,1
4272,741,20251004,53,1,4,528000.0,479000.0,49000.0,9.28,385000.0,94000.0,19.62,116852.74,41.93,479000.0,26,3,22500,1
4273,4,20260412,88,3,4,597000.0,559000.0,38000.0,6.37,456000.0,103000.0,18.43,169313.4,22.44,559000.0,100,4,7500,1
4274,69,20250318,30,2,4,597000.0,559000.0,38000.0,6.37,456000.0,103000.0,18.43,169313.4,22.44,559000.0,100,4,7500,1
4275,333,20241029,51,3,4,458000.0,399000.0,59000.0,12.88,325000.0,74000.0,18.55,156140.66,37.79,399000.0,27,5,232500,1
4276,734,20240716,66,3,4,458000.0,399000.0,59000.0,12.88,325000.0,74000.0,18.55,156140.66,37.79,399000.0,27,5,232500,1
4277,263,20260317,59,1,4,530000.0,499000.0,31000.0,5.85,413000.0,86000.0,17.23,81408.0,38.08,499000.0,28,2,7500,1
4278,629,20260329,48,3,4,530000.0,499000.0,31000.0,5.85,413000.0,86000.0,17.23,81408.0,38.08,499000.0,28,2,7500,1
4279,1011,20261209,44,1,4,206000.0,189000.0,17000.0,8.25,158000.0,31000.0,16.4,160075.11,10.62,189000.0,85,18,310041,1
4280,1339,20240806,49,1,1,1235000.0,1099000.0,136000.0,11.01,924000.0,175000.0,15.92,189696.0,71.69,1099000.0,97,2,52500,1
4281,1227,20250119,31,3,1,671000.0,599000.0,72000.0,10.73,502000.0,97000.0,16.19,190300.32,37.83,599000.0,78,4,68726,1
4282,323,20250211,6,2,1,938000.0,859000.0,79000.0,8.42,706000.0,153000.0,17.81,414739.89,19.05,859000.0,33,7,117500,1
4283,81,20240628,29,1,1,433000.0,399000.0,34000.0,7.85,320000.0,79000.0,19.8,228554.13,14.88,399000.0,100,9,192500,1
4284,1392,20250119,4,1,1,433000.0,399000.0,34000.0,7.85,320000.0,79000.0,19.8,228554.13,14.88,399000.0,100,9,192500,1
4285,782,20241211,14,1,1,402000.0,369000.0,33000.0,8.21,313000.0,56000.0,15.18,195686.01,16.86,369000.0,57,8,152500,1
4286,515,20261231,16,3,1,505000.0,469000.0,36000.0,7.13,390000.0,79000.0,16.84,143221.56,25.14,469000.0,39,4,107500,1
4287,1340,20261006,22,2,1,505000.0,469000.0,36000.0,7.13,390000.0,79000.0,16.84,143221.56,25.14,469000.0,39,4,107500,1
4288,1341,20250929,13,2,1,1777000.0,1660000.0,117000.0,6.58,1368000.0,292000.0,17.59,605812.13,19.31,1660000.0,24,5,2500,1
4289,343,20250321,97,2,1,1317000.0,1199000.0,118000.0,8.96,1042000.0,157000.0,13.09,291467.9,40.48,1199000.0,56,3,47500,1
4290,493,20240816,1,3,1,1317000.0,1199000.0,118000.0,8.96,1042000.0,157000.0,13.09,291467.9,40.48,1199000.0,56,3,47500,1
4291,237,20260409,53,1,1,473000.0,439000.0,34000.0,7.19,377000.0,62000.0,14.12,134146.13,25.35,439000.0,111,4,77500,1
4292,1282,20251201,23,3,3,376000.0,349000.0,27000.0,7.18,303000.0,46000.0,13.18,166249.68,16.24,349000.0,53,7,82500,1
4293,1342,20250614,65,2,3,376000.0,349000.0,27000.0,7.18,303000.0,46000.0,13.18,166249.68,16.24,349000.0,53,7,82500,1
4294,765,20250717,33,3,3,445000.0,399000.0,46000.0,10.34,335000.0,64000.0,16.04,196758.26,23.38,399000.0,107,7,117500,1
4295,845,20260324,44,2,3,445000.0,399000.0,46000.0,10.34,335000.0,64000.0,16.04,196758.26,23.38,399000.0,107,7,117500,1
4296,1376,20251217,21,3,3,445000.0,399000.0,46000.0,10.34,335000.0,64000.0,16.04,196758.26,23.38,399000.0,107,7,117500,1
4297,564,20260413,24,3,3,458000.0,399000.0,59000.0,12.88,323000.0,76000.0,19.05,129892.02,45.42,399000.0,36,4,37500,1
4298,1343,20240108,27,2,3,458000.0,399000.0,59000.0,12.88,323000.0,76000.0,19.05,129892.02,45.42,399000.0,36,4,37500,1
4299,88,20250520,96,1,1,532000.0,479000.0,53000.0,9.96,410000.0,69000.0,14.41,235225.61,22.53,479000.0,93,7,77500,1
4300,535,20250519,84,1,1,532000.0,479000.0,53000.0,9.96,410000.0,69000.0,14.41,235225.61,22.53,479000.0,93,7,77500,1
4301,118,20241110,83,1,3,369000.0,349000.0,20000.0,5.42,285000.0,64000.0,18.34,145255.0,13.77,349000.0,73,6,62500,1
4302,651,20250614,20,1,3,369000.0,349000.0,20000.0,5.42,285000.0,64000.0,18.34,145255.0,13.77,349000.0,73,6,62500,1
4303,675,20261023,52,2,3,401000.0,379000.0,22000.0,5.49,317000.0,62000.0,16.36,157851.64,13.94,379000.0,50,6,82500,1
4304,88,20250517,54,1,1,571000.0,499000.0,72000.0,12.61,402000.0,97000.0,19.44,252469.59,28.52,499000.0,105,7,177500,1
4305,535,20240615,9,3,1,571000.0,499000.0,72000.0,12.61,402000.0,97000.0,19.44,252469.59,28.52,499000.0,105,7,177500,1
4306,296,20260614,63,1,3,506000.0,469000.0,37000.0,7.31,406000.0,63000.0,13.43,246311.25,15.02,469000.0,77,8,117500,1
4307,673,20250210,29,3,3,506000.0,469000.0,37000.0,7.31,406000.0,63000.0,13.43,246311.25,15.02,469000.0,77,8,117500,1
4308,146,20251214,82,3,4,846000.0,799000.0,47000.0,5.56,647000.0,152000.0,19.02,288417.03,16.3,799000.0,14,5,167500,1
4309,341,20260304,79,1,4,846000.0,799000.0,47000.0,5.56,647000.0,152000.0,19.02,288417.03,16.3,799000.0,14,5,167500,1
4310,851,20260621,42,3,3,376000.0,339000.0,37000.0,9.84,296000.0,43000.0,12.68,198467.33,18.64,339000.0,62,9,137500,1
4311,1007,20261212,59,1,3,376000.0,339000.0,37000.0,9.84,296000.0,43000.0,12.68,198467.33,18.64,339000.0,62,9,137500,1
4312,40,20250501,34,3,3,511000.0,459000.0,52000.0,10.18,399000.0,60000.0,13.07,225940.39,23.01,459000.0,17,7,177500,1
4313,986,20240120,31,2,3,511000.0,459000.0,52000.0,10.18,399000.0,60000.0,13.07,225940.39,23.01,459000.0,17,7,177500,1
4314,648,20260827,80,1,1,423000.0,379000.0,44000.0,10.4,317000.0,62000.0,16.36,93614.98,47.0,379000.0,31,3,22500,1
4315,238,20240710,78,1,3,731000.0,679000.0,52000.0,7.11,584000.0,95000.0,13.99,249211.41,20.87,679000.0,115,5,67500,1
4316,387,20251002,51,3,1,735000.0,699000.0,36000.0,4.9,594000.0,105000.0,15.02,208451.17,17.27,699000.0,16,4,52500,1
4317,171,20240418,25,2,3,435000.0,379000.0,56000.0,12.87,328000.0,51000.0,13.46,148299.54,37.76,379000.0,31,5,102500,1
4318,679,20261016,23,2,3,483000.0,449000.0,34000.0,7.04,375000.0,74000.0,16.48,106893.7,31.81,449000.0,55,3,27500,1
4319,1166,20240806,2,3,3,483000.0,449000.0,34000.0,7.04,375000.0,74000.0,16.48,106893.7,31.81,449000.0,55,3,27500,1
4320,88,20241114,16,3,3,535000.0,479000.0,56000.0,10.47,413000.0,66000.0,13.78,236552.07,23.67,479000.0,39,7,142500,1
4321,535,20250812,11,1,3,535000.0,479000.0,56000.0,10.47,413000.0,66000.0,13.78,236552.07,23.67,479000.0,39,7,142500,1
4322,296,20260608,15,1,3,503000.0,449000.0,54000.0,10.74,376000.0,73000.0,16.26,244850.91,22.05,449000.0,110,8,172500,1
4323,673,20260508,28,1,3,503000.0,449000.0,54000.0,10.74,376000.0,73000.0,16.26,244850.91,22.05,449000.0,110,8,172500,1
4324,525,20240210,11,1,3,421000.0,379000.0,42000.0,9.98,332000.0,47000.0,12.4,204934.85,20.49,379000.0,25,8,102500,1
4325,11,20241126,81,2,3,485000.0,449000.0,36000.0,7.42,377000.0,72000.0,16.04,107336.32,33.54,449000.0,88,3,72500,1
4326,264,20260402,40,2,3,485000.0,449000.0,36000.0,7.42,377000.0,72000.0,16.04,107336.32,33.54,449000.0,88,3,72500,1
4327,679,20260104,90,3,1,484000.0,449000.0,35000.0,7.23,376000.0,73000.0,16.26,107115.01,32.68,449000.0,14,3,102500,1
4328,1166,20250810,96,1,1,484000.0,449000.0,35000.0,7.23,376000.0,73000.0,16.26,107115.01,32.68,449000.0,14,3,102500,1
4329,640,20241104,52,3,3,332000.0,299000.0,33000.0,9.94,258000.0,41000.0,13.71,175242.43,18.83,299000.0,76,9,167500,1
4330,1506,20250418,23,1,3,332000.0,299000.0,33000.0,9.94,258000.0,41000.0,13.71,175242.43,18.83,299000.0,76,9,167500,1
4331,1321,20251225,20,1,1,363000.0,319000.0,44000.0,12.12,276000.0,43000.0,13.48,123753.41,35.55,319000.0,32,5,62500,1
4332,1495,20260515,82,3,1,363000.0,319000.0,44000.0,12.12,276000.0,43000.0,13.48,123753.41,35.55,319000.0,32,5,62500,1
4333,476,20261023,28,1,3,663000.0,579000.0,84000.0,12.67,489000.0,90000.0,15.54,146729.86,57.25,579000.0,70,3,62500,1
4334,1344,20260911,7,2,3,296000.0,279000.0,17000.0,5.74,227000.0,52000.0,18.64,130877.41,12.99,279000.0,83,7,92500,1
4335,666,20260930,28,2,4,372000.0,349000.0,23000.0,6.18,292000.0,57000.0,16.33,196355.97,11.71,349000.0,14,9,172500,1
4336,1120,20250123,83,3,4,372000.0,349000.0,23000.0,6.18,292000.0,57000.0,16.33,196355.97,11.71,349000.0,14,9,172500,1
4337,491,20240815,83,2,3,857000.0,749000.0,108000.0,12.6,657000.0,92000.0,12.28,243051.23,44.44,749000.0,32,4,122500,1
4338,1199,20250824,91,2,1,561000.0,499000.0,62000.0,11.05,429000.0,70000.0,14.03,191255.27,32.42,499000.0,88,5,82500,1
4339,1345,20260929,80,1,3,568000.0,499000.0,69000.0,12.15,432000.0,67000.0,13.43,161088.8,42.83,499000.0,91,4,32500,1
4340,564,20260519,89,1,3,406000.0,379000.0,27000.0,6.65,304000.0,75000.0,19.79,115144.46,23.45,379000.0,34,4,117500,1
4341,1343,20250105,99,2,3,406000.0,379000.0,27000.0,6.65,304000.0,75000.0,19.79,115144.46,23.45,379000.0,34,4,117500,1
4342,54,20240410,13,1,1,276000.0,249000.0,27000.0,9.78,209000.0,40000.0,16.06,145683.46,18.53,249000.0,17,9,127500,1
4343,238,20240322,30,1,3,727000.0,649000.0,78000.0,10.73,553000.0,96000.0,14.79,247847.73,31.47,649000.0,104,5,137500,1
4344,1346,20241005,68,2,3,357000.0,319000.0,38000.0,10.64,276000.0,43000.0,13.48,121707.9,31.22,319000.0,30,5,62500,1
4345,175,20260723,98,1,1,435000.0,399000.0,36000.0,8.28,321000.0,78000.0,19.55,171235.57,21.02,399000.0,11,6,147500,1
4346,715,20241201,55,2,1,435000.0,399000.0,36000.0,8.28,321000.0,78000.0,19.55,171235.57,21.02,399000.0,11,6,147500,1
4347,473,20250311,33,2,3,304000.0,289000.0,15000.0,4.93,251000.0,38000.0,13.15,171945.91,8.72,289000.0,31,10,217500,1
4348,653,20241121,41,3,3,304000.0,289000.0,15000.0,4.93,251000.0,38000.0,13.15,171945.91,8.72,289000.0,31,10,217500,1
4349,246,20261115,44,3,3,531000.0,479000.0,52000.0,9.79,404000.0,75000.0,15.66,258480.78,20.12,479000.0,81,8,127500,1
4350,430,20241103,81,3,3,531000.0,479000.0,52000.0,9.79,404000.0,75000.0,15.66,258480.78,20.12,479000.0,81,8,127500,1
4351,189,20260510,8,3,1,343000.0,319000.0,24000.0,7.0,260000.0,59000.0,18.5,166965.93,14.37,319000.0,96,8,142500,1
4352,916,20250916,48,1,1,343000.0,319000.0,24000.0,7.0,260000.0,59000.0,18.5,166965.93,14.37,319000.0,96,8,142500,1
4353,1347,20260731,49,2,3,382000.0,349000.0,33000.0,8.64,288000.0,61000.0,17.48,150372.39,21.95,349000.0,105,6,152500,1
4354,846,20260613,53,2,3,572000.0,499000.0,73000.0,12.76,410000.0,89000.0,17.84,225164.94,32.42,499000.0,81,6,162500,1
4355,1348,20250501,3,2,3,572000.0,499000.0,73000.0,12.76,410000.0,89000.0,17.84,225164.94,32.42,499000.0,81,6,162500,1
4356,1349,20261004,34,3,4,304000.0,279000.0,25000.0,8.22,235000.0,44000.0,15.77,103639.22,24.12,279000.0,77,5,132500,1
4357,648,20260608,24,2,3,396000.0,349000.0,47000.0,11.87,281000.0,68000.0,19.48,87639.55,53.63,349000.0,73,3,47500,1
4358,555,20250119,16,2,3,597000.0,559000.0,38000.0,6.37,454000.0,105000.0,18.78,290608.33,13.08,559000.0,103,8,107500,1
4359,623,20240705,55,2,3,597000.0,559000.0,38000.0,6.37,454000.0,105000.0,18.78,290608.33,13.08,559000.0,103,8,107500,1
4360,266,20260710,8,1,1,368000.0,329000.0,39000.0,10.6,285000.0,44000.0,13.37,144861.36,26.92,329000.0,28,6,72500,1
4361,847,20241115,99,1,1,368000.0,329000.0,39000.0,10.6,285000.0,44000.0,13.37,144861.36,26.92,329000.0,28,6,72500,1
4362,155,20240402,58,3,3,366000.0,319000.0,47000.0,12.84,259000.0,60000.0,18.81,161828.14,29.04,319000.0,96,7,52500,1
4363,1350,20260820,65,3,3,366000.0,319000.0,47000.0,12.84,259000.0,60000.0,18.81,161828.14,29.04,319000.0,96,7,52500,1
4364,274,20240412,10,3,3,317000.0,299000.0,18000.0,5.68,245000.0,54000.0,18.06,200449.76,8.98,299000.0,91,12,167500,1
4365,1351,20241026,19,1,3,317000.0,299000.0,18000.0,5.68,245000.0,54000.0,18.06,200449.76,8.98,299000.0,91,12,167500,1
4366,1352,20240520,72,1,3,377000.0,359000.0,18000.0,4.77,300000.0,59000.0,16.43,83434.62,21.57,359000.0,62,3,42500,1
4367,274,20240509,25,3,3,327000.0,299000.0,28000.0,8.56,252000.0,47000.0,15.72,206773.09,13.54,299000.0,102,12,157500,1
4368,1351,20240516,71,2,3,327000.0,299000.0,28000.0,8.56,252000.0,47000.0,15.72,206773.09,13.54,299000.0,102,12,157500,1
4369,1353,20261225,69,1,1,931000.0,879000.0,52000.0,5.59,757000.0,122000.0,13.88,366483.49,14.19,879000.0,96,6,62500,1
4370,131,20260416,76,3,1,966000.0,859000.0,107000.0,11.08,718000.0,141000.0,16.41,273964.4,39.06,859000.0,106,4,75755,1
4371,20,20240608,96,3,1,1313000.0,1150000.0,163000.0,12.41,993000.0,157000.0,13.65,290582.66,56.09,1150000.0,61,3,82233,1
4372,139,20250516,53,2,1,1313000.0,1150000.0,163000.0,12.41,993000.0,157000.0,13.65,290582.66,56.09,1150000.0,61,3,82233,1
4373,38,20250612,82,2,1,1148000.0,1050000.0,98000.0,8.54,892000.0,158000.0,15.05,325580.88,30.1,1050000.0,56,4,62375,1
4374,340,20240720,61,1,1,1148000.0,1050000.0,98000.0,8.54,892000.0,158000.0,15.05,325580.88,30.1,1050000.0,56,4,62375,1
4375,90,20241219,8,1,1,956000.0,889000.0,67000.0,7.01,719000.0,170000.0,19.12,211574.27,31.67,889000.0,91,3,47500,1
4376,1354,20240729,84,1,1,972000.0,889000.0,83000.0,8.54,722000.0,167000.0,18.79,331372.76,25.05,889000.0,63,5,274492,1
4377,1402,20260331,16,2,1,972000.0,889000.0,83000.0,8.54,722000.0,167000.0,18.79,331372.76,25.05,889000.0,63,5,274492,1
4378,511,20260906,66,3,1,672000.0,599000.0,73000.0,10.86,500000.0,99000.0,16.53,327116.92,22.32,599000.0,53,8,2500,1
4379,1491,20260829,85,1,1,672000.0,599000.0,73000.0,10.86,500000.0,99000.0,16.53,327116.92,22.32,599000.0,53,8,2500,1
4380,1355,20240427,66,3,1,713000.0,678000.0,35000.0,4.91,564000.0,114000.0,16.81,157795.46,22.18,678000.0,106,3,2500,1
4381,1356,20260606,24,2,1,563000.0,508000.0,55000.0,9.77,437000.0,71000.0,13.98,221622.13,24.82,508000.0,16,6,2500,1
4382,1357,20250627,24,1,1,732000.0,659000.0,73000.0,9.97,558000.0,101000.0,15.33,249552.33,29.25,659000.0,101,5,175111,1
4383,1358,20250531,61,1,1,2395000.0,2150000.0,245000.0,10.23,1787000.0,363000.0,16.88,191600.0,127.87,2150000.0,10,1,2500,1
4384,1359,20260101,42,2,1,15887000.0,14790000.0,1097000.0,6.91,12034000.0,2756000.0,18.63,1270960.0,86.31,14790000.0,72,1,2500,1
4385,225,20251011,74,2,9,918000.0,819000.0,99000.0,10.78,670000.0,149000.0,18.19,260351.26,38.03,819000.0,112,4,77500,1
4386,580,20240922,43,2,9,444000.0,419000.0,25000.0,5.63,354000.0,65000.0,15.51,234360.35,10.67,419000.0,107,9,137500,1
4387,1360,20250428,44,1,9,791000.0,739000.0,52000.0,6.57,616000.0,123000.0,16.64,349743.34,14.87,739000.0,48,7,122500,1
4388,182,20241028,74,1,9,784000.0,689000.0,95000.0,12.12,580000.0,109000.0,15.82,222347.92,42.73,689000.0,28,4,27500,1
4389,622,20261218,24,1,9,784000.0,689000.0,95000.0,12.12,580000.0,109000.0,15.82,222347.92,42.73,689000.0,28,4,27500,1
4390,20,20260205,47,3,1,1122000.0,998000.0,124000.0,11.05,812000.0,186000.0,18.64,248312.06,49.94,998000.0,40,3,51587,1
4391,139,20240920,58,2,1,1122000.0,998000.0,124000.0,11.05,812000.0,186000.0,18.64,248312.06,49.94,998000.0,40,3,51587,1
4392,98,20261230,43,2,1,945000.0,899000.0,46000.0,4.87,767000.0,132000.0,14.68,322167.96,14.28,899000.0,86,5,78346,1
4393,238,20240828,11,1,1,750000.0,698000.0,52000.0,6.93,606000.0,92000.0,13.18,255688.86,20.34,698000.0,33,5,97904,1
4394,88,20260422,78,3,1,470000.0,439000.0,31000.0,6.6,360000.0,79000.0,18.0,207812.1,14.92,439000.0,78,7,167500,1
4395,535,20261008,61,3,1,470000.0,439000.0,31000.0,6.6,360000.0,79000.0,18.0,207812.1,14.92,439000.0,78,7,167500,1
4396,10,20241109,93,1,1,268000.0,249000.0,19000.0,7.09,209000.0,40000.0,16.06,169465.41,11.21,249000.0,96,12,172500,1
4397,1063,20250704,7,1,1,268000.0,249000.0,19000.0,7.09,209000.0,40000.0,16.06,169465.41,11.21,249000.0,96,12,172500,1
4398,1114,20261015,12,1,1,472000.0,439000.0,33000.0,6.99,385000.0,54000.0,12.3,325116.98,10.15,439000.0,92,14,152500,1
4399,790,20250118,81,3,1,453000.0,429000.0,24000.0,5.3,355000.0,74000.0,17.25,323307.28,7.42,429000.0,74,15,192500,1
4400,537,20250306,39,2,1,283000.0,258000.0,25000.0,8.83,219000.0,39000.0,15.12,149378.33,16.74,258000.0,42,9,82500,1
4401,266,20260601,13,1,1,402000.0,358000.0,44000.0,10.95,289000.0,69000.0,19.27,158245.29,27.8,358000.0,68,6,48234,1
4402,847,20240830,50,3,1,402000.0,358000.0,44000.0,10.95,289000.0,69000.0,19.27,158245.29,27.8,358000.0,68,6,48234,1
4403,779,20250222,62,1,1,820000.0,738000.0,82000.0,10.0,626000.0,112000.0,15.18,181475.84,45.19,738000.0,42,3,70155,1
4404,250,20240805,27,2,1,658000.0,589000.0,69000.0,10.49,475000.0,114000.0,19.35,347317.82,19.87,589000.0,41,9,122500,1
4405,1252,20240626,87,2,1,658000.0,589000.0,69000.0,10.49,475000.0,114000.0,19.35,347317.82,19.87,589000.0,41,9,122500,1
4406,1361,20260215,27,1,1,782000.0,739000.0,43000.0,5.5,648000.0,91000.0,12.31,307830.39,13.97,739000.0,68,6,128386,1
4407,192,20250704,9,3,1,411000.0,359000.0,52000.0,12.65,308000.0,51000.0,14.21,259889.11,20.01,359000.0,101,12,197500,1
4408,1185,20251129,63,2,1,411000.0,359000.0,52000.0,12.65,308000.0,51000.0,14.21,259889.11,20.01,359000.0,101,12,197500,1
4409,167,20260125,68,2,1,396000.0,349000.0,47000.0,11.87,301000.0,48000.0,13.75,262051.78,17.94,349000.0,110,13,217500,1
4410,249,20250620,8,2,1,396000.0,349000.0,47000.0,11.87,301000.0,48000.0,13.75,262051.78,17.94,349000.0,110,13,217500,1
4411,538,20240603,83,1,1,396000.0,349000.0,47000.0,11.87,301000.0,48000.0,13.75,262051.78,17.94,349000.0,110,13,217500,1
4412,270,20251210,44,1,3,587000.0,519000.0,68000.0,11.58,444000.0,75000.0,14.45,231069.61,29.43,519000.0,50,6,62500,1
4413,407,20250603,22,1,3,587000.0,519000.0,68000.0,11.58,444000.0,75000.0,14.45,231069.61,29.43,519000.0,50,6,62500,1
4414,93,20250704,83,3,1,405000.0,358000.0,47000.0,11.6,303000.0,55000.0,15.36,179072.13,26.25,358000.0,21,7,167500,1
4415,156,20251103,2,3,1,405000.0,358000.0,47000.0,11.6,303000.0,55000.0,15.36,179072.13,26.25,358000.0,21,7,167500,1
4416,1362,20260117,70,2,1,342000.0,299000.0,43000.0,12.57,250000.0,49000.0,16.39,205324.02,20.94,299000.0,82,11,97500,1
4417,1494,20240702,73,3,1,342000.0,299000.0,43000.0,12.57,250000.0,49000.0,16.39,205324.02,20.94,299000.0,82,11,97500,1
4418,126,20240308,44,2,1,760000.0,688000.0,72000.0,9.47,598000.0,90000.0,13.08,401157.36,17.95,688000.0,20,9,112500,1
4419,128,20250705,15,2,1,758000.0,708000.0,50000.0,6.6,621000.0,87000.0,12.29,214974.14,23.26,708000.0,106,4,92500,1
4420,374,20260628,37,2,1,758000.0,708000.0,50000.0,6.6,621000.0,87000.0,12.29,214974.14,23.26,708000.0,106,4,92500,1
4421,1320,20250830,38,2,1,758000.0,708000.0,50000.0,6.6,621000.0,87000.0,12.29,214974.14,23.26,708000.0,106,4,92500,1
4422,328,20240305,42,1,1,444000.0,399000.0,45000.0,10.14,335000.0,64000.0,16.04,251131.53,17.92,399000.0,28,10,257500,1
4423,522,20260919,21,3,1,444000.0,399000.0,45000.0,10.14,335000.0,64000.0,16.04,251131.53,17.92,399000.0,28,10,257500,1
4424,68,20240222,20,3,1,706000.0,628000.0,78000.0,11.05,549000.0,79000.0,12.58,240688.44,32.41,628000.0,63,5,162500,1
4425,1363,20250806,75,1,1,426000.0,379000.0,47000.0,11.03,321000.0,58000.0,15.3,207368.76,22.66,379000.0,66,8,97500,1
4426,574,20251113,100,3,1,528000.0,479000.0,49000.0,9.28,404000.0,75000.0,15.66,81100.8,60.42,479000.0,51,2,28451,1
4427,40,20250905,72,3,1,600000.0,568000.0,32000.0,5.33,475000.0,93000.0,16.37,265292.04,12.06,568000.0,107,7,37370,1
4428,986,20261107,43,1,1,600000.0,568000.0,32000.0,5.33,475000.0,93000.0,16.37,265292.04,12.06,568000.0,107,7,37370,1
4429,778,20251209,56,1,7,401000.0,369000.0,32000.0,7.98,301000.0,68000.0,18.43,240745.41,13.29,369000.0,80,11,142500,1
4430,1073,20261221,93,2,7,401000.0,369000.0,32000.0,7.98,301000.0,68000.0,18.43,240745.41,13.29,369000.0,80,11,142500,1
4431,150,20260201,92,3,7,410000.0,359000.0,51000.0,12.44,287000.0,72000.0,20.06,259256.78,19.67,359000.0,40,12,122500,1
4432,282,20240115,73,2,7,410000.0,359000.0,51000.0,12.44,287000.0,72000.0,20.06,259256.78,19.67,359000.0,40,12,122500,1
4433,720,20240229,34,3,7,354000.0,319000.0,35000.0,9.89,261000.0,58000.0,18.18,234258.41,14.94,319000.0,61,13,182500,1
4434,1485,20240806,9,3,7,354000.0,319000.0,35000.0,9.89,261000.0,58000.0,18.18,234258.41,14.94,319000.0,61,13,182500,1
4435,1364,20250221,28,1,1,693000.0,628000.0,65000.0,9.38,528000.0,100000.0,15.92,55440.0,117.24,628000.0,11,1,16849,1
4436,670,20260814,38,3,1,612000.0,568000.0,44000.0,7.19,472000.0,96000.0,16.9,346154.27,12.71,568000.0,92,10,145612,1
4437,1386,20240228,4,1,1,612000.0,568000.0,44000.0,7.19,472000.0,96000.0,16.9,346154.27,12.71,568000.0,92,10,145612,1
4438,1365,20260206,83,2,1,760000.0,699000.0,61000.0,8.03,584000.0,115000.0,16.45,369953.66,16.49,699000.0,47,8,97500,1
4439,35,20250531,97,1,1,1137000.0,998000.0,139000.0,12.23,877000.0,121000.0,12.12,251631.74,55.24,998000.0,41,3,68907,1
4440,584,20250114,56,3,1,1137000.0,998000.0,139000.0,12.23,877000.0,121000.0,12.12,251631.74,55.24,998000.0,41,3,68907,1
4441,32,20240806,44,2,1,892000.0,799000.0,93000.0,10.43,662000.0,137000.0,17.15,470832.06,19.75,799000.0,19,9,72500,1
4442,886,20240203,89,3,3,779000.0,690000.0,89000.0,11.42,577000.0,113000.0,16.38,379202.5,23.47,690000.0,114,8,167500,1
4443,176,20250913,92,2,1,317000.0,289000.0,28000.0,8.83,234000.0,55000.0,19.03,167324.85,16.73,289000.0,17,9,157500,1
4444,1366,20250430,51,1,1,317000.0,289000.0,28000.0,8.83,234000.0,55000.0,19.03,167324.85,16.73,289000.0,17,9,157500,1
4445,1367,20250622,82,1,1,1881000.0,1690000.0,191000.0,10.15,1358000.0,332000.0,19.64,740446.24,25.8,1690000.0,99,6,64415,1
4446,12,20250115,68,1,1,450000.0,419000.0,31000.0,6.89,361000.0,58000.0,13.84,153413.31,20.21,419000.0,103,5,127500,1
4447,334,20260329,55,1,1,450000.0,419000.0,31000.0,6.89,361000.0,58000.0,13.84,153413.31,20.21,419000.0,103,5,127500,1
4448,14,20260712,51,3,1,1014000.0,905000.0,109000.0,10.75,765000.0,140000.0,15.47,287577.54,37.9,905000.0,84,4,147084,1
4449,250,20240319,100,3,1,523000.0,479000.0,44000.0,8.41,412000.0,67000.0,13.99,276059.61,15.94,479000.0,114,9,2500,1
4450,1252,20250817,72,1,1,523000.0,479000.0,44000.0,8.41,412000.0,67000.0,13.99,276059.61,15.94,479000.0,114,9,2500,1
4451,57,20251018,78,1,1,525000.0,479999.0,45001.0,8.57,390000.0,89999.0,18.75,148893.7,30.22,479999.0,29,4,97500,1
4452,425,20260919,65,1,1,891000.0,799000.0,92000.0,10.33,676000.0,123000.0,15.39,303758.36,30.29,799000.0,29,5,97500,1
4453,1178,20250119,66,2,1,891000.0,799000.0,92000.0,10.33,676000.0,123000.0,15.39,303758.36,30.29,799000.0,29,5,97500,1
4454,537,20240127,10,3,1,285000.0,249000.0,36000.0,12.63,204000.0,45000.0,18.07,150434.01,23.93,249000.0,18,9,2500,1
4455,88,20240228,13,1,1,481000.0,455000.0,26000.0,5.41,372000.0,83000.0,18.24,212675.78,12.23,455000.0,81,7,2500,1
4456,535,20250402,71,2,1,481000.0,455000.0,26000.0,5.41,372000.0,83000.0,18.24,212675.78,12.23,455000.0,81,7,2500,1
4457,839,20260317,85,3,1,413000.0,365000.0,48000.0,11.62,292000.0,73000.0,20.0,247949.76,19.36,365000.0,24,11,2500,1
4458,372,20251214,97,3,1,480000.0,445000.0,35000.0,7.29,361000.0,84000.0,18.88,330627.44,10.59,445000.0,107,14,2500,1
4459,1407,20260513,15,2,1,480000.0,445000.0,35000.0,7.29,361000.0,84000.0,18.88,330627.44,10.59,445000.0,107,14,2500,1
4460,88,20260807,49,2,1,531000.0,485000.0,46000.0,8.66,400000.0,85000.0,17.53,234783.45,19.59,485000.0,97,7,2500,1
4461,535,20260419,86,3,1,531000.0,485000.0,46000.0,8.66,400000.0,85000.0,17.53,234783.45,19.59,485000.0,97,7,2500,1
4462,18,20260314,56,2,1,521000.0,495000.0,26000.0,4.99,401000.0,94000.0,18.99,230361.92,11.29,495000.0,106,7,112500,1
4463,172,20250414,56,3,1,521000.0,495000.0,26000.0,4.99,401000.0,94000.0,18.99,230361.92,11.29,495000.0,106,7,112500,1
4464,137,20240318,92,3,1,1036000.0,959000.0,77000.0,7.43,843000.0,116000.0,12.1,229279.23,33.58,959000.0,114,3,73586,1
4465,1368,20250219,84,1,3,1639000.0,1490000.0,149000.0,9.09,1229000.0,261000.0,17.52,558765.38,26.67,1490000.0,114,5,82500,1
4466,1369,20260612,98,3,3,1573000.0,1490000.0,83000.0,5.28,1208000.0,282000.0,18.93,765706.71,10.84,1490000.0,118,8,102500,1
4467,628,20240715,73,1,3,1418000.0,1290000.0,128000.0,9.03,1053000.0,237000.0,18.37,851314.2,15.04,1290000.0,72,11,67500,1
4468,1370,20250420,89,2,3,525000.0,459000.0,66000.0,12.57,389000.0,70000.0,15.25,331975.15,19.88,459000.0,113,12,167500,1
4469,543,20250215,44,3,1,663000.0,625000.0,38000.0,5.73,503000.0,122000.0,19.52,226028.95,16.81,625000.0,100,5,167500,1
4470,238,20250112,19,3,1,720000.0,639000.0,81000.0,11.25,555000.0,84000.0,13.15,245461.3,33.0,639000.0,30,5,77500,1
4471,1371,20240829,45,2,1,1473000.0,1350000.0,123000.0,8.35,1184000.0,166000.0,12.3,417753.17,29.44,1350000.0,14,4,15537,1
4472,1372,20240813,74,3,1,479000.0,429000.0,50000.0,10.44,352000.0,77000.0,17.95,252834.71,19.78,429000.0,44,9,62500,1
4473,765,20260401,7,1,1,322000.0,299000.0,23000.0,7.14,250000.0,49000.0,16.39,142373.39,16.15,299000.0,94,7,2500,1
4474,845,20251015,76,3,1,322000.0,299000.0,23000.0,7.14,250000.0,49000.0,16.39,142373.39,16.15,299000.0,94,7,2500,1
4475,1376,20240726,60,3,1,322000.0,299000.0,23000.0,7.14,250000.0,49000.0,16.39,142373.39,16.15,299000.0,94,7,2500,1
4476,1186,20250201,42,2,1,319000.0,299000.0,20000.0,6.27,240000.0,59000.0,19.73,141046.93,14.18,299000.0,77,7,2500,1
4477,162,20260525,34,3,1,276000.0,259000.0,17000.0,6.16,220000.0,39000.0,15.06,165700.08,10.26,259000.0,57,11,2500,1
4478,1170,20261027,65,2,1,276000.0,259000.0,17000.0,6.16,220000.0,39000.0,15.06,165700.08,10.26,259000.0,57,11,2500,1
4479,1104,20250205,47,3,1,337000.0,319000.0,18000.0,5.34,266000.0,53000.0,16.61,164045.24,10.97,319000.0,89,8,2500,1
4480,1373,20250516,3,2,1,337000.0,319000.0,18000.0,5.34,266000.0,53000.0,16.61,164045.24,10.97,319000.0,89,8,2500,1
4481,11,20260102,34,2,1,501000.0,469000.0,32000.0,6.39,385000.0,84000.0,17.91,110877.31,28.86,469000.0,104,3,2500,1
4482,264,20241209,46,2,1,501000.0,469000.0,32000.0,6.39,385000.0,84000.0,17.91,110877.31,28.86,469000.0,104,3,2500,1
4483,4,20250126,97,3,1,501000.0,449000.0,52000.0,10.38,367000.0,82000.0,18.26,142087.13,36.6,449000.0,99,4,2500,1
4484,69,20260516,98,3,1,501000.0,449000.0,52000.0,10.38,367000.0,82000.0,18.26,142087.13,36.6,449000.0,99,4,2500,1
4485,1374,20240506,78,1,1,796000.0,699000.0,97000.0,12.19,596000.0,103000.0,14.74,477888.65,20.3,699000.0,71,11,2500,1
4486,1375,20260316,19,1,1,270000.0,239000.0,31000.0,11.48,199000.0,40000.0,16.74,162097.91,19.12,239000.0,44,11,2500,1
4487,163,20260808,57,3,1,223000.0,199000.0,24000.0,10.76,162000.0,37000.0,18.59,168962.17,14.2,199000.0,79,17,2500,1
4488,128,20240821,100,2,1,402000.0,379000.0,23000.0,5.72,324000.0,55000.0,14.51,114010.03,20.17,379000.0,106,4,2500,1
4489,374,20260314,11,1,1,402000.0,379000.0,23000.0,5.72,324000.0,55000.0,14.51,114010.03,20.17,379000.0,106,4,2500,1
4490,1320,20261119,27,3,1,402000.0,379000.0,23000.0,5.72,324000.0,55000.0,14.51,114010.03,20.17,379000.0,106,4,2500,1
4491,592,20251219,69,1,1,474000.0,439000.0,35000.0,7.38,371000.0,68000.0,15.49,209580.71,16.7,439000.0,30,7,2500,1
4492,88,20250203,41,2,1,648000.0,599000.0,49000.0,7.56,520000.0,79000.0,13.19,286515.4,17.1,599000.0,89,7,2500,1
4493,535,20250905,56,2,1,648000.0,599000.0,49000.0,7.56,520000.0,79000.0,13.19,286515.4,17.1,599000.0,89,7,2500,1
4494,263,20240327,15,2,1,472000.0,439000.0,33000.0,6.99,355000.0,84000.0,19.13,72499.2,45.52,439000.0,48,2,2500,1
4495,629,20251210,9,1,1,472000.0,439000.0,33000.0,6.99,355000.0,84000.0,19.13,72499.2,45.52,439000.0,48,2,2500,1
4496,765,20251219,6,3,1,638000.0,579000.0,59000.0,9.25,500000.0,79000.0,13.64,282093.87,20.92,579000.0,43,7,2500,1
4497,845,20241104,83,1,1,638000.0,579000.0,59000.0,9.25,500000.0,79000.0,13.64,282093.87,20.92,579000.0,43,7,2500,1
4498,1376,20250307,95,3,1,638000.0,579000.0,59000.0,9.25,500000.0,79000.0,13.64,282093.87,20.92,579000.0,43,7,2500,1
4499,129,20240225,98,2,1,396000.0,359000.0,37000.0,9.34,307000.0,52000.0,14.48,175092.75,21.13,359000.0,115,7,2500,1
4500,204,20261004,28,1,1,396000.0,359000.0,37000.0,9.34,307000.0,52000.0,14.48,175092.75,21.13,359000.0,115,7,2500,1
4501,996,20250130,35,2,1,401000.0,369000.0,32000.0,7.98,299000.0,70000.0,18.97,157851.64,20.27,369000.0,24,6,2500,1
4502,1377,20260302,52,2,1,216000.0,199000.0,17000.0,7.87,170000.0,29000.0,14.57,148782.35,11.43,199000.0,15,14,2500,1
4503,1378,20260322,63,1,1,384000.0,339000.0,45000.0,11.72,283000.0,56000.0,16.52,254110.82,17.71,339000.0,75,13,2500,1
4504,998,20250615,8,1,1,338000.0,299000.0,39000.0,11.54,262000.0,37000.0,12.37,202922.57,19.22,299000.0,97,11,2500,1
4505,999,20260719,29,2,1,431000.0,399000.0,32000.0,7.42,324000.0,75000.0,18.8,227498.45,14.07,399000.0,65,9,2500,1
4506,406,20250826,1,1,1,638000.0,559000.0,79000.0,12.38,476000.0,83000.0,14.85,310566.36,25.44,559000.0,58,8,2500,1
4507,1240,20260327,42,3,3,755000.0,659000.0,96000.0,12.72,547000.0,112000.0,17.0,333825.82,28.76,659000.0,101,7,87500,1
4508,450,20240512,19,3,3,703000.0,649000.0,54000.0,7.68,569000.0,80000.0,12.33,422054.92,12.79,649000.0,10,11,72500,1
4509,39,20261207,5,3,1,570000.0,525000.0,45000.0,7.89,434000.0,91000.0,17.33,252027.44,17.86,525000.0,74,7,160000,1
4510,236,20260429,59,2,1,570000.0,525000.0,45000.0,7.89,434000.0,91000.0,17.33,252027.44,17.86,525000.0,74,7,160000,1
4511,839,20240310,57,1,1,362000.0,329000.0,33000.0,9.12,289000.0,40000.0,12.16,217331.27,15.18,329000.0,37,11,170000,1
4512,433,20240913,39,2,1,296000.0,259000.0,37000.0,12.5,226000.0,33000.0,12.74,195877.09,18.89,259000.0,109,13,250000,1
4513,716,20250930,3,2,1,296000.0,259000.0,37000.0,12.5,226000.0,33000.0,12.74,195877.09,18.89,259000.0,109,13,250000,1
4514,1379,20260916,72,3,1,2264000.0,1990000.0,274000.0,12.1,1635000.0,355000.0,17.84,1001035.29,27.37,1990000.0,29,7,48794,1
4515,432,20241004,41,3,1,179000.0,169000.0,10000.0,5.59,146000.0,23000.0,13.61,113187.72,8.83,169000.0,57,12,197500,1
4516,1380,20250920,82,1,1,3267000.0,2999000.0,268000.0,8.2,2638000.0,361000.0,12.04,501811.2,53.41,2999000.0,81,2,35296,1
4517,345,20240331,71,2,1,1038000.0,939000.0,99000.0,9.54,770000.0,169000.0,18.0,294384.11,33.63,939000.0,74,4,84156,1
4518,494,20241101,85,3,1,1038000.0,939000.0,99000.0,9.54,770000.0,169000.0,18.0,294384.11,33.63,939000.0,74,4,84156,1
4519,368,20250315,38,3,1,1485000.0,1350000.0,135000.0,9.09,1127000.0,223000.0,16.52,228096.0,59.19,1350000.0,99,2,34143,1
4520,794,20260526,26,1,1,1485000.0,1350000.0,135000.0,9.09,1127000.0,223000.0,16.52,228096.0,59.19,1350000.0,99,2,34143,1
4521,484,20261020,34,2,1,2299000.0,2150000.0,149000.0,6.48,1809000.0,341000.0,15.86,508796.29,29.28,2150000.0,60,3,47500,1
4522,333,20240813,87,3,1,518000.0,456000.0,62000.0,11.97,376000.0,80000.0,17.54,176595.77,35.11,456000.0,52,5,132500,1
4523,734,20260720,21,3,1,518000.0,456000.0,62000.0,11.97,376000.0,80000.0,17.54,176595.77,35.11,456000.0,52,5,132500,1
4524,1381,20261104,33,1,1,1094000.0,979000.0,115000.0,10.51,784000.0,195000.0,19.92,87520.0,131.4,979000.0,58,1,27468,1
4525,1382,20260603,20,2,1,384000.0,339000.0,45000.0,11.72,277000.0,62000.0,18.29,254110.82,17.71,339000.0,34,13,162500,1
4526,224,20261208,22,1,1,453000.0,399000.0,54000.0,11.92,328000.0,71000.0,17.79,178321.18,30.28,399000.0,83,6,96959,1
4527,843,20261229,88,3,1,453000.0,399000.0,54000.0,11.92,328000.0,71000.0,17.79,178321.18,30.28,399000.0,83,6,96959,1
4528,1247,20240418,3,1,1,2024000.0,1799000.0,225000.0,11.12,1503000.0,296000.0,16.45,574020.65,39.2,1799000.0,85,4,92500,1
4529,52,20261105,66,2,4,294000.0,269000.0,25000.0,8.5,219000.0,50000.0,18.59,143113.65,17.47,269000.0,50,8,117500,1
4530,1018,20241105,59,2,4,294000.0,269000.0,25000.0,8.5,219000.0,50000.0,18.59,143113.65,17.47,269000.0,50,8,117500,1
4531,267,20260527,30,3,1,377000.0,339000.0,38000.0,10.08,295000.0,44000.0,12.98,166691.83,22.8,339000.0,80,7,112347,1
4532,1205,20240606,98,2,1,377000.0,339000.0,38000.0,10.08,295000.0,44000.0,12.98,166691.83,22.8,339000.0,80,7,112347,1
4533,10,20260811,51,2,4,276000.0,259000.0,17000.0,6.16,222000.0,37000.0,14.29,174524.08,9.74,259000.0,73,12,167423,1
4534,1063,20260528,3,3,4,276000.0,259000.0,17000.0,6.16,222000.0,37000.0,14.29,174524.08,9.74,259000.0,73,12,167423,1
4535,512,20260827,67,1,28,390000.0,349000.0,41000.0,10.51,282000.0,67000.0,19.2,110606.75,37.07,349000.0,70,4,97935,1
4536,1344,20261226,19,3,44,245000.0,229000.0,16000.0,6.53,195000.0,34000.0,14.85,108327.58,14.77,229000.0,21,7,148593,1
4537,127,20241023,13,2,5,357000.0,319000.0,38000.0,10.64,272000.0,47000.0,14.73,140531.26,27.04,319000.0,113,6,83936,1
4538,636,20260528,72,1,5,357000.0,319000.0,38000.0,10.64,272000.0,47000.0,14.73,140531.26,27.04,319000.0,113,6,83936,1
4539,1221,20250820,25,2,1,342000.0,319000.0,23000.0,6.73,280000.0,39000.0,12.23,116594.12,19.73,319000.0,90,5,41886,1
4540,1383,20240303,22,1,1,342000.0,319000.0,23000.0,6.73,280000.0,39000.0,12.23,116594.12,19.73,319000.0,90,5,41886,1
4541,1004,20240718,84,3,3,275000.0,259000.0,16000.0,5.82,207000.0,52000.0,20.08,108252.37,14.78,259000.0,78,6,56752,1
4542,652,20240706,27,2,28,298000.0,279000.0,19000.0,6.38,229000.0,50000.0,17.92,145060.78,13.1,279000.0,23,8,115917,1
4543,127,20260103,67,1,1,356000.0,339000.0,17000.0,4.78,296000.0,43000.0,12.68,140137.62,12.13,339000.0,43,6,164769,1
4544,636,20251212,49,2,1,356000.0,339000.0,17000.0,4.78,296000.0,43000.0,12.68,140137.62,12.13,339000.0,43,6,164769,1
4545,606,20260404,83,1,20,470000.0,419000.0,51000.0,10.85,366000.0,53000.0,12.65,248084.16,20.56,419000.0,57,9,240361,1
4546,632,20261230,13,1,20,470000.0,419000.0,51000.0,10.85,366000.0,53000.0,12.65,248084.16,20.56,419000.0,57,9,240361,1
4547,1384,20250517,43,2,44,212000.0,189000.0,23000.0,10.85,162000.0,27000.0,14.29,134054.73,17.16,189000.0,70,12,218054,1
4548,127,20241015,65,1,10,373000.0,339000.0,34000.0,9.12,292000.0,47000.0,13.86,146829.58,23.16,339000.0,90,6,112110,1
4549,636,20250323,65,2,10,373000.0,339000.0,34000.0,9.12,292000.0,47000.0,13.86,146829.58,23.16,339000.0,90,6,112110,1
4550,438,20260610,91,1,37,489000.0,459000.0,30000.0,6.13,371000.0,88000.0,19.17,138683.84,21.63,459000.0,44,4,56074,1
4551,569,20250101,50,1,37,489000.0,459000.0,30000.0,6.13,371000.0,88000.0,19.17,138683.84,21.63,459000.0,44,4,56074,1
4552,537,20261129,22,1,20,285000.0,269000.0,16000.0,5.61,226000.0,43000.0,15.99,150434.01,10.64,269000.0,74,9,172432,1
4553,1385,20260912,57,2,26,272000.0,259000.0,13000.0,4.78,212000.0,47000.0,18.15,107071.44,12.14,259000.0,68,6,106286,1
4554,245,20261121,25,3,22,447000.0,419000.0,28000.0,6.26,341000.0,78000.0,18.62,152390.56,18.37,419000.0,45,5,68794,1
4555,275,20261005,42,3,22,447000.0,419000.0,28000.0,6.26,341000.0,78000.0,18.62,152390.56,18.37,419000.0,45,5,68794,1
4556,998,20240608,22,3,2,295000.0,259000.0,36000.0,12.2,224000.0,35000.0,13.51,177106.97,20.33,259000.0,88,11,150605,1
4557,245,20250615,10,1,12,493000.0,459000.0,34000.0,6.9,372000.0,87000.0,18.95,168072.81,20.23,459000.0,28,5,68823,1
4558,275,20260203,20,1,12,493000.0,459000.0,34000.0,6.9,372000.0,87000.0,18.95,168072.81,20.23,459000.0,28,5,68823,1
4559,782,20250422,11,1,12,379000.0,349000.0,30000.0,7.92,292000.0,57000.0,16.33,184490.05,16.26,349000.0,51,8,92811,1
4560,546,20260312,77,3,28,306000.0,289000.0,17000.0,5.56,253000.0,36000.0,12.46,148955.02,11.41,289000.0,78,8,135696,1
4561,1270,20240202,34,3,28,306000.0,289000.0,17000.0,5.56,253000.0,36000.0,12.46,148955.02,11.41,289000.0,78,8,135696,1
4562,194,20260831,57,2,2,256000.0,239000.0,17000.0,6.64,195000.0,44000.0,18.41,153692.83,11.06,239000.0,28,11,129287,1
4563,455,20261111,52,2,2,256000.0,239000.0,17000.0,6.64,195000.0,44000.0,18.41,153692.83,11.06,239000.0,28,11,129287,1
4564,1243,20261119,27,3,45,285000.0,259000.0,26000.0,9.12,227000.0,32000.0,12.36,171103.35,15.2,259000.0,116,11,163234,1
4565,322,20240920,71,3,20,299000.0,269000.0,30000.0,10.03,237000.0,32000.0,11.9,169117.85,17.74,269000.0,48,10,109761,1
4566,1207,20260729,54,1,20,299000.0,269000.0,30000.0,10.03,237000.0,32000.0,11.9,169117.85,17.74,269000.0,48,10,109761,1
4567,221,20260809,90,2,4,246000.0,229000.0,17000.0,6.91,193000.0,36000.0,15.72,155554.07,10.93,229000.0,78,12,250422,1
4568,1221,20260808,17,2,45,358000.0,339000.0,19000.0,5.31,276000.0,63000.0,18.58,122048.81,15.57,339000.0,61,5,109496,1
4569,1383,20251006,49,2,45,358000.0,339000.0,19000.0,5.31,276000.0,63000.0,18.58,122048.81,15.57,339000.0,61,5,109496,1
4570,146,20260402,21,2,22,957000.0,879000.0,78000.0,8.15,725000.0,154000.0,17.52,326258.98,23.91,879000.0,21,5,69556,1
4571,341,20251011,16,3,22,957000.0,879000.0,78000.0,8.15,725000.0,154000.0,17.52,326258.98,23.91,879000.0,21,5,69556,1
4572,670,20240728,52,3,44,536000.0,499000.0,37000.0,6.9,416000.0,83000.0,16.63,303167.79,12.2,499000.0,92,10,279074,1
4573,1386,20240725,25,3,44,536000.0,499000.0,37000.0,6.9,416000.0,83000.0,16.63,303167.79,12.2,499000.0,92,10,279074,1
4574,1259,20241027,25,1,7,535000.0,499000.0,36000.0,6.73,412000.0,87000.0,17.43,151729.77,23.73,499000.0,56,4,43220,1
4575,63,20250517,30,3,1,366000.0,319000.0,47000.0,12.84,262000.0,57000.0,17.87,161828.14,29.04,319000.0,85,7,97921,1
4576,1487,20260819,55,1,1,366000.0,319000.0,47000.0,12.84,262000.0,57000.0,17.87,161828.14,29.04,319000.0,85,7,97921,1
4577,60,20240831,42,1,30,888000.0,799000.0,89000.0,10.02,701000.0,98000.0,12.27,251843.05,35.34,799000.0,45,4,143206,1
4578,672,20260510,48,1,30,888000.0,799000.0,89000.0,10.02,701000.0,98000.0,12.27,251843.05,35.34,799000.0,45,4,143206,1
4579,1387,20241201,38,3,7,607000.0,549000.0,58000.0,9.56,446000.0,103000.0,18.76,206937.52,28.03,549000.0,72,5,116720,1
4580,775,20250404,46,1,30,381000.0,349000.0,32000.0,8.4,300000.0,49000.0,14.04,129889.94,24.64,349000.0,85,5,65200,1
4581,805,20260831,16,2,30,381000.0,349000.0,32000.0,8.4,300000.0,49000.0,14.04,129889.94,24.64,349000.0,85,5,65200,1
4582,426,20250502,80,2,8,633000.0,579000.0,54000.0,8.53,463000.0,116000.0,20.03,358032.11,15.08,579000.0,91,10,265202,1
4583,999,20260202,92,1,13,407000.0,369000.0,38000.0,9.34,313000.0,56000.0,15.18,214830.33,17.69,369000.0,60,9,159797,1
4584,516,20251103,91,2,3,469000.0,419000.0,50000.0,10.66,366000.0,53000.0,12.65,207369.94,24.11,419000.0,52,7,127260,1
4585,775,20251229,67,2,30,391000.0,349000.0,42000.0,10.74,287000.0,62000.0,17.77,133299.12,31.51,349000.0,43,5,103200,1
4586,805,20251227,68,2,30,391000.0,349000.0,42000.0,10.74,287000.0,62000.0,17.77,133299.12,31.51,349000.0,43,5,103200,1
4587,25,20260904,96,1,1,287000.0,269000.0,18000.0,6.27,219000.0,50000.0,18.59,139706.18,12.88,269000.0,106,8,192213,1
4588,449,20241206,15,3,1,287000.0,269000.0,18000.0,6.27,219000.0,50000.0,18.59,139706.18,12.88,269000.0,106,8,192213,1
4589,1275,20250411,5,2,1,287000.0,269000.0,18000.0,6.27,219000.0,50000.0,18.59,139706.18,12.88,269000.0,106,8,192213,1
4590,147,20250130,47,2,4,384000.0,349000.0,35000.0,9.11,297000.0,52000.0,14.9,84983.81,41.18,349000.0,58,3,43447,1
4591,1388,20251206,83,1,4,384000.0,349000.0,35000.0,9.11,297000.0,52000.0,14.9,84983.81,41.18,349000.0,58,3,43447,1
4592,1167,20260831,20,3,10,392000.0,359000.0,33000.0,8.42,308000.0,51000.0,14.21,206912.75,15.95,359000.0,27,9,77835,1
4593,700,20260709,19,1,3,442000.0,389000.0,53000.0,11.99,333000.0,56000.0,14.4,195431.8,27.12,389000.0,70,7,155497,1
4594,1251,20260203,47,3,20,322000.0,289000.0,33000.0,10.25,239000.0,50000.0,17.3,193316.76,17.07,289000.0,66,11,219251,1
4595,333,20260708,76,3,4,429000.0,389000.0,40000.0,9.32,319000.0,70000.0,17.99,146254.03,27.35,389000.0,102,5,223692,1
4596,734,20260705,23,3,4,429000.0,389000.0,40000.0,9.32,319000.0,70000.0,17.99,146254.03,27.35,389000.0,102,5,223692,1
4597,174,20260919,55,1,1,636000.0,599000.0,37000.0,5.82,525000.0,74000.0,12.35,281209.56,13.16,599000.0,118,7,80686,1
4598,1104,20250112,55,1,20,299000.0,269000.0,30000.0,10.03,235000.0,34000.0,12.64,145547.56,20.61,269000.0,14,8,270916,1
4599,1373,20250601,57,2,20,299000.0,269000.0,30000.0,10.03,235000.0,34000.0,12.64,145547.56,20.61,269000.0,14,8,270916,1
4600,19,20241018,69,2,28,317000.0,299000.0,18000.0,5.68,250000.0,49000.0,16.39,124785.46,14.42,299000.0,98,6,44084,1
4601,377,20260721,64,3,28,317000.0,299000.0,18000.0,5.68,250000.0,49000.0,16.39,124785.46,14.42,299000.0,98,6,44084,1
4602,1389,20250104,95,2,28,317000.0,299000.0,18000.0,5.68,250000.0,49000.0,16.39,124785.46,14.42,299000.0,98,6,44084,1
4603,1057,20251228,75,3,3,432000.0,399000.0,33000.0,7.64,346000.0,53000.0,13.28,273168.12,12.08,399000.0,33,12,192264,1
4604,1390,20261026,100,3,3,432000.0,399000.0,33000.0,7.64,346000.0,53000.0,13.28,273168.12,12.08,399000.0,33,12,192264,1
4605,131,20260423,86,1,20,872000.0,819000.0,53000.0,6.08,685000.0,134000.0,16.36,247305.34,21.43,819000.0,102,4,174676,1
4606,333,20240828,41,3,2,447000.0,399000.0,48000.0,10.74,333000.0,66000.0,16.54,152390.56,31.5,399000.0,73,5,80053,1
4607,734,20240119,47,1,2,447000.0,399000.0,48000.0,10.74,333000.0,66000.0,16.54,152390.56,31.5,399000.0,73,5,80053,1
4608,1104,20240529,14,3,20,320000.0,299000.0,21000.0,6.56,243000.0,56000.0,18.73,155769.96,13.48,299000.0,68,8,253961,1
4609,1373,20250216,15,3,20,320000.0,299000.0,21000.0,6.56,243000.0,56000.0,18.73,155769.96,13.48,299000.0,68,8,253961,1
4610,1209,20250520,6,3,20,380000.0,349000.0,31000.0,8.16,291000.0,58000.0,16.62,168018.29,18.45,349000.0,47,7,154864,1
4611,504,20240624,78,2,20,284000.0,249000.0,35000.0,12.32,210000.0,39000.0,15.66,149906.17,23.35,249000.0,42,9,191156,1
4612,1391,20250122,61,3,20,284000.0,249000.0,35000.0,12.32,210000.0,39000.0,15.66,149906.17,23.35,249000.0,42,9,191156,1
4613,1174,20260206,32,2,14,352000.0,329000.0,23000.0,6.53,264000.0,65000.0,19.76,155638.0,14.78,329000.0,19,7,116535,1
4614,127,20251203,45,3,12,351000.0,319000.0,32000.0,9.12,267000.0,52000.0,16.3,138169.39,23.16,319000.0,46,6,64270,1
4615,636,20260620,35,1,12,351000.0,319000.0,32000.0,9.12,267000.0,52000.0,16.3,138169.39,23.16,319000.0,46,6,64270,1
4616,1209,20260818,6,2,2,447000.0,409000.0,38000.0,8.5,353000.0,56000.0,13.69,197642.57,19.23,409000.0,106,7,93013,1
4617,25,20240505,6,2,25,293000.0,279000.0,14000.0,4.78,238000.0,41000.0,14.7,142626.87,9.82,279000.0,96,8,261289,1
4618,449,20240916,37,3,25,293000.0,279000.0,14000.0,4.78,238000.0,41000.0,14.7,142626.87,9.82,279000.0,96,8,261289,1
4619,1275,20240320,6,2,25,293000.0,279000.0,14000.0,4.78,238000.0,41000.0,14.7,142626.87,9.82,279000.0,96,8,261289,1
4620,63,20240908,17,2,7,473000.0,419000.0,54000.0,11.42,356000.0,63000.0,15.04,209138.56,25.82,419000.0,20,7,225509,1
4621,1487,20261018,1,3,7,473000.0,419000.0,54000.0,11.42,356000.0,63000.0,15.04,209138.56,25.82,419000.0,20,7,225509,1
4622,1174,20251001,79,1,5,337000.0,319000.0,18000.0,5.34,278000.0,41000.0,12.85,149005.7,12.08,319000.0,33,7,178441,1
4623,1174,20241205,35,1,8,361000.0,329000.0,32000.0,8.86,264000.0,65000.0,19.76,159617.38,20.05,329000.0,97,7,54266,1
4624,81,20261224,56,2,28,320000.0,289000.0,31000.0,9.69,244000.0,45000.0,15.57,168908.36,18.35,289000.0,80,9,154831,1
4625,1392,20240321,19,2,28,320000.0,289000.0,31000.0,9.69,244000.0,45000.0,15.57,168908.36,18.35,289000.0,80,9,154831,1
4626,25,20260906,35,1,45,489000.0,439000.0,50000.0,10.22,379000.0,60000.0,13.67,238035.97,21.01,439000.0,30,8,114164,1
4627,449,20241203,57,1,45,489000.0,439000.0,50000.0,10.22,379000.0,60000.0,13.67,238035.97,21.01,439000.0,30,8,114164,1
4628,1275,20260124,26,2,45,489000.0,439000.0,50000.0,10.22,379000.0,60000.0,13.67,238035.97,21.01,439000.0,30,8,114164,1
4629,53,20241008,53,3,1,480000.0,429000.0,51000.0,10.62,362000.0,67000.0,15.62,163640.87,31.17,429000.0,29,5,97500,1
4630,146,20241103,51,3,1,1182000.0,1099000.0,83000.0,7.02,908000.0,191000.0,17.38,402965.64,20.6,1099000.0,19,5,82500,1
4631,341,20260812,37,1,1,1182000.0,1099000.0,83000.0,7.02,908000.0,191000.0,17.38,402965.64,20.6,1099000.0,19,5,82500,1
4632,1393,20260420,55,3,1,524000.0,499000.0,25000.0,4.77,405000.0,94000.0,18.84,115967.49,21.56,499000.0,98,3,12500,1
4633,648,20250611,58,1,1,403000.0,359000.0,44000.0,10.92,313000.0,46000.0,12.81,89188.74,49.33,359000.0,56,3,32500,1
4634,603,20250213,60,2,1,352000.0,319000.0,33000.0,9.38,267000.0,52000.0,16.3,199095.26,16.57,319000.0,109,10,92500,1
4635,1394,20240207,65,2,1,352000.0,319000.0,33000.0,9.38,267000.0,52000.0,16.3,199095.26,16.57,319000.0,109,10,92500,1
4636,397,20240602,53,1,1,418000.0,369000.0,49000.0,11.72,321000.0,48000.0,13.01,264315.45,18.54,369000.0,56,12,72500,1
4637,1151,20240324,60,2,1,418000.0,369000.0,49000.0,11.72,321000.0,48000.0,13.01,264315.45,18.54,369000.0,56,12,72500,1
4638,411,20261112,26,1,1,780000.0,689000.0,91000.0,11.67,583000.0,106000.0,15.38,344879.65,26.39,689000.0,24,7,102500,1
4639,1264,20260927,40,3,1,770000.0,679000.0,91000.0,11.82,580000.0,99000.0,14.58,340458.12,26.73,679000.0,53,7,57500,1
4640,1395,20260513,34,1,1,548000.0,499000.0,49000.0,8.94,431000.0,68000.0,13.63,346518.82,14.14,499000.0,113,12,27500,1
4641,298,20250217,38,3,1,616000.0,569000.0,47000.0,7.63,485000.0,84000.0,14.76,174701.94,26.9,569000.0,113,4,52500,1
4642,39,20251228,41,2,1,744000.0,659000.0,85000.0,11.42,548000.0,111000.0,16.84,328962.13,25.84,659000.0,71,7,87500,1
4643,236,20261017,13,3,1,744000.0,659000.0,85000.0,11.42,548000.0,111000.0,16.84,328962.13,25.84,659000.0,71,7,87500,1
4644,579,20251126,7,1,1,601000.0,549000.0,52000.0,8.65,462000.0,87000.0,15.85,292555.46,17.77,549000.0,15,8,117500,1
4645,153,20240307,1,1,1,512000.0,479000.0,33000.0,6.45,414000.0,65000.0,13.57,307385.66,10.74,479000.0,110,11,202500,1
4646,853,20260927,97,1,1,512000.0,479000.0,33000.0,6.45,414000.0,65000.0,13.57,307385.66,10.74,479000.0,110,11,202500,1
4647,94,20241004,98,3,1,794000.0,699000.0,95000.0,11.96,580000.0,119000.0,17.02,175721.73,54.06,699000.0,75,3,47500,1
4648,150,20260131,79,3,1,431000.0,379000.0,52000.0,12.06,315000.0,64000.0,16.89,272535.79,19.08,379000.0,85,12,92500,1
4649,282,20260606,2,1,1,431000.0,379000.0,52000.0,12.06,315000.0,64000.0,16.89,272535.79,19.08,379000.0,85,12,92500,1
4650,162,20260504,71,3,1,262000.0,239000.0,23000.0,8.78,193000.0,46000.0,19.25,157295.01,14.62,239000.0,13,11,277500,1
4651,1170,20240301,51,2,1,262000.0,239000.0,23000.0,8.78,193000.0,46000.0,19.25,157295.01,14.62,239000.0,13,11,277500,1
4652,81,20260805,46,2,1,401000.0,379000.0,22000.0,5.49,331000.0,48000.0,12.66,211663.29,10.39,379000.0,32,9,87500,1
4653,1392,20240514,26,2,1,401000.0,379000.0,22000.0,5.49,331000.0,48000.0,12.66,211663.29,10.39,379000.0,32,9,87500,1
4654,709,20240719,39,2,1,304000.0,279000.0,25000.0,8.22,225000.0,54000.0,19.35,134414.63,18.6,279000.0,22,7,77500,1
4655,1458,20261020,25,3,1,304000.0,279000.0,25000.0,8.22,225000.0,54000.0,19.35,134414.63,18.6,279000.0,22,7,77500,1
4656,387,20260422,10,2,1,813000.0,719000.0,94000.0,11.56,612000.0,107000.0,14.88,230572.52,40.77,719000.0,90,4,57500,1
4657,830,20241117,74,1,1,455000.0,399000.0,56000.0,12.31,332000.0,67000.0,16.79,179108.47,31.27,399000.0,40,6,2500,1
4658,788,20241117,74,1,1,641000.0,599000.0,42000.0,6.55,499000.0,100000.0,16.69,312026.7,13.46,599000.0,25,8,42500,1
4659,988,20241226,38,2,1,580000.0,549000.0,31000.0,5.34,469000.0,80000.0,14.57,306146.41,10.13,549000.0,50,9,122500,1
4660,525,20260608,92,2,1,443000.0,389000.0,54000.0,12.19,313000.0,76000.0,19.54,215644.04,25.04,389000.0,99,8,77500,1
4661,199,20250525,94,1,1,500000.0,459000.0,41000.0,8.2,389000.0,70000.0,15.25,76800.0,53.39,459000.0,101,2,32500,1
4662,572,20260706,35,3,1,500000.0,459000.0,41000.0,8.2,389000.0,70000.0,15.25,76800.0,53.39,459000.0,101,2,32500,1
4663,246,20250514,52,1,1,529000.0,479000.0,50000.0,9.45,413000.0,66000.0,13.78,257507.22,19.42,479000.0,10,8,152500,1
4664,430,20260607,27,1,1,529000.0,479000.0,50000.0,9.45,413000.0,66000.0,13.78,257507.22,19.42,479000.0,10,8,152500,1
4665,20,20261028,72,2,1,1088000.0,949000.0,139000.0,12.78,822000.0,127000.0,13.38,240787.46,57.73,949000.0,21,3,76502,1
4666,139,20250716,52,2,1,1088000.0,949000.0,139000.0,12.78,822000.0,127000.0,13.38,240787.46,57.73,949000.0,21,3,76502,1
4667,399,20261002,73,2,1,696000.0,659000.0,37000.0,5.32,536000.0,123000.0,18.66,367375.69,10.07,659000.0,110,9,162500,1
4668,461,20250825,74,1,1,696000.0,659000.0,37000.0,5.32,536000.0,123000.0,18.66,367375.69,10.07,659000.0,110,9,162500,1
4669,162,20251222,60,2,1,300000.0,269000.0,31000.0,10.33,235000.0,34000.0,12.64,180108.79,17.21,269000.0,65,11,2500,1
4670,1170,20250409,21,3,1,300000.0,269000.0,31000.0,10.33,235000.0,34000.0,12.64,180108.79,17.21,269000.0,65,11,2500,1
4671,155,20251216,89,2,1,253000.0,239000.0,14000.0,5.53,204000.0,35000.0,14.64,111864.81,12.52,239000.0,59,7,102500,1
4672,1350,20260715,48,2,1,253000.0,239000.0,14000.0,5.53,204000.0,35000.0,14.64,111864.81,12.52,239000.0,59,7,102500,1
4673,460,20240217,95,2,1,457000.0,419999.0,37001.0,8.1,366000.0,53999.0,12.86,155799.74,23.75,419999.0,29,5,182500,1
4674,742,20241219,66,1,1,457000.0,419999.0,37001.0,8.1,366000.0,53999.0,12.86,155799.74,23.75,419999.0,29,5,182500,1
4675,126,20240912,56,2,1,790000.0,699000.0,91000.0,11.52,586000.0,113000.0,16.17,416992.52,21.82,699000.0,75,9,2500,1
4676,698,20261215,58,2,1,283000.0,259000.0,24000.0,8.48,218000.0,41000.0,15.83,111401.53,21.54,259000.0,45,6,107500,1
4677,1396,20260820,19,3,1,283000.0,259000.0,24000.0,8.48,218000.0,41000.0,15.83,111401.53,21.54,259000.0,45,6,107500,1
4678,8,20250814,30,1,1,263000.0,229000.0,34000.0,12.93,200000.0,29000.0,12.66,166303.74,20.44,229000.0,88,12,102500,1
4679,1023,20250216,81,1,1,773000.0,699000.0,74000.0,9.57,610000.0,89000.0,12.73,219228.24,33.75,699000.0,47,4,137500,1
4680,754,20251224,29,3,1,324000.0,299000.0,25000.0,7.72,250000.0,49000.0,16.39,214406.0,11.66,299000.0,31,13,197500,1
4681,939,20240909,4,2,1,324000.0,299000.0,25000.0,7.72,250000.0,49000.0,16.39,214406.0,11.66,299000.0,31,13,197500,1
4682,146,20250210,73,3,1,932000.0,869000.0,63000.0,6.76,714000.0,155000.0,17.84,317736.02,19.83,869000.0,117,5,82500,1
4683,341,20260125,19,1,1,932000.0,869000.0,63000.0,6.76,714000.0,155000.0,17.84,317736.02,19.83,869000.0,117,5,82500,1
4684,12,20260905,2,2,1,434000.0,399999.0,34001.0,7.83,333000.0,66999.0,16.75,147958.62,22.98,399999.0,70,5,2500,1
4685,334,20260623,18,2,1,434000.0,399999.0,34001.0,7.83,333000.0,66999.0,16.75,147958.62,22.98,399999.0,70,5,2500,1
4686,360,20260717,66,2,1,402000.0,369999.0,32001.0,7.96,307000.0,62999.0,17.03,137049.23,23.35,369999.0,59,5,52500,1
4687,781,20260122,27,3,1,402000.0,369999.0,32001.0,7.96,307000.0,62999.0,17.03,137049.23,23.35,369999.0,59,5,52500,1
4688,1397,20261024,99,3,1,402000.0,379999.0,22001.0,5.47,313000.0,66999.0,17.63,137049.23,16.05,379999.0,105,5,122500,1
4689,45,20241222,52,1,1,652000.0,599999.0,52001.0,7.98,493000.0,106999.0,17.83,288284.02,18.04,599999.0,68,7,237500,1
4690,646,20250227,15,2,1,372000.0,339000.0,33000.0,8.87,295000.0,44000.0,12.98,126821.67,26.02,339000.0,29,5,72500,1
4691,1400,20250412,52,2,1,372000.0,339000.0,33000.0,8.87,295000.0,44000.0,12.98,126821.67,26.02,339000.0,29,5,72500,1
4692,1398,20240919,64,3,1,291000.0,259000.0,32000.0,11.0,209000.0,50000.0,19.31,184009.08,17.39,259000.0,45,12,2500,1
4693,1035,20241021,47,2,1,579000.0,519000.0,60000.0,10.36,443000.0,76000.0,14.64,164208.48,36.54,519000.0,106,4,132500,1
4694,1399,20240107,78,1,1,579000.0,519000.0,60000.0,10.36,443000.0,76000.0,14.64,164208.48,36.54,519000.0,106,4,132500,1
4695,667,20251003,1,1,1,426000.0,379999.0,46001.0,10.8,309000.0,70999.0,18.68,94278.91,48.79,379999.0,24,3,62500,1
4696,1417,20260727,5,3,1,426000.0,379999.0,46001.0,10.8,309000.0,70999.0,18.68,94278.91,48.79,379999.0,24,3,62500,1
4697,830,20250115,35,1,1,399000.0,379999.0,19001.0,4.76,314000.0,65999.0,17.37,157064.35,12.1,379999.0,71,6,72500,1
4698,646,20260119,57,1,1,322000.0,299999.0,22001.0,6.83,241000.0,58999.0,19.67,109775.75,20.04,299999.0,119,5,112500,1
4699,1400,20251228,89,2,1,322000.0,299999.0,22001.0,6.83,241000.0,58999.0,19.67,109775.75,20.04,299999.0,119,5,112500,1
4700,224,20240223,96,2,1,535000.0,479000.0,56000.0,10.47,394000.0,85000.0,17.75,210600.07,26.59,479000.0,12,6,2500,1
4701,843,20250610,76,3,1,535000.0,479000.0,56000.0,10.47,394000.0,85000.0,17.75,210600.07,26.59,479000.0,12,6,2500,1
4702,557,20250523,38,3,1,220000.0,199999.0,20001.0,9.09,172000.0,27999.0,14.0,145584.32,13.74,199999.0,102,13,152500,1
4703,224,20261011,93,1,1,409000.0,389000.0,20000.0,4.89,339000.0,50000.0,12.85,161000.8,12.42,389000.0,100,6,102500,1
4704,843,20261027,20,3,1,409000.0,389000.0,20000.0,4.89,339000.0,50000.0,12.85,161000.8,12.42,389000.0,100,6,102500,1
4705,43,20251103,48,3,1,509000.0,449999.0,59001.0,11.59,368000.0,81999.0,18.22,173527.5,34.0,449999.0,14,5,132500,1
4706,1231,20261217,67,3,1,485000.0,429999.0,55001.0,11.34,360000.0,69999.0,16.28,214444.4,25.65,429999.0,65,7,107500,1
4707,1401,20240702,45,1,1,485000.0,429999.0,55001.0,11.34,360000.0,69999.0,16.28,214444.4,25.65,429999.0,65,7,107500,1
4708,265,20260812,50,1,1,286000.0,259000.0,27000.0,9.44,217000.0,42000.0,16.22,150961.85,17.89,259000.0,40,9,2500,1
4709,997,20250210,89,1,1,286000.0,259000.0,27000.0,9.44,217000.0,42000.0,16.22,150961.85,17.89,259000.0,40,9,2500,1
4710,140,20240125,75,1,1,454000.0,429999.0,24001.0,5.29,374000.0,55999.0,13.02,200737.64,11.96,429999.0,95,7,187500,1
4711,834,20250415,94,3,1,454000.0,429999.0,24001.0,5.29,374000.0,55999.0,13.02,200737.64,11.96,429999.0,95,7,187500,1
4712,1354,20240406,96,2,4,1216000.0,1079000.0,137000.0,11.27,929000.0,150000.0,13.9,414556.87,33.05,1079000.0,44,5,87500,1
4713,1402,20241024,29,1,4,1216000.0,1079000.0,137000.0,11.27,929000.0,150000.0,13.9,414556.87,33.05,1079000.0,44,5,87500,1
4714,832,20251225,72,3,1,586000.0,529000.0,57000.0,9.73,445000.0,84000.0,15.88,309313.44,18.43,529000.0,80,9,172500,1
4715,1403,20250112,74,2,1,586000.0,529000.0,57000.0,9.73,445000.0,84000.0,15.88,309313.44,18.43,529000.0,80,9,172500,1
4716,1404,20251001,80,3,1,405000.0,359000.0,46000.0,11.36,306000.0,53000.0,14.76,268007.5,17.16,359000.0,79,13,22500,1
4717,1405,20260623,58,2,1,449000.0,399000.0,50000.0,11.14,346000.0,53000.0,13.28,297124.37,16.83,399000.0,35,13,22500,1
4718,1406,20260815,92,3,1,508000.0,449000.0,59000.0,11.61,360000.0,89000.0,19.82,40640.0,145.18,449000.0,10,1,20,1
4719,669,20250912,75,2,9,1013000.0,919000.0,94000.0,9.28,765000.0,154000.0,16.76,447901.39,20.99,919000.0,92,7,77500,1
4720,372,20251231,42,2,9,552000.0,519000.0,33000.0,5.98,453000.0,66000.0,12.72,380221.56,8.68,519000.0,16,14,242500,1
4721,1407,20251214,60,3,9,552000.0,519000.0,33000.0,5.98,453000.0,66000.0,12.72,380221.56,8.68,519000.0,16,14,242500,1
4722,332,20250101,76,1,9,837000.0,749000.0,88000.0,10.51,644000.0,105000.0,14.02,407435.8,21.6,749000.0,45,8,137500,1
4723,772,20260821,64,1,9,837000.0,749000.0,88000.0,10.51,644000.0,105000.0,14.02,407435.8,21.6,749000.0,45,8,137500,1
4724,489,20250113,43,1,9,2102000.0,1890000.0,212000.0,10.09,1594000.0,296000.0,15.66,716610.64,29.58,1890000.0,85,5,87500,1
4725,343,20261016,41,2,9,1563000.0,1390000.0,173000.0,11.07,1171000.0,219000.0,15.76,345910.66,50.01,1390000.0,93,3,37500,1
4726,493,20250508,62,3,9,1563000.0,1390000.0,173000.0,11.07,1171000.0,219000.0,15.76,345910.66,50.01,1390000.0,93,3,37500,1
4727,90,20240314,38,1,9,853000.0,799000.0,54000.0,6.33,661000.0,138000.0,17.27,188779.14,28.6,799000.0,96,3,52500,1
4728,782,20260905,81,1,9,534000.0,499000.0,35000.0,6.55,420000.0,79000.0,15.83,259941.12,13.46,499000.0,34,8,112500,1
4729,95,20240419,91,3,9,716000.0,629000.0,87000.0,12.15,536000.0,93000.0,14.79,316581.83,27.48,629000.0,103,7,132500,1
4730,138,20251030,70,1,1,573000.0,509000.0,64000.0,11.17,424000.0,85000.0,16.7,126811.78,50.47,509000.0,68,3,82500,1
4731,1439,20240811,50,3,1,573000.0,509000.0,64000.0,11.17,424000.0,85000.0,16.7,126811.78,50.47,509000.0,68,3,82500,1
4732,1408,20251201,36,1,1,4438000.0,3890000.0,548000.0,12.35,3334000.0,556000.0,14.29,1746996.5,31.37,3890000.0,70,6,30000,1
4733,13,20250927,29,3,1,472000.0,419000.0,53000.0,11.23,364000.0,55000.0,13.13,185800.44,28.53,419000.0,38,6,103503,1
4734,299,20251110,8,3,1,472000.0,419000.0,53000.0,11.23,364000.0,55000.0,13.13,185800.44,28.53,419000.0,38,6,103503,1
4735,617,20261129,39,3,1,310000.0,279000.0,31000.0,10.0,227000.0,52000.0,18.64,175339.58,17.68,279000.0,104,10,155290,1
4736,1409,20260420,72,2,1,310000.0,279000.0,31000.0,10.0,227000.0,52000.0,18.64,175339.58,17.68,279000.0,104,10,155290,1
4737,961,20260510,82,3,1,367000.0,329000.0,38000.0,10.35,275000.0,54000.0,16.41,207579.44,18.31,329000.0,27,10,249331,1
4738,1124,20250624,16,3,1,367000.0,329000.0,38000.0,10.35,275000.0,54000.0,16.41,207579.44,18.31,329000.0,27,10,249331,1
4739,27,20240818,87,1,1,489000.0,429000.0,60000.0,12.27,357000.0,72000.0,16.78,192492.4,31.17,429000.0,50,6,127972,1
4740,168,20260721,40,1,1,489000.0,429000.0,60000.0,12.27,357000.0,72000.0,16.78,192492.4,31.17,429000.0,50,6,127972,1
4741,1323,20240205,14,1,1,464000.0,419000.0,45000.0,9.7,358000.0,61000.0,14.56,205159.18,21.93,419000.0,28,7,139137,1
4742,95,20240320,19,3,1,667000.0,599000.0,68000.0,10.19,491000.0,108000.0,18.03,294916.32,23.06,599000.0,13,7,187409,1
4743,265,20240410,71,1,10,212000.0,199000.0,13000.0,6.13,169000.0,30000.0,15.08,111901.79,11.62,199000.0,74,9,142500,1
4744,997,20241016,35,2,10,212000.0,199000.0,13000.0,6.13,169000.0,30000.0,15.08,111901.79,11.62,199000.0,74,9,142500,1
4745,27,20240613,77,2,42,646000.0,589000.0,57000.0,8.82,513000.0,76000.0,12.9,254294.67,22.41,589000.0,50,6,157500,1
4746,168,20250308,48,3,42,646000.0,589000.0,57000.0,8.82,513000.0,76000.0,12.9,254294.67,22.41,589000.0,50,6,157500,1
4747,1410,20240605,57,1,1,1671000.0,1490000.0,181000.0,10.83,1242000.0,248000.0,16.64,473907.36,38.19,1490000.0,24,4,38300,1
4748,96,20240629,90,3,1,2854000.0,2650000.0,204000.0,7.15,2313000.0,337000.0,12.72,631624.45,32.3,2650000.0,63,3,74901,1
4749,1238,20251227,70,3,1,705000.0,659000.0,46000.0,6.52,580000.0,79000.0,11.99,343180.69,13.4,659000.0,73,8,121000,1
4750,406,20240618,43,1,1,756000.0,699000.0,57000.0,7.54,565000.0,134000.0,19.17,368006.53,15.49,699000.0,81,8,107500,1
4751,579,20250701,53,2,1,568000.0,529000.0,39000.0,6.87,433000.0,96000.0,18.15,276491.68,14.11,529000.0,24,8,202500,1
4752,365,20241128,44,1,1,1178000.0,1099000.0,79000.0,6.71,963000.0,136000.0,12.37,334089.09,23.65,1099000.0,88,4,77500,1
4753,369,20240115,68,3,1,1178000.0,1099000.0,79000.0,6.71,963000.0,136000.0,12.37,334089.09,23.65,1099000.0,88,4,77500,1
4754,1411,20251028,11,3,1,3222000.0,2949000.0,273000.0,8.47,2585000.0,364000.0,12.34,257760.0,105.91,2949000.0,59,1,14000,1
4755,1291,20260818,24,2,1,455000.0,399000.0,56000.0,12.31,322000.0,77000.0,19.3,240166.58,23.32,399000.0,112,9,197500,1
4756,1412,20250324,94,2,1,455000.0,399000.0,56000.0,12.31,322000.0,77000.0,19.3,240166.58,23.32,399000.0,112,9,197500,1
4757,832,20251212,9,2,1,505000.0,459000.0,46000.0,9.11,368000.0,91000.0,19.83,266558.51,17.26,459000.0,31,9,172500,1
4758,1403,20260201,62,3,1,505000.0,459000.0,46000.0,9.11,368000.0,91000.0,19.83,266558.51,17.26,459000.0,31,9,172500,1
4759,1413,20261209,70,1,1,972000.0,909000.0,63000.0,6.48,739000.0,170000.0,18.7,583552.47,10.8,909000.0,27,11,142000,1
4760,1414,20260929,77,3,1,122000.0,115000.0,7000.0,5.74,101000.0,14000.0,12.17,87071.72,8.04,115000.0,89,15,282500,1
4761,13,20260917,100,3,13,547000.0,489000.0,58000.0,10.6,398000.0,91000.0,18.61,215323.81,26.94,489000.0,11,6,57500,1
4762,299,20250118,72,1,13,547000.0,489000.0,58000.0,10.6,398000.0,91000.0,18.61,215323.81,26.94,489000.0,11,6,57500,1
4763,232,20240822,73,3,13,402000.0,369000.0,33000.0,8.21,310000.0,59000.0,15.99,241345.77,13.67,369000.0,45,11,167500,1
4764,1081,20241014,32,2,13,402000.0,369000.0,33000.0,8.21,310000.0,59000.0,15.99,241345.77,13.67,369000.0,45,11,167500,1
4765,675,20250913,95,2,1,406000.0,359000.0,47000.0,11.58,312000.0,47000.0,13.09,159819.87,29.41,359000.0,29,6,48758,1
4766,94,20240116,42,3,13,892000.0,799000.0,93000.0,10.43,641000.0,158000.0,19.77,197410.3,47.11,799000.0,25,3,22500,1
4767,73,20250515,56,3,7,552000.0,489000.0,63000.0,11.41,415000.0,74000.0,15.13,349048.15,18.05,489000.0,76,12,177500,1
4768,1131,20250513,35,1,7,552000.0,489000.0,63000.0,11.41,415000.0,74000.0,15.13,349048.15,18.05,489000.0,76,12,177500,1
4769,167,20240217,83,1,7,505000.0,469000.0,36000.0,7.13,386000.0,83000.0,17.7,334182.2,10.77,469000.0,39,13,187500,1
4770,249,20241201,21,2,7,505000.0,469000.0,36000.0,7.13,386000.0,83000.0,17.7,334182.2,10.77,469000.0,39,13,187500,1
4771,538,20260204,66,1,7,505000.0,469000.0,36000.0,7.13,386000.0,83000.0,17.7,334182.2,10.77,469000.0,39,13,187500,1
4772,73,20260318,88,2,7,536000.0,479000.0,57000.0,10.63,416000.0,63000.0,13.15,338930.82,16.82,479000.0,64,12,177500,1
4773,1131,20250425,92,2,7,536000.0,479000.0,57000.0,10.63,416000.0,63000.0,13.15,338930.82,16.82,479000.0,64,12,177500,1
4774,277,20250115,17,2,7,393000.0,365000.0,28000.0,7.12,300000.0,65000.0,17.81,289486.31,9.67,365000.0,75,16,192500,1
4775,661,20260526,92,3,7,411000.0,359000.0,52000.0,12.65,307000.0,52000.0,14.48,271977.99,19.12,359000.0,108,13,172500,1
4776,1415,20250701,58,3,7,411000.0,359000.0,52000.0,12.65,307000.0,52000.0,14.48,271977.99,19.12,359000.0,108,13,172500,1
4777,729,20250502,10,2,7,406000.0,365000.0,41000.0,10.1,312000.0,53000.0,14.52,256727.45,15.97,365000.0,35,12,157500,1
4778,1416,20240822,77,2,7,406000.0,365000.0,41000.0,10.1,312000.0,53000.0,14.52,256727.45,15.97,365000.0,35,12,157500,1
4779,438,20261117,58,1,1,601000.0,555000.0,46000.0,7.65,454000.0,101000.0,18.2,170447.83,26.99,555000.0,66,4,22500,1
4780,569,20241224,96,1,1,601000.0,555000.0,46000.0,7.65,454000.0,101000.0,18.2,170447.83,26.99,555000.0,66,4,22500,1
4781,144,20240320,97,1,1,365000.0,339000.0,26000.0,7.12,272000.0,67000.0,19.76,206448.21,12.59,339000.0,78,10,147500,1
4782,406,20260202,52,2,1,598000.0,559000.0,39000.0,6.52,466000.0,93000.0,16.64,291095.11,13.4,559000.0,11,8,187500,1
4783,642,20240706,87,2,1,300000.0,268000.0,32000.0,10.67,221000.0,47000.0,17.54,180108.79,17.77,268000.0,65,11,2500,1
4784,463,20251128,26,3,1,213000.0,199000.0,14000.0,6.57,172000.0,27000.0,13.57,103684.38,13.5,199000.0,93,8,117500,1
4785,173,20250123,100,3,1,498000.0,449000.0,49000.0,9.84,388000.0,61000.0,13.59,141236.31,34.69,449000.0,71,4,67500,1
4786,297,20240113,37,3,1,590000.0,548000.0,42000.0,7.12,458000.0,90000.0,16.42,201141.9,20.88,548000.0,43,5,117500,1
4787,270,20241121,38,1,1,590000.0,529000.0,61000.0,10.34,449000.0,80000.0,15.12,232250.55,26.26,529000.0,107,6,152500,1
4788,407,20260812,14,2,1,590000.0,529000.0,61000.0,10.34,449000.0,80000.0,15.12,232250.55,26.26,529000.0,107,6,152500,1
4789,667,20261015,77,3,1,599000.0,529000.0,70000.0,11.69,449000.0,80000.0,15.12,132565.89,52.8,529000.0,65,3,182500,1
4790,1417,20250528,53,1,1,599000.0,529000.0,70000.0,11.69,449000.0,80000.0,15.12,132565.89,52.8,529000.0,65,3,182500,1
4791,1418,20240517,28,1,1,2132000.0,1890000.0,242000.0,11.35,1637000.0,253000.0,13.39,942671.05,25.67,1890000.0,64,7,117106,1
4792,1264,20240916,89,2,1,742000.0,659000.0,83000.0,11.19,550000.0,109000.0,16.54,328077.82,25.3,659000.0,29,7,119060,1
4793,1419,20260313,19,3,1,597000.0,559000.0,38000.0,6.37,460000.0,99000.0,17.71,203528.33,18.67,559000.0,59,5,72696,1
4794,229,20260802,55,2,1,528000.0,499000.0,29000.0,5.49,410000.0,89000.0,17.84,42240.0,68.66,499000.0,34,1,20711,1
4795,1420,20260910,77,2,1,528000.0,499000.0,29000.0,5.49,410000.0,89000.0,17.84,42240.0,68.66,499000.0,34,1,20711,1
4796,365,20260703,48,2,1,816000.0,729000.0,87000.0,10.66,614000.0,115000.0,15.78,231423.34,37.59,729000.0,93,4,111093,1
4797,369,20260213,40,1,1,816000.0,729000.0,87000.0,10.66,614000.0,115000.0,15.78,231423.34,37.59,729000.0,93,4,111093,1
4798,586,20250131,47,1,4,662000.0,609000.0,53000.0,8.01,509000.0,100000.0,16.42,260592.99,20.34,609000.0,34,6,87500,1
4799,949,20240201,57,1,4,662000.0,609000.0,53000.0,8.01,509000.0,100000.0,16.42,260592.99,20.34,609000.0,34,6,87500,1
4800,50,20251117,55,2,4,546000.0,499000.0,47000.0,8.61,417000.0,82000.0,16.43,265782.5,17.68,499000.0,62,8,102500,1
4801,109,20240918,35,1,4,546000.0,499000.0,47000.0,8.61,417000.0,82000.0,16.43,265782.5,17.68,499000.0,62,8,102500,1
4802,1421,20241010,67,1,1,557000.0,529000.0,28000.0,5.03,427000.0,102000.0,19.28,334401.98,8.37,529000.0,23,11,117161,1
4803,131,20241026,68,3,1,924000.0,859000.0,65000.0,7.03,737000.0,122000.0,14.2,262052.9,24.8,859000.0,69,4,63332,1
4804,570,20260110,44,3,1,631000.0,599000.0,32000.0,5.07,489000.0,110000.0,18.36,215119.56,14.88,599000.0,117,5,30951,1
4805,763,20260105,76,3,1,631000.0,599000.0,32000.0,5.07,489000.0,110000.0,18.36,215119.56,14.88,599000.0,117,5,30951,1
4806,345,20250104,87,1,1,1172000.0,1030000.0,142000.0,12.12,840000.0,190000.0,18.45,332387.45,42.72,1030000.0,52,4,37328,1
4807,494,20250525,68,3,1,1172000.0,1030000.0,142000.0,12.12,840000.0,190000.0,18.45,332387.45,42.72,1030000.0,52,4,37328,1
4808,89,20250513,69,2,1,891000.0,829000.0,62000.0,6.96,691000.0,138000.0,16.65,303758.36,20.41,829000.0,116,5,112873,1
4809,343,20250720,34,1,1,1161000.0,1050000.0,111000.0,9.56,859000.0,191000.0,18.19,256943.23,43.2,1050000.0,71,3,35053,1
4810,493,20240304,80,2,1,1161000.0,1050000.0,111000.0,9.56,859000.0,191000.0,18.19,256943.23,43.2,1050000.0,71,3,35053,1
4811,20,20241102,22,2,1,1212000.0,1150000.0,62000.0,5.12,974000.0,176000.0,15.3,268230.14,23.11,1150000.0,112,3,48379,1
4812,139,20260812,89,2,1,1212000.0,1150000.0,62000.0,5.12,974000.0,176000.0,15.3,268230.14,23.11,1150000.0,112,3,48379,1
4813,35,20260423,24,2,1,1071000.0,959000.0,112000.0,10.46,796000.0,163000.0,17.0,237025.15,47.25,959000.0,85,3,42273,1
4814,584,20240610,43,3,1,1071000.0,959000.0,112000.0,10.46,796000.0,163000.0,17.0,237025.15,47.25,959000.0,85,3,42273,1
4815,322,20240103,7,1,1,302000.0,279000.0,23000.0,7.62,233000.0,46000.0,16.49,170814.69,13.46,279000.0,78,10,92500,1
4816,1207,20250502,11,1,1,302000.0,279000.0,23000.0,7.62,233000.0,46000.0,16.49,170814.69,13.46,279000.0,78,10,92500,1
4817,438,20260924,36,3,4,683000.0,599000.0,84000.0,12.3,505000.0,94000.0,15.69,193703.61,43.37,599000.0,72,4,32500,1
4818,569,20250713,32,2,4,683000.0,599000.0,84000.0,12.3,505000.0,94000.0,15.69,193703.61,43.37,599000.0,72,4,32500,1
4819,202,20250315,4,1,4,943000.0,828000.0,115000.0,12.2,676000.0,152000.0,18.36,371207.23,30.98,828000.0,11,6,221152,1
4820,272,20261108,84,2,4,943000.0,828000.0,115000.0,12.2,676000.0,152000.0,18.36,371207.23,30.98,828000.0,11,6,221152,1
4821,84,20260412,25,2,4,1353000.0,1250000.0,103000.0,7.61,1016000.0,234000.0,18.72,765272.42,13.46,1250000.0,63,10,182816,1
4822,48,20250829,85,1,4,797000.0,699000.0,98000.0,12.3,608000.0,91000.0,13.02,122419.2,80.05,699000.0,25,2,62500,1
4823,326,20260425,38,2,4,206000.0,179000.0,27000.0,13.11,149000.0,30000.0,16.76,141894.28,19.03,179000.0,64,14,272500,1
4824,1285,20251030,22,3,4,1097000.0,969000.0,128000.0,11.67,807000.0,162000.0,16.72,579038.98,22.11,969000.0,103,9,149717,1
4825,1422,20251215,93,3,4,1097000.0,969000.0,128000.0,11.67,807000.0,162000.0,16.72,579038.98,22.11,969000.0,103,9,149717,1
4826,433,20260817,99,1,4,419000.0,369000.0,50000.0,11.93,296000.0,73000.0,19.78,277271.96,18.03,369000.0,52,13,174114,1
4827,716,20250508,46,3,4,419000.0,369000.0,50000.0,11.93,296000.0,73000.0,19.78,277271.96,18.03,369000.0,52,13,174114,1
4828,1423,20240528,91,3,1,1602000.0,1490000.0,112000.0,6.99,1251000.0,239000.0,16.04,354541.82,31.59,1490000.0,70,3,50000,1
4829,90,20260614,1,1,1,929000.0,839000.0,90000.0,9.69,708000.0,131000.0,15.61,205598.85,43.77,839000.0,47,3,47500,1
4830,38,20260417,28,1,4,1150000.0,1088000.0,62000.0,5.39,919000.0,169000.0,15.53,326148.1,19.01,1088000.0,54,4,52500,1
4831,340,20251020,21,3,4,1150000.0,1088000.0,62000.0,5.39,919000.0,169000.0,15.53,326148.1,19.01,1088000.0,54,4,52500,1
4832,473,20240114,74,3,1,285000.0,269000.0,16000.0,5.61,230000.0,39000.0,14.5,161199.29,9.93,269000.0,60,10,130000,1
4833,653,20260925,38,3,1,285000.0,269000.0,16000.0,5.61,230000.0,39000.0,14.5,161199.29,9.93,269000.0,60,10,130000,1
4834,52,20260224,29,1,1,321000.0,279000.0,42000.0,13.08,227000.0,52000.0,18.64,156256.74,26.88,279000.0,51,8,2500,1
4835,1018,20260812,20,3,1,321000.0,279000.0,42000.0,13.08,227000.0,52000.0,18.64,156256.74,26.88,279000.0,51,8,2500,1
4836,4,20240227,71,1,4,421000.0,389000.0,32000.0,7.6,319000.0,70000.0,17.99,119398.56,26.8,389000.0,33,4,173108,1
4837,69,20250508,33,3,4,421000.0,389000.0,32000.0,7.6,319000.0,70000.0,17.99,119398.56,26.8,389000.0,33,4,173108,1
4838,50,20261022,77,1,4,481000.0,428000.0,53000.0,11.02,370000.0,58000.0,13.55,234141.72,22.64,428000.0,39,8,242500,1
4839,109,20260501,17,3,4,481000.0,428000.0,53000.0,11.02,370000.0,58000.0,13.55,234141.72,22.64,428000.0,39,8,242500,1
4840,128,20260203,73,2,4,903000.0,799000.0,104000.0,11.52,700000.0,99000.0,12.39,256097.16,40.61,799000.0,46,4,12500,1
4841,374,20260429,16,2,4,903000.0,799000.0,104000.0,11.52,700000.0,99000.0,12.39,256097.16,40.61,799000.0,46,4,12500,1
4842,1320,20250616,7,1,4,903000.0,799000.0,104000.0,11.52,700000.0,99000.0,12.39,256097.16,40.61,799000.0,46,4,12500,1
4843,1312,20250625,40,2,4,385000.0,339000.0,46000.0,11.95,275000.0,64000.0,18.88,203217.88,22.64,339000.0,62,9,102500,1
4844,1508,20240802,61,3,4,385000.0,339000.0,46000.0,11.95,275000.0,64000.0,18.88,203217.88,22.64,339000.0,62,9,102500,1
4845,43,20250316,61,2,4,459000.0,399000.0,60000.0,13.07,335000.0,64000.0,16.04,156481.58,38.34,399000.0,72,5,102500,1
4846,1424,20261020,69,3,4,289000.0,269000.0,20000.0,6.92,220000.0,49000.0,18.22,199065.27,10.05,269000.0,112,14,32500,1
4847,1199,20261023,52,3,1,494000.0,469000.0,25000.0,5.06,377000.0,92000.0,19.62,168413.73,14.84,469000.0,20,5,67500,1
4848,91,20250418,12,1,1,697000.0,639000.0,58000.0,8.32,528000.0,111000.0,17.37,237620.18,24.41,639000.0,87,5,137500,1
4849,221,20250618,50,1,1,233000.0,219000.0,14000.0,6.01,178000.0,41000.0,18.72,147333.73,9.5,219000.0,32,12,220066,1
4850,1425,20250916,14,3,1,241000.0,229000.0,12000.0,4.98,196000.0,33000.0,14.41,136312.38,8.8,229000.0,89,10,140224,1
4851,364,20260106,44,3,1,651000.0,599000.0,52000.0,7.99,505000.0,94000.0,15.69,99993.6,52.0,599000.0,59,2,32500,1
4852,1226,20250517,27,1,1,597000.0,529000.0,68000.0,11.39,429000.0,100000.0,18.9,203528.33,33.41,529000.0,94,5,57500,1
4853,1828,20250430,49,3,1,597000.0,529000.0,68000.0,11.39,429000.0,100000.0,18.9,203528.33,33.41,529000.0,94,5,57500,1
4854,131,20260813,54,3,1,938000.0,848000.0,90000.0,9.59,679000.0,169000.0,19.93,266023.4,33.83,848000.0,64,4,121000,1
4855,98,20260211,74,1,1,863000.0,798000.0,65000.0,7.53,690000.0,108000.0,13.53,294212.65,22.09,798000.0,64,5,78000,1
4856,48,20260123,70,3,1,912000.0,818000.0,94000.0,10.31,666000.0,152000.0,18.58,140083.2,67.1,818000.0,13,2,59000,1
4857,164,20250906,84,3,1,835000.0,778000.0,57000.0,6.83,660000.0,118000.0,15.17,184795.52,30.84,778000.0,106,3,60000,1
4858,47,20240429,49,2,1,944000.0,898000.0,46000.0,4.87,743000.0,155000.0,17.26,75520.0,60.91,898000.0,63,1,16500,1
4859,131,20240907,24,2,1,921000.0,818000.0,103000.0,11.18,693000.0,125000.0,15.28,261202.08,39.43,818000.0,70,4,119000,1
4860,131,20250409,91,2,1,977000.0,878000.0,99000.0,10.13,725000.0,153000.0,17.43,277084.08,35.73,878000.0,87,4,65000,1
4861,58,20251217,69,1,1,921000.0,818000.0,103000.0,11.18,660000.0,158000.0,19.32,362547.04,28.41,818000.0,92,6,140000,1
4862,1116,20241113,44,2,1,1052000.0,998000.0,54000.0,5.13,816000.0,182000.0,18.24,232820.22,23.19,998000.0,14,3,52000,1
4863,984,20241212,51,3,1,610000.0,538000.0,72000.0,11.8,438000.0,100000.0,18.59,269713.57,26.69,538000.0,109,7,70000,1
4864,2018,20260404,52,3,1,610000.0,538000.0,72000.0,11.8,438000.0,100000.0,18.59,269713.57,26.69,538000.0,109,7,70000,1
4865,164,20240531,73,3,1,821000.0,738000.0,83000.0,10.11,616000.0,122000.0,16.53,181697.15,45.68,738000.0,104,3,2023,1
4866,131,20240706,71,2,1,993000.0,898000.0,95000.0,9.57,766000.0,132000.0,14.7,281621.79,33.73,898000.0,118,4,110000,1
4867,646,20240719,8,3,1,376000.0,338000.0,38000.0,10.11,278000.0,60000.0,17.75,128185.35,29.64,338000.0,27,5,32500,1
4868,1400,20240912,44,1,1,376000.0,338000.0,38000.0,10.11,278000.0,60000.0,17.75,128185.35,29.64,338000.0,27,5,32500,1
4869,232,20250130,74,3,1,381000.0,335000.0,46000.0,12.07,268000.0,67000.0,20.0,228738.16,20.11,335000.0,53,11,142500,1
4870,1081,20260210,25,3,1,381000.0,335000.0,46000.0,12.07,268000.0,67000.0,20.0,228738.16,20.11,335000.0,53,11,142500,1
4871,40,20261025,39,3,1,527000.0,475000.0,52000.0,9.87,400000.0,75000.0,15.79,233014.84,22.32,475000.0,40,7,142500,1
4872,986,20250519,33,1,1,527000.0,475000.0,52000.0,9.87,400000.0,75000.0,15.79,233014.84,22.32,475000.0,40,7,142500,1
4873,10,20241127,73,3,1,283000.0,255000.0,28000.0,9.89,216000.0,39000.0,15.29,178950.41,15.65,255000.0,103,12,122500,1
4874,1063,20260419,43,3,1,283000.0,255000.0,28000.0,9.89,216000.0,39000.0,15.29,178950.41,15.65,255000.0,103,12,122500,1
4875,575,20240321,41,3,34,515000.0,448000.0,67000.0,13.01,393000.0,55000.0,12.28,175573.02,38.16,448000.0,30,5,72500,1
4876,1094,20260330,95,3,34,515000.0,448000.0,67000.0,13.01,393000.0,55000.0,12.28,175573.02,38.16,448000.0,30,5,72500,1
4877,954,20240121,55,1,1,1192000.0,1059000.0,133000.0,11.16,897000.0,162000.0,15.3,338059.59,39.34,1059000.0,56,4,82500,1
4878,1426,20240506,92,2,1,1192000.0,1059000.0,133000.0,11.16,897000.0,162000.0,15.3,338059.59,39.34,1059000.0,56,4,82500,1
4879,574,20260327,74,1,34,523000.0,478000.0,45000.0,8.6,400000.0,78000.0,16.32,80332.8,56.02,478000.0,39,2,27500,1
4880,24,20260923,8,2,34,555000.0,495000.0,60000.0,10.81,419000.0,76000.0,15.35,122828.16,48.85,495000.0,64,3,12500,1
4881,741,20260512,63,1,34,555000.0,495000.0,60000.0,10.81,419000.0,76000.0,15.35,122828.16,48.85,495000.0,64,3,12500,1
4882,1427,20250414,55,2,17,107000.0,98000.0,9000.0,8.41,86000.0,12000.0,12.24,100170.61,8.98,98000.0,114,33,257500,1
4883,1428,20240921,98,1,17,427000.0,398000.0,29000.0,6.79,345000.0,53000.0,13.32,323528.45,8.96,398000.0,77,17,227500,1
4884,406,20260331,52,3,1,775000.0,698000.0,77000.0,9.94,576000.0,122000.0,17.48,377255.37,20.41,698000.0,78,8,134000,1
4885,406,20250713,71,1,1,775000.0,678000.0,97000.0,12.52,555000.0,123000.0,18.14,377255.37,25.71,678000.0,50,8,130000,1
4886,406,20240911,34,1,1,832000.0,728000.0,104000.0,12.5,598000.0,130000.0,17.86,405001.9,25.68,728000.0,54,8,84000,1
4887,1020,20240214,94,2,1,974000.0,898000.0,76000.0,7.8,755000.0,143000.0,15.92,332054.6,22.89,898000.0,83,5,58000,1
4888,1361,20240406,26,3,1,847000.0,768000.0,79000.0,9.33,660000.0,108000.0,14.06,333417.31,23.69,768000.0,100,6,84000,1
4889,427,20260109,59,3,1,1283000.0,1198000.0,85000.0,6.63,1007000.0,191000.0,15.94,283943.3,29.94,1198000.0,89,3,73000,1
4890,1429,20260708,32,3,1,1283000.0,1198000.0,85000.0,6.63,1007000.0,191000.0,15.94,283943.3,29.94,1198000.0,89,3,73000,1
4891,1322,20250315,31,1,1,1216000.0,1058000.0,158000.0,12.99,852000.0,206000.0,19.47,478672.32,33.01,1058000.0,39,6,50000,1
4892,1430,20250111,24,2,1,1216000.0,1058000.0,158000.0,12.99,852000.0,206000.0,19.47,478672.32,33.01,1058000.0,39,6,50000,1
4893,123,20251204,22,3,1,1421000.0,1238000.0,183000.0,12.88,1062000.0,176000.0,14.22,314484.35,58.19,1238000.0,86,3,65000,1
4894,376,20261024,81,1,1,1421000.0,1238000.0,183000.0,12.88,1062000.0,176000.0,14.22,314484.35,58.19,1238000.0,86,3,65000,1
4895,710,20240725,95,3,1,1421000.0,1238000.0,183000.0,12.88,1062000.0,176000.0,14.22,314484.35,58.19,1238000.0,86,3,65000,1
4896,365,20250220,84,2,1,812000.0,728000.0,84000.0,10.34,629000.0,99000.0,13.6,230288.92,36.48,728000.0,109,4,90000,1
4897,369,20250321,5,2,1,812000.0,728000.0,84000.0,10.34,629000.0,99000.0,13.6,230288.92,36.48,728000.0,109,4,90000,1
4898,375,20250418,99,3,1,879000.0,778000.0,101000.0,11.49,640000.0,138000.0,17.74,135014.4,74.81,778000.0,94,2,79000,1
4899,368,20260105,81,2,1,1344000.0,1198000.0,146000.0,10.86,1022000.0,176000.0,14.69,206438.4,70.72,1198000.0,54,2,90000,1
4900,794,20240629,48,2,1,1344000.0,1198000.0,146000.0,10.86,1022000.0,176000.0,14.69,206438.4,70.72,1198000.0,54,2,90000,1
4901,20,20250909,8,2,1,1218000.0,1098000.0,120000.0,9.85,916000.0,182000.0,16.58,269558.02,44.52,1098000.0,113,3,50000,1
4902,139,20260227,51,2,1,1218000.0,1098000.0,120000.0,9.85,916000.0,182000.0,16.58,269558.02,44.52,1098000.0,113,3,50000,1
4903,375,20261021,39,2,1,969000.0,918000.0,51000.0,5.26,800000.0,118000.0,12.85,148838.4,34.27,918000.0,54,2,21000,1
4904,775,20250213,33,3,1,578000.0,528000.0,50000.0,8.65,458000.0,70000.0,13.26,197050.88,25.37,528000.0,88,5,57000,1
4905,805,20240603,31,2,1,578000.0,528000.0,50000.0,8.65,458000.0,70000.0,13.26,197050.88,25.37,528000.0,88,5,57000,1
4906,368,20240202,17,1,1,1227000.0,1098000.0,129000.0,10.51,925000.0,173000.0,15.76,188467.2,68.45,1098000.0,93,2,27000,1
4907,794,20260322,14,1,1,1227000.0,1098000.0,129000.0,10.51,925000.0,173000.0,15.76,188467.2,68.45,1098000.0,93,2,27000,1
4908,368,20241206,25,1,1,1339000.0,1198000.0,141000.0,10.53,1025000.0,173000.0,14.44,205670.4,68.56,1198000.0,93,2,70000,1
4909,794,20240116,84,2,1,1339000.0,1198000.0,141000.0,10.53,1025000.0,173000.0,14.44,205670.4,68.56,1198000.0,93,2,70000,1
4910,86,20260315,74,3,1,705000.0,648000.0,57000.0,8.09,564000.0,84000.0,12.96,277519.72,20.54,648000.0,54,6,100000,1
4911,368,20250127,48,2,1,1199000.0,1048000.0,151000.0,12.59,880000.0,168000.0,16.03,184166.4,81.99,1048000.0,64,2,44000,1
4912,794,20260622,17,2,1,1199000.0,1048000.0,151000.0,12.59,880000.0,168000.0,16.03,184166.4,81.99,1048000.0,64,2,44000,1
4913,375,20250306,92,1,1,1065000.0,998000.0,67000.0,6.29,823000.0,175000.0,17.54,163584.0,40.96,998000.0,68,2,40000,1
4914,1186,20260320,91,2,1,285000.0,259000.0,26000.0,9.12,223000.0,36000.0,13.9,126013.72,20.63,259000.0,14,7,162500,1
4915,593,20240210,79,3,10,212000.0,189000.0,23000.0,10.85,155000.0,34000.0,17.99,196013.31,11.73,189000.0,41,31,142500,1
4916,88,20260721,82,1,10,525000.0,469000.0,56000.0,10.67,390000.0,79000.0,16.84,232130.53,24.12,469000.0,15,7,87500,1
4917,535,20240830,80,1,10,525000.0,469000.0,56000.0,10.67,390000.0,79000.0,16.84,232130.53,24.12,469000.0,15,7,87500,1
4918,1431,20251229,96,3,10,623000.0,559000.0,64000.0,10.27,486000.0,73000.0,13.06,95692.8,66.88,559000.0,103,2,37500,1
4919,194,20260603,97,2,10,225000.0,209000.0,16000.0,7.11,179000.0,30000.0,14.35,135081.59,11.84,209000.0,35,11,127500,1
4920,455,20250502,71,1,10,225000.0,209000.0,16000.0,7.11,179000.0,30000.0,14.35,135081.59,11.84,209000.0,35,11,127500,1
4921,1432,20241018,97,3,10,255000.0,239000.0,16000.0,6.27,199000.0,40000.0,16.74,181994.16,8.79,239000.0,46,15,272500,1
4922,1309,20250503,49,1,10,433000.0,389000.0,44000.0,10.16,318000.0,71000.0,18.25,286536.42,15.36,389000.0,22,13,127500,1
4923,1433,20251204,2,2,10,433000.0,389000.0,44000.0,10.16,318000.0,71000.0,18.25,286536.42,15.36,389000.0,22,13,127500,1
4924,868,20250625,27,1,10,465000.0,419000.0,46000.0,9.89,347000.0,72000.0,17.18,294035.13,15.64,419000.0,102,12,162500,1
4925,1434,20260925,94,2,10,465000.0,419000.0,46000.0,9.89,347000.0,72000.0,17.18,294035.13,15.64,419000.0,102,12,162500,1
4926,1456,20250601,24,3,10,465000.0,419000.0,46000.0,9.89,347000.0,72000.0,17.18,294035.13,15.64,419000.0,102,12,162500,1
4927,769,20241130,85,3,10,1484000.0,1390000.0,94000.0,6.33,1144000.0,246000.0,17.7,505923.02,18.58,1390000.0,78,5,57500,1
4928,1435,20261113,100,3,10,1484000.0,1390000.0,94000.0,6.33,1144000.0,246000.0,17.7,505923.02,18.58,1390000.0,78,5,57500,1
4929,1436,20260128,78,1,10,582000.0,519000.0,63000.0,10.82,423000.0,96000.0,18.5,385136.71,16.36,519000.0,34,13,117500,1
4930,170,20261118,3,2,10,514000.0,469000.0,45000.0,8.75,403000.0,66000.0,14.07,202333.53,22.24,469000.0,22,6,37500,1
4931,439,20250909,97,2,10,514000.0,469000.0,45000.0,8.75,403000.0,66000.0,14.07,202333.53,22.24,469000.0,22,6,37500,1
4932,296,20240824,4,2,1,591000.0,529000.0,62000.0,10.49,434000.0,95000.0,17.96,287687.65,21.55,529000.0,97,8,132500,1
4933,673,20260808,29,3,1,591000.0,529000.0,62000.0,10.49,434000.0,95000.0,17.96,287687.65,21.55,529000.0,97,8,132500,1
4934,921,20240313,68,2,1,452000.0,399000.0,53000.0,11.73,334000.0,65000.0,16.29,199853.34,26.52,399000.0,104,7,227500,1
4935,1326,20250329,19,2,1,452000.0,399000.0,53000.0,11.73,334000.0,65000.0,16.29,199853.34,26.52,399000.0,104,7,227500,1
4936,739,20260701,38,1,1,746000.0,699000.0,47000.0,6.3,581000.0,118000.0,16.88,293659.17,16.0,699000.0,29,6,42500,1
4937,1437,20260403,100,3,1,1577000.0,1499000.0,78000.0,4.95,1317000.0,182000.0,12.14,349009.02,22.35,1499000.0,81,3,62500,1
4938,525,20240107,56,2,1,450000.0,399000.0,51000.0,11.33,332000.0,67000.0,16.79,219051.51,23.28,399000.0,69,8,142500,1
4939,63,20251030,33,2,1,388000.0,349000.0,39000.0,10.05,281000.0,68000.0,19.48,171555.52,22.73,349000.0,82,7,92500,1
4940,1487,20250726,92,3,1,388000.0,349000.0,39000.0,10.05,281000.0,68000.0,19.48,171555.52,22.73,349000.0,82,7,92500,1
4941,24,20240306,62,3,2,581000.0,519000.0,62000.0,10.67,419000.0,100000.0,19.27,128582.27,48.22,519000.0,30,3,12500,1
4942,741,20250514,90,1,2,581000.0,519000.0,62000.0,10.67,419000.0,100000.0,19.27,128582.27,48.22,519000.0,30,3,12500,1
4943,1264,20260714,60,2,2,1019000.0,899000.0,120000.0,11.78,762000.0,137000.0,15.24,450554.31,26.63,899000.0,70,7,62500,1
4944,343,20250303,92,3,2,1423000.0,1259000.0,164000.0,11.52,1068000.0,191000.0,15.17,314926.98,52.08,1259000.0,93,3,97500,1
4945,493,20250721,98,1,2,1423000.0,1259000.0,164000.0,11.52,1068000.0,191000.0,15.17,314926.98,52.08,1259000.0,93,3,97500,1
4946,1438,20240417,73,2,1,292000.0,255000.0,37000.0,12.67,213000.0,42000.0,16.47,208401.16,17.75,255000.0,88,15,70000,1
4947,738,20240720,85,3,1,738000.0,669000.0,69000.0,9.35,558000.0,111000.0,16.59,163328.26,42.25,669000.0,35,3,72500,1
4948,68,20240407,62,3,1,779000.0,709000.0,70000.0,8.99,570000.0,139000.0,19.61,265575.49,26.36,709000.0,63,5,192500,1
4949,882,20241222,98,2,1,500000.0,459000.0,41000.0,8.2,386000.0,73000.0,15.9,110656.0,37.05,459000.0,51,3,97298,1
4950,288,20250715,10,1,1,1225000.0,1150000.0,75000.0,6.12,966000.0,184000.0,16.0,735444.21,10.2,1150000.0,20,11,135690,1
4951,365,20251126,61,1,1,1304000.0,1178000.0,126000.0,9.66,956000.0,222000.0,18.85,369823.58,34.07,1178000.0,46,4,48972,1
4952,369,20251017,42,3,1,1304000.0,1178000.0,126000.0,9.66,956000.0,222000.0,18.85,369823.58,34.07,1178000.0,46,4,48972,1
4953,138,20241120,71,3,1,538000.0,499000.0,39000.0,7.25,403000.0,96000.0,19.24,119065.86,32.75,499000.0,114,3,88326,1
4954,1439,20240426,65,1,1,538000.0,499000.0,39000.0,7.25,403000.0,96000.0,19.24,119065.86,32.75,499000.0,114,3,88326,1
4955,20,20250910,68,3,1,1151000.0,1008000.0,143000.0,12.42,816000.0,192000.0,19.05,254730.11,56.14,1008000.0,20,3,55018,1
4956,139,20240417,89,3,1,1151000.0,1008000.0,143000.0,12.42,816000.0,192000.0,19.05,254730.11,56.14,1008000.0,20,3,55018,1
4957,946,20250811,18,2,10,354000.0,319000.0,35000.0,9.89,258000.0,61000.0,19.12,223846.1,15.64,319000.0,36,12,122500,1
4958,592,20251109,72,1,10,432000.0,389000.0,43000.0,9.95,330000.0,59000.0,15.17,191010.27,22.51,389000.0,103,7,127500,1
4959,134,20260531,40,3,10,325000.0,299000.0,26000.0,8.0,244000.0,55000.0,18.39,215067.75,12.09,299000.0,92,13,142500,1
4960,996,20250426,72,1,10,442000.0,419000.0,23000.0,5.2,344000.0,75000.0,17.9,173991.09,13.22,419000.0,43,6,62500,1
4961,170,20261211,27,2,1,483000.0,459000.0,24000.0,4.97,374000.0,85000.0,18.52,190130.53,12.62,459000.0,47,6,2500,1
4962,439,20260829,50,1,1,483000.0,459000.0,24000.0,4.97,374000.0,85000.0,18.52,190130.53,12.62,459000.0,47,6,2500,1
4963,575,20260416,3,1,1,458000.0,419000.0,39000.0,8.52,367000.0,52000.0,12.41,156140.66,24.98,419000.0,70,5,2500,1
4964,1094,20250603,4,3,1,458000.0,419000.0,39000.0,8.52,367000.0,52000.0,12.41,156140.66,24.98,419000.0,70,5,2500,1
4965,357,20260714,48,1,1,884000.0,835000.0,49000.0,5.54,725000.0,110000.0,13.17,250708.62,19.54,835000.0,96,4,78701,1
4966,435,20251216,94,2,1,865000.0,779000.0,86000.0,9.94,638000.0,141000.0,18.1,421065.67,20.42,779000.0,62,8,97500,1
4967,147,20250515,95,2,1,477000.0,419000.0,58000.0,12.16,346000.0,73000.0,17.42,105565.82,54.94,419000.0,74,3,77500,1
4968,1388,20260531,3,1,1,477000.0,419000.0,58000.0,12.16,346000.0,73000.0,17.42,105565.82,54.94,419000.0,74,3,77500,1
4969,295,20260704,87,2,5,522000.0,459000.0,63000.0,12.07,375000.0,84000.0,18.3,205482.69,30.66,459000.0,12,6,52757,1
4970,698,20240615,74,1,4,412000.0,369000.0,43000.0,10.44,310000.0,59000.0,15.99,162181.74,26.51,369000.0,76,6,162500,1
4971,1396,20260105,87,2,4,412000.0,369000.0,43000.0,10.44,310000.0,59000.0,15.99,162181.74,26.51,369000.0,76,6,162500,1
4972,160,20260520,74,3,5,449000.0,419000.0,30000.0,6.68,336000.0,83000.0,19.81,218564.73,13.73,419000.0,37,8,97500,1
4973,237,20260107,73,2,1,431000.0,379000.0,52000.0,12.06,324000.0,55000.0,14.51,122234.63,42.54,379000.0,23,4,70221,1
4974,67,20260806,41,1,1,762000.0,669000.0,93000.0,12.2,563000.0,106000.0,15.84,216108.56,43.03,669000.0,61,4,129091,1
4975,880,20251218,41,3,1,566000.0,529000.0,37000.0,6.54,461000.0,68000.0,12.85,250258.82,14.78,529000.0,39,7,147500,1
4976,1440,20250505,85,3,1,566000.0,529000.0,37000.0,6.54,461000.0,68000.0,12.85,250258.82,14.78,529000.0,39,7,147500,1
4977,14,20260321,32,3,1,830000.0,739000.0,91000.0,10.96,601000.0,138000.0,18.67,235393.84,38.66,739000.0,67,4,2500,1
4978,298,20240406,8,2,1,722000.0,669000.0,53000.0,7.34,578000.0,91000.0,13.6,204764.28,25.88,669000.0,63,4,162500,1
4979,1441,20250706,34,3,1,588000.0,520000.0,68000.0,11.56,449000.0,71000.0,13.65,130131.46,52.25,520000.0,78,3,107500,1
4980,1442,20260206,38,1,1,574000.0,499000.0,75000.0,13.07,404000.0,95000.0,19.04,162790.44,46.07,499000.0,24,4,2500,1
4981,4,20260518,18,2,1,431000.0,409000.0,22000.0,5.1,340000.0,69000.0,16.87,122234.63,18.0,409000.0,47,4,157500,1
4982,69,20250530,95,3,1,431000.0,409000.0,22000.0,5.1,340000.0,69000.0,16.87,122234.63,18.0,409000.0,47,4,157500,1
4983,683,20260323,1,3,1,158000.0,139000.0,19000.0,12.03,113000.0,26000.0,18.71,104556.01,18.17,139000.0,87,13,112500,1
4984,747,20250519,57,2,1,556000.0,500000.0,56000.0,10.07,410000.0,90000.0,18.0,157685.51,35.51,500000.0,23,4,172500,1
4985,1443,20250721,84,3,1,556000.0,500000.0,56000.0,10.07,410000.0,90000.0,18.0,157685.51,35.51,500000.0,23,4,172500,1
4986,880,20261019,16,1,1,516000.0,450000.0,66000.0,12.79,369000.0,81000.0,18.0,228151.15,28.93,450000.0,66,7,192500,1
4987,1440,20260731,2,2,1,516000.0,450000.0,66000.0,12.79,369000.0,81000.0,18.0,228151.15,28.93,450000.0,66,7,192500,1
4988,873,20240622,58,1,1,361000.0,329000.0,32000.0,8.86,278000.0,51000.0,15.5,142105.84,22.52,329000.0,68,6,82500,1
4989,1082,20250215,25,3,1,361000.0,329000.0,32000.0,8.86,278000.0,51000.0,15.5,142105.84,22.52,329000.0,68,6,82500,1
4990,703,20240312,84,3,1,1226000.0,1080000.0,146000.0,11.91,900000.0,180000.0,16.67,482608.77,30.25,1080000.0,17,6,86464,1
4991,1444,20260129,100,2,1,1226000.0,1080000.0,146000.0,11.91,900000.0,180000.0,16.67,482608.77,30.25,1080000.0,17,6,86464,1
4992,238,20250910,15,3,1,823000.0,779000.0,44000.0,5.35,682000.0,97000.0,12.45,280575.91,15.68,779000.0,81,5,81562,1
4993,347,20240504,12,3,1,747000.0,689000.0,58000.0,7.76,558000.0,131000.0,19.01,254666.1,22.77,689000.0,28,5,144603,1
4994,1445,20240321,16,1,1,210000.0,199000.0,11000.0,5.24,175000.0,24000.0,12.06,102224.04,10.76,199000.0,41,8,185127,1
4995,1446,20250614,67,3,1,687000.0,599000.0,88000.0,12.81,490000.0,109000.0,18.2,434413.19,20.26,599000.0,104,12,151900,1
4996,1447,20240414,56,2,1,2026000.0,1790000.0,236000.0,11.65,1543000.0,247000.0,13.8,895802.79,26.35,1790000.0,38,7,98400,1
4997,210,20240301,60,2,1,1010000.0,890000.0,120000.0,11.88,736000.0,154000.0,17.3,344327.66,34.85,890000.0,50,5,96000,1
4998,823,20250628,5,2,1,1010000.0,890000.0,120000.0,11.88,736000.0,154000.0,17.3,344327.66,34.85,890000.0,50,5,96000,1
4999,357,20260624,17,3,1,994000.0,869000.0,125000.0,12.58,705000.0,164000.0,18.87,281905.4,44.34,869000.0,84,4,35731,1
5000,189,20240726,58,1,9,376000.0,355000.0,21000.0,5.59,308000.0,47000.0,13.24,183029.7,11.47,355000.0,54,8,92500,1
5001,916,20240506,85,1,9,376000.0,355000.0,21000.0,5.59,308000.0,47000.0,13.24,183029.7,11.47,355000.0,54,8,92500,1
5002,765,20260623,5,2,9,691000.0,635000.0,56000.0,8.1,524000.0,111000.0,17.48,305528.0,18.33,635000.0,22,7,2500,1
5003,845,20250407,17,2,9,691000.0,635000.0,56000.0,8.1,524000.0,111000.0,17.48,305528.0,18.33,635000.0,22,7,2500,1
5004,1376,20260316,76,2,9,691000.0,635000.0,56000.0,8.1,524000.0,111000.0,17.48,305528.0,18.33,635000.0,22,7,2500,1
5005,20,20240307,79,3,9,1110000.0,1050000.0,60000.0,5.41,895000.0,155000.0,14.76,245656.32,24.42,1050000.0,36,3,22500,1
5006,139,20240420,89,3,9,1110000.0,1050000.0,60000.0,5.41,895000.0,155000.0,14.76,245656.32,24.42,1050000.0,36,3,22500,1
5007,648,20260716,36,1,9,427000.0,399000.0,28000.0,6.56,337000.0,62000.0,15.54,94500.22,29.63,399000.0,28,3,62500,1
5008,38,20240815,66,1,1,965000.0,899000.0,66000.0,6.84,753000.0,146000.0,16.24,273680.79,24.12,899000.0,35,4,162500,1
5009,340,20240904,88,2,1,965000.0,899000.0,66000.0,6.84,753000.0,146000.0,16.24,273680.79,24.12,899000.0,35,4,162500,1
5010,16,20261228,49,3,1,931000.0,849000.0,82000.0,8.81,713000.0,136000.0,16.02,74480.0,110.1,849000.0,62,1,37500,1
5011,148,20261207,82,2,1,645000.0,599000.0,46000.0,7.13,514000.0,85000.0,14.19,253901.02,18.12,599000.0,60,6,122500,1
5012,124,20240305,19,3,1,773000.0,729000.0,44000.0,5.69,588000.0,141000.0,19.34,341784.58,12.87,729000.0,46,7,67500,1
5013,1244,20240225,31,2,1,703000.0,659000.0,44000.0,6.26,562000.0,97000.0,14.72,239665.69,18.36,659000.0,18,5,157500,1
5014,1448,20250415,35,1,1,2428000.0,2280000.0,148000.0,6.1,1987000.0,293000.0,12.85,827750.06,17.88,2280000.0,101,5,112500,1
5015,679,20250306,37,1,1,492000.0,429000.0,63000.0,12.8,345000.0,84000.0,19.58,108885.5,57.86,429000.0,105,3,109606,1
5016,1166,20260629,14,1,1,492000.0,429000.0,63000.0,12.8,345000.0,84000.0,19.58,108885.5,57.86,429000.0,105,3,109606,1
5017,1449,20261208,64,3,6,382000.0,339000.0,43000.0,11.26,275000.0,64000.0,18.88,108337.89,39.69,339000.0,61,4,45043,1
5018,11,20261220,83,3,1,916000.0,799000.0,117000.0,12.77,685000.0,114000.0,14.27,202721.79,57.71,799000.0,63,3,27500,1
5019,264,20240109,1,3,1,916000.0,799000.0,117000.0,12.77,685000.0,114000.0,14.27,202721.79,57.71,799000.0,63,3,27500,1
5020,1450,20250725,24,1,1,2724000.0,2490000.0,234000.0,8.59,2079000.0,411000.0,16.51,772545.58,30.29,2490000.0,12,4,82500,1
5021,1451,20260529,37,1,1,1175000.0,1090000.0,85000.0,7.23,907000.0,183000.0,16.79,620210.4,13.71,1090000.0,105,9,97500,1
5022,614,20260912,24,1,1,752000.0,666000.0,86000.0,11.44,540000.0,126000.0,18.92,425339.88,20.22,666000.0,78,10,182500,1
5023,899,20240321,81,2,1,752000.0,666000.0,86000.0,11.44,540000.0,126000.0,18.92,425339.88,20.22,666000.0,78,10,182500,1
5024,211,20240206,57,3,1,1288000.0,1190000.0,98000.0,7.61,1000000.0,190000.0,15.97,569493.58,17.21,1190000.0,17,7,132500,1
5025,1452,20260928,81,2,1,463000.0,429000.0,34000.0,7.34,348000.0,81000.0,18.88,330444.3,10.29,429000.0,23,15,117500,1
5026,1480,20261230,44,1,1,463000.0,429000.0,34000.0,7.34,348000.0,81000.0,18.88,330444.3,10.29,429000.0,23,15,117500,1
5027,1453,20240128,56,2,1,134000.0,125000.0,9000.0,6.72,105000.0,20000.0,16.0,88674.09,10.15,125000.0,12,13,117500,1
5028,1454,20241221,80,3,1,84000.0,79000.0,5000.0,5.95,68000.0,11000.0,13.92,71657.61,6.98,79000.0,33,23,237500,1
5029,694,20260312,1,1,1,139000.0,129000.0,10000.0,7.19,106000.0,23000.0,17.83,105317.22,9.5,129000.0,22,17,192500,1
5030,1455,20260416,5,1,1,129000.0,119000.0,10000.0,7.75,100000.0,19000.0,15.97,120766.43,8.28,119000.0,52,33,297500,1
5031,86,20240312,45,3,1,625000.0,559000.0,66000.0,10.56,492000.0,67000.0,11.99,246028.12,26.83,559000.0,38,6,237500,1
5032,614,20251123,3,3,1,507000.0,480000.0,27000.0,5.33,410000.0,70000.0,14.58,286765.05,9.42,480000.0,81,10,97500,1
5033,899,20260824,59,2,1,507000.0,480000.0,27000.0,5.33,410000.0,70000.0,14.58,286765.05,9.42,480000.0,81,10,97500,1
5034,33,20260831,56,2,1,459000.0,429000.0,30000.0,6.54,372000.0,57000.0,13.29,275566.44,10.89,429000.0,60,11,122500,1
5035,537,20260221,28,1,1,316000.0,279000.0,37000.0,11.71,232000.0,47000.0,16.85,166797.01,22.18,279000.0,51,9,77500,1
5036,296,20241122,87,3,1,606000.0,569000.0,37000.0,6.11,490000.0,79000.0,13.88,294989.36,12.54,569000.0,40,8,122500,1
5037,673,20251209,66,1,1,606000.0,569000.0,37000.0,6.11,490000.0,79000.0,13.88,294989.36,12.54,569000.0,40,8,122500,1
5038,298,20241216,29,3,1,812000.0,749000.0,63000.0,7.76,602000.0,147000.0,19.63,230288.92,27.36,749000.0,72,4,82500,1
5039,153,20240421,12,2,1,794000.0,699000.0,95000.0,11.96,566000.0,133000.0,19.03,476687.92,19.93,699000.0,35,11,202500,1
5040,853,20250702,9,2,1,794000.0,699000.0,95000.0,11.96,566000.0,133000.0,19.03,476687.92,19.93,699000.0,35,11,202500,1
5041,747,20260512,38,1,1,489000.0,459000.0,30000.0,6.13,375000.0,84000.0,18.3,138683.84,21.63,459000.0,27,4,71247,1
5042,1443,20260226,96,1,1,489000.0,459000.0,30000.0,6.13,375000.0,84000.0,18.3,138683.84,21.63,459000.0,27,4,71247,1
5043,419,20250913,74,3,1,3058000.0,2890000.0,168000.0,5.49,2405000.0,485000.0,16.78,1042528.7,16.11,2890000.0,91,5,97500,1
5044,119,20250125,50,1,1,482000.0,439000.0,43000.0,8.92,381000.0,58000.0,13.21,234628.5,18.33,439000.0,66,8,167500,1
5045,978,20261119,80,3,1,482000.0,439000.0,43000.0,8.92,381000.0,58000.0,13.21,234628.5,18.33,439000.0,66,8,167500,1
5046,462,20241016,82,3,1,193000.0,179000.0,14000.0,7.25,148000.0,31000.0,17.32,132939.78,10.53,179000.0,16,14,147500,1
5047,203,20260518,14,3,1,275000.0,249000.0,26000.0,9.45,212000.0,37000.0,14.86,181980.4,14.29,249000.0,111,13,297500,1
5048,227,20250324,17,1,1,275000.0,249000.0,26000.0,9.45,212000.0,37000.0,14.86,181980.4,14.29,249000.0,111,13,297500,1
5049,758,20250905,92,1,1,2023000.0,1790000.0,233000.0,11.52,1534000.0,256000.0,14.3,573737.04,40.61,1790000.0,57,4,28920,1
5050,164,20260116,45,1,1,871000.0,819000.0,52000.0,5.97,694000.0,125000.0,15.26,192762.75,26.98,819000.0,89,3,38210,1
5051,18,20250510,84,1,1,464000.0,419000.0,45000.0,9.7,347000.0,72000.0,17.18,205159.18,21.93,419000.0,69,7,112500,1
5052,172,20260717,85,3,1,464000.0,419000.0,45000.0,9.7,347000.0,72000.0,17.18,205159.18,21.93,419000.0,69,7,112500,1
5053,86,20261207,62,1,1,769000.0,699000.0,70000.0,9.1,591000.0,108000.0,15.45,302713.0,23.12,699000.0,42,6,62781,1
5054,1182,20250129,9,2,1,1480000.0,1390000.0,90000.0,6.08,1150000.0,240000.0,17.27,781201.18,11.52,1390000.0,12,9,72500,1
5055,64,20260413,98,3,1,851000.0,765000.0,86000.0,10.11,617000.0,148000.0,19.35,188336.51,45.66,765000.0,111,3,33245,1
5056,868,20250802,7,3,1,321000.0,298000.0,23000.0,7.17,262000.0,36000.0,12.08,202979.09,11.33,298000.0,13,12,132500,1
5057,1434,20240813,70,1,1,321000.0,298000.0,23000.0,7.17,262000.0,36000.0,12.08,202979.09,11.33,298000.0,13,12,132500,1
5058,1456,20250905,5,2,1,321000.0,298000.0,23000.0,7.17,262000.0,36000.0,12.08,202979.09,11.33,298000.0,13,12,132500,1
5059,1118,20250107,78,2,1,833000.0,758000.0,75000.0,9.0,614000.0,144000.0,19.0,327906.28,22.87,758000.0,109,6,100,1
5060,42,20250617,29,1,1,770000.0,728000.0,42000.0,5.45,587000.0,141000.0,19.37,374821.47,11.21,728000.0,13,8,120000,1
5061,99,20260211,4,3,1,656000.0,599000.0,57000.0,8.69,521000.0,78000.0,13.02,100761.6,56.57,599000.0,51,2,32500,1
5062,1255,20260712,12,2,1,290000.0,268000.0,22000.0,7.59,221000.0,47000.0,17.54,164027.35,13.41,268000.0,18,10,130000,1
5063,130,20261103,10,1,1,371000.0,328000.0,43000.0,11.59,279000.0,49000.0,14.94,180595.8,23.81,328000.0,113,8,67500,1
5064,1457,20241109,50,3,1,371000.0,328000.0,43000.0,11.59,279000.0,49000.0,14.94,180595.8,23.81,328000.0,113,8,67500,1
5065,316,20260211,4,3,1,631000.0,598000.0,33000.0,5.23,494000.0,104000.0,17.39,215119.56,15.34,598000.0,60,5,2500,1
5066,709,20260502,1,3,1,347000.0,318000.0,29000.0,8.36,264000.0,54000.0,16.98,153427.23,18.9,318000.0,26,7,112500,1
5067,1458,20260731,48,3,1,347000.0,318000.0,29000.0,8.36,264000.0,54000.0,16.98,153427.23,18.9,318000.0,26,7,112500,1
5068,1459,20260829,38,1,1,601000.0,548000.0,53000.0,8.82,450000.0,98000.0,17.88,133008.51,39.85,548000.0,26,3,8000,1
5069,17,20260812,73,2,1,593000.0,528000.0,65000.0,10.96,437000.0,91000.0,17.23,233431.48,27.85,528000.0,106,6,100,1
5070,114,20260113,21,3,1,593000.0,528000.0,65000.0,10.96,437000.0,91000.0,17.23,233431.48,27.85,528000.0,106,6,100,1
5071,1460,20240410,25,2,1,385000.0,348000.0,37000.0,9.61,290000.0,58000.0,16.67,187410.73,19.74,348000.0,29,8,80000,1
5072,624,20260704,13,2,1,757000.0,678000.0,79000.0,10.44,581000.0,97000.0,14.31,297989.26,26.51,678000.0,23,6,100,1
5073,624,20250505,56,2,1,787000.0,698000.0,89000.0,11.31,587000.0,111000.0,15.9,309798.61,28.73,698000.0,31,6,97500,1
5074,365,20240313,86,1,1,895000.0,788000.0,107000.0,11.96,690000.0,98000.0,12.44,253828.3,42.15,788000.0,61,4,99000,1
5075,369,20240309,24,1,1,895000.0,788000.0,107000.0,11.96,690000.0,98000.0,12.44,253828.3,42.15,788000.0,61,4,99000,1
5076,365,20240322,36,3,1,820000.0,758000.0,62000.0,7.56,609000.0,149000.0,19.66,232557.77,26.66,758000.0,36,4,100,1
5077,369,20240807,50,1,1,820000.0,758000.0,62000.0,7.56,609000.0,149000.0,19.66,232557.77,26.66,758000.0,36,4,100,1
5078,144,20240323,91,2,1,461000.0,418000.0,43000.0,9.33,351000.0,67000.0,16.03,260746.92,16.49,418000.0,52,10,170000,1
5079,90,20260627,36,1,1,837000.0,738000.0,99000.0,11.83,625000.0,113000.0,15.31,185238.14,53.44,738000.0,12,3,2500,1
5080,47,20260627,11,2,1,905000.0,788000.0,117000.0,12.93,688000.0,100000.0,12.69,72400.0,161.6,788000.0,97,1,17500,1
5081,1313,20251006,29,3,1,1000000.0,878000.0,122000.0,12.2,706000.0,172000.0,19.59,221312.0,55.13,878000.0,103,3,77500,1
5082,84,20260109,10,3,1,1468000.0,1350000.0,118000.0,8.04,1142000.0,208000.0,15.41,830317.75,14.21,1350000.0,17,10,137500,1
5083,202,20250404,38,3,1,907000.0,848000.0,59000.0,6.5,736000.0,112000.0,13.21,357036.01,16.52,848000.0,95,6,37500,1
5084,272,20241206,81,1,1,907000.0,848000.0,59000.0,6.5,736000.0,112000.0,13.21,357036.01,16.52,848000.0,95,6,37500,1
5085,1461,20260822,36,2,1,1308000.0,1190000.0,118000.0,9.02,975000.0,215000.0,18.07,578336.65,20.4,1190000.0,98,7,90000,1
5086,1462,20251202,76,2,1,166000.0,148000.0,18000.0,10.84,129000.0,19000.0,12.84,122276.66,14.72,148000.0,19,16,157500,1
5087,585,20250425,20,1,1,591000.0,538000.0,53000.0,8.97,431000.0,107000.0,19.89,311952.63,16.99,538000.0,38,9,140000,1
5088,1005,20260115,34,1,1,591000.0,538000.0,53000.0,8.97,431000.0,107000.0,19.89,311952.63,16.99,538000.0,38,9,140000,1
5089,739,20260615,60,2,1,734000.0,668000.0,66000.0,8.99,574000.0,94000.0,14.07,288935.43,22.84,668000.0,49,6,107500,1
5090,701,20240315,36,1,1,440000.0,388000.0,52000.0,11.82,339000.0,49000.0,12.63,124787.1,41.67,388000.0,74,4,2500,1
5091,1282,20260928,90,1,1,432000.0,398000.0,34000.0,7.87,339000.0,59000.0,14.82,191010.27,17.8,398000.0,30,7,117500,1
5092,1342,20240611,44,1,1,432000.0,398000.0,34000.0,7.87,339000.0,59000.0,14.82,191010.27,17.8,398000.0,30,7,117500,1
5093,146,20240512,59,3,1,1193000.0,1050000.0,143000.0,11.99,877000.0,173000.0,16.48,406715.74,35.16,1050000.0,112,5,2500,1
5094,341,20240804,47,2,1,1193000.0,1050000.0,143000.0,11.99,877000.0,173000.0,16.48,406715.74,35.16,1050000.0,112,5,2500,1
5095,347,20250403,20,2,1,870000.0,798000.0,72000.0,8.28,641000.0,157000.0,19.67,296599.07,24.28,798000.0,33,5,52500,1
5096,143,20250502,95,3,1,561000.0,518000.0,43000.0,7.66,453000.0,65000.0,12.55,159103.55,27.03,518000.0,82,4,90000,1
5097,350,20240101,38,3,1,561000.0,518000.0,43000.0,7.66,453000.0,65000.0,12.55,159103.55,27.03,518000.0,82,4,90000,1
5098,202,20250305,11,3,1,929000.0,848000.0,81000.0,8.72,710000.0,138000.0,16.27,365696.2,22.15,848000.0,69,6,2500,1
5099,272,20240925,68,3,1,929000.0,848000.0,81000.0,8.72,710000.0,138000.0,16.27,365696.2,22.15,848000.0,69,6,2500,1
5100,263,20240403,81,3,1,854000.0,758000.0,96000.0,11.24,608000.0,150000.0,19.79,131174.4,73.19,758000.0,117,2,47500,1
5101,629,20260209,67,3,1,854000.0,758000.0,96000.0,11.24,608000.0,150000.0,19.79,131174.4,73.19,758000.0,117,2,47500,1
5102,120,20261027,40,1,1,529000.0,498000.0,31000.0,5.86,426000.0,72000.0,14.46,117074.05,26.48,498000.0,35,3,2500,1
5103,1463,20241214,34,3,1,529000.0,498000.0,31000.0,5.86,426000.0,72000.0,14.46,117074.05,26.48,498000.0,35,3,2500,1
5104,1464,20240922,24,2,1,725000.0,678000.0,47000.0,6.48,569000.0,109000.0,16.08,320561.21,14.66,678000.0,18,7,102500,1
5105,1314,20251101,79,2,1,456000.0,398000.0,58000.0,12.72,322000.0,76000.0,19.1,155458.83,37.31,398000.0,29,5,47500,1
5106,1465,20261229,57,2,1,307000.0,288000.0,19000.0,6.19,235000.0,53000.0,18.4,149441.81,12.71,288000.0,65,8,117500,1
5107,1466,20260621,66,2,1,3098000.0,2799000.0,299000.0,9.65,2254000.0,545000.0,19.47,247840.0,120.64,2799000.0,108,1,22600,1
5108,162,20261229,30,1,1,243000.0,219000.0,24000.0,9.88,185000.0,34000.0,15.53,145888.12,16.45,219000.0,45,11,297500,1
5109,1170,20240526,82,2,1,243000.0,219000.0,24000.0,9.88,185000.0,34000.0,15.53,145888.12,16.45,219000.0,45,11,297500,1
5110,1467,20250105,53,1,1,581000.0,529000.0,52000.0,8.95,450000.0,79000.0,14.93,198073.64,26.25,529000.0,115,5,97500,1
5111,238,20250305,39,1,1,668000.0,599000.0,69000.0,10.33,503000.0,96000.0,16.03,227733.54,30.3,599000.0,45,5,97500,1
5112,94,20260720,39,1,1,675000.0,629000.0,46000.0,6.81,544000.0,85000.0,13.51,149385.6,30.79,629000.0,82,3,72500,1
5113,59,20260614,73,2,1,773000.0,699000.0,74000.0,9.57,607000.0,92000.0,13.16,341784.58,21.65,699000.0,31,7,97500,1
5114,767,20241103,53,1,1,553000.0,509000.0,44000.0,7.96,432000.0,77000.0,15.13,84940.8,51.8,509000.0,10,2,97500,1
5115,7,20261217,73,2,1,736000.0,659000.0,77000.0,10.46,528000.0,131000.0,19.88,250916.0,30.69,659000.0,78,5,97500,1
5116,750,20251216,56,1,1,1330000.0,1250000.0,80000.0,6.02,1070000.0,180000.0,14.4,453421.57,17.64,1250000.0,82,5,152500,1
5117,811,20260713,24,2,1,1330000.0,1250000.0,80000.0,6.02,1070000.0,180000.0,14.4,453421.57,17.64,1250000.0,82,5,152500,1
5118,1468,20261029,48,1,1,508000.0,459000.0,49000.0,9.65,383000.0,76000.0,16.56,144072.38,34.01,459000.0,46,4,52500,1
5119,829,20240126,53,1,1,352000.0,329000.0,23000.0,6.53,278000.0,51000.0,15.5,120003.3,19.17,329000.0,111,5,202500,1
5120,930,20261231,37,2,1,352000.0,329000.0,23000.0,6.53,278000.0,51000.0,15.5,120003.3,19.17,329000.0,111,5,202500,1
5121,648,20240315,84,3,1,387000.0,359000.0,28000.0,7.24,306000.0,53000.0,14.76,85647.74,32.69,359000.0,92,3,37500,1
5122,1469,20251215,44,1,1,567000.0,529000.0,38000.0,6.7,438000.0,91000.0,17.2,250700.98,15.16,529000.0,81,7,97500,1
5123,238,20250108,37,2,1,576000.0,539000.0,37000.0,6.42,471000.0,68000.0,12.62,196369.04,18.84,539000.0,115,5,97500,1
5124,107,20251101,52,1,1,339000.0,299000.0,40000.0,11.8,242000.0,57000.0,19.06,115571.36,34.61,299000.0,116,5,97500,1
5125,1039,20250512,87,1,1,339000.0,299000.0,40000.0,11.8,242000.0,57000.0,19.06,115571.36,34.61,299000.0,116,5,97500,1
5126,121,20251217,91,3,1,420000.0,389000.0,31000.0,7.38,332000.0,57000.0,14.65,143185.76,21.65,389000.0,105,5,92500,1
5127,98,20241025,11,1,13,1084000.0,949000.0,135000.0,12.45,760000.0,189000.0,19.92,369555.63,36.53,949000.0,22,5,54473,1
5128,1387,20251017,54,2,1,721000.0,629000.0,92000.0,12.76,550000.0,79000.0,12.56,245802.22,37.43,629000.0,93,5,58000,1
5129,657,20251215,93,1,1,652000.0,589000.0,63000.0,9.66,477000.0,112000.0,19.02,184911.79,34.07,589000.0,109,4,92500,1
5130,1470,20250430,93,2,1,456000.0,428000.0,28000.0,6.14,346000.0,82000.0,19.16,301756.6,9.28,428000.0,52,13,167500,1
5131,224,20260326,55,3,1,423000.0,389000.0,34000.0,8.04,322000.0,67000.0,17.22,166511.83,20.42,389000.0,117,6,130000,1
5132,843,20260124,75,2,1,423000.0,389000.0,34000.0,8.04,322000.0,67000.0,17.22,166511.83,20.42,389000.0,117,6,130000,1
5133,391,20240831,43,2,1,1220000.0,1080000.0,140000.0,11.48,896000.0,184000.0,17.04,415920.54,33.66,1080000.0,46,5,17500,1
5134,436,20261004,75,1,1,1220000.0,1080000.0,140000.0,11.48,896000.0,184000.0,17.04,415920.54,33.66,1080000.0,46,5,17500,1
5135,1471,20250129,96,2,1,401000.0,369000.0,32000.0,7.98,302000.0,67000.0,18.16,113726.42,28.14,369000.0,103,4,92500,1
5136,179,20250905,48,1,1,683000.0,645000.0,38000.0,5.56,546000.0,99000.0,15.35,301990.77,12.58,645000.0,83,7,137500,1
5137,97,20251211,48,2,1,1869000.0,1690000.0,179000.0,9.58,1412000.0,278000.0,16.45,287078.4,62.35,1690000.0,104,2,32500,1
5138,808,20260308,50,3,1,1872000.0,1650000.0,222000.0,11.86,1325000.0,325000.0,19.7,414296.06,53.58,1650000.0,34,3,82500,1
5139,808,20240911,89,2,1,1919000.0,1699000.0,220000.0,11.46,1403000.0,296000.0,17.42,424697.73,51.8,1699000.0,102,3,62500,1
5140,808,20261108,83,2,1,1697000.0,1590000.0,107000.0,6.31,1375000.0,215000.0,13.52,375566.46,28.49,1590000.0,97,3,62500,1
5141,1272,20260428,25,3,1,1776000.0,1590000.0,186000.0,10.47,1360000.0,230000.0,14.47,699113.52,26.61,1590000.0,112,6,47500,1
5142,1472,20240126,60,1,1,1776000.0,1590000.0,186000.0,10.47,1360000.0,230000.0,14.47,699113.52,26.61,1590000.0,112,6,47500,1
5143,682,20260116,83,3,1,1705000.0,1590000.0,115000.0,6.74,1364000.0,226000.0,14.21,581266.0,19.78,1590000.0,30,5,32500,1
5144,704,20250401,19,1,1,1821000.0,1699000.0,122000.0,6.7,1454000.0,245000.0,14.42,516448.42,23.62,1699000.0,50,4,87500,1
5145,1286,20260228,89,2,1,3525000.0,3099000.0,426000.0,12.09,2556000.0,543000.0,17.52,780124.8,54.61,3099000.0,82,3,42500,1
5146,1473,20260515,71,2,1,2149000.0,1999000.0,150000.0,6.98,1615000.0,384000.0,19.21,609471.53,24.61,1999000.0,51,4,62500,1
5147,1474,20250411,16,1,1,3100000.0,2880000.0,220000.0,7.1,2367000.0,513000.0,17.81,1056847.28,20.82,2880000.0,51,5,82500,1
5148,1244,20260924,27,1,4,692000.0,659000.0,33000.0,4.77,571000.0,88000.0,13.35,235915.59,13.99,659000.0,11,5,158321,1
5149,99,20240225,33,3,5,590000.0,519000.0,71000.0,12.03,456000.0,63000.0,12.14,90624.0,78.35,519000.0,77,2,57500,1
5150,638,20260816,13,2,5,383000.0,339000.0,44000.0,11.49,285000.0,54000.0,15.93,150766.03,29.18,339000.0,17,6,122500,1
5151,1249,20250530,79,2,5,383000.0,339000.0,44000.0,11.49,285000.0,54000.0,15.93,150766.03,29.18,339000.0,17,6,122500,1
5152,638,20250121,18,1,4,444000.0,399000.0,45000.0,10.14,320000.0,79000.0,19.8,174778.38,25.75,399000.0,105,6,66041,1
5153,1249,20240805,5,3,4,444000.0,399000.0,45000.0,10.14,320000.0,79000.0,19.8,174778.38,25.75,399000.0,105,6,66041,1
5154,240,20260125,51,1,1,393000.0,349000.0,44000.0,11.2,283000.0,66000.0,18.91,133980.96,32.84,349000.0,70,5,52500,1
5155,410,20250307,71,1,1,393000.0,349000.0,44000.0,11.2,283000.0,66000.0,18.91,133980.96,32.84,349000.0,70,5,52500,1
5156,118,20260703,50,2,5,393000.0,369000.0,24000.0,6.11,305000.0,64000.0,17.34,154702.48,15.51,369000.0,23,6,82500,1
5157,651,20260716,34,1,5,393000.0,369000.0,24000.0,6.11,305000.0,64000.0,17.34,154702.48,15.51,369000.0,23,6,82500,1
5158,148,20240512,14,2,1,656000.0,599000.0,57000.0,8.69,507000.0,92000.0,15.36,258231.12,22.07,599000.0,86,6,123910,1
5159,463,20260429,32,1,1,216000.0,199000.0,17000.0,7.87,160000.0,39000.0,19.6,105144.72,16.17,199000.0,30,8,92500,1
5160,118,20260313,20,1,1,347000.0,328000.0,19000.0,5.48,287000.0,41000.0,12.5,136594.81,13.91,328000.0,33,6,72500,1
5161,651,20240412,86,1,1,347000.0,328000.0,19000.0,5.48,287000.0,41000.0,12.5,136594.81,13.91,328000.0,33,6,72500,1
5162,71,20260807,32,1,1,535000.0,487000.0,48000.0,8.97,404000.0,83000.0,17.04,260427.9,18.43,487000.0,59,8,207500,1
5163,1130,20240324,40,2,1,535000.0,487000.0,48000.0,8.97,404000.0,83000.0,17.04,260427.9,18.43,487000.0,59,8,207500,1
5164,2,20240114,40,3,1,477000.0,418000.0,59000.0,12.37,365000.0,53000.0,12.68,105565.82,55.89,418000.0,91,3,62500,1
5165,232,20260505,21,3,1,367000.0,348000.0,19000.0,5.18,300000.0,48000.0,13.79,220333.08,8.62,348000.0,54,11,167500,1
5166,1081,20250927,35,1,1,367000.0,348000.0,19000.0,5.18,300000.0,48000.0,13.79,220333.08,8.62,348000.0,54,11,167500,1
5167,280,20260115,12,1,1,581000.0,538000.0,43000.0,7.4,463000.0,75000.0,13.94,128582.27,33.44,538000.0,73,3,82500,1
5168,582,20240424,36,2,1,581000.0,538000.0,43000.0,7.4,463000.0,75000.0,13.94,128582.27,33.44,538000.0,73,3,82500,1
5169,40,20250522,13,2,1,404000.0,377000.0,27000.0,6.68,320000.0,57000.0,15.12,178629.97,15.12,377000.0,73,7,267500,1
5170,986,20260622,49,2,1,404000.0,377000.0,27000.0,6.68,320000.0,57000.0,15.12,178629.97,15.12,377000.0,73,7,267500,1
5171,27,20240417,51,2,1,395000.0,368000.0,27000.0,6.84,313000.0,55000.0,14.95,155489.77,17.36,368000.0,113,6,177500,1
5172,168,20250221,80,3,1,395000.0,368000.0,27000.0,6.84,313000.0,55000.0,14.95,155489.77,17.36,368000.0,113,6,177500,1
5173,48,20240126,26,1,1,799000.0,700000.0,99000.0,12.39,596000.0,104000.0,14.86,122726.4,80.67,700000.0,35,2,17500,1
5174,1475,20241113,93,1,1,1754000.0,1599000.0,155000.0,8.84,1360000.0,239000.0,14.95,597971.01,25.92,1599000.0,41,5,67500,1
5175,140,20240525,12,1,9,466000.0,425000.0,41000.0,8.8,359000.0,66000.0,15.53,206043.48,19.9,425000.0,117,7,82500,1
5176,834,20240920,96,1,9,466000.0,425000.0,41000.0,8.8,359000.0,66000.0,15.53,206043.48,19.9,425000.0,117,7,82500,1
5177,245,20240905,76,3,9,614000.0,545000.0,69000.0,11.24,479000.0,66000.0,12.11,209323.94,32.96,545000.0,66,5,2500,1
5178,275,20260925,47,3,9,614000.0,545000.0,69000.0,11.24,479000.0,66000.0,12.11,209323.94,32.96,545000.0,66,5,2500,1
5179,210,20240416,43,1,9,842000.0,790000.0,52000.0,6.18,678000.0,112000.0,14.18,287053.36,18.12,790000.0,62,5,2500,1
5180,823,20260924,60,1,9,842000.0,790000.0,52000.0,6.18,678000.0,112000.0,14.18,287053.36,18.12,790000.0,62,5,2500,1
5181,126,20260317,79,2,9,939000.0,855000.0,84000.0,8.95,737000.0,118000.0,13.8,495640.48,16.95,855000.0,42,9,2500,1
5182,1256,20260726,34,2,1,141000.0,129000.0,12000.0,8.51,112000.0,17000.0,13.18,93306.32,12.86,129000.0,61,13,2500,1
5183,592,20261219,79,1,1,483000.0,435000.0,48000.0,9.94,356000.0,79000.0,18.16,213560.09,22.48,435000.0,104,7,102500,1
5184,1476,20240424,31,3,1,596000.0,518000.0,78000.0,13.09,418000.0,100000.0,19.31,357816.12,21.8,518000.0,27,11,147500,1
5185,670,20250105,99,1,1,561000.0,498000.0,63000.0,11.23,418000.0,80000.0,16.06,317308.08,19.85,498000.0,44,10,147500,1
5186,1386,20260708,23,3,1,561000.0,498000.0,63000.0,11.23,418000.0,80000.0,16.06,317308.08,19.85,498000.0,44,10,147500,1
5187,397,20250711,28,2,1,238000.0,218000.0,20000.0,8.4,183000.0,35000.0,16.06,150495.4,13.29,218000.0,21,12,207500,1
5188,1151,20260214,42,2,1,238000.0,218000.0,20000.0,8.4,183000.0,35000.0,16.06,150495.4,13.29,218000.0,21,12,207500,1
5189,937,20260710,63,3,1,338000.0,298000.0,40000.0,11.83,258000.0,40000.0,13.42,223670.46,17.88,298000.0,60,13,222500,1
5190,956,20250630,60,3,1,338000.0,298000.0,40000.0,11.83,258000.0,40000.0,13.42,223670.46,17.88,298000.0,60,13,222500,1
5191,153,20251114,54,3,1,510000.0,478000.0,32000.0,6.27,399000.0,79000.0,16.53,306184.94,10.45,478000.0,98,11,187500,1
5192,853,20250619,27,1,1,510000.0,478000.0,32000.0,6.27,399000.0,79000.0,16.53,306184.94,10.45,478000.0,98,11,187500,1
5193,130,20260810,48,2,1,240000.0,228000.0,12000.0,5.0,193000.0,35000.0,15.35,116827.47,10.27,228000.0,118,8,17500,1
5194,1457,20260924,68,3,1,240000.0,228000.0,12000.0,5.0,193000.0,35000.0,15.35,116827.47,10.27,228000.0,118,8,17500,1
5195,1103,20260124,43,1,1,212000.0,198000.0,14000.0,6.6,167000.0,31000.0,15.66,146027.12,9.59,198000.0,104,14,227500,1
5196,2270,20240616,2,3,1,212000.0,198000.0,14000.0,6.6,167000.0,31000.0,15.66,146027.12,9.59,198000.0,104,14,227500,1
5197,203,20250906,78,2,1,301000.0,278000.0,23000.0,7.64,223000.0,55000.0,19.78,199185.82,11.55,278000.0,19,13,2500,1
5198,227,20261102,74,1,1,301000.0,278000.0,23000.0,7.64,223000.0,55000.0,19.78,199185.82,11.55,278000.0,19,13,2500,1
5199,650,20241219,20,3,1,317000.0,288000.0,29000.0,9.15,245000.0,43000.0,14.93,200449.76,14.47,288000.0,61,12,137500,1
5200,1000,20240628,54,3,1,317000.0,288000.0,29000.0,9.15,245000.0,43000.0,14.93,200449.76,14.47,288000.0,61,12,137500,1
5201,1477,20260127,87,3,1,544000.0,489000.0,55000.0,10.11,424000.0,65000.0,13.29,240531.45,22.87,489000.0,43,7,137500,1
5202,21,20240501,3,1,1,1026000.0,899000.0,127000.0,12.38,731000.0,168000.0,18.69,157593.6,80.59,899000.0,76,2,2500,1
5203,4,20240502,20,1,1,461000.0,419000.0,42000.0,9.11,355000.0,64000.0,15.27,130742.85,32.12,419000.0,119,4,2500,1
5204,69,20240909,23,3,1,461000.0,419000.0,42000.0,9.11,355000.0,64000.0,15.27,130742.85,32.12,419000.0,119,4,2500,1
5205,1471,20250913,59,1,1,428000.0,389000.0,39000.0,9.11,330000.0,59000.0,15.17,121383.81,32.13,389000.0,48,4,2500,1
5206,1478,20260907,67,2,1,315000.0,299000.0,16000.0,5.08,243000.0,56000.0,18.73,123998.17,12.9,299000.0,17,6,2500,1
5207,1023,20250419,2,2,1,768000.0,729000.0,39000.0,5.08,590000.0,139000.0,19.07,217810.21,17.91,729000.0,105,4,27500,1
5208,4,20260214,33,2,1,463000.0,419000.0,44000.0,9.5,368000.0,51000.0,12.17,131310.06,33.51,419000.0,116,4,2500,1
5209,69,20240912,49,1,1,463000.0,419000.0,44000.0,9.5,368000.0,51000.0,12.17,131310.06,33.51,419000.0,116,4,2500,1
5210,267,20260328,21,3,1,404000.0,369000.0,35000.0,8.66,307000.0,62000.0,16.8,178629.97,19.59,369000.0,38,7,2500,1
5211,1205,20240201,62,1,1,404000.0,369000.0,35000.0,8.66,307000.0,62000.0,16.8,178629.97,19.59,369000.0,38,7,2500,1
5212,995,20251006,25,2,1,316000.0,279000.0,37000.0,11.71,228000.0,51000.0,18.28,209112.03,17.69,279000.0,31,13,2500,1
5213,617,20260220,58,1,1,425000.0,399000.0,26000.0,6.12,325000.0,74000.0,18.55,240384.91,10.82,399000.0,93,10,2500,1
5214,1409,20250528,16,2,1,425000.0,399000.0,26000.0,6.12,325000.0,74000.0,18.55,240384.91,10.82,399000.0,93,10,2500,1
5215,175,20261113,29,2,1,504000.0,479000.0,25000.0,4.96,409000.0,70000.0,14.61,198397.08,12.6,479000.0,79,6,2500,1
5216,715,20240113,23,1,1,504000.0,479000.0,25000.0,4.96,409000.0,70000.0,14.61,198397.08,12.6,479000.0,79,6,2500,1
5217,4,20250129,97,1,1,437000.0,399000.0,38000.0,8.7,339000.0,60000.0,15.04,123936.28,30.66,399000.0,70,4,2500,1
5218,69,20240820,87,2,1,437000.0,399000.0,38000.0,8.7,339000.0,60000.0,15.04,123936.28,30.66,399000.0,70,4,2500,1
5219,38,20241001,80,2,1,1170000.0,1090000.0,80000.0,6.84,928000.0,162000.0,14.86,331820.24,24.11,1090000.0,52,4,2500,1
5220,340,20240916,77,3,1,1170000.0,1090000.0,80000.0,6.84,928000.0,162000.0,14.86,331820.24,24.11,1090000.0,52,4,2500,1
5221,1059,20250918,65,1,1,1265000.0,1199000.0,66000.0,5.22,968000.0,231000.0,19.27,559324.05,11.8,1199000.0,58,7,2500,1
5222,130,20240128,15,3,1,241000.0,215000.0,26000.0,10.79,187000.0,28000.0,13.02,117314.25,22.16,215000.0,38,8,12500,1
5223,1457,20260828,61,2,1,241000.0,215000.0,26000.0,10.79,187000.0,28000.0,13.02,117314.25,22.16,215000.0,38,8,12500,1
5224,203,20250714,34,1,1,281000.0,265000.0,16000.0,5.69,220000.0,45000.0,16.98,185950.89,8.6,265000.0,115,13,22500,1
5225,227,20260715,33,2,1,281000.0,265000.0,16000.0,5.69,220000.0,45000.0,16.98,185950.89,8.6,265000.0,115,13,22500,1
5226,8,20250922,90,1,1,217000.0,195000.0,22000.0,10.14,161000.0,34000.0,17.44,137216.39,16.03,195000.0,90,12,142500,1
5227,1113,20251125,21,2,1,350000.0,325000.0,25000.0,7.14,272000.0,53000.0,16.31,210126.92,11.9,325000.0,40,11,82500,1
5228,496,20250125,16,2,1,682000.0,639000.0,43000.0,6.3,531000.0,108000.0,16.9,193420.0,22.23,639000.0,62,4,187500,1
5229,1292,20251017,18,3,1,467000.0,429000.0,38000.0,8.14,373000.0,56000.0,13.05,343995.18,11.05,429000.0,43,16,187500,1
5230,1479,20240624,11,3,1,467000.0,429000.0,38000.0,8.14,373000.0,56000.0,13.05,343995.18,11.05,429000.0,43,16,187500,1
5231,1441,20241109,13,2,1,643000.0,569000.0,74000.0,11.51,497000.0,72000.0,12.65,142303.62,52.0,569000.0,47,3,51000,1
5232,365,20260125,12,3,1,761000.0,699000.0,62000.0,8.15,576000.0,123000.0,17.6,215824.96,28.73,699000.0,66,4,82500,1
5233,369,20240421,96,1,1,761000.0,699000.0,62000.0,8.15,576000.0,123000.0,17.6,215824.96,28.73,699000.0,66,4,82500,1
5234,1452,20240925,31,1,1,618000.0,549000.0,69000.0,11.17,477000.0,72000.0,13.11,441068.2,15.64,549000.0,110,15,117500,1
5235,1480,20250702,15,3,1,618000.0,549000.0,69000.0,11.17,477000.0,72000.0,13.11,441068.2,15.64,549000.0,110,15,117500,1
5236,1438,20260707,48,2,1,275000.0,259000.0,16000.0,5.82,223000.0,36000.0,13.9,196268.21,8.15,259000.0,13,15,132500,1
5237,1470,20240323,97,2,1,479000.0,425000.0,54000.0,11.27,372000.0,53000.0,12.47,316976.78,17.04,425000.0,11,13,227500,1
5238,517,20240221,51,2,1,418000.0,389000.0,29000.0,6.94,319000.0,70000.0,17.99,164543.61,17.62,389000.0,21,6,87500,1
5239,16,20261026,15,1,1,971000.0,869000.0,102000.0,10.5,735000.0,134000.0,15.42,77680.0,131.31,869000.0,44,1,17214,1
5240,438,20251013,6,2,5,928000.0,839000.0,89000.0,9.59,690000.0,149000.0,17.76,263187.33,33.82,839000.0,79,4,77500,1
5241,569,20251012,17,2,5,928000.0,839000.0,89000.0,9.59,690000.0,149000.0,17.76,263187.33,33.82,839000.0,79,4,77500,1
5242,4,20260626,28,2,1,627000.0,549000.0,78000.0,12.44,475000.0,74000.0,13.48,177821.61,43.86,549000.0,119,4,141654,1
5243,69,20240718,83,2,1,627000.0,549000.0,78000.0,12.44,475000.0,74000.0,13.48,177821.61,43.86,549000.0,119,4,141654,1
5244,142,20250605,60,3,2,434000.0,399000.0,35000.0,8.06,319000.0,80000.0,20.05,123085.46,28.44,399000.0,81,4,38361,1
5245,174,20241011,88,3,5,876000.0,829000.0,47000.0,5.37,701000.0,128000.0,15.44,387326.38,12.13,829000.0,30,7,142500,1
5246,102,20260426,75,1,1,704000.0,669000.0,35000.0,4.97,553000.0,116000.0,17.34,311275.99,11.24,669000.0,119,7,137500,1
5247,57,20240504,82,1,1,436000.0,385000.0,51000.0,11.7,318000.0,67000.0,17.4,123652.67,41.24,385000.0,70,4,67500,1
5248,1481,20260723,94,1,1,330000.0,299000.0,31000.0,9.39,255000.0,44000.0,14.72,198119.67,15.65,299000.0,44,11,83000,1
5249,238,20250601,2,1,1,664000.0,589000.0,75000.0,11.3,511000.0,78000.0,13.24,226369.87,33.13,589000.0,57,5,197500,1
5250,435,20250710,16,1,1,804000.0,749000.0,55000.0,6.84,636000.0,113000.0,15.09,391372.03,14.05,749000.0,24,8,137500,1
5251,708,20260915,72,1,1,357000.0,329000.0,28000.0,7.84,286000.0,43000.0,13.07,214329.46,13.06,329000.0,80,11,97500,1
5252,1289,20241212,17,2,1,357000.0,329000.0,28000.0,7.84,286000.0,43000.0,13.07,214329.46,13.06,329000.0,80,11,97500,1
5253,98,20250629,76,3,1,947000.0,899000.0,48000.0,5.07,738000.0,161000.0,17.91,322849.8,14.87,899000.0,24,5,52500,1
5254,731,20260404,79,2,1,1260000.0,1099000.0,161000.0,12.78,925000.0,174000.0,15.83,193536.0,83.19,1099000.0,118,2,47500,1
5255,507,20250915,8,1,1,513000.0,459000.0,54000.0,10.53,384000.0,75000.0,16.34,249718.72,21.62,459000.0,15,8,147500,1
5256,162,20260627,17,1,1,342000.0,299000.0,43000.0,12.57,239000.0,60000.0,20.07,205324.02,20.94,299000.0,90,11,127500,1
5257,1170,20240615,87,1,1,342000.0,299000.0,43000.0,12.57,239000.0,60000.0,20.07,205324.02,20.94,299000.0,90,11,127500,1
5258,775,20240118,79,3,1,569000.0,529000.0,40000.0,7.03,447000.0,82000.0,15.5,193982.61,20.62,529000.0,77,5,112500,1
5259,805,20250201,84,2,1,569000.0,529000.0,40000.0,7.03,447000.0,82000.0,15.5,193982.61,20.62,529000.0,77,5,112500,1
5260,48,20260206,74,3,1,843000.0,759000.0,84000.0,9.96,647000.0,112000.0,14.76,129484.8,64.87,759000.0,31,2,37500,1
5261,1338,20260314,71,3,1,534000.0,478000.0,56000.0,10.49,405000.0,73000.0,15.27,281865.83,19.87,478000.0,41,9,177500,1
5262,1482,20240419,4,1,1,534000.0,478000.0,56000.0,10.49,405000.0,73000.0,15.27,281865.83,19.87,478000.0,41,9,177500,1
5263,1483,20260510,13,1,1,712000.0,658000.0,54000.0,7.58,565000.0,93000.0,14.13,450221.53,11.99,658000.0,31,12,147500,1
5264,1188,20250216,88,1,1,747000.0,658000.0,89000.0,11.91,556000.0,102000.0,15.5,422511.82,21.06,658000.0,36,10,152500,1
5265,917,20260820,32,3,1,730000.0,638000.0,92000.0,12.6,514000.0,124000.0,19.44,355350.22,25.89,638000.0,119,8,82500,1
5266,183,20260518,66,2,1,499000.0,438000.0,61000.0,12.22,354000.0,84000.0,19.18,263391.48,23.16,438000.0,24,9,202500,1
5267,639,20251023,21,1,1,499000.0,438000.0,61000.0,12.22,354000.0,84000.0,19.18,263391.48,23.16,438000.0,24,9,202500,1
5268,246,20260612,99,3,1,481000.0,428000.0,53000.0,11.02,363000.0,65000.0,15.19,234141.72,22.64,428000.0,53,8,112500,1
5269,430,20241207,8,1,1,481000.0,428000.0,53000.0,11.02,363000.0,65000.0,15.19,234141.72,22.64,428000.0,53,8,112500,1
5270,831,20261113,24,2,1,752000.0,698000.0,54000.0,7.18,574000.0,124000.0,17.77,475514.88,11.36,698000.0,95,12,157500,1
5271,173,20260224,38,2,1,429000.0,398000.0,31000.0,7.23,321000.0,77000.0,19.35,121667.42,25.48,398000.0,101,4,97500,1
5272,64,20240629,73,2,1,789000.0,688000.0,101000.0,12.8,574000.0,114000.0,16.57,174615.17,57.84,688000.0,115,3,77500,1
5273,435,20240303,80,3,1,734000.0,698000.0,36000.0,4.9,589000.0,109000.0,15.62,357297.35,10.08,698000.0,111,8,102500,1
5274,221,20260916,16,2,4,257000.0,229000.0,28000.0,10.89,189000.0,40000.0,17.47,162509.74,17.23,229000.0,18,12,207500,1
5275,592,20260402,68,1,4,412000.0,368000.0,44000.0,10.68,316000.0,52000.0,14.13,182167.2,24.15,368000.0,43,7,82500,1
5276,238,20260924,44,1,1,655000.0,589000.0,66000.0,10.08,502000.0,87000.0,14.77,223301.6,29.56,589000.0,109,5,122500,1
5277,245,20241103,82,3,1,677000.0,589000.0,88000.0,13.0,487000.0,102000.0,17.32,230801.81,38.13,589000.0,82,5,62500,1
5278,275,20260708,93,2,1,677000.0,589000.0,88000.0,13.0,487000.0,102000.0,17.32,230801.81,38.13,589000.0,82,5,62500,1
5279,1484,20250910,47,2,1,356000.0,329000.0,27000.0,7.58,283000.0,46000.0,13.98,245215.35,11.01,329000.0,24,14,187500,1
5280,293,20251110,58,1,1,736000.0,679000.0,57000.0,7.74,578000.0,101000.0,14.87,388489.24,14.67,679000.0,71,9,52500,1
5281,720,20261104,57,1,1,295000.0,279000.0,16000.0,5.42,237000.0,42000.0,15.05,195215.34,8.2,279000.0,54,13,287500,1
5282,1485,20250922,89,2,1,295000.0,279000.0,16000.0,5.42,237000.0,42000.0,15.05,195215.34,8.2,279000.0,54,13,287500,1
5283,868,20251203,72,3,1,524000.0,479000.0,45000.0,8.59,404000.0,75000.0,15.66,331342.81,13.58,479000.0,93,12,92500,1
5284,1434,20250909,95,3,1,524000.0,479000.0,45000.0,8.59,404000.0,75000.0,15.66,331342.81,13.58,479000.0,93,12,92500,1
5285,1456,20240615,64,3,1,524000.0,479000.0,45000.0,8.59,404000.0,75000.0,15.66,331342.81,13.58,479000.0,93,12,92500,1
5286,85,20250227,92,2,1,817000.0,759000.0,58000.0,7.1,608000.0,151000.0,19.89,278530.4,20.82,759000.0,81,5,82500,1
5287,366,20250626,4,2,1,817000.0,759000.0,58000.0,7.1,608000.0,151000.0,19.89,278530.4,20.82,759000.0,81,5,82500,1
5288,45,20260722,62,2,1,747000.0,689000.0,58000.0,7.76,590000.0,99000.0,14.37,330288.59,17.56,689000.0,67,7,102500,1
5289,1486,20250307,62,3,1,1529000.0,1349000.0,180000.0,11.77,1120000.0,229000.0,16.98,807065.28,22.3,1349000.0,101,9,187500,1
5290,179,20240115,42,2,1,696000.0,609000.0,87000.0,12.5,533000.0,76000.0,12.48,307738.77,28.27,609000.0,28,7,77500,1
5291,567,20240304,68,2,1,384000.0,359000.0,25000.0,6.51,311000.0,48000.0,13.37,217194.83,11.51,359000.0,25,10,297500,1
5292,365,20241125,64,2,1,1293000.0,1189000.0,104000.0,8.04,1007000.0,182000.0,15.31,366703.9,28.36,1189000.0,84,4,42500,1
5293,369,20260119,100,2,1,1293000.0,1189000.0,104000.0,8.04,1007000.0,182000.0,15.31,366703.9,28.36,1189000.0,84,4,42500,1
5294,789,20260902,13,1,1,799000.0,699000.0,100000.0,12.52,573000.0,126000.0,18.03,388938.12,25.71,699000.0,115,8,102500,1
5295,663,20240418,41,3,1,421000.0,399000.0,22000.0,5.23,326000.0,73000.0,18.3,252752.66,8.7,399000.0,17,11,170000,1
5296,1323,20251010,29,1,1,400000.0,378000.0,22000.0,5.5,313000.0,65000.0,17.2,176861.36,12.44,378000.0,42,7,115384,1
5297,438,20251118,58,3,1,581000.0,545000.0,36000.0,6.2,457000.0,88000.0,16.15,164775.69,21.85,545000.0,83,4,77500,1
5298,569,20260309,43,3,1,581000.0,545000.0,36000.0,6.2,457000.0,88000.0,16.15,164775.69,21.85,545000.0,83,4,77500,1
5299,323,20260929,97,2,1,841000.0,758000.0,83000.0,9.87,624000.0,134000.0,17.68,371851.01,22.32,758000.0,27,7,63392,1
5300,390,20260123,66,1,1,957000.0,899000.0,58000.0,6.06,756000.0,143000.0,15.91,271411.94,21.37,899000.0,44,4,87500,1
5301,707,20260205,67,2,1,957000.0,899000.0,58000.0,6.06,756000.0,143000.0,15.91,271411.94,21.37,899000.0,44,4,87500,1
5302,437,20250624,83,1,1,1015000.0,885000.0,130000.0,12.81,720000.0,165000.0,18.64,494082.84,26.31,885000.0,52,8,2500,1
5303,991,20250117,77,3,1,1015000.0,885000.0,130000.0,12.81,720000.0,165000.0,18.64,494082.84,26.31,885000.0,52,8,2500,1
5304,235,20250826,48,3,1,1017000.0,929000.0,88000.0,8.65,816000.0,113000.0,12.16,156211.2,56.33,929000.0,59,2,22500,1
5305,237,20250217,14,1,9,391000.0,355000.0,36000.0,9.21,287000.0,68000.0,19.15,110890.35,32.46,355000.0,12,4,102500,1
5306,63,20261115,34,3,9,268000.0,249000.0,19000.0,7.09,218000.0,31000.0,12.45,118497.11,16.03,249000.0,113,7,2500,1
5307,1487,20250912,61,1,9,268000.0,249000.0,19000.0,7.09,218000.0,31000.0,12.45,118497.11,16.03,249000.0,113,7,2500,1
5308,129,20250213,69,3,9,317000.0,289000.0,28000.0,8.83,252000.0,37000.0,12.8,140162.63,19.98,289000.0,100,7,92500,1
5309,204,20240621,79,3,9,317000.0,289000.0,28000.0,8.83,252000.0,37000.0,12.8,140162.63,19.98,289000.0,100,7,92500,1
5310,858,20260412,78,2,9,300000.0,269000.0,31000.0,10.33,227000.0,42000.0,15.61,169683.46,18.27,269000.0,68,10,132500,1
5311,870,20250705,57,1,9,300000.0,269000.0,31000.0,10.33,227000.0,42000.0,15.61,169683.46,18.27,269000.0,68,10,132500,1
5312,328,20240327,45,1,1,703000.0,625000.0,78000.0,11.1,536000.0,89000.0,14.24,397624.92,19.62,625000.0,37,10,167500,1
5313,522,20241024,4,1,1,703000.0,625000.0,78000.0,11.1,536000.0,89000.0,14.24,397624.92,19.62,625000.0,37,10,167500,1
5314,679,20250921,35,3,1,449000.0,399000.0,50000.0,11.14,333000.0,66000.0,16.54,99369.09,50.32,399000.0,55,3,62500,1
5315,1166,20251124,48,3,1,449000.0,399000.0,50000.0,11.14,333000.0,66000.0,16.54,99369.09,50.32,399000.0,55,3,62500,1
5316,709,20260816,61,2,1,305000.0,275000.0,30000.0,9.84,234000.0,41000.0,14.91,134856.79,22.25,275000.0,73,7,102500,1
5317,1458,20251217,72,3,1,305000.0,275000.0,30000.0,9.84,234000.0,41000.0,14.91,134856.79,22.25,275000.0,73,7,102500,1
5318,53,20251002,9,2,1,553000.0,485000.0,68000.0,12.3,401000.0,84000.0,17.32,188527.92,36.07,485000.0,79,5,82500,1
5319,981,20241226,51,3,1,1017000.0,899000.0,118000.0,11.6,741000.0,158000.0,17.58,225074.3,52.43,899000.0,56,3,142500,1
5320,1488,20250622,37,3,1,1017000.0,899000.0,118000.0,11.6,741000.0,158000.0,17.58,225074.3,52.43,899000.0,56,3,142500,1
5321,1489,20261220,26,3,1,719000.0,639000.0,80000.0,11.13,541000.0,98000.0,15.34,379515.98,21.08,639000.0,23,9,72500,1
5322,553,20240502,57,2,1,632000.0,599000.0,33000.0,5.22,503000.0,96000.0,16.03,307645.67,10.73,599000.0,16,8,187500,1
5323,1116,20260508,7,3,1,945000.0,899000.0,46000.0,4.87,761000.0,138000.0,15.35,209139.84,21.99,899000.0,83,3,77500,1
5324,46,20240819,35,2,1,856000.0,799000.0,57000.0,6.66,658000.0,141000.0,17.65,242767.63,23.48,799000.0,88,4,87500,1
5325,1490,20250917,21,1,1,1339000.0,1199000.0,140000.0,10.46,994000.0,205000.0,17.1,456489.84,30.67,1199000.0,40,5,97500,1
5326,579,20261118,77,2,1,719000.0,659000.0,60000.0,8.34,532000.0,127000.0,19.27,349995.63,17.14,659000.0,102,8,142500,1
5327,511,20250702,35,1,1,544000.0,499000.0,45000.0,8.27,401000.0,98000.0,19.64,264808.93,16.99,499000.0,115,8,157500,1
5328,1491,20251023,33,3,1,544000.0,499000.0,45000.0,8.27,401000.0,98000.0,19.64,264808.93,16.99,499000.0,115,8,157500,1
5329,21,20260714,18,1,1,1023000.0,899000.0,124000.0,12.12,737000.0,162000.0,18.02,157132.8,78.91,899000.0,90,2,77500,1
5330,60,20240507,80,2,1,911000.0,799000.0,112000.0,12.29,644000.0,155000.0,19.4,258366.01,43.35,799000.0,60,4,132500,1
5331,672,20241109,79,1,1,911000.0,799000.0,112000.0,12.29,644000.0,155000.0,19.4,258366.01,43.35,799000.0,60,4,132500,1
5332,297,20260218,57,3,1,889000.0,779000.0,110000.0,12.37,630000.0,149000.0,19.13,303076.53,36.29,779000.0,38,5,82500,1
5333,296,20250903,8,1,1,540000.0,499000.0,41000.0,7.59,432000.0,67000.0,13.43,262861.81,15.6,499000.0,117,8,87500,1
5334,673,20241221,28,2,1,540000.0,499000.0,41000.0,7.59,432000.0,67000.0,13.43,262861.81,15.6,499000.0,117,8,87500,1
5335,704,20251201,97,1,1,1340000.0,1197000.0,143000.0,10.67,961000.0,236000.0,19.72,380033.43,37.63,1197000.0,24,4,77500,1
5336,1010,20250620,81,3,1,484000.0,449000.0,35000.0,7.23,383000.0,66000.0,14.7,235602.07,14.86,449000.0,99,8,97500,1
5337,1492,20260822,28,2,1,276000.0,258000.0,18000.0,6.52,212000.0,46000.0,17.83,203303.36,8.85,258000.0,85,16,182500,1
5338,849,20250419,51,2,1,1261000.0,1180000.0,81000.0,6.42,1026000.0,154000.0,13.05,357628.48,22.65,1180000.0,34,4,62500,1
5339,1493,20260721,16,2,1,540000.0,498000.0,42000.0,7.78,418000.0,80000.0,16.06,324195.82,12.96,498000.0,70,11,197500,1
5340,1362,20240316,83,3,1,349000.0,319000.0,30000.0,8.6,263000.0,56000.0,17.55,209526.56,14.32,319000.0,50,11,92500,1
5341,1494,20260723,81,3,1,349000.0,319000.0,30000.0,8.6,263000.0,56000.0,17.55,209526.56,14.32,319000.0,50,11,92500,1
5342,1321,20241004,62,1,1,282000.0,249000.0,33000.0,11.7,210000.0,39000.0,15.66,96139.01,34.33,249000.0,78,5,130000,1
5343,1495,20240721,74,2,1,282000.0,249000.0,33000.0,11.7,210000.0,39000.0,15.66,96139.01,34.33,249000.0,78,5,130000,1
5344,779,20240922,45,2,10,562000.0,529000.0,33000.0,5.87,439000.0,90000.0,17.01,124377.34,26.53,529000.0,13,3,95851,1
5345,1496,20260429,62,2,1,381000.0,339000.0,42000.0,11.02,287000.0,52000.0,15.34,201106.52,20.88,339000.0,117,9,142500,1
5346,1183,20250911,19,3,1,1313000.0,1190000.0,123000.0,9.37,963000.0,227000.0,19.08,742647.96,16.56,1190000.0,114,10,92500,1
5347,876,20261015,65,2,1,1931000.0,1790000.0,141000.0,7.3,1575000.0,215000.0,12.01,939974.36,15.0,1790000.0,66,8,97500,1
5348,86,20240518,57,1,9,863000.0,785000.0,78000.0,9.04,655000.0,130000.0,16.56,339715.63,22.96,785000.0,40,6,112500,1
5349,588,20261105,44,3,9,917000.0,849000.0,68000.0,7.42,703000.0,146000.0,17.2,360972.46,18.84,849000.0,12,6,77500,1
5350,575,20240601,100,2,9,465000.0,419000.0,46000.0,9.89,359000.0,60000.0,14.32,158527.09,29.02,419000.0,76,5,87500,1
5351,1094,20241106,14,1,9,465000.0,419000.0,46000.0,9.89,359000.0,60000.0,14.32,158527.09,29.02,419000.0,76,5,87500,1
5352,679,20260820,69,1,9,487000.0,445000.0,42000.0,8.62,369000.0,76000.0,17.08,107778.94,38.97,445000.0,99,3,72500,1
5353,1166,20240712,76,2,9,487000.0,445000.0,42000.0,8.62,369000.0,76000.0,17.08,107778.94,38.97,445000.0,99,3,72500,1
5354,1497,20260711,23,3,1,319000.0,299000.0,20000.0,6.27,259000.0,40000.0,13.38,125572.75,15.93,299000.0,59,6,112500,1
5355,433,20241130,52,3,1,317000.0,299000.0,18000.0,5.68,250000.0,49000.0,16.39,209773.77,8.58,299000.0,26,13,147500,1
5356,716,20250903,64,3,1,317000.0,299000.0,18000.0,5.68,250000.0,49000.0,16.39,209773.77,8.58,299000.0,26,13,147500,1
5357,489,20250422,36,3,1,1877000.0,1699000.0,178000.0,9.48,1457000.0,242000.0,14.24,639903.98,27.82,1699000.0,69,5,177500,1
5358,1498,20240209,72,2,1,751000.0,659000.0,92000.0,12.25,533000.0,126000.0,19.12,295627.39,31.12,659000.0,83,6,192500,1
5359,87,20250809,23,3,1,259000.0,239000.0,20000.0,7.72,207000.0,32000.0,13.39,178401.06,11.21,239000.0,75,14,162500,1
5360,1499,20260119,41,2,1,538000.0,479000.0,59000.0,10.97,411000.0,68000.0,14.2,356019.84,16.57,479000.0,97,13,217500,1
5361,25,20241104,52,3,1,300000.0,269000.0,31000.0,10.33,220000.0,49000.0,18.22,146034.34,21.23,269000.0,84,8,162500,1
5362,449,20261224,15,3,1,300000.0,269000.0,31000.0,10.33,220000.0,49000.0,18.22,146034.34,21.23,269000.0,84,8,162500,1
5363,1275,20260615,58,3,1,300000.0,269000.0,31000.0,10.33,220000.0,49000.0,18.22,146034.34,21.23,269000.0,84,8,162500,1
5364,63,20260723,93,3,1,319000.0,279000.0,40000.0,12.54,226000.0,53000.0,19.0,141046.93,28.36,279000.0,33,7,162500,1
5365,1487,20240730,85,3,1,319000.0,279000.0,40000.0,12.54,226000.0,53000.0,19.0,141046.93,28.36,279000.0,33,7,162500,1
5366,203,20250302,89,2,1,316000.0,279000.0,37000.0,11.71,230000.0,49000.0,17.56,209112.03,17.69,279000.0,108,13,272500,1
5367,227,20260131,37,3,1,316000.0,279000.0,37000.0,11.71,230000.0,49000.0,17.56,209112.03,17.69,279000.0,108,13,272500,1
5368,528,20240901,8,1,1,619000.0,559000.0,60000.0,9.69,491000.0,68000.0,12.16,301317.52,19.91,559000.0,96,8,102500,1
5369,1500,20250506,38,3,1,619000.0,559000.0,60000.0,9.69,491000.0,68000.0,12.16,301317.52,19.91,559000.0,96,8,102500,1
5370,617,20240131,88,1,1,501000.0,449000.0,52000.0,10.38,368000.0,81000.0,18.04,283371.38,18.35,449000.0,41,10,177500,1
5371,1409,20260909,95,1,1,501000.0,449000.0,52000.0,10.38,368000.0,81000.0,18.04,283371.38,18.35,449000.0,41,10,177500,1
5372,343,20241029,22,1,1,1220000.0,1070000.0,150000.0,12.3,895000.0,175000.0,16.36,270000.64,55.56,1070000.0,96,3,53110,1
5373,493,20240117,28,1,1,1220000.0,1070000.0,150000.0,12.3,895000.0,175000.0,16.36,270000.64,55.56,1070000.0,96,3,53110,1
5374,345,20240216,27,2,1,871000.0,799000.0,72000.0,8.27,641000.0,158000.0,19.77,247021.73,29.15,799000.0,107,4,209957,1
5375,494,20240428,35,1,1,871000.0,799000.0,72000.0,8.27,641000.0,158000.0,19.77,247021.73,29.15,799000.0,107,4,209957,1
5376,1501,20261215,59,2,1,377000.0,348000.0,29000.0,7.69,289000.0,59000.0,16.95,148404.16,19.54,348000.0,114,6,62500,1
5377,35,20240216,46,1,1,1008000.0,959000.0,49000.0,4.86,811000.0,148000.0,15.43,223082.5,21.96,959000.0,28,3,39275,1
5378,584,20240225,3,1,1,1008000.0,959000.0,49000.0,4.86,811000.0,148000.0,15.43,223082.5,21.96,959000.0,28,3,39275,1
5379,1502,20260201,44,2,1,453000.0,399999.0,53001.0,11.7,350000.0,49999.0,12.5,178321.18,29.72,399999.0,75,6,57500,1
5380,132,20241122,10,1,1,226000.0,199999.0,26001.0,11.5,168000.0,31999.0,16.0,127828.21,20.34,199999.0,69,10,137500,1
5381,173,20240515,40,3,1,402000.0,379000.0,23000.0,5.72,328000.0,51000.0,13.46,114010.03,20.17,379000.0,75,4,112168,1
5382,20,20260717,85,2,1,1163000.0,1050000.0,113000.0,9.72,886000.0,164000.0,15.62,257385.86,43.9,1050000.0,24,3,112523,1
5383,139,20241116,55,3,1,1163000.0,1050000.0,113000.0,9.72,886000.0,164000.0,15.62,257385.86,43.9,1050000.0,24,3,112523,1
5384,16,20250404,92,1,1,964000.0,879000.0,85000.0,8.82,706000.0,173000.0,19.68,77120.0,110.22,879000.0,94,1,7500,1
5385,1266,20260505,6,3,1,742000.0,699000.0,43000.0,5.8,577000.0,122000.0,17.45,419683.77,10.25,699000.0,44,10,244361,1
5386,1503,20240726,29,3,1,206000.0,179000.0,27000.0,13.11,151000.0,28000.0,15.64,141894.28,19.03,179000.0,78,14,97500,1
5387,937,20240727,5,3,1,353000.0,329000.0,24000.0,6.8,288000.0,41000.0,12.46,233596.66,10.27,329000.0,116,13,197500,1
5388,956,20260518,26,3,1,353000.0,329000.0,24000.0,6.8,288000.0,41000.0,12.46,233596.66,10.27,329000.0,116,13,197500,1
5389,332,20260723,38,3,1,548000.0,519000.0,29000.0,5.29,451000.0,68000.0,13.1,266756.06,10.87,519000.0,36,8,97500,1
5390,772,20260808,63,2,1,548000.0,519000.0,29000.0,5.29,451000.0,68000.0,13.1,266756.06,10.87,519000.0,36,8,97500,1
5391,1504,20250507,27,2,1,176000.0,159000.0,17000.0,9.66,130000.0,29000.0,18.24,111290.72,15.28,159000.0,97,12,217500,1
5392,797,20240104,81,3,1,1572000.0,1399000.0,173000.0,11.01,1144000.0,255000.0,18.23,535923.85,32.28,1399000.0,16,5,2500,1
5393,1273,20250603,100,3,1,94000.0,89000.0,5000.0,5.32,73000.0,16000.0,17.98,77681.8,6.44,89000.0,15,21,181478,1
5394,205,20240229,91,3,1,645000.0,578000.0,67000.0,10.39,505000.0,73000.0,12.63,340455.92,19.68,578000.0,119,9,110084,1
5395,677,20250315,41,2,1,645000.0,578000.0,67000.0,10.39,505000.0,73000.0,12.63,340455.92,19.68,578000.0,119,9,110084,1
5396,40,20250127,91,3,1,535000.0,485000.0,50000.0,9.35,421000.0,64000.0,13.2,236552.07,21.14,485000.0,42,7,78381,1
5397,986,20250915,82,3,1,535000.0,485000.0,50000.0,9.35,421000.0,64000.0,13.2,236552.07,21.14,485000.0,42,7,78381,1
5398,1044,20260525,8,2,1,249000.0,235000.0,14000.0,5.62,203000.0,32000.0,13.62,121208.5,11.55,235000.0,67,8,152500,1
5399,1505,20240612,22,3,2,479000.0,449000.0,30000.0,6.26,373000.0,76000.0,16.93,163299.95,18.37,449000.0,58,5,97500,1
5400,24,20240802,98,1,1,619000.0,559000.0,60000.0,9.69,470000.0,89000.0,15.92,136992.13,43.8,559000.0,26,3,2500,1
5401,741,20241215,45,3,1,619000.0,559000.0,60000.0,9.69,470000.0,89000.0,15.92,136992.13,43.8,559000.0,26,3,2500,1
5402,24,20251120,23,3,1,474000.0,439000.0,35000.0,7.38,368000.0,71000.0,16.17,104901.89,33.36,439000.0,119,3,2500,1
5403,741,20250814,35,3,1,474000.0,439000.0,35000.0,7.38,368000.0,71000.0,16.17,104901.89,33.36,439000.0,119,3,2500,1
5404,775,20260906,78,2,1,571000.0,499000.0,72000.0,12.61,409000.0,90000.0,18.04,194664.45,36.99,499000.0,51,5,2500,1
5405,805,20260620,80,3,1,571000.0,499000.0,72000.0,12.61,409000.0,90000.0,18.04,194664.45,36.99,499000.0,51,5,2500,1
5406,473,20260111,89,3,1,395000.0,349000.0,46000.0,11.65,293000.0,56000.0,16.05,223416.56,20.59,349000.0,103,10,2500,1
5407,653,20240330,86,3,1,395000.0,349000.0,46000.0,11.65,293000.0,56000.0,16.05,223416.56,20.59,349000.0,103,10,2500,1
5408,81,20250925,33,1,1,481000.0,419000.0,62000.0,12.89,336000.0,83000.0,19.81,253890.38,24.42,419000.0,81,9,2500,1
5409,1392,20260122,61,2,1,481000.0,419000.0,62000.0,12.89,336000.0,83000.0,19.81,253890.38,24.42,419000.0,81,9,2500,1
5410,606,20260629,17,3,1,537000.0,499000.0,38000.0,7.08,404000.0,95000.0,19.04,283449.35,13.41,499000.0,49,9,2500,1
5411,632,20250711,64,1,1,537000.0,499000.0,38000.0,7.08,404000.0,95000.0,19.04,283449.35,13.41,499000.0,49,9,2500,1
5412,557,20250112,15,2,1,205000.0,179000.0,26000.0,12.68,156000.0,23000.0,12.85,135658.12,19.17,179000.0,55,13,2500,1
5413,27,20250508,63,2,1,458000.0,419000.0,39000.0,8.52,360000.0,59000.0,14.08,180289.41,21.63,419000.0,80,6,2500,1
5414,168,20240208,62,2,1,458000.0,419000.0,39000.0,8.52,360000.0,59000.0,14.08,180289.41,21.63,419000.0,80,6,2500,1
5415,263,20250721,99,2,1,520000.0,479000.0,41000.0,7.88,399000.0,80000.0,16.7,79872.0,51.33,479000.0,79,2,2500,1
5416,629,20260214,59,1,1,520000.0,479000.0,41000.0,7.88,399000.0,80000.0,16.7,79872.0,51.33,479000.0,79,2,2500,1
5417,203,20251029,29,2,1,358000.0,339000.0,19000.0,5.31,285000.0,54000.0,15.93,236905.4,8.02,339000.0,77,13,2500,1
5418,227,20261004,90,1,1,358000.0,339000.0,19000.0,5.31,285000.0,54000.0,15.93,236905.4,8.02,339000.0,77,13,2500,1
5419,640,20250314,23,2,1,358000.0,339000.0,19000.0,5.31,281000.0,58000.0,17.11,188966.23,10.05,339000.0,10,9,2500,1
5420,1506,20240803,44,3,1,358000.0,339000.0,19000.0,5.31,281000.0,58000.0,17.11,188966.23,10.05,339000.0,10,9,2500,1
5421,4,20260902,82,3,1,525000.0,469000.0,56000.0,10.67,403000.0,66000.0,14.07,148893.7,37.61,469000.0,88,4,2500,1
5422,69,20250320,54,1,1,525000.0,469000.0,56000.0,10.67,403000.0,66000.0,14.07,148893.7,37.61,469000.0,88,4,2500,1
5423,1507,20261129,96,1,1,196000.0,179000.0,17000.0,8.67,154000.0,25000.0,13.97,86662.07,19.62,179000.0,104,7,2500,1
5424,429,20260423,57,3,1,407000.0,379000.0,28000.0,6.88,326000.0,53000.0,13.98,198119.92,14.13,379000.0,98,8,2500,1
5425,1334,20250717,5,3,1,407000.0,379000.0,28000.0,6.88,326000.0,53000.0,13.98,198119.92,14.13,379000.0,98,8,2500,1
5426,1312,20260402,51,2,1,277000.0,249000.0,28000.0,10.11,214000.0,35000.0,14.06,146211.3,19.15,249000.0,106,9,177500,1
5427,1508,20250525,84,1,1,277000.0,249000.0,28000.0,10.11,214000.0,35000.0,14.06,146211.3,19.15,249000.0,106,9,177500,1
5428,117,20240907,80,1,9,709000.0,659000.0,50000.0,7.05,538000.0,121000.0,18.36,201077.39,24.87,659000.0,61,4,77500,1
5429,1509,20260423,68,3,9,1207000.0,1090000.0,117000.0,9.69,901000.0,189000.0,17.34,342313.7,34.18,1090000.0,44,4,82500,1
5430,182,20260522,37,1,9,672000.0,619000.0,53000.0,7.89,518000.0,101000.0,16.32,190583.93,27.81,619000.0,78,4,62500,1
5431,622,20241013,88,3,9,672000.0,619000.0,53000.0,7.89,518000.0,101000.0,16.32,190583.93,27.81,619000.0,78,4,62500,1
5432,1505,20260915,52,3,9,463000.0,409000.0,54000.0,11.66,338000.0,71000.0,17.36,157845.25,34.21,409000.0,14,5,112500,1
5433,1510,20250323,14,3,1,248000.0,219000.0,29000.0,11.69,188000.0,31000.0,14.16,187904.11,15.43,219000.0,109,17,222500,1
5434,238,20250204,72,2,10,722000.0,658000.0,64000.0,8.86,544000.0,114000.0,17.33,246143.14,26.0,658000.0,26,5,102500,1
5435,640,20261206,68,3,1,228000.0,210000.0,18000.0,7.89,170000.0,40000.0,19.05,120347.21,14.96,210000.0,62,9,187500,1
5436,1506,20251001,49,1,1,228000.0,210000.0,18000.0,7.89,170000.0,40000.0,19.05,120347.21,14.96,210000.0,62,9,187500,1
5437,1149,20250501,35,3,1,5638000.0,5190000.0,448000.0,7.95,4318000.0,872000.0,16.8,865996.8,51.73,5190000.0,61,2,32500,1
5438,1511,20260623,40,2,1,653000.0,578000.0,75000.0,11.49,508000.0,70000.0,12.11,392036.79,19.13,578000.0,23,11,161294,1
5439,215,20260703,99,2,1,3411000.0,3150000.0,261000.0,7.65,2577000.0,573000.0,18.19,272880.0,95.65,3150000.0,38,1,2500,1
5440,755,20241110,21,1,1,1498000.0,1399000.0,99000.0,6.61,1188000.0,211000.0,15.08,230092.8,43.03,1399000.0,17,2,27500,1
5441,1512,20240809,8,2,1,1498000.0,1399000.0,99000.0,6.61,1188000.0,211000.0,15.08,230092.8,43.03,1399000.0,17,2,27500,1
5442,1513,20261025,77,2,1,422000.0,399000.0,23000.0,5.45,333000.0,66000.0,16.54,238688.07,9.64,399000.0,107,10,192500,1
5443,106,20250603,44,2,1,240000.0,219000.0,21000.0,8.75,176000.0,43000.0,19.63,116827.47,17.98,219000.0,113,8,42500,1
5444,1144,20250403,86,1,1,2735000.0,2490000.0,245000.0,8.96,2089000.0,401000.0,16.1,218800.0,111.97,2490000.0,10,1,2500,1
5445,1514,20250715,88,1,1,289000.0,255000.0,34000.0,11.76,218000.0,37000.0,14.51,113763.4,29.89,255000.0,38,6,40000,1
5446,871,20260508,100,1,1,213000.0,199000.0,14000.0,6.57,167000.0,32000.0,16.08,161385.39,8.67,199000.0,45,17,162500,1
5447,245,20250608,19,2,4,498000.0,458000.0,40000.0,8.03,398000.0,60000.0,13.1,169777.4,23.56,458000.0,60,5,22500,1
5448,275,20250508,33,3,4,498000.0,458000.0,40000.0,8.03,398000.0,60000.0,13.1,169777.4,23.56,458000.0,60,5,22500,1
5449,237,20250209,10,1,4,416000.0,368000.0,48000.0,11.54,303000.0,65000.0,17.66,117980.53,40.68,368000.0,46,4,67500,1
5450,250,20240803,12,2,9,599000.0,529000.0,70000.0,11.69,427000.0,102000.0,19.28,316175.34,22.14,529000.0,102,9,2500,1
5451,1252,20261211,47,3,9,599000.0,529000.0,70000.0,11.69,427000.0,102000.0,19.28,316175.34,22.14,529000.0,102,9,2500,1
5452,1515,20260122,18,3,1,3472000.0,3190000.0,282000.0,8.12,2791000.0,399000.0,12.51,277760.0,101.53,3190000.0,78,1,16000,1
5453,1516,20241214,48,1,9,151000.0,138000.0,13000.0,8.61,115000.0,23000.0,16.67,122507.31,10.61,138000.0,62,20,2500,1
5454,1517,20250212,18,3,9,308000.0,285000.0,23000.0,7.47,241000.0,44000.0,15.44,219820.4,10.46,285000.0,105,15,2500,1
5455,246,20250727,25,3,1,456000.0,399000.0,57000.0,12.5,344000.0,55000.0,13.78,221972.19,25.68,399000.0,61,8,67500,1
5456,430,20250405,89,2,1,456000.0,399000.0,57000.0,12.5,344000.0,55000.0,13.78,221972.19,25.68,399000.0,61,8,67500,1
5457,551,20250304,27,2,1,2219000.0,2090000.0,129000.0,5.81,1726000.0,364000.0,17.42,756498.1,17.05,2090000.0,97,5,83000,1
5458,52,20250605,70,2,6,376000.0,329000.0,47000.0,12.5,282000.0,47000.0,14.29,183029.7,25.68,329000.0,92,8,137500,1
5459,1018,20240926,85,2,6,376000.0,329000.0,47000.0,12.5,282000.0,47000.0,14.29,183029.7,25.68,329000.0,92,8,137500,1
5460,70,20240523,46,3,4,726000.0,649000.0,77000.0,10.61,526000.0,123000.0,18.95,321003.37,23.99,649000.0,21,7,147500,1
5461,638,20250505,32,3,6,374000.0,339000.0,35000.0,9.36,279000.0,60000.0,17.7,147223.23,23.77,339000.0,61,6,112500,1
5462,1249,20250809,30,3,6,374000.0,339000.0,35000.0,9.36,279000.0,60000.0,17.7,147223.23,23.77,339000.0,61,6,112500,1
5463,131,20241101,84,3,4,1031000.0,979000.0,52000.0,5.04,795000.0,184000.0,18.79,292398.86,17.78,979000.0,10,4,117500,1
5464,11,20240509,53,3,4,701000.0,639000.0,62000.0,8.84,553000.0,86000.0,13.46,155139.71,39.96,639000.0,16,3,2500,1
5465,264,20240113,42,1,4,701000.0,639000.0,62000.0,8.84,553000.0,86000.0,13.46,155139.71,39.96,639000.0,16,3,2500,1
5466,11,20260719,67,3,4,697000.0,639000.0,58000.0,8.32,523000.0,116000.0,18.15,154254.46,37.6,639000.0,26,3,112500,1
5467,264,20240828,69,3,4,697000.0,639000.0,58000.0,8.32,523000.0,116000.0,18.15,154254.46,37.6,639000.0,26,3,112500,1
5468,1518,20240619,32,3,9,393000.0,369000.0,24000.0,6.11,316000.0,53000.0,14.36,191304.98,12.55,369000.0,107,8,2500,1
5469,869,20261015,15,2,1,3336000.0,2990000.0,346000.0,10.37,2618000.0,372000.0,12.44,512409.6,67.52,2990000.0,52,2,45000,1
5470,1519,20250521,87,1,1,320000.0,279000.0,41000.0,12.81,235000.0,44000.0,15.77,202346.76,20.26,279000.0,80,12,82500,1
5471,1520,20250810,89,3,1,1604000.0,1450000.0,154000.0,9.6,1223000.0,227000.0,15.66,546833.24,28.16,1450000.0,26,5,42000,1
5472,1524,20240927,18,2,1,1604000.0,1450000.0,154000.0,9.6,1223000.0,227000.0,15.66,546833.24,28.16,1450000.0,26,5,42000,1
5473,771,20251020,79,3,1,504000.0,449000.0,55000.0,10.91,376000.0,73000.0,16.26,333520.45,16.49,449000.0,68,13,2500,1
5474,1025,20240508,88,3,1,390000.0,369000.0,21000.0,5.38,305000.0,64000.0,17.34,258081.3,8.14,369000.0,12,13,2500,1
5475,1192,20250828,88,3,1,390000.0,369000.0,21000.0,5.38,305000.0,64000.0,17.34,258081.3,8.14,369000.0,12,13,2500,1
5476,1521,20260701,45,1,1,654000.0,599000.0,55000.0,8.41,502000.0,97000.0,16.19,392637.15,14.01,599000.0,38,11,2500,1
5477,1522,20240903,24,1,1,424000.0,399000.0,25000.0,5.9,338000.0,61000.0,15.29,292054.24,8.56,399000.0,31,14,2500,1
5478,1022,20240531,41,2,1,421000.0,379000.0,42000.0,9.98,333000.0,46000.0,12.14,278595.45,15.08,379000.0,47,13,2500,1
5479,1523,20250429,98,2,1,2047000.0,1790000.0,257000.0,12.55,1566000.0,224000.0,12.51,453025.66,56.73,1790000.0,63,3,41579,1
5480,1520,20241011,33,3,1,1037000.0,929000.0,108000.0,10.41,807000.0,122000.0,13.13,353532.46,30.55,929000.0,116,5,123444,1
5481,1524,20261221,26,2,1,1037000.0,929000.0,108000.0,10.41,807000.0,122000.0,13.13,353532.46,30.55,929000.0,116,5,123444,1
5482,1525,20240806,12,3,1,1893000.0,1790000.0,103000.0,5.44,1559000.0,231000.0,12.91,290764.8,35.42,1790000.0,102,2,54429,1
5483,88,20261031,55,2,1,510000.0,470000.0,40000.0,7.84,394000.0,76000.0,16.17,225498.23,17.74,470000.0,59,7,127500,1
5484,535,20240917,92,1,1,510000.0,470000.0,40000.0,7.84,394000.0,76000.0,16.17,225498.23,17.74,470000.0,59,7,127500,1
5485,1526,20250504,91,3,1,353000.0,319000.0,34000.0,9.63,272000.0,47000.0,14.73,211928.01,16.04,319000.0,115,11,162500,1
5486,2,20260606,82,2,9,376000.0,345000.0,31000.0,8.24,301000.0,44000.0,12.75,83213.31,37.25,345000.0,78,3,82500,1
5487,82,20240423,71,1,1,860000.0,759000.0,101000.0,11.74,631000.0,128000.0,16.86,418631.77,24.13,759000.0,39,8,92500,1
5488,605,20260101,73,3,1,904000.0,799000.0,105000.0,11.62,701000.0,98000.0,12.27,399706.67,26.27,799000.0,32,7,132500,1
5489,1092,20260808,24,1,1,354000.0,319000.0,35000.0,9.89,266000.0,53000.0,16.61,243837.74,14.35,319000.0,94,14,162500,1
5490,1527,20240401,95,3,1,354000.0,319000.0,35000.0,9.89,266000.0,53000.0,16.61,243837.74,14.35,319000.0,94,14,162500,1
5491,50,20260621,11,2,1,608000.0,559000.0,49000.0,8.06,474000.0,85000.0,15.21,295962.93,16.56,559000.0,99,8,82500,1
5492,109,20260810,72,2,1,608000.0,559000.0,49000.0,8.06,474000.0,85000.0,15.21,295962.93,16.56,559000.0,99,8,82500,1
5493,1363,20241207,69,2,10,408000.0,379000.0,29000.0,7.11,325000.0,54000.0,14.25,198606.7,14.6,379000.0,56,8,102500,1
5494,776,20260325,96,1,10,370000.0,349000.0,21000.0,5.68,306000.0,43000.0,12.32,163596.76,12.84,349000.0,30,7,97500,1
5495,1528,20250719,16,1,1,574000.0,529000.0,45000.0,7.84,434000.0,95000.0,17.96,379842.73,11.85,529000.0,29,13,12500,1
5496,1161,20250425,1,2,1,246000.0,225000.0,21000.0,8.54,193000.0,32000.0,14.22,147689.21,14.22,225000.0,32,11,97500,1
5497,664,20250429,27,1,1,207000.0,185000.0,22000.0,10.63,156000.0,29000.0,15.68,152477.52,14.43,185000.0,77,16,222500,1
5498,858,20250805,80,3,1,351000.0,315000.0,36000.0,10.26,259000.0,56000.0,17.78,198529.65,18.13,315000.0,30,10,92500,1
5499,870,20250416,24,2,1,351000.0,315000.0,36000.0,10.26,259000.0,56000.0,17.78,198529.65,18.13,315000.0,30,10,92500,1
5500,577,20240225,80,3,1,316000.0,299000.0,17000.0,5.38,258000.0,41000.0,13.71,107730.24,15.78,299000.0,30,5,2500,1
5501,645,20240405,69,3,1,316000.0,299000.0,17000.0,5.38,258000.0,41000.0,13.71,107730.24,15.78,299000.0,30,5,2500,1
5502,1529,20260408,49,2,1,847000.0,777000.0,70000.0,8.26,656000.0,121000.0,15.57,240215.16,29.14,777000.0,10,4,100420,1
5503,1530,20260817,42,2,1,534000.0,499999.0,34001.0,6.37,426000.0,73999.0,14.8,259941.12,13.08,499999.0,24,8,90000,1
5504,1531,20260613,75,3,4,957000.0,898000.0,59000.0,6.17,742000.0,156000.0,17.37,505141.58,11.68,898000.0,26,9,211737,1
5505,1532,20240225,73,1,1,543000.0,479000.0,64000.0,11.79,402000.0,77000.0,16.08,359328.58,17.81,479000.0,60,13,96600,1
5506,1533,20260726,50,3,1,569000.0,539999.0,29001.0,5.1,459000.0,80999.0,15.0,45520.0,63.71,539999.0,72,1,11199,1
5507,1534,20250207,82,1,1,546000.0,499999.0,46001.0,8.43,416000.0,83999.0,16.8,214930.17,21.4,499999.0,23,6,92655,1
5508,1991,20250329,1,3,1,546000.0,499999.0,46001.0,8.43,416000.0,83999.0,16.8,214930.17,21.4,499999.0,23,6,92655,1
5509,1535,20251013,68,1,1,522000.0,489000.0,33000.0,6.32,399000.0,90000.0,18.4,115524.86,28.57,489000.0,68,3,21359,1
5510,1536,20260412,30,1,1,443000.0,389000.0,54000.0,12.19,341000.0,48000.0,12.34,233832.52,23.09,389000.0,92,9,74299,1
5511,1537,20250321,14,3,1,297000.0,269000.0,28000.0,9.43,226000.0,43000.0,15.99,187803.08,14.91,269000.0,59,12,142579,1
5512,1538,20260825,22,1,1,642000.0,598000.0,44000.0,6.85,514000.0,84000.0,14.05,312513.48,14.08,598000.0,43,8,156700,1
5513,1539,20251211,66,3,1,769000.0,699000.0,70000.0,9.1,582000.0,117000.0,16.74,340015.96,20.59,699000.0,15,7,106229,1
5514,1540,20260124,68,3,1,447000.0,398000.0,49000.0,10.96,330000.0,68000.0,17.09,307896.8,15.91,398000.0,118,14,182989,1
5515,1539,20241110,6,3,4,751000.0,655000.0,96000.0,12.78,545000.0,110000.0,16.79,332057.2,28.91,655000.0,58,7,117735,1
5516,1541,20260421,96,3,1,492000.0,459000.0,33000.0,6.71,382000.0,77000.0,16.78,295378.41,11.17,459000.0,15,11,148500,1
5517,1542,20250121,90,2,1,910000.0,799000.0,111000.0,12.2,674000.0,125000.0,15.64,258082.41,43.01,799000.0,78,4,156442,1
5518,1543,20250114,13,3,1,840000.0,735000.0,105000.0,12.5,620000.0,115000.0,15.65,475113.7,22.1,735000.0,16,10,127014,1
5519,1544,20260504,12,1,1,1575000.0,1380000.0,195000.0,12.38,1159000.0,221000.0,16.01,766680.27,25.43,1380000.0,106,8,55375,1
5520,1545,20250202,69,3,1,1882000.0,1690000.0,192000.0,10.2,1370000.0,320000.0,18.93,416509.18,46.1,1690000.0,86,3,48070,1
5521,1546,20240305,99,1,1,1390000.0,1249000.0,141000.0,10.14,1049000.0,200000.0,16.01,834504.04,16.9,1249000.0,60,11,165210,1
5522,1547,20260807,51,1,1,1799000.0,1650000.0,149000.0,8.28,1342000.0,308000.0,18.67,398140.29,37.42,1650000.0,10,3,42251,1
5523,1548,20261223,53,1,1,189000.0,168000.0,21000.0,11.11,136000.0,32000.0,19.05,119511.05,17.57,168000.0,22,12,150000,1
5524,1549,20251213,39,2,1,109000.0,99000.0,10000.0,9.17,87000.0,12000.0,12.12,65439.53,15.28,99000.0,52,11,150000,1
5525,1550,20250424,1,2,1,468000.0,419000.0,49000.0,10.47,355000.0,64000.0,15.27,227813.57,21.51,419000.0,36,8,135800,1
5526,1551,20260326,28,3,1,185000.0,169000.0,16000.0,8.65,144000.0,25000.0,14.79,136272.18,11.74,169000.0,80,16,233000,1
5527,52,20260122,86,1,1,313000.0,279000.0,34000.0,10.86,232000.0,47000.0,16.85,152362.49,22.32,279000.0,12,8,60000,1
5528,1018,20250812,77,2,1,313000.0,279000.0,34000.0,10.86,232000.0,47000.0,16.85,152362.49,22.32,279000.0,12,8,60000,1
5529,1552,20250209,64,3,1,164000.0,145000.0,19000.0,11.59,127000.0,18000.0,12.41,127438.44,14.91,145000.0,67,18,172000,1
5530,1553,20240918,71,2,1,201000.0,189000.0,12000.0,5.97,161000.0,28000.0,14.81,133011.13,9.02,189000.0,98,13,140000,1
5531,1554,20261010,28,1,1,153000.0,135000.0,18000.0,11.76,116000.0,19000.0,14.07,67649.47,26.61,135000.0,106,7,34000,1
5532,1555,20260208,79,3,1,495000.0,448000.0,47000.0,9.49,372000.0,76000.0,16.96,279977.72,16.79,448000.0,113,10,198000,1
5533,1556,20240817,26,3,1,908000.0,799999.0,108001.0,11.89,701000.0,98999.0,12.37,309553.98,34.89,799999.0,26,5,86000,1
5534,1557,20260719,76,2,1,207000.0,189000.0,18000.0,8.7,164000.0,25000.0,13.23,91525.75,19.67,189000.0,54,7,57000,1
5535,1558,20240328,38,1,1,195000.0,179000.0,16000.0,8.21,155000.0,24000.0,13.41,129040.65,12.4,179000.0,87,13,108000,1
5536,1559,20251005,24,1,1,592000.0,519000.0,73000.0,12.33,422000.0,97000.0,18.69,167895.37,43.48,519000.0,110,4,39100,1
5537,1560,20250828,68,1,1,644000.0,599000.0,45000.0,6.99,492000.0,107000.0,17.86,586623.66,7.67,599000.0,67,29,15000,1
5538,1561,20260829,54,2,1,521000.0,459000.0,62000.0,11.9,378000.0,81000.0,17.65,371839.05,16.67,459000.0,65,15,170000,1
5539,1562,20240404,32,3,1,515000.0,469000.0,46000.0,8.93,385000.0,84000.0,17.91,271836.9,16.92,469000.0,63,9,95000,1
5540,1563,20250609,6,2,1,142000.0,129000.0,13000.0,9.15,112000.0,17000.0,13.18,74953.09,17.34,129000.0,96,9,87000,1
5541,1564,20260403,64,2,1,96000.0,89000.0,7000.0,7.29,71000.0,18000.0,20.22,87447.0,8.0,89000.0,97,29,240000,1
5542,1562,20260324,2,2,1,475000.0,429000.0,46000.0,9.68,346000.0,83000.0,19.35,250723.35,18.35,429000.0,38,9,95500,1
5543,1565,20261202,61,2,1,205000.0,189000.0,16000.0,7.8,155000.0,34000.0,17.99,151004.31,10.6,189000.0,111,16,156000,1
5544,1566,20260824,32,2,1,145000.0,138000.0,7000.0,4.83,113000.0,25000.0,18.12,95953.3,7.3,138000.0,63,13,298000,1
5545,1567,20250203,86,3,1,181000.0,168000.0,13000.0,7.18,138000.0,30000.0,17.86,158490.06,8.2,168000.0,36,25,390000,1
5546,1568,20241206,37,3,1,166000.0,158000.0,8000.0,4.82,136000.0,22000.0,13.92,109849.99,7.28,158000.0,111,13,201625,1
5547,12,20260119,71,3,1,527000.0,459000.0,68000.0,12.9,388000.0,71000.0,15.47,179664.04,37.85,459000.0,113,5,104983,1
5548,334,20260419,56,1,1,527000.0,459000.0,68000.0,12.9,388000.0,71000.0,15.47,179664.04,37.85,459000.0,113,5,104983,1
5549,67,20260331,34,2,1,756000.0,659000.0,97000.0,12.83,528000.0,131000.0,19.88,214406.92,45.24,659000.0,54,4,162547,1
5550,1569,20250402,72,1,1,1154000.0,1059000.0,95000.0,8.23,884000.0,175000.0,16.53,510245.02,18.62,1059000.0,96,7,60172,1
5551,1589,20240904,93,2,1,1154000.0,1059000.0,95000.0,8.23,884000.0,175000.0,16.53,510245.02,18.62,1059000.0,96,7,60172,1
5552,1570,20250701,61,3,1,1021000.0,909000.0,112000.0,10.97,757000.0,152000.0,16.72,225959.55,49.57,909000.0,40,3,56510,1
5553,1571,20240225,85,1,1,812000.0,749000.0,63000.0,7.76,606000.0,143000.0,19.09,459276.58,13.72,749000.0,45,10,135517,1
5554,1572,20250630,59,2,1,173000.0,155000.0,18000.0,10.4,132000.0,23000.0,14.84,84213.13,21.37,155000.0,90,8,60532,1
5555,1573,20260727,74,1,1,383000.0,339000.0,44000.0,11.49,290000.0,49000.0,14.45,130571.78,33.7,339000.0,70,5,89394,1
5556,1574,20240815,72,3,1,949000.0,829000.0,120000.0,12.64,711000.0,118000.0,14.23,419603.58,28.6,829000.0,46,7,143008,1
5557,1575,20240508,62,1,1,686000.0,629000.0,57000.0,8.31,540000.0,89000.0,14.15,233870.08,24.37,629000.0,76,5,184000,1
5558,1576,20260629,47,3,1,845000.0,749000.0,96000.0,11.36,599000.0,150000.0,20.03,373619.62,25.69,749000.0,45,7,129180,1
5559,1577,20260830,54,3,1,537000.0,499000.0,38000.0,7.08,437000.0,62000.0,12.42,211387.36,17.98,499000.0,14,6,105525,1
5560,1570,20260215,22,3,1,1033000.0,899000.0,134000.0,12.97,778000.0,121000.0,13.46,228615.3,58.61,899000.0,55,3,69551,1
5561,1578,20260922,79,3,1,630000.0,599000.0,31000.0,4.92,523000.0,76000.0,12.69,96768.0,32.04,599000.0,88,2,7045,1
5562,1577,20250604,39,2,1,521000.0,469000.0,52000.0,9.98,376000.0,93000.0,19.83,205089.04,25.35,469000.0,61,6,157821,1
5563,1579,20240317,79,3,1,702000.0,629000.0,73000.0,10.4,550000.0,79000.0,12.56,341720.35,21.36,629000.0,58,8,130404,1
5564,1580,20250815,32,2,1,1341000.0,1199000.0,142000.0,10.59,1037000.0,162000.0,13.51,380317.04,37.34,1199000.0,15,4,40198,1
5565,1639,20251112,91,3,1,1341000.0,1199000.0,142000.0,10.59,1037000.0,162000.0,13.51,380317.04,37.34,1199000.0,15,4,40198,1
5566,1581,20251209,57,3,1,303000.0,285000.0,18000.0,5.94,247000.0,38000.0,13.33,171380.3,10.5,285000.0,19,10,138000,1
5567,286,20240918,31,2,1,639000.0,559000.0,80000.0,12.52,451000.0,108000.0,19.32,217846.91,36.72,559000.0,105,5,117483,1
5568,1582,20251110,80,1,1,693000.0,649000.0,44000.0,6.35,558000.0,91000.0,14.02,196539.68,22.39,649000.0,32,4,87629,1
5569,1583,20251028,64,1,1,433000.0,389000.0,44000.0,10.16,341000.0,48000.0,12.34,122801.85,35.83,389000.0,26,4,53816,1
5570,1579,20261103,26,2,1,642000.0,599000.0,43000.0,6.7,512000.0,87000.0,14.52,312513.48,13.76,599000.0,119,8,174074,1
5571,1584,20250725,71,2,1,291000.0,269000.0,22000.0,7.56,227000.0,42000.0,15.61,184009.08,11.96,269000.0,93,12,117152,1
5572,1585,20240930,12,2,1,408000.0,369000.0,39000.0,9.56,323000.0,46000.0,12.47,215358.16,18.11,369000.0,53,9,144000,1
5573,1586,20240408,7,2,1,545000.0,499000.0,46000.0,8.44,417000.0,82000.0,16.43,214536.52,21.44,499000.0,50,6,76000,1
5574,1587,20250118,62,1,1,788000.0,739000.0,49000.0,6.22,627000.0,112000.0,15.16,348416.88,14.06,739000.0,24,7,128000,1
5575,1588,20250509,13,2,1,458000.0,429000.0,29000.0,6.33,360000.0,69000.0,16.08,156140.66,18.57,429000.0,53,5,77074,1
5576,1569,20240915,16,1,1,872000.0,799000.0,73000.0,8.37,699000.0,100000.0,12.52,385557.76,18.93,799000.0,119,7,138218,1
5577,1589,20240209,63,2,1,872000.0,799000.0,73000.0,8.37,699000.0,100000.0,12.52,385557.76,18.93,799000.0,119,7,138218,1
5578,1570,20261023,67,1,1,1012000.0,899000.0,113000.0,11.17,725000.0,174000.0,19.35,223967.74,50.45,899000.0,67,3,86477,1
5579,1590,20260227,15,2,1,728000.0,639000.0,89000.0,12.23,537000.0,102000.0,15.96,111820.8,79.59,639000.0,95,2,40812,1
5580,1591,20260525,3,3,1,549000.0,519000.0,30000.0,5.46,444000.0,75000.0,14.45,216111.1,13.88,519000.0,59,6,161538,1
5581,1592,20260122,36,2,1,1796000.0,1649000.0,147000.0,8.18,1424000.0,225000.0,13.64,794107.5,18.51,1649000.0,61,7,134982,1
5582,1578,20250325,60,3,1,624000.0,589000.0,35000.0,5.61,499000.0,90000.0,15.28,95846.4,36.52,589000.0,79,2,21255,1
5583,1579,20260626,21,1,1,630000.0,599000.0,31000.0,4.92,523000.0,76000.0,12.69,306672.11,10.11,599000.0,77,8,160607,1
5584,1593,20240630,83,1,1,1450000.0,1299000.0,151000.0,10.41,1137000.0,162000.0,12.47,320902.4,47.05,1299000.0,72,3,31581,1
5585,2213,20260526,76,2,1,1450000.0,1299000.0,151000.0,10.41,1137000.0,162000.0,12.47,320902.4,47.05,1299000.0,72,3,31581,1
5586,1594,20260816,26,2,1,487000.0,439000.0,48000.0,9.86,353000.0,86000.0,19.59,166027.3,28.91,439000.0,67,5,121310,1
5587,1582,20241115,66,2,1,681000.0,639000.0,42000.0,6.17,532000.0,107000.0,16.74,193136.39,21.75,639000.0,32,4,111029,1
5588,1595,20240402,56,2,1,729000.0,679000.0,50000.0,6.86,544000.0,135000.0,19.88,322329.83,15.51,679000.0,53,7,98602,1
5589,1582,20260604,57,3,1,672000.0,639000.0,33000.0,4.91,528000.0,111000.0,17.37,190583.93,17.32,639000.0,118,4,111984,1
5590,1596,20260426,84,2,1,464000.0,409000.0,55000.0,11.85,345000.0,64000.0,15.65,205159.18,26.81,409000.0,92,7,100182,1
5591,2173,20261101,29,3,1,464000.0,409000.0,55000.0,11.85,345000.0,64000.0,15.65,205159.18,26.81,409000.0,92,7,100182,1
5592,1547,20260528,92,3,1,1710000.0,1490000.0,220000.0,12.87,1301000.0,189000.0,12.68,378443.52,58.13,1490000.0,118,3,50000,1
5593,1597,20260120,34,3,1,697000.0,655000.0,42000.0,6.03,568000.0,87000.0,13.28,308180.92,13.63,655000.0,104,7,170000,1
5594,1593,20260920,58,3,1,1394000.0,1299000.0,95000.0,6.81,1052000.0,247000.0,19.01,308508.93,30.79,1299000.0,53,3,31581,1
5595,2213,20260415,39,1,1,1394000.0,1299000.0,95000.0,6.81,1052000.0,247000.0,19.01,308508.93,30.79,1299000.0,53,3,31581,1
5596,1598,20261105,3,3,1,1272000.0,1119000.0,153000.0,12.03,904000.0,215000.0,19.21,562419.12,27.2,1119000.0,61,7,87496,1
5597,1599,20250904,42,2,1,524000.0,459000.0,65000.0,12.4,389000.0,70000.0,15.25,80486.4,80.76,459000.0,76,2,24000,1
5598,2051,20250613,36,3,1,524000.0,459000.0,65000.0,12.4,389000.0,70000.0,15.25,80486.4,80.76,459000.0,76,2,24000,1
5599,1599,20260223,35,1,1,436000.0,399000.0,37000.0,8.49,336000.0,63000.0,15.79,66969.6,55.25,399000.0,37,2,43000,1
5600,2051,20251211,72,2,1,436000.0,399000.0,37000.0,8.49,336000.0,63000.0,15.79,66969.6,55.25,399000.0,37,2,43000,1
5601,1600,20240915,88,3,1,315000.0,299000.0,16000.0,5.08,246000.0,53000.0,17.73,199185.09,8.03,299000.0,76,12,191000,1
5602,429,20261130,30,2,1,368000.0,349000.0,19000.0,5.16,304000.0,45000.0,12.89,179135.45,10.61,349000.0,87,8,150000,1
5603,1334,20250929,80,2,1,368000.0,349000.0,19000.0,5.16,304000.0,45000.0,12.89,179135.45,10.61,349000.0,87,8,150000,1
5604,191,20250616,43,1,1,198000.0,179000.0,19000.0,9.6,156000.0,23000.0,12.85,131025.89,14.5,179000.0,27,13,156040,1
5605,473,20260814,51,3,1,293000.0,269000.0,24000.0,8.19,224000.0,45000.0,16.73,165724.18,14.48,269000.0,36,10,136367,1
5606,653,20250602,22,2,1,293000.0,269000.0,24000.0,8.19,224000.0,45000.0,16.73,165724.18,14.48,269000.0,36,10,136367,1
5607,473,20250618,72,3,1,294000.0,279000.0,15000.0,5.1,243000.0,36000.0,12.9,166289.79,9.02,279000.0,60,10,136367,1
5608,653,20250625,41,3,1,294000.0,279000.0,15000.0,5.1,243000.0,36000.0,12.9,166289.79,9.02,279000.0,60,10,136367,1
5609,1601,20260401,37,3,1,309000.0,279000.0,30000.0,9.71,232000.0,47000.0,16.85,150415.37,19.94,279000.0,69,8,114663,1
5610,1602,20240125,79,1,1,356000.0,339000.0,17000.0,4.78,291000.0,48000.0,14.16,121366.98,14.01,339000.0,83,5,96286,1
5611,1603,20240923,9,2,1,179000.0,159000.0,20000.0,11.17,133000.0,26000.0,16.35,118452.7,16.88,159000.0,58,13,164061,1
5612,1604,20260716,38,2,1,96000.0,89000.0,7000.0,7.29,72000.0,17000.0,19.1,77885.44,8.99,89000.0,24,20,90752,1
5613,10,20250927,29,3,1,189000.0,179000.0,10000.0,5.29,156000.0,23000.0,12.85,119511.05,8.37,179000.0,92,12,160000,1
5614,1063,20240916,40,1,1,189000.0,179000.0,10000.0,5.29,156000.0,23000.0,12.85,119511.05,8.37,179000.0,92,12,160000,1
5615,1605,20260321,14,2,1,354000.0,319000.0,35000.0,9.89,267000.0,52000.0,16.3,120685.14,29.0,319000.0,82,5,54000,1
5616,1606,20240421,46,2,1,173000.0,159000.0,14000.0,8.09,137000.0,22000.0,13.84,119163.64,11.75,159000.0,77,14,170000,1
5617,1607,20241115,93,1,1,802000.0,699000.0,103000.0,12.84,580000.0,119000.0,17.02,423326.59,24.33,699000.0,24,9,242247,1
5618,1608,20261117,46,2,1,187000.0,169000.0,18000.0,9.63,135000.0,34000.0,20.12,128806.94,13.97,169000.0,60,14,118000,1
5619,1609,20240625,92,3,1,204000.0,189000.0,15000.0,7.35,153000.0,36000.0,19.05,150267.7,9.98,189000.0,57,16,213287,1
5620,1551,20250104,78,3,1,189000.0,169000.0,20000.0,10.58,142000.0,27000.0,15.98,139218.61,14.37,169000.0,81,16,233000,1
5621,1610,20260613,68,3,1,247000.0,229000.0,18000.0,7.29,196000.0,33000.0,14.41,191934.72,9.38,229000.0,10,18,129361,1
5622,1611,20260731,39,2,1,147000.0,129000.0,18000.0,12.24,107000.0,22000.0,17.05,101254.65,17.78,129000.0,16,14,181000,1
5623,1612,20240113,52,3,1,358000.0,329000.0,29000.0,8.1,282000.0,47000.0,14.29,202488.93,14.32,329000.0,62,10,67184,1
5624,1613,20260606,34,3,1,364000.0,329000.0,35000.0,9.62,282000.0,47000.0,14.29,192133.26,18.22,329000.0,40,9,162000,1
5625,1614,20260331,95,2,1,62000.0,59000.0,3000.0,4.84,51000.0,8000.0,13.56,54906.26,5.46,59000.0,27,26,90752,1
5626,1615,20260605,17,1,1,250000.0,229000.0,21000.0,8.4,192000.0,37000.0,16.16,131959.66,15.91,229000.0,21,9,203077,1
5627,1616,20250402,77,2,1,429000.0,379000.0,50000.0,11.66,331000.0,48000.0,12.66,226442.78,22.08,379000.0,57,9,163000,1
5628,1617,20260603,62,3,1,191000.0,169000.0,22000.0,11.52,142000.0,27000.0,15.98,120775.72,18.22,169000.0,39,12,174247,1
5629,1618,20250311,78,1,1,396000.0,369000.0,27000.0,6.82,308000.0,61000.0,16.53,87639.55,30.81,369000.0,106,3,111683,1
5630,1619,20260913,84,2,1,321000.0,299000.0,22000.0,6.85,244000.0,55000.0,18.39,192716.4,11.42,299000.0,16,11,242583,1
5631,424,20240210,23,2,1,429000.0,379000.0,50000.0,11.66,313000.0,66000.0,17.41,168873.7,29.61,379000.0,101,6,89211,1
5632,1620,20251007,68,1,1,429000.0,379000.0,50000.0,11.66,313000.0,66000.0,17.41,168873.7,29.61,379000.0,101,6,89211,1
5633,1621,20240711,56,2,1,273000.0,239000.0,34000.0,12.45,192000.0,47000.0,19.67,132891.25,25.58,239000.0,12,8,100000,1
5634,1622,20250628,62,1,1,423000.0,399000.0,24000.0,5.67,339000.0,60000.0,15.04,253953.39,9.45,399000.0,116,11,185437,1
5635,2095,20250309,17,2,1,423000.0,399000.0,24000.0,5.67,339000.0,60000.0,15.04,253953.39,9.45,399000.0,116,11,185437,1
5636,1623,20260904,27,3,1,437000.0,399000.0,38000.0,8.7,327000.0,72000.0,18.05,212723.35,17.86,399000.0,72,8,220000,1
5637,1687,20250301,1,2,1,437000.0,399000.0,38000.0,8.7,327000.0,72000.0,18.05,212723.35,17.86,399000.0,72,8,220000,1
5638,1624,20261222,17,2,1,519000.0,479000.0,40000.0,7.71,395000.0,84000.0,17.54,229477.61,17.43,479000.0,15,7,110000,1
5639,1615,20261129,53,2,1,295000.0,259000.0,36000.0,12.2,223000.0,36000.0,13.9,155712.4,23.12,259000.0,104,9,161211,1
5640,1531,20240518,62,1,4,951000.0,899000.0,52000.0,5.47,743000.0,156000.0,17.35,501974.54,10.36,899000.0,111,9,211737,1
5641,1616,20240213,19,1,1,427000.0,399000.0,28000.0,6.56,327000.0,72000.0,18.05,225387.1,12.42,399000.0,24,9,161000,1
5642,1625,20250826,36,3,1,415000.0,369000.0,46000.0,11.08,300000.0,69000.0,18.7,219053.03,21.0,369000.0,80,9,142792,1
5643,1539,20240817,26,1,4,691000.0,655000.0,36000.0,5.21,565000.0,90000.0,13.74,305528.0,11.78,655000.0,52,7,117735,1
5644,1537,20241029,18,2,1,296000.0,269000.0,27000.0,9.12,218000.0,51000.0,18.96,187170.75,14.43,269000.0,103,12,142572,1
5645,1626,20251101,78,2,1,349000.0,319000.0,30000.0,8.6,267000.0,52000.0,16.3,249082.21,12.04,319000.0,100,15,100000,1
5646,1529,20241114,69,2,1,842000.0,777000.0,65000.0,7.72,653000.0,124000.0,15.96,238797.13,27.22,777000.0,90,4,100420,1
5647,1531,20250809,37,2,4,978000.0,898000.0,80000.0,8.18,768000.0,130000.0,14.48,516226.19,15.5,898000.0,27,9,211737,1
5648,674,20261102,48,2,1,1521000.0,1379000.0,142000.0,9.34,1173000.0,206000.0,14.94,233625.6,60.78,1379000.0,31,2,23382,1
5649,878,20241020,85,1,1,1521000.0,1379000.0,142000.0,9.34,1173000.0,206000.0,14.94,233625.6,60.78,1379000.0,31,2,23382,1
5650,1627,20241119,43,3,1,138000.0,129000.0,9000.0,6.52,112000.0,17000.0,13.18,98490.96,9.14,129000.0,70,15,163654,1
5651,1628,20250212,33,3,1,752000.0,679000.0,73000.0,9.71,546000.0,133000.0,19.59,296021.04,24.66,679000.0,70,6,88973,1
5652,1629,20251204,60,2,1,417000.0,369000.0,48000.0,11.51,304000.0,65000.0,17.62,92287.1,52.01,369000.0,62,3,34689,1
5653,1630,20250907,20,3,1,787000.0,699000.0,88000.0,11.18,575000.0,124000.0,17.74,223198.74,39.43,699000.0,35,4,82841,1
5654,2229,20240622,80,1,1,787000.0,699000.0,88000.0,11.18,575000.0,124000.0,17.74,223198.74,39.43,699000.0,35,4,82841,1
5655,1631,20250601,70,1,9,1245000.0,1169000.0,76000.0,6.1,949000.0,220000.0,18.82,275533.44,27.58,1169000.0,100,3,87931,1
5656,1784,20261125,88,1,9,1245000.0,1169000.0,76000.0,6.1,949000.0,220000.0,18.82,275533.44,27.58,1169000.0,100,3,87931,1
5657,1632,20251231,22,2,1,775000.0,728000.0,47000.0,6.06,599000.0,129000.0,17.72,264211.82,17.79,728000.0,49,5,106759,1
5658,1633,20260901,64,3,1,903000.0,839000.0,64000.0,7.09,692000.0,147000.0,17.52,138700.8,46.14,839000.0,97,2,50761,1
5659,1634,20261216,48,2,1,516000.0,475000.0,41000.0,7.95,400000.0,75000.0,15.79,341461.41,12.01,475000.0,17,13,162870,1
5660,1635,20240804,87,3,1,239000.0,219000.0,20000.0,8.37,187000.0,32000.0,14.61,158157.51,12.65,219000.0,30,13,220054,1
5661,1636,20260329,33,2,1,849000.0,759000.0,90000.0,10.6,630000.0,129000.0,17.0,240782.38,37.38,759000.0,102,4,90752,1
5662,1637,20260726,94,1,1,949000.0,899000.0,50000.0,5.27,771000.0,128000.0,14.24,145766.4,34.3,899000.0,52,2,53878,1
5663,674,20240717,20,3,1,1432000.0,1359000.0,73000.0,5.1,1124000.0,235000.0,17.29,219955.2,33.19,1359000.0,30,2,21500,1
5664,878,20261028,63,3,1,1432000.0,1359000.0,73000.0,5.1,1124000.0,235000.0,17.29,219955.2,33.19,1359000.0,30,2,21500,1
5665,1638,20250519,33,2,1,554000.0,509000.0,45000.0,8.12,419000.0,90000.0,17.68,244952.98,18.37,509000.0,12,7,108635,1
5666,1645,20240327,80,2,1,554000.0,509000.0,45000.0,8.12,419000.0,90000.0,17.68,244952.98,18.37,509000.0,12,7,108635,1
5667,1575,20241010,77,3,1,827000.0,739000.0,88000.0,10.64,623000.0,116000.0,15.7,281939.58,31.21,739000.0,40,5,76767,1
5668,1580,20260107,91,1,1,961000.0,899000.0,62000.0,6.45,721000.0,178000.0,19.8,272546.37,22.75,899000.0,36,4,68446,1
5669,1639,20250530,42,2,1,961000.0,899000.0,62000.0,6.45,721000.0,178000.0,19.8,272546.37,22.75,899000.0,36,4,68446,1
5670,1628,20240531,78,3,1,811000.0,728000.0,83000.0,10.23,587000.0,141000.0,19.37,319246.09,26.0,728000.0,119,6,62433,1
5671,1633,20240320,64,3,1,923000.0,858000.0,65000.0,7.04,715000.0,143000.0,16.67,141772.8,45.85,858000.0,36,2,26513,1
5672,1640,20260708,7,3,1,795000.0,698000.0,97000.0,12.2,611000.0,87000.0,12.46,122112.0,79.44,698000.0,82,2,45082,1
5673,1641,20260408,74,1,1,762000.0,669000.0,93000.0,12.2,574000.0,95000.0,14.2,117043.2,79.46,669000.0,66,2,16496,1
5674,1642,20240126,76,1,1,820000.0,759000.0,61000.0,7.44,613000.0,146000.0,19.24,125952.0,48.43,759000.0,106,2,30572,1
5675,1643,20260613,77,3,1,1641000.0,1529000.0,112000.0,6.83,1327000.0,202000.0,13.21,645971.44,17.34,1529000.0,42,6,14273,1
5676,60,20250311,65,3,1,1035000.0,949000.0,86000.0,8.31,815000.0,134000.0,14.12,293533.29,29.3,949000.0,99,4,73885,1
5677,672,20240930,14,2,1,1035000.0,949000.0,86000.0,8.31,815000.0,134000.0,14.12,293533.29,29.3,949000.0,99,4,73885,1
5678,1644,20240612,75,1,1,386000.0,359000.0,27000.0,6.99,305000.0,54000.0,15.04,244080.77,11.06,359000.0,101,12,199732,1
5679,1638,20260507,91,2,1,556000.0,498000.0,58000.0,10.43,431000.0,67000.0,13.45,245837.29,23.59,498000.0,53,7,80394,1
5680,1645,20260316,10,1,1,556000.0,498000.0,58000.0,10.43,431000.0,67000.0,13.45,245837.29,23.59,498000.0,53,7,80394,1
5681,1646,20260421,65,3,1,543000.0,479000.0,64000.0,11.79,399000.0,80000.0,16.7,185118.73,34.57,479000.0,52,5,59111,1
5682,1695,20251022,79,2,1,543000.0,479000.0,64000.0,11.79,399000.0,80000.0,16.7,185118.73,34.57,479000.0,52,5,59111,1
5683,1647,20251211,73,3,1,1664000.0,1489000.0,175000.0,10.52,1218000.0,271000.0,18.2,255590.4,68.47,1489000.0,40,2,23249,1
5684,1648,20240621,23,2,1,1018000.0,899000.0,119000.0,11.69,756000.0,143000.0,15.91,288711.97,41.22,899000.0,74,4,63345,1
5685,1649,20240622,13,1,1,391000.0,359000.0,32000.0,8.18,303000.0,56000.0,15.6,110890.35,28.86,359000.0,93,4,37915,1
5686,1575,20260807,72,3,1,808000.0,758000.0,50000.0,6.19,639000.0,119000.0,15.7,275462.13,18.15,758000.0,85,5,66265,1
5687,1628,20241015,10,1,1,784000.0,698000.0,86000.0,10.97,590000.0,108000.0,15.47,308617.68,27.87,698000.0,26,6,114893,1
5688,1650,20250208,14,2,1,900000.0,829000.0,71000.0,7.89,726000.0,103000.0,12.42,475054.77,14.95,829000.0,24,9,95220,1
5689,1651,20260705,37,1,1,668000.0,598000.0,70000.0,10.48,522000.0,76000.0,12.71,147836.42,47.35,598000.0,43,3,41344,1
5690,1652,20241112,70,1,1,1011000.0,939000.0,72000.0,7.12,817000.0,122000.0,12.99,344668.58,20.89,939000.0,89,5,40254,1
5691,1653,20250923,4,1,1,2041000.0,1929000.0,112000.0,5.49,1667000.0,262000.0,13.58,695814.61,16.1,1929000.0,13,5,84804,1
5692,1654,20250217,12,2,1,1068000.0,929000.0,139000.0,13.01,813000.0,116000.0,12.49,302892.32,45.89,929000.0,81,4,51252,1
5693,1655,20261209,9,3,1,595000.0,558000.0,37000.0,6.22,451000.0,107000.0,19.18,131680.64,28.1,558000.0,107,3,47285,1
5694,1656,20240128,13,2,1,918000.0,799000.0,119000.0,12.96,656000.0,143000.0,17.9,695548.29,17.11,799000.0,119,17,75650,1
5695,1657,20260121,43,2,1,419000.0,365000.0,54000.0,12.89,306000.0,59000.0,16.16,264947.78,20.38,365000.0,98,12,163651,1
5696,1652,20240530,63,3,1,812000.0,719000.0,93000.0,11.45,624000.0,95000.0,13.21,276825.8,33.6,719000.0,88,5,105604,1
5697,65,20250720,34,1,1,680000.0,609000.0,71000.0,10.44,512000.0,97000.0,15.93,104448.0,67.98,609000.0,37,2,18655,1
5698,203,20250928,87,1,1,353000.0,319000.0,34000.0,9.63,274000.0,45000.0,14.11,233596.66,14.56,319000.0,82,13,172080,1
5699,227,20250825,27,1,1,353000.0,319000.0,34000.0,9.63,274000.0,45000.0,14.11,233596.66,14.56,319000.0,82,13,172080,1
5700,476,20261023,23,1,1,692000.0,609000.0,83000.0,11.99,494000.0,115000.0,18.88,153147.9,54.2,609000.0,11,3,48939,1
5701,1637,20260520,13,1,1,970000.0,899000.0,71000.0,7.32,737000.0,162000.0,18.02,148992.0,47.65,899000.0,26,2,23698,1
5702,1658,20260131,23,3,1,1205000.0,1099000.0,106000.0,8.8,944000.0,155000.0,14.1,266680.96,39.75,1099000.0,67,3,134922,1
5703,1659,20260506,96,2,9,721000.0,648000.0,73000.0,10.12,527000.0,121000.0,18.67,407805.92,17.9,648000.0,83,10,164487,1
5704,476,20241130,67,2,1,685000.0,628000.0,57000.0,8.32,520000.0,108000.0,17.2,151598.72,37.6,628000.0,18,3,33394,1
5705,476,20250927,33,1,1,676000.0,619000.0,57000.0,8.43,508000.0,111000.0,17.93,149606.91,38.1,619000.0,40,3,49620,1
5706,1580,20250407,40,1,1,864000.0,798000.0,66000.0,7.64,661000.0,137000.0,17.17,245036.48,26.93,798000.0,75,4,95295,1
5707,1639,20240531,1,3,1,864000.0,798000.0,66000.0,7.64,661000.0,137000.0,17.17,245036.48,26.93,798000.0,75,4,95295,1
5708,1660,20250511,34,3,1,995000.0,899000.0,96000.0,9.65,770000.0,129000.0,14.35,339213.88,28.3,899000.0,97,5,95368,1
5709,1661,20250303,79,1,1,1701000.0,1499000.0,202000.0,11.88,1243000.0,256000.0,17.08,752102.93,26.86,1499000.0,71,7,63426,1
5710,93,20260227,44,2,1,406000.0,379000.0,27000.0,6.65,320000.0,59000.0,15.57,179514.28,15.04,379000.0,28,7,96834,1
5711,156,20250926,23,3,1,406000.0,379000.0,27000.0,6.65,320000.0,59000.0,15.57,179514.28,15.04,379000.0,28,7,96834,1
5712,1662,20260311,98,1,1,376000.0,329000.0,47000.0,12.5,266000.0,63000.0,19.15,183029.7,25.68,329000.0,90,8,119033,1
5713,1632,20240812,45,1,1,837000.0,748000.0,89000.0,10.63,647000.0,101000.0,13.5,285348.77,31.19,748000.0,116,5,108184,1
5714,1663,20260917,24,1,1,905000.0,799000.0,106000.0,11.71,663000.0,136000.0,17.02,511878.45,20.71,799000.0,83,10,115984,1
5715,1664,20240403,99,1,1,507000.0,459000.0,48000.0,9.47,391000.0,68000.0,14.81,224171.77,21.41,459000.0,64,7,97614,1
5716,1665,20251017,2,1,1,507000.0,459000.0,48000.0,9.47,391000.0,68000.0,14.81,224171.77,21.41,459000.0,64,7,97614,1
5717,1633,20241108,78,2,1,958000.0,849000.0,109000.0,11.38,728000.0,121000.0,14.25,147148.8,74.07,849000.0,37,2,40713,1
5718,1664,20250223,98,1,1,314000.0,299000.0,15000.0,4.78,244000.0,55000.0,18.39,138836.17,10.8,299000.0,111,7,97614,1
5719,1665,20240901,1,2,1,314000.0,299000.0,15000.0,4.78,244000.0,55000.0,18.39,138836.17,10.8,299000.0,111,7,97614,1
5720,744,20261126,11,1,1,452000.0,399000.0,53000.0,11.73,347000.0,52000.0,13.03,255656.42,20.73,399000.0,101,10,136367,1
5721,1636,20251230,33,2,1,809000.0,768000.0,41000.0,5.07,652000.0,116000.0,15.1,229438.1,17.87,768000.0,59,4,98341,1
5722,1662,20250224,55,3,1,363000.0,319000.0,44000.0,12.12,266000.0,53000.0,16.61,176701.55,24.9,319000.0,74,8,119033,1
5723,1664,20240924,14,1,1,396000.0,345000.0,51000.0,12.88,281000.0,64000.0,18.55,175092.75,29.13,345000.0,12,7,97614,1
5724,1665,20250709,47,3,1,396000.0,345000.0,51000.0,12.88,281000.0,64000.0,18.55,175092.75,29.13,345000.0,12,7,97614,1
5725,1666,20250802,8,3,1,1035000.0,959000.0,76000.0,7.34,839000.0,120000.0,12.51,293533.29,25.89,959000.0,88,4,96856,1
5726,2063,20240908,14,3,1,1035000.0,959000.0,76000.0,7.34,839000.0,120000.0,12.51,293533.29,25.89,959000.0,88,4,96856,1
5727,1667,20251227,12,2,1,1038000.0,969000.0,69000.0,6.65,834000.0,135000.0,13.93,229721.86,30.04,969000.0,61,3,40483,1
5728,1630,20260514,83,1,1,697000.0,619000.0,78000.0,11.19,506000.0,113000.0,18.26,197674.11,39.46,619000.0,19,4,83341,1
5729,2229,20250618,34,3,1,697000.0,619000.0,78000.0,11.19,506000.0,113000.0,18.26,197674.11,39.46,619000.0,19,4,83341,1
5730,1668,20250614,97,2,1,537000.0,499000.0,38000.0,7.08,413000.0,86000.0,17.23,283449.35,13.41,499000.0,30,9,178000,1
5731,1910,20240504,3,1,1,537000.0,499000.0,38000.0,7.08,413000.0,86000.0,17.23,283449.35,13.41,499000.0,30,9,178000,1
5732,1539,20250602,18,3,1,704000.0,619000.0,85000.0,12.07,535000.0,84000.0,13.57,311275.99,27.31,619000.0,46,7,139179,1
5733,1669,20250512,24,1,1,698000.0,658000.0,40000.0,5.73,563000.0,95000.0,14.44,274764.21,14.56,658000.0,24,6,110376,1
5734,1670,20240201,9,1,1,594000.0,559000.0,35000.0,5.89,481000.0,78000.0,13.95,168462.58,20.78,559000.0,96,4,29197,1
5735,1593,20241022,21,1,1,1216000.0,1059000.0,157000.0,12.91,885000.0,174000.0,16.43,269115.39,58.34,1059000.0,87,3,20605,1
5736,2213,20260623,46,3,1,1216000.0,1059000.0,157000.0,12.91,885000.0,174000.0,16.43,269115.39,58.34,1059000.0,87,3,20605,1
5737,1671,20241026,35,3,1,759000.0,679000.0,80000.0,10.54,582000.0,97000.0,14.29,258757.12,30.92,679000.0,88,5,99039,1
5738,1666,20251027,28,2,1,1020000.0,899000.0,121000.0,11.86,747000.0,152000.0,16.91,289279.18,41.83,899000.0,83,4,115769,1
5739,2063,20251231,59,3,1,1020000.0,899000.0,121000.0,11.86,747000.0,152000.0,16.91,289279.18,41.83,899000.0,83,4,115769,1
5740,1299,20240728,96,2,1,497000.0,459000.0,38000.0,7.65,375000.0,84000.0,18.3,169436.48,22.43,459000.0,18,5,40614,1
5741,1672,20240221,60,2,1,558000.0,499000.0,59000.0,10.57,424000.0,75000.0,15.03,246721.6,23.91,499000.0,53,7,140000,1
5742,1575,20241209,60,1,1,964000.0,869000.0,95000.0,9.85,763000.0,106000.0,12.2,328645.41,28.91,869000.0,48,5,68474,1
5743,1673,20261124,63,2,1,809000.0,729000.0,80000.0,9.89,601000.0,128000.0,17.56,179041.41,44.68,729000.0,14,3,94124,1
5744,1674,20260910,97,1,1,514000.0,459999.0,54001.0,10.51,385000.0,74999.0,16.3,340137.92,15.88,459999.0,34,13,164061,1
5745,1675,20250918,84,3,1,194000.0,175000.0,19000.0,9.79,149000.0,26000.0,14.86,150750.35,12.6,175000.0,65,18,231854,1
5746,1676,20261226,95,1,1,1813000.0,1659000.0,154000.0,8.49,1399000.0,260000.0,15.67,145040.0,106.18,1659000.0,115,1,2705,1
5747,1570,20240322,64,2,1,678000.0,629000.0,49000.0,7.23,546000.0,83000.0,13.2,150049.54,32.66,629000.0,99,3,14424,1
5748,1677,20261031,45,2,1,269000.0,239000.0,30000.0,11.15,206000.0,33000.0,13.81,170097.74,17.64,239000.0,73,12,183280,1
5749,2287,20240904,41,3,1,269000.0,239000.0,30000.0,11.15,206000.0,33000.0,13.81,170097.74,17.64,239000.0,73,12,183280,1
5750,1678,20260604,83,1,1,1136000.0,1059000.0,77000.0,6.78,852000.0,207000.0,19.55,387283.39,19.88,1059000.0,81,5,113546,1
5751,1746,20260814,76,2,1,1136000.0,1059000.0,77000.0,6.78,852000.0,207000.0,19.55,387283.39,19.88,1059000.0,81,5,113546,1
5752,1679,20240204,81,2,1,1230000.0,1099000.0,131000.0,10.65,967000.0,132000.0,12.01,484183.35,27.06,1099000.0,95,6,74914,1
5753,2076,20250117,17,3,1,1230000.0,1099000.0,131000.0,10.65,967000.0,132000.0,12.01,484183.35,27.06,1099000.0,95,6,74914,1
5754,1680,20250615,4,3,1,621000.0,579000.0,42000.0,6.76,498000.0,81000.0,13.99,137434.75,30.56,579000.0,61,3,58522,1
5755,476,20240810,89,1,1,700000.0,629000.0,71000.0,10.14,547000.0,82000.0,13.04,154918.4,45.83,629000.0,98,3,39432,1
5756,1681,20250911,93,3,1,381000.0,339000.0,42000.0,11.02,289000.0,50000.0,14.75,252125.58,16.66,339000.0,85,13,201625,1
5757,1682,20241222,19,2,1,385000.0,359000.0,26000.0,6.75,312000.0,47000.0,13.09,243448.44,10.68,359000.0,18,12,172000,1
5758,1530,20250103,68,3,1,421000.0,399000.0,22000.0,5.23,323000.0,76000.0,19.05,204934.85,10.74,399000.0,19,8,93943,1
5759,1574,20250815,30,1,1,743000.0,699000.0,44000.0,5.92,579000.0,120000.0,17.17,328519.98,13.39,699000.0,19,7,82014,1
5760,1683,20240331,20,3,1,400000.0,359999.0,40001.0,10.0,313000.0,46999.0,13.06,240145.05,16.66,359999.0,82,11,145458,1
5761,1678,20260416,47,2,1,1213000.0,1069000.0,144000.0,11.87,872000.0,197000.0,18.43,413534.11,34.82,1069000.0,71,5,109498,1
5762,1746,20260702,93,1,1,1213000.0,1069000.0,144000.0,11.87,872000.0,197000.0,18.43,413534.11,34.82,1069000.0,71,5,109498,1
5763,1684,20241205,45,3,1,132000.0,125000.0,7000.0,5.3,101000.0,24000.0,19.2,94208.74,7.43,125000.0,99,15,268731,1
5764,1685,20250803,20,1,1,517000.0,459999.0,57001.0,11.03,397000.0,62999.0,13.7,176254.85,32.34,459999.0,108,5,90000,1
5765,1686,20261127,11,2,1,281000.0,259000.0,22000.0,7.83,225000.0,34000.0,13.13,193554.81,11.37,259000.0,100,14,200000,1
5766,1559,20261108,64,3,1,603000.0,549000.0,54000.0,8.96,446000.0,103000.0,18.76,171015.05,31.58,549000.0,69,4,49133,1
5767,1623,20260528,20,1,1,640000.0,559999.0,80001.0,12.5,486000.0,73999.0,13.21,311539.92,25.68,559999.0,104,8,120000,1
5768,1687,20240525,31,1,1,640000.0,559999.0,80001.0,12.5,486000.0,73999.0,13.21,311539.92,25.68,559999.0,104,8,120000,1
5769,1688,20240421,21,1,1,465000.0,429000.0,36000.0,7.74,367000.0,62000.0,14.45,205601.33,17.51,429000.0,28,7,73636,1
5770,873,20240307,47,3,1,461000.0,420000.0,41000.0,8.89,353000.0,67000.0,15.95,181470.34,22.59,420000.0,116,6,144497,1
5771,1082,20240905,52,2,1,461000.0,420000.0,41000.0,8.89,353000.0,67000.0,15.95,181470.34,22.59,420000.0,116,6,144497,1
5772,1689,20250420,75,3,1,1155000.0,1099000.0,56000.0,4.85,952000.0,147000.0,13.38,454659.97,12.32,1099000.0,47,6,77799,1
5773,1690,20250511,71,3,1,454000.0,429000.0,25000.0,5.51,358000.0,71000.0,16.55,200737.64,12.45,429000.0,15,7,128156,1
5774,1691,20240510,44,3,1,861000.0,800000.0,61000.0,7.08,652000.0,148000.0,18.5,244185.66,24.98,800000.0,24,4,20137,1
5775,1692,20250928,89,1,1,799000.0,759000.0,40000.0,5.01,624000.0,135000.0,17.79,314522.35,12.72,759000.0,102,6,127490,1
5776,1693,20240726,85,2,1,555000.0,499000.0,56000.0,10.09,419000.0,80000.0,16.03,189209.75,29.6,499000.0,56,5,64163,1
5777,2062,20250910,8,2,1,555000.0,499000.0,56000.0,10.09,419000.0,80000.0,16.03,189209.75,29.6,499000.0,56,5,64163,1
5778,1577,20260225,10,2,1,545000.0,499000.0,46000.0,8.44,420000.0,79000.0,15.83,214536.52,21.44,499000.0,54,6,128940,1
5779,1694,20260421,55,2,1,883000.0,799000.0,84000.0,9.51,691000.0,108000.0,13.52,135628.8,61.93,799000.0,14,2,28947,1
5780,1646,20250525,99,3,1,639000.0,599000.0,40000.0,6.26,517000.0,82000.0,13.69,217846.91,18.36,599000.0,87,5,116145,1
5781,1695,20260709,92,1,1,639000.0,599000.0,40000.0,6.26,517000.0,82000.0,13.69,217846.91,18.36,599000.0,87,5,116145,1
5782,1696,20250710,2,3,1,702000.0,650000.0,52000.0,7.41,550000.0,100000.0,15.38,239324.77,21.73,650000.0,62,5,35201,1
5783,1709,20250517,38,2,1,702000.0,650000.0,52000.0,7.41,550000.0,100000.0,15.38,239324.77,21.73,650000.0,62,5,35201,1
5784,1697,20250719,43,1,1,502000.0,450000.0,52000.0,10.36,388000.0,62000.0,13.78,171141.08,30.38,450000.0,75,5,35201,1
5785,1698,20260311,94,1,1,480000.0,419000.0,61000.0,12.71,342000.0,77000.0,18.38,233654.94,26.11,419000.0,71,8,120066,1
5786,679,20251018,85,2,1,517000.0,490000.0,27000.0,5.22,394000.0,96000.0,19.59,114418.3,23.6,490000.0,32,3,12869,1
5787,1166,20240119,80,1,1,517000.0,490000.0,27000.0,5.22,394000.0,96000.0,19.59,114418.3,23.6,490000.0,32,3,12869,1
5788,173,20260506,40,3,1,535000.0,470000.0,65000.0,12.15,409000.0,61000.0,12.98,151729.77,42.84,470000.0,53,4,9888,1
5789,1699,20241022,27,3,1,664000.0,599000.0,65000.0,9.79,483000.0,116000.0,19.37,261380.28,24.87,599000.0,61,6,129221,1
5790,2222,20241024,99,3,1,664000.0,599000.0,65000.0,9.79,483000.0,116000.0,19.37,261380.28,24.87,599000.0,61,6,129221,1
5791,43,20261205,44,1,1,520000.0,470000.0,50000.0,9.62,385000.0,85000.0,18.09,177277.61,28.2,470000.0,55,5,35117,1
5792,1700,20260225,7,2,1,495000.0,450000.0,45000.0,9.09,385000.0,65000.0,14.44,168754.65,26.67,450000.0,28,5,113403,1
5793,74,20260404,28,2,1,560000.0,530000.0,30000.0,5.36,441000.0,89000.0,16.79,158819.94,18.89,530000.0,97,4,59711,1
5794,520,20240426,75,1,1,560000.0,530000.0,30000.0,5.36,441000.0,89000.0,16.79,158819.94,18.89,530000.0,97,4,59711,1
5795,1701,20241201,30,3,1,577000.0,545000.0,32000.0,5.55,474000.0,71000.0,13.03,280872.71,11.39,545000.0,93,8,190000,1
5796,144,20261114,13,2,1,422000.0,380000.0,42000.0,9.95,313000.0,67000.0,17.63,238688.07,17.6,380000.0,56,10,129000,1
5797,74,20261120,50,2,1,531000.0,490000.0,41000.0,7.72,392000.0,98000.0,20.0,150595.34,27.23,490000.0,100,4,43224,1
5798,520,20251211,29,2,1,531000.0,490000.0,41000.0,7.72,392000.0,98000.0,20.0,150595.34,27.23,490000.0,100,4,43224,1
5799,1702,20260119,86,2,1,570000.0,499000.0,71000.0,12.46,411000.0,88000.0,17.64,87552.0,81.09,499000.0,61,2,11867,1
5800,1986,20240526,14,1,1,570000.0,499000.0,71000.0,12.46,411000.0,88000.0,17.64,87552.0,81.09,499000.0,61,2,11867,1
5801,1703,20240316,64,2,1,534000.0,490000.0,44000.0,8.24,415000.0,75000.0,15.31,151446.16,29.05,490000.0,33,4,13096,1
5802,11,20260718,64,1,1,500000.0,470000.0,30000.0,6.0,390000.0,80000.0,17.02,110656.0,27.11,470000.0,26,3,17000,1
5803,264,20250118,98,3,1,500000.0,470000.0,30000.0,6.0,390000.0,80000.0,17.02,110656.0,27.11,470000.0,26,3,17000,1
5804,1704,20260614,55,2,1,527000.0,470000.0,57000.0,10.82,396000.0,74000.0,15.74,116631.42,48.87,470000.0,98,3,13735,1
5805,1902,20241206,79,3,1,527000.0,470000.0,57000.0,10.82,396000.0,74000.0,15.74,116631.42,48.87,470000.0,98,3,13735,1
5806,1705,20240311,100,3,1,745000.0,690000.0,55000.0,7.38,600000.0,90000.0,13.04,253984.27,21.65,690000.0,55,5,106550,1
5807,1987,20240910,53,1,1,745000.0,690000.0,55000.0,7.38,600000.0,90000.0,13.04,253984.27,21.65,690000.0,55,5,106550,1
5808,1706,20250805,47,1,1,452000.0,410000.0,42000.0,9.29,358000.0,52000.0,12.68,322593.57,13.02,410000.0,73,15,234000,1
5809,1299,20250224,3,3,1,448000.0,400000.0,48000.0,10.71,329000.0,71000.0,17.75,152731.48,31.43,400000.0,104,5,61137,1
5810,1707,20240823,65,1,1,507000.0,445000.0,62000.0,12.23,372000.0,73000.0,16.4,224171.77,27.66,445000.0,37,7,140000,1
5811,1708,20260425,87,3,1,469000.0,415000.0,54000.0,11.51,350000.0,65000.0,15.66,323050.56,16.72,415000.0,59,14,180000,1
5812,1696,20261218,76,1,1,525000.0,470000.0,55000.0,10.48,412000.0,58000.0,12.34,178982.2,30.73,470000.0,73,5,41420,1
5813,1709,20241014,16,1,1,525000.0,470000.0,55000.0,10.48,412000.0,58000.0,12.34,178982.2,30.73,470000.0,73,5,41420,1
5814,15,20260825,10,2,1,558000.0,499000.0,59000.0,10.57,439000.0,60000.0,12.02,123492.1,47.78,499000.0,37,3,31647,1
5815,2257,20260612,75,3,1,558000.0,499000.0,59000.0,10.57,439000.0,60000.0,12.02,123492.1,47.78,499000.0,37,3,31647,1
5816,1710,20260816,57,3,1,446000.0,390000.0,56000.0,12.56,319000.0,71000.0,18.21,175565.67,31.9,390000.0,95,6,100000,1
5817,1711,20240524,74,1,1,192000.0,178000.0,14000.0,7.29,153000.0,25000.0,14.04,132250.98,10.59,178000.0,65,14,90000,1
5818,1712,20250205,59,2,1,167000.0,159000.0,8000.0,4.79,132000.0,27000.0,16.98,129769.63,6.16,159000.0,68,18,140000,1
5819,1713,20240303,64,1,1,366000.0,340000.0,26000.0,7.1,272000.0,68000.0,20.0,207013.83,12.56,340000.0,14,10,120000,1
5820,1714,20260801,44,2,1,547000.0,510000.0,37000.0,6.76,408000.0,102000.0,20.0,215323.81,17.18,510000.0,63,6,121000,1
5821,1715,20250905,33,2,1,486000.0,435000.0,51000.0,10.49,364000.0,71000.0,16.32,346859.46,14.7,435000.0,53,15,101000,1
5822,975,20250316,90,3,1,523000.0,470000.0,53000.0,10.13,394000.0,76000.0,16.17,360246.15,14.71,470000.0,51,14,130000,1
5823,1716,20240616,10,3,1,266000.0,240000.0,26000.0,9.77,192000.0,48000.0,20.0,183222.71,14.19,240000.0,81,14,90752,1
5824,1717,20260901,52,2,1,630000.0,599000.0,31000.0,4.92,512000.0,87000.0,14.52,416900.56,7.44,599000.0,111,13,83000,1
5825,1562,20250824,10,3,1,560000.0,499000.0,61000.0,10.89,411000.0,88000.0,17.64,295589.64,20.64,499000.0,101,9,90000,1
5826,1718,20260115,80,1,1,720000.0,665000.0,55000.0,7.64,562000.0,103000.0,15.49,318350.45,17.28,665000.0,66,7,124000,1
5827,1719,20250104,17,1,1,334000.0,299000.0,35000.0,10.48,246000.0,53000.0,17.73,246026.53,14.23,299000.0,56,16,180000,1
5828,1720,20241202,90,1,1,929000.0,840000.0,89000.0,9.58,683000.0,157000.0,18.69,452219.67,19.68,840000.0,85,8,55000,1
5829,1721,20260421,53,1,1,689000.0,635000.0,54000.0,7.84,529000.0,106000.0,16.69,363680.82,14.85,635000.0,34,9,112000,1
5830,1722,20250928,22,2,1,138000.0,130000.0,8000.0,5.8,106000.0,24000.0,18.46,101651.68,7.87,130000.0,111,16,107000,1
5831,1723,20260211,72,2,1,528000.0,498000.0,30000.0,5.68,420000.0,78000.0,15.66,363690.19,8.25,498000.0,53,14,130000,1
5832,1724,20240909,11,1,1,374000.0,330000.0,44000.0,11.76,269000.0,61000.0,18.48,224535.62,19.6,330000.0,24,11,80000,1
5833,1725,20260802,67,1,1,376000.0,329000.0,47000.0,12.5,277000.0,52000.0,15.81,258991.5,18.15,329000.0,117,14,100000,1
5834,1449,20240809,13,3,1,379000.0,340000.0,39000.0,10.29,276000.0,64000.0,18.82,107487.07,36.28,340000.0,114,4,55000,1
5835,1726,20261207,58,2,1,667000.0,629000.0,38000.0,5.7,537000.0,92000.0,14.63,459434.38,8.27,629000.0,60,14,105000,1
5836,1727,20240229,45,2,1,354000.0,325000.0,29000.0,8.19,280000.0,45000.0,13.85,243837.74,11.89,325000.0,62,14,201000,1
5837,1728,20240430,45,2,1,707000.0,630000.0,77000.0,10.89,510000.0,120000.0,19.05,399887.36,19.26,630000.0,43,10,81000,1
5838,1729,20260216,43,1,1,936000.0,830000.0,106000.0,11.32,695000.0,135000.0,16.27,619395.12,17.11,830000.0,118,13,112000,1
5839,1730,20250519,64,2,1,296000.0,279000.0,17000.0,5.74,225000.0,54000.0,19.35,224272.65,7.58,279000.0,86,17,192000,1
5840,1470,20260725,39,3,1,494000.0,470000.0,24000.0,4.86,398000.0,72000.0,15.32,326902.98,7.34,470000.0,17,13,150000,1
5841,1731,20260301,8,2,1,847000.0,755000.0,92000.0,10.86,620000.0,135000.0,17.88,447079.33,20.58,755000.0,86,9,130000,1
5842,1664,20241216,74,2,1,390000.0,359000.0,31000.0,7.95,302000.0,57000.0,15.88,172439.83,17.98,359000.0,109,7,97614,1
5843,1665,20260701,40,3,1,390000.0,359000.0,31000.0,7.95,302000.0,57000.0,15.88,172439.83,17.98,359000.0,109,7,97614,1
5844,1732,20250306,51,1,1,322000.0,299000.0,23000.0,7.14,252000.0,47000.0,15.72,142373.39,16.15,299000.0,79,7,77628,1
5845,1664,20260520,93,1,1,367000.0,349000.0,18000.0,4.9,305000.0,44000.0,12.61,162270.3,11.09,349000.0,111,7,68441,1
5846,1665,20250119,94,3,1,367000.0,349000.0,18000.0,4.9,305000.0,44000.0,12.61,162270.3,11.09,349000.0,111,7,68441,1
5847,1548,20250911,20,3,1,330000.0,299000.0,31000.0,9.39,252000.0,47000.0,15.72,208670.09,14.86,299000.0,105,12,191000,1
5848,1733,20260619,66,1,1,566000.0,499000.0,67000.0,11.84,422000.0,77000.0,15.43,339805.24,19.72,499000.0,30,11,145458,1
5849,1734,20250326,58,3,1,572000.0,499000.0,73000.0,12.76,415000.0,84000.0,16.83,301923.7,24.18,499000.0,117,9,121619,1
5850,1735,20260112,99,1,1,508000.0,459000.0,49000.0,9.65,402000.0,57000.0,12.42,247284.81,19.82,459000.0,117,8,95804,1
5851,1736,20240103,65,3,1,1344000.0,1220000.0,124000.0,9.23,1052000.0,168000.0,13.77,458194.43,27.06,1220000.0,16,5,54000,1
5852,1616,20240104,45,1,1,528000.0,499000.0,29000.0,5.49,411000.0,88000.0,17.64,278698.8,10.41,499000.0,99,9,163000,1
5853,1737,20250909,74,3,1,418000.0,378000.0,40000.0,9.57,328000.0,50000.0,13.23,184820.12,21.64,378000.0,88,7,170000,1
5854,1738,20240205,91,1,1,358000.0,329000.0,29000.0,8.1,275000.0,54000.0,16.41,202488.93,14.32,329000.0,65,10,152412,1
5855,1697,20250604,78,1,1,421000.0,379000.0,42000.0,9.98,328000.0,51000.0,13.46,143526.68,29.26,379000.0,58,5,78011,1
5856,1739,20240823,74,1,1,637000.0,585000.0,52000.0,8.16,507000.0,78000.0,13.33,217165.07,23.94,585000.0,51,5,110000,1
5857,1740,20250111,34,3,1,1674000.0,1559000.0,115000.0,6.87,1271000.0,288000.0,18.47,474758.18,24.22,1559000.0,32,4,87939,1
5858,1741,20250814,12,2,1,471000.0,445000.0,26000.0,5.52,381000.0,64000.0,14.38,266403.04,9.76,445000.0,61,10,80000,1
5859,1742,20240404,23,3,1,1611000.0,1490000.0,121000.0,7.51,1227000.0,263000.0,17.65,784204.4,15.43,1490000.0,111,8,82240,1
5860,1743,20241227,68,3,1,729000.0,688000.0,41000.0,5.62,567000.0,121000.0,17.59,412330.82,9.94,688000.0,114,10,190000,1
5861,1744,20260531,78,3,1,158000.0,148000.0,10000.0,6.33,122000.0,26000.0,17.57,89366.62,11.19,148000.0,88,10,151000,1
5862,1745,20240905,53,2,1,515000.0,448000.0,67000.0,13.01,384000.0,64000.0,14.29,309186.75,21.67,448000.0,62,11,140000,1
5863,1678,20250103,91,3,1,851000.0,778000.0,73000.0,8.58,637000.0,141000.0,18.12,290121.62,25.16,778000.0,113,5,290000,1
5864,1746,20240613,53,3,1,851000.0,778000.0,73000.0,8.58,637000.0,141000.0,18.12,290121.62,25.16,778000.0,113,5,290000,1
5865,1747,20250824,40,2,1,1046000.0,948000.0,98000.0,9.37,758000.0,190000.0,20.04,411752.67,23.8,948000.0,25,6,72856,1
5866,1748,20250804,82,2,1,669000.0,588000.0,81000.0,12.11,504000.0,84000.0,14.29,263348.5,30.76,588000.0,105,6,180000,1
5867,1728,20250613,78,2,1,607000.0,528000.0,79000.0,13.01,430000.0,98000.0,18.56,343326.21,23.01,528000.0,46,10,140000,1
5868,1749,20240304,53,3,1,731000.0,659999.0,71001.0,9.71,534000.0,125999.0,19.09,112281.6,63.23,659999.0,27,2,8299,1
5869,1750,20260530,36,3,1,1131000.0,999999.0,131001.0,11.58,819000.0,180999.0,18.1,90480.0,144.78,999999.0,29,1,21000,1
5870,2059,20261110,65,2,1,1131000.0,999999.0,131001.0,11.58,819000.0,180999.0,18.1,90480.0,144.78,999999.0,29,1,21000,1
5871,1751,20260218,14,3,1,497000.0,459000.0,38000.0,7.65,381000.0,78000.0,16.99,76339.2,49.78,459000.0,55,2,29149,1
5872,1592,20250201,34,3,1,1782000.0,1649000.0,133000.0,7.46,1382000.0,267000.0,16.19,787917.36,16.88,1649000.0,11,7,134982,1
5873,1752,20260312,26,3,1,1941000.0,1780000.0,161000.0,8.29,1430000.0,350000.0,19.66,661722.76,24.33,1780000.0,96,5,86144,1
5874,1678,20261125,55,1,1,1049000.0,939000.0,110000.0,10.49,824000.0,115000.0,12.25,357623.48,30.76,939000.0,103,5,146855,1
5875,1746,20250324,63,3,1,1049000.0,939000.0,110000.0,10.49,824000.0,115000.0,12.25,357623.48,30.76,939000.0,103,5,146855,1
5876,1753,20261019,70,3,1,301000.0,269000.0,32000.0,10.63,231000.0,38000.0,14.13,158879.43,20.14,269000.0,72,9,171497,1
5877,1659,20250329,46,1,1,745000.0,689000.0,56000.0,7.52,569000.0,120000.0,17.42,421380.6,13.29,689000.0,12,10,144000,1
5878,1754,20240628,37,3,1,1115000.0,1049000.0,66000.0,5.92,866000.0,183000.0,17.45,493001.04,13.39,1049000.0,55,7,128294,1
5879,1755,20250615,23,3,1,734000.0,659000.0,75000.0,10.22,551000.0,108000.0,16.39,208167.57,36.03,659000.0,112,4,134000,1
5880,1623,20251210,16,1,1,669000.0,629000.0,40000.0,5.98,535000.0,94000.0,14.94,325656.57,12.28,629000.0,58,8,107902,1
5881,1687,20241212,32,3,1,669000.0,629000.0,40000.0,5.98,535000.0,94000.0,14.94,325656.57,12.28,629000.0,58,8,107902,1
5882,1756,20240427,7,3,1,165000.0,149000.0,16000.0,9.7,121000.0,28000.0,18.79,109188.24,14.65,149000.0,10,13,142456,1
5883,1757,20261020,44,2,1,156000.0,139000.0,17000.0,10.9,113000.0,26000.0,18.71,107453.92,15.82,139000.0,114,14,90752,1
5884,1758,20250113,47,3,1,671000.0,599000.0,72000.0,10.73,520000.0,79000.0,13.19,296684.93,24.27,599000.0,31,7,112829,1
5885,1759,20250111,81,3,1,449000.0,399000.0,50000.0,11.14,327000.0,72000.0,18.05,269562.82,18.55,399000.0,102,11,154000,1
5886,1760,20240904,5,2,1,295000.0,259000.0,36000.0,12.2,215000.0,44000.0,16.99,177106.97,20.33,259000.0,23,11,145458,1
5887,1761,20240309,63,2,1,219000.0,199000.0,20000.0,9.13,173000.0,26000.0,13.07,106605.07,18.76,199000.0,101,8,93943,1
5888,1762,20240830,12,2,1,302000.0,269000.0,33000.0,10.93,229000.0,40000.0,14.87,245014.61,13.47,269000.0,94,20,165684,1
5889,571,20240307,90,3,1,533000.0,479000.0,54000.0,10.13,396000.0,83000.0,17.33,235667.76,22.91,479000.0,54,7,122558,1
5890,1761,20260805,72,3,1,234000.0,219000.0,15000.0,6.41,187000.0,32000.0,14.61,113906.78,13.17,219000.0,105,8,93943,1
5891,1763,20260512,9,3,1,378000.0,359000.0,19000.0,5.03,288000.0,71000.0,19.78,148797.81,12.77,359000.0,15,6,93278,1
5892,1764,20241026,96,2,1,247000.0,229000.0,18000.0,7.29,197000.0,32000.0,13.97,181941.78,9.89,229000.0,74,16,156000,1
5893,1765,20260528,44,1,1,294000.0,269000.0,25000.0,8.5,226000.0,43000.0,15.99,166289.79,15.03,269000.0,30,10,73592,1
5894,1766,20240507,22,2,1,221000.0,199000.0,22000.0,9.95,172000.0,27000.0,13.57,204334.63,10.77,199000.0,13,31,90752,1
5895,164,20240503,46,1,1,861000.0,759000.0,102000.0,11.85,665000.0,94000.0,12.38,190549.63,53.53,759000.0,12,3,67237,1
5896,1767,20240427,8,3,1,352000.0,329000.0,23000.0,6.53,288000.0,41000.0,12.46,242460.12,9.49,329000.0,39,14,181424,1
5897,1768,20250913,56,1,1,541000.0,509000.0,32000.0,5.91,444000.0,65000.0,12.77,305995.85,10.46,509000.0,40,10,135517,1
5898,1769,20250108,28,2,1,228000.0,199000.0,29000.0,12.72,167000.0,32000.0,16.08,162724.19,17.82,199000.0,43,15,148321,1
5899,1770,20240507,73,3,1,381000.0,359000.0,22000.0,5.77,298000.0,61000.0,16.99,240919.11,9.13,359000.0,92,12,175000,1
5900,1771,20250617,47,1,1,328000.0,299000.0,29000.0,8.84,250000.0,49000.0,16.39,225928.75,12.84,299000.0,29,14,140000,1
5901,1772,20260319,35,1,1,464000.0,419000.0,45000.0,9.7,358000.0,61000.0,14.56,225866.44,19.92,419000.0,96,8,107902,1
5902,1773,20260604,21,3,1,121000.0,110000.0,11000.0,9.09,96000.0,14000.0,12.73,80071.38,13.74,110000.0,63,13,416834,1
5903,1774,20240408,33,3,1,179000.0,169000.0,10000.0,5.59,138000.0,31000.0,18.34,139094.39,7.19,169000.0,113,18,90169,1
5904,1775,20250731,70,1,1,185000.0,175000.0,10000.0,5.41,153000.0,22000.0,12.57,127429.33,7.85,175000.0,34,14,72043,1
5905,1776,20251229,48,3,1,1272000.0,1199000.0,73000.0,5.74,1037000.0,162000.0,13.51,719457.89,10.15,1199000.0,24,10,164000,1
5906,1777,20250621,74,2,1,471000.0,425000.0,46000.0,9.77,373000.0,52000.0,12.24,248612.0,18.5,425000.0,47,9,159000,1
5907,1934,20260407,54,3,1,471000.0,425000.0,46000.0,9.77,373000.0,52000.0,12.24,248612.0,18.5,425000.0,47,9,159000,1
5908,1778,20260127,78,3,1,772000.0,699000.0,73000.0,9.46,608000.0,91000.0,13.02,510868.62,14.29,699000.0,32,13,164061,1
5909,1779,20240609,2,2,1,536000.0,499000.0,37000.0,6.9,410000.0,89000.0,17.84,338930.82,10.92,499000.0,61,12,26000,1
5910,1780,20250816,33,1,1,106000.0,95000.0,11000.0,10.38,77000.0,18000.0,18.95,75652.48,14.54,95000.0,75,15,594529,1
5911,1781,20250511,16,2,1,406000.0,359000.0,47000.0,11.58,290000.0,69000.0,19.22,268669.25,17.49,359000.0,66,13,235000,1
5912,1947,20260910,50,2,1,406000.0,359000.0,47000.0,11.58,290000.0,69000.0,19.22,268669.25,17.49,359000.0,66,13,235000,1
5913,1782,20240114,20,3,1,421000.0,399000.0,22000.0,5.23,328000.0,71000.0,17.79,310111.29,7.09,399000.0,66,16,181176,1
5914,1783,20260302,67,1,1,1275000.0,1159000.0,116000.0,9.1,984000.0,175000.0,15.1,282172.8,41.11,1159000.0,88,3,21000,1
5915,1631,20241225,45,1,1,1006000.0,899000.0,107000.0,10.64,777000.0,122000.0,13.57,222639.87,48.06,899000.0,61,3,70000,1
5916,1784,20240309,35,3,1,1006000.0,899000.0,107000.0,10.64,777000.0,122000.0,13.57,222639.87,48.06,899000.0,61,3,70000,1
5917,1785,20240703,97,1,1,321000.0,299000.0,22000.0,6.85,261000.0,38000.0,12.71,169436.2,12.98,299000.0,117,9,145000,1
5918,1786,20241220,29,1,1,626000.0,579000.0,47000.0,7.51,492000.0,87000.0,15.03,50080.0,93.85,579000.0,44,1,13000,1
5919,1787,20260605,45,2,1,977000.0,879000.0,98000.0,10.03,704000.0,175000.0,19.91,216221.82,45.32,879000.0,83,3,64000,1
5920,1788,20260918,15,2,1,797000.0,699000.0,98000.0,12.3,570000.0,129000.0,18.45,271712.03,36.07,699000.0,23,5,68000,1
5921,1789,20250111,3,2,1,1130000.0,999000.0,131000.0,11.59,807000.0,192000.0,19.22,90400.0,144.91,999000.0,100,1,17000,1
5922,2125,20250217,93,3,1,1130000.0,999000.0,131000.0,11.59,807000.0,192000.0,19.22,90400.0,144.91,999000.0,100,1,17000,1
5923,1790,20241201,69,3,1,586000.0,529000.0,57000.0,9.73,439000.0,90000.0,17.01,230675.97,24.71,529000.0,23,6,110000,1
5924,1926,20250703,98,1,1,586000.0,529000.0,57000.0,9.73,439000.0,90000.0,17.01,230675.97,24.71,529000.0,23,6,110000,1
5925,1791,20261225,34,2,1,718000.0,639000.0,79000.0,11.0,537000.0,102000.0,15.96,282637.11,27.95,639000.0,108,6,128000,1
5926,1792,20260527,84,1,1,466000.0,429000.0,37000.0,7.94,345000.0,84000.0,19.58,158868.01,23.29,429000.0,42,5,98000,1
5927,1793,20251205,71,2,1,511000.0,459000.0,52000.0,10.18,380000.0,79000.0,17.21,201152.59,25.85,459000.0,61,6,95000,1
5928,1794,20241206,4,1,1,383000.0,349000.0,34000.0,8.88,284000.0,65000.0,18.62,186437.17,18.24,349000.0,10,8,78000,1
5929,1795,20240903,75,1,1,384000.0,359000.0,25000.0,6.51,306000.0,53000.0,14.76,242816.11,10.3,359000.0,43,12,209000,1
5930,1796,20240417,98,3,1,514000.0,459000.0,55000.0,10.7,384000.0,75000.0,16.34,250205.5,21.98,459000.0,28,8,196000,1
5931,1797,20250117,19,2,1,1049000.0,949000.0,100000.0,9.53,797000.0,152000.0,16.02,297503.78,33.61,949000.0,33,4,44000,1
5932,1798,20250824,21,1,1,1052000.0,969000.0,83000.0,7.89,808000.0,161000.0,16.62,298354.61,27.82,969000.0,115,4,182000,1
5933,1915,20260217,15,1,1,1052000.0,969000.0,83000.0,7.89,808000.0,161000.0,16.62,298354.61,27.82,969000.0,115,4,182000,1
5934,1799,20241111,17,2,1,512000.0,449000.0,63000.0,12.3,394000.0,55000.0,12.25,201546.24,31.26,449000.0,13,6,63254,1
5935,1800,20260605,54,3,1,430000.0,409000.0,21000.0,4.88,334000.0,75000.0,18.34,146594.95,14.33,409000.0,45,5,52326,1
5936,1654,20240408,37,1,1,929000.0,859000.0,70000.0,7.53,723000.0,136000.0,15.83,263470.94,26.57,859000.0,86,4,158356,1
5937,50,20260716,54,1,1,580000.0,549000.0,31000.0,5.34,472000.0,77000.0,14.03,282333.05,10.98,549000.0,67,8,139310,1
5938,109,20250912,22,1,1,580000.0,549000.0,31000.0,5.34,472000.0,77000.0,14.03,282333.05,10.98,549000.0,67,8,139310,1
5939,1801,20260129,8,2,1,314000.0,279000.0,35000.0,11.15,236000.0,43000.0,15.41,138836.17,25.21,279000.0,41,7,70000,1
5940,1802,20251214,11,3,1,581000.0,519000.0,62000.0,10.67,454000.0,65000.0,12.52,198073.64,31.3,519000.0,18,5,30712,1
5941,1590,20241208,73,1,1,952000.0,879000.0,73000.0,7.67,730000.0,149000.0,16.95,146227.2,49.92,879000.0,112,2,7289,1
5942,1803,20240602,70,1,1,435000.0,389000.0,46000.0,10.57,326000.0,63000.0,16.2,123369.06,37.29,389000.0,89,4,60000,1
5943,1804,20240105,9,3,1,326000.0,299000.0,27000.0,8.28,241000.0,58000.0,19.4,195718.21,13.8,299000.0,76,11,120000,1
5944,2080,20251025,79,1,1,326000.0,299000.0,27000.0,8.28,241000.0,58000.0,19.4,195718.21,13.8,299000.0,76,11,120000,1
5945,1570,20260831,79,1,1,1079000.0,959000.0,120000.0,11.12,814000.0,145000.0,15.12,238795.65,50.25,959000.0,29,3,16107,1
5946,1804,20261022,2,3,1,262000.0,239000.0,23000.0,8.78,197000.0,42000.0,17.57,157295.01,14.62,239000.0,83,11,270000,1
5947,2080,20250711,32,1,1,262000.0,239000.0,23000.0,8.78,197000.0,42000.0,17.57,157295.01,14.62,239000.0,83,11,270000,1
5948,1805,20260704,51,3,1,283000.0,259000.0,24000.0,8.48,211000.0,48000.0,18.53,96479.93,24.88,259000.0,71,5,70000,1
5949,1796,20260305,37,3,1,536000.0,469000.0,67000.0,12.5,396000.0,73000.0,15.57,260914.68,25.68,469000.0,67,8,139000,1
5950,1580,20260521,6,2,1,784000.0,729000.0,55000.0,7.02,614000.0,115000.0,15.78,222347.92,24.74,729000.0,31,4,40000,1
5951,1639,20260524,89,1,1,784000.0,729000.0,55000.0,7.02,614000.0,115000.0,15.78,222347.92,24.74,729000.0,31,4,40000,1
5952,1806,20261215,12,3,1,466000.0,439000.0,27000.0,5.79,354000.0,85000.0,19.36,183438.57,14.72,439000.0,76,6,110000,1
5953,2249,20260417,54,2,1,466000.0,439000.0,27000.0,5.79,354000.0,85000.0,19.36,183438.57,14.72,439000.0,76,6,110000,1
5954,1753,20250928,46,3,1,287000.0,259000.0,28000.0,9.76,222000.0,37000.0,14.29,151489.69,18.48,259000.0,84,9,110000,1
5955,1689,20260829,33,3,1,1238000.0,1079000.0,159000.0,12.84,917000.0,162000.0,15.01,487332.51,32.63,1079000.0,98,6,107552,1
5956,1807,20260621,18,3,1,435000.0,399999.0,35001.0,8.05,326000.0,73999.0,18.5,148299.54,23.6,399999.0,115,5,73000,1
5957,1689,20260520,38,3,1,1140000.0,1079000.0,61000.0,5.35,904000.0,175000.0,16.22,448755.3,13.59,1079000.0,57,6,108925,1
5958,1777,20260703,59,3,1,519000.0,479000.0,40000.0,7.71,411000.0,68000.0,14.2,273948.25,14.6,479000.0,17,9,140000,1
5959,1934,20240905,7,3,1,519000.0,479000.0,40000.0,7.71,411000.0,68000.0,14.2,273948.25,14.6,479000.0,17,9,140000,1
5960,1355,20251105,83,2,1,615000.0,559000.0,56000.0,9.11,471000.0,88000.0,15.74,136106.88,41.14,559000.0,82,3,70000,1
5961,1808,20250521,88,3,1,660000.0,619000.0,41000.0,6.21,515000.0,104000.0,16.8,321275.54,12.76,619000.0,24,8,103766,1
5962,1809,20250218,94,1,1,1003000.0,899000.0,104000.0,10.37,742000.0,157000.0,17.46,284457.86,36.56,899000.0,41,4,93414,1
5963,1810,20251108,15,1,1,539000.0,469000.0,70000.0,12.99,398000.0,71000.0,15.14,304864.62,22.96,469000.0,62,10,89030,1
5964,575,20260419,86,1,1,503000.0,459000.0,44000.0,8.75,402000.0,57000.0,12.42,171481.99,25.66,459000.0,76,5,67000,1
5965,1094,20260523,1,2,1,503000.0,459000.0,44000.0,8.75,402000.0,57000.0,12.42,171481.99,25.66,459000.0,76,5,67000,1
5966,1811,20260324,46,1,1,391000.0,359999.0,31001.0,7.93,307000.0,52999.0,14.72,221154.11,14.02,359999.0,13,10,120000,1
5967,1449,20260827,32,2,1,392000.0,359999.0,32001.0,8.16,290000.0,69999.0,19.44,111173.96,28.78,359999.0,39,4,41000,1
5968,1812,20250720,49,1,1,573000.0,539999.0,33001.0,5.76,452000.0,87999.0,16.3,362327.16,9.11,539999.0,22,12,191000,1
5969,674,20240614,94,1,1,1217000.0,1069000.0,148000.0,12.16,931000.0,138000.0,12.91,186931.2,79.17,1069000.0,117,2,88000,1
5970,878,20251001,95,3,1,1217000.0,1069000.0,148000.0,12.16,931000.0,138000.0,12.91,186931.2,79.17,1069000.0,117,2,88000,1
5971,1813,20250623,10,3,1,980000.0,898000.0,82000.0,8.37,725000.0,173000.0,19.27,554299.31,14.79,898000.0,30,10,130000,1
5972,1814,20240825,17,1,1,671000.0,616000.0,55000.0,8.2,542000.0,74000.0,12.01,228756.3,24.04,616000.0,50,5,190000,1
5973,1815,20250528,20,1,1,1059000.0,949000.0,110000.0,10.39,831000.0,118000.0,12.43,300339.86,36.63,949000.0,119,4,90000,1
5974,1816,20250315,51,3,1,545000.0,498000.0,47000.0,8.62,402000.0,96000.0,19.28,327197.63,14.36,498000.0,28,11,130000,1
5975,1817,20241006,22,1,1,1275000.0,1144000.0,131000.0,10.27,1001000.0,143000.0,12.5,434671.06,30.14,1144000.0,112,5,100000,1
5976,1818,20260120,20,3,1,928000.0,879000.0,49000.0,5.28,729000.0,150000.0,17.06,451732.89,10.85,879000.0,57,8,99000,1
5977,1819,20240228,65,3,1,890000.0,787000.0,103000.0,11.57,683000.0,104000.0,13.21,252410.27,40.81,787000.0,95,4,80000,1
5978,1820,20241019,4,2,1,750000.0,656000.0,94000.0,12.53,547000.0,109000.0,16.62,365085.85,25.75,656000.0,72,8,100000,1
5979,1821,20261220,93,2,1,844000.0,757000.0,87000.0,10.31,632000.0,125000.0,16.51,373177.47,23.31,757000.0,29,7,97000,1
5980,1822,20260418,54,2,28,525000.0,458000.0,67000.0,12.76,390000.0,68000.0,14.85,232130.53,28.86,458000.0,73,7,99000,1
5981,1899,20261222,92,1,28,525000.0,458000.0,67000.0,12.76,390000.0,68000.0,14.85,232130.53,28.86,458000.0,73,7,99000,1
5982,1823,20260611,65,3,1,1117000.0,1049000.0,68000.0,6.09,904000.0,145000.0,13.82,439701.46,15.47,1049000.0,46,6,90000,1
5983,1818,20240517,51,3,1,942000.0,858000.0,84000.0,8.92,689000.0,169000.0,19.7,458547.82,18.32,858000.0,40,8,107000,1
5984,1824,20250112,11,3,1,1209000.0,1089000.0,120000.0,9.93,923000.0,166000.0,15.24,342880.91,35.0,1089000.0,83,4,100210,1
5985,570,20240908,27,1,28,585000.0,528000.0,57000.0,9.74,430000.0,98000.0,18.56,199437.31,28.58,528000.0,27,5,98000,1
5986,763,20250411,26,3,28,585000.0,528000.0,57000.0,9.74,430000.0,98000.0,18.56,199437.31,28.58,528000.0,27,5,98000,1
5987,1825,20260830,82,2,28,504000.0,462000.0,42000.0,8.33,382000.0,80000.0,17.32,318696.14,13.18,462000.0,116,12,200000,1
5988,1826,20240810,17,2,1,743000.0,686000.0,57000.0,7.67,568000.0,118000.0,17.2,292478.23,19.49,686000.0,112,6,98000,1
5989,1827,20260917,42,2,28,508000.0,478000.0,30000.0,5.91,400000.0,78000.0,16.32,173186.59,17.32,478000.0,119,5,80000,1
5990,1739,20241208,48,3,1,717000.0,658000.0,59000.0,8.23,544000.0,114000.0,17.33,244438.55,24.14,658000.0,29,5,98000,1
5991,1226,20251101,33,1,28,370000.0,347000.0,23000.0,6.22,281000.0,66000.0,19.02,126139.84,18.23,347000.0,91,5,89000,1
5992,1828,20260815,61,2,28,370000.0,347000.0,23000.0,6.22,281000.0,66000.0,19.02,126139.84,18.23,347000.0,91,5,89000,1
5993,1829,20261105,29,1,1,703000.0,626000.0,77000.0,10.95,508000.0,118000.0,18.85,397624.92,19.36,626000.0,20,10,5000,1
5994,1830,20250721,63,2,28,566000.0,529000.0,37000.0,6.54,425000.0,104000.0,19.66,250258.82,14.78,529000.0,95,7,90000,1
5995,1831,20250928,37,2,1,864000.0,818000.0,46000.0,5.32,685000.0,133000.0,16.26,294553.56,15.62,818000.0,53,5,101000,1
5996,1832,20250414,56,1,28,440000.0,398000.0,42000.0,9.55,349000.0,49000.0,12.31,150004.13,28.0,398000.0,91,5,100000,1
5997,1748,20240109,16,2,1,629000.0,567000.0,62000.0,9.86,459000.0,108000.0,19.05,247602.7,25.04,567000.0,73,6,98000,1
5998,1821,20240731,56,2,1,1101000.0,968000.0,133000.0,12.08,848000.0,120000.0,12.4,486810.89,27.32,968000.0,43,7,102000,1
5999,1833,20250112,42,3,1,1472000.0,1329000.0,143000.0,9.71,1141000.0,188000.0,14.15,417469.56,34.25,1329000.0,96,4,29000,1
6000,1822,20251120,24,1,28,539000.0,497000.0,42000.0,7.79,423000.0,74000.0,14.89,238320.68,17.62,497000.0,74,7,102000,1
6001,1899,20261021,69,1,28,539000.0,497000.0,42000.0,7.79,423000.0,74000.0,14.89,238320.68,17.62,497000.0,74,7,102000,1
6002,1834,20240215,31,1,28,355000.0,314000.0,41000.0,11.55,267000.0,47000.0,14.97,156964.46,26.12,314000.0,64,7,50000,1
6003,2296,20250813,99,3,28,355000.0,314000.0,41000.0,11.55,267000.0,47000.0,14.97,156964.46,26.12,314000.0,64,7,50000,1
6004,1835,20260324,11,3,1,1235000.0,1119000.0,116000.0,9.39,969000.0,150000.0,13.4,651880.72,17.79,1119000.0,83,9,101000,1
6005,1836,20240406,2,1,1,545000.0,515000.0,30000.0,5.5,416000.0,99000.0,19.22,214536.52,13.98,515000.0,10,6,40000,1
6006,1837,20240209,85,1,1,602000.0,544000.0,58000.0,9.63,457000.0,87000.0,15.99,317758.86,18.25,544000.0,47,9,89000,1
6007,1838,20240830,71,2,1,1197000.0,1049000.0,148000.0,12.36,898000.0,151000.0,14.39,264910.46,55.87,1049000.0,112,3,60000,1
6008,1633,20240705,78,3,1,870000.0,798000.0,72000.0,8.28,676000.0,122000.0,15.29,133632.0,53.88,798000.0,18,2,50000,1
6009,1839,20250202,81,2,1,571000.0,529000.0,42000.0,7.36,458000.0,71000.0,13.42,322964.19,13.0,529000.0,104,10,102000,1
6010,1840,20261101,98,3,1,978000.0,919000.0,59000.0,6.03,741000.0,178000.0,19.37,277367.69,21.27,919000.0,80,4,100000,1
6011,2299,20240210,35,1,1,978000.0,919000.0,59000.0,6.03,741000.0,178000.0,19.37,277367.69,21.27,919000.0,80,4,100000,1
6012,667,20260712,62,1,1,424000.0,398000.0,26000.0,6.13,340000.0,58000.0,14.57,93836.29,27.71,398000.0,26,3,30000,1
6013,1417,20250501,54,1,1,424000.0,398000.0,26000.0,6.13,340000.0,58000.0,14.57,93836.29,27.71,398000.0,26,3,30000,1
6014,1841,20260619,69,1,1,972000.0,889000.0,83000.0,8.54,749000.0,140000.0,15.75,429773.1,19.31,889000.0,108,7,103000,1
6015,1575,20240531,51,2,1,774000.0,698000.0,76000.0,9.82,580000.0,118000.0,16.91,263870.9,28.8,698000.0,110,5,88000,1
6016,1842,20250624,80,1,28,634000.0,599000.0,35000.0,5.52,496000.0,103000.0,17.2,280325.25,12.49,599000.0,61,7,180000,1
6017,1843,20240112,81,3,1,365000.0,319000.0,46000.0,12.6,271000.0,48000.0,15.05,241537.63,19.04,319000.0,27,13,102000,1
6018,1844,20250603,9,2,1,1001000.0,889000.0,112000.0,11.19,775000.0,114000.0,12.82,737342.99,15.19,889000.0,72,16,32000,1
6019,1845,20260804,14,2,1,609000.0,549000.0,60000.0,9.85,461000.0,88000.0,16.03,344457.43,17.42,549000.0,42,10,100000,1
6020,1846,20261206,95,1,1,3737000.0,3299000.0,438000.0,11.72,2857000.0,442000.0,13.4,827042.94,52.96,3299000.0,13,3,9000,1
6021,1847,20250510,56,2,1,715000.0,676000.0,39000.0,5.45,563000.0,113000.0,16.72,281456.17,13.86,676000.0,96,6,102000,1
6022,1775,20240427,34,3,1,192000.0,175000.0,17000.0,8.85,141000.0,34000.0,19.43,132250.98,12.85,175000.0,84,14,72043,1
6023,1663,20260119,84,1,1,712000.0,640000.0,72000.0,10.11,515000.0,125000.0,19.53,402715.42,17.88,640000.0,61,10,185824,1
6024,1848,20260328,1,1,1,306000.0,270000.0,36000.0,11.76,217000.0,53000.0,19.63,210774.99,17.08,270000.0,18,14,323627,1
6025,1849,20250325,38,1,1,158000.0,140000.0,18000.0,11.39,116000.0,24000.0,17.14,132765.81,13.56,140000.0,73,22,343888,1
6026,1850,20241031,17,3,1,307000.0,285000.0,22000.0,7.17,236000.0,49000.0,17.19,162046.46,13.58,285000.0,39,9,74969,1
6027,1851,20240325,16,1,1,223000.0,195000.0,28000.0,12.56,167000.0,28000.0,14.36,141010.4,19.86,195000.0,17,12,116238,1
6028,1852,20260218,98,2,1,127000.0,120000.0,7000.0,5.51,103000.0,17000.0,14.17,96225.09,7.27,120000.0,113,17,163721,1
6029,1853,20240427,48,1,1,250000.0,220000.0,30000.0,12.0,177000.0,43000.0,19.55,172201.79,17.42,220000.0,14,14,258296,1
6030,1854,20240510,50,1,1,115000.0,100000.0,15000.0,13.04,82000.0,18000.0,18.0,96633.35,15.52,100000.0,85,22,246224,1
6031,1773,20240307,71,1,1,139000.0,130000.0,9000.0,6.47,107000.0,23000.0,17.69,91982.82,9.78,130000.0,72,13,157123,1
6032,873,20240504,41,3,1,297000.0,265000.0,32000.0,10.77,224000.0,41000.0,15.47,116912.56,27.37,265000.0,10,6,125657,1
6033,1082,20250705,44,3,1,297000.0,265000.0,32000.0,10.77,224000.0,41000.0,15.47,116912.56,27.37,265000.0,10,6,125657,1
6034,399,20260216,91,3,1,485000.0,460000.0,25000.0,5.15,373000.0,87000.0,18.91,256001.74,9.77,460000.0,24,9,244826,1
6035,461,20261223,15,2,1,485000.0,460000.0,25000.0,5.15,373000.0,87000.0,18.91,256001.74,9.77,460000.0,24,9,244826,1
6036,1855,20250929,61,1,1,376000.0,345000.0,31000.0,8.24,280000.0,65000.0,18.84,183029.7,16.94,345000.0,98,8,136668,1
6037,1856,20240617,50,3,1,149000.0,135000.0,14000.0,9.4,118000.0,17000.0,12.59,98600.29,14.2,135000.0,91,13,114443,1
6038,1857,20241103,86,3,1,133000.0,120000.0,13000.0,9.77,104000.0,16000.0,13.33,91611.35,14.19,120000.0,47,14,66808,1
6039,1858,20251005,52,1,1,212000.0,185000.0,27000.0,12.74,151000.0,34000.0,18.38,164737.49,16.39,185000.0,51,18,239297,1
6040,1859,20250111,94,3,1,112000.0,100000.0,12000.0,10.71,83000.0,17000.0,17.0,82499.92,14.55,100000.0,55,16,250124,1
6041,1860,20240525,52,2,1,247000.0,225000.0,22000.0,8.91,186000.0,39000.0,17.33,200392.75,10.98,225000.0,62,20,402992,1
6042,1861,20240801,36,1,1,356000.0,315000.0,41000.0,11.52,272000.0,43000.0,13.65,213729.09,19.18,315000.0,35,11,130549,1
6043,1862,20260329,33,1,1,269000.0,235000.0,34000.0,12.64,198000.0,37000.0,15.74,185289.13,18.35,235000.0,70,14,286068,1
6044,1863,20251006,45,1,1,205000.0,195000.0,10000.0,4.88,158000.0,37000.0,18.97,129628.39,7.71,195000.0,113,12,142306,1
6045,1864,20240316,73,2,1,798000.0,695000.0,103000.0,12.91,597000.0,98000.0,14.1,122572.8,84.03,695000.0,76,2,35976,1
6046,1865,20250706,2,1,1,238000.0,225000.0,13000.0,5.46,187000.0,38000.0,16.89,134615.55,9.66,225000.0,63,10,160752,1
6047,1735,20241120,1,3,1,379000.0,335000.0,44000.0,11.61,275000.0,60000.0,17.91,184490.05,23.85,335000.0,31,8,32585,1
6048,387,20240706,70,1,1,728000.0,675000.0,53000.0,7.28,560000.0,115000.0,17.04,206465.93,25.67,675000.0,35,4,85744,1
6049,1866,20250730,86,2,1,318000.0,299000.0,19000.0,5.97,251000.0,48000.0,16.05,179864.47,10.56,299000.0,92,10,110000,1
6050,52,20240509,47,3,1,345000.0,315000.0,30000.0,8.7,261000.0,54000.0,17.14,167939.49,17.86,315000.0,117,8,135094,1
6051,1018,20240108,64,3,1,345000.0,315000.0,30000.0,8.7,261000.0,54000.0,17.14,167939.49,17.86,315000.0,117,8,135094,1
6052,1867,20240227,18,1,1,401000.0,360000.0,41000.0,10.22,295000.0,65000.0,18.06,195199.23,21.0,360000.0,117,8,135314,1
6053,1868,20250716,98,2,1,326000.0,299999.0,26001.0,7.98,250000.0,49999.0,16.67,206140.76,12.61,299999.0,69,12,191000,1
6054,1869,20260809,54,3,1,512000.0,485000.0,27000.0,5.27,389000.0,96000.0,19.79,145206.8,18.59,485000.0,48,4,42365,1
6055,1870,20260414,35,1,1,1654000.0,1490000.0,164000.0,9.92,1284000.0,206000.0,13.83,366050.05,44.8,1490000.0,45,3,38021,1
6056,1871,20250416,59,2,1,701000.0,615000.0,86000.0,12.27,500000.0,115000.0,18.7,275945.14,31.17,615000.0,30,6,117453,1
6057,1640,20240410,36,3,1,746000.0,685000.0,61000.0,8.18,550000.0,135000.0,19.71,114585.6,53.24,685000.0,50,2,66734,1
6058,1872,20250524,26,3,1,899000.0,839000.0,60000.0,6.67,715000.0,124000.0,14.78,71920.0,83.43,839000.0,57,1,22000,1
6059,1873,20250211,45,1,1,1378000.0,1259000.0,119000.0,8.64,1085000.0,174000.0,13.82,211660.8,56.22,1259000.0,35,2,52000,1
6060,1874,20250608,69,3,1,769000.0,729000.0,40000.0,5.2,631000.0,98000.0,13.44,218093.81,18.34,729000.0,72,4,80000,1
6061,1875,20260215,30,3,1,905000.0,799000.0,106000.0,11.71,671000.0,128000.0,16.02,200287.36,52.92,799000.0,86,3,67000,1
6062,1876,20250210,77,3,1,293000.0,259000.0,34000.0,11.6,211000.0,48000.0,18.53,185273.75,18.35,259000.0,45,12,182000,1
6063,1755,20241007,33,3,1,853000.0,769000.0,84000.0,9.85,661000.0,108000.0,14.04,241916.81,34.72,769000.0,33,4,78000,1
6064,1593,20260908,23,2,1,1301000.0,1199000.0,102000.0,7.84,1026000.0,173000.0,14.43,287926.91,35.43,1199000.0,114,3,44000,1
6065,2213,20261218,21,2,1,1301000.0,1199000.0,102000.0,7.84,1026000.0,173000.0,14.43,287926.91,35.43,1199000.0,114,3,44000,1
6066,1739,20251224,82,2,1,722000.0,639000.0,83000.0,11.5,524000.0,115000.0,18.0,246143.14,33.72,639000.0,99,5,125000,1
6067,1799,20251122,63,2,1,441000.0,399000.0,42000.0,9.52,348000.0,51000.0,12.78,173597.44,24.19,399000.0,30,6,136000,1
6068,1877,20241023,70,3,1,565000.0,499000.0,66000.0,11.68,403000.0,96000.0,19.24,339204.88,19.46,499000.0,27,11,209000,1
6069,2085,20260701,68,2,1,565000.0,499000.0,66000.0,11.68,403000.0,96000.0,19.24,339204.88,19.46,499000.0,27,11,209000,1
6070,1878,20250227,36,1,1,1068000.0,959000.0,109000.0,10.21,843000.0,116000.0,12.1,85440.0,127.57,959000.0,24,1,45000,1
6071,1879,20261117,37,2,1,890000.0,789000.0,101000.0,11.35,685000.0,104000.0,13.18,136704.0,73.88,789000.0,88,2,70000,1
6072,1880,20261018,1,2,1,376000.0,339000.0,37000.0,9.84,290000.0,49000.0,14.45,166249.68,22.26,339000.0,15,7,156000,1
6073,1822,20250706,26,3,1,534000.0,489000.0,45000.0,8.43,428000.0,61000.0,12.47,236109.91,19.06,489000.0,52,7,83000,1
6074,1899,20241129,42,2,1,534000.0,489000.0,45000.0,8.43,428000.0,61000.0,12.47,236109.91,19.06,489000.0,52,7,83000,1
6075,1881,20250807,40,1,1,343000.0,299000.0,44000.0,12.83,256000.0,43000.0,14.38,166965.93,26.35,299000.0,40,8,107000,1
6076,1705,20261026,53,1,1,1059000.0,959000.0,100000.0,9.44,782000.0,177000.0,18.46,361032.67,27.7,959000.0,37,5,55000,1
6077,1987,20260706,78,3,1,1059000.0,959000.0,100000.0,9.44,782000.0,177000.0,18.46,361032.67,27.7,959000.0,37,5,55000,1
6078,1882,20261021,62,2,1,710000.0,639000.0,71000.0,10.0,534000.0,105000.0,16.43,56800.0,125.0,639000.0,17,1,5300,1
6079,1648,20250430,85,3,1,739000.0,689000.0,50000.0,6.77,555000.0,134000.0,19.45,209585.6,23.86,689000.0,38,4,167000,1
6080,1883,20260105,44,1,1,399000.0,359000.0,40000.0,10.03,298000.0,61000.0,16.99,157064.35,25.47,359000.0,30,6,51000,1
6081,1884,20260629,73,2,1,331000.0,299000.0,32000.0,9.67,257000.0,42000.0,14.05,209302.43,15.29,299000.0,90,12,214000,1
6082,1885,20261203,36,1,1,416000.0,389000.0,27000.0,6.49,323000.0,66000.0,16.97,63897.6,42.26,389000.0,97,2,55000,1
6083,1886,20260715,4,3,1,442000.0,419000.0,23000.0,5.2,346000.0,73000.0,17.42,233304.68,9.86,419000.0,67,9,29000,1
6084,1887,20260416,21,3,1,265000.0,239000.0,26000.0,9.81,203000.0,36000.0,15.06,175362.93,14.83,239000.0,69,13,143000,1
6085,1888,20251130,17,2,1,517000.0,459000.0,58000.0,11.22,399000.0,60000.0,13.07,79411.2,73.04,459000.0,59,2,36000,1
6086,1889,20250911,16,3,1,396000.0,359000.0,37000.0,9.34,289000.0,70000.0,19.5,155883.42,23.74,359000.0,109,6,105000,1
6087,1879,20261203,41,2,1,846000.0,789000.0,57000.0,6.74,656000.0,133000.0,16.86,129945.6,43.86,789000.0,40,2,67000,1
6088,1890,20251203,55,3,1,1116000.0,999000.0,117000.0,10.48,812000.0,187000.0,18.72,171417.6,68.25,999000.0,56,2,17000,1
6089,1891,20260713,92,2,1,623000.0,589000.0,34000.0,5.46,504000.0,85000.0,14.43,374025.91,9.09,589000.0,43,11,205000,1
6090,1892,20241221,57,2,1,579000.0,529000.0,50000.0,8.64,428000.0,101000.0,19.09,164208.48,30.45,529000.0,11,4,26000,1
6091,1893,20240926,66,1,1,415000.0,389000.0,26000.0,6.27,332000.0,57000.0,14.65,63744.0,40.79,389000.0,115,2,31000,1
6092,1894,20260102,38,1,1,800000.0,749000.0,51000.0,6.38,616000.0,133000.0,17.76,177049.6,28.81,749000.0,76,3,25000,1
6093,1895,20260213,56,1,1,523000.0,489000.0,34000.0,6.5,399000.0,90000.0,18.4,178300.36,19.07,489000.0,103,5,86570,1
6094,1982,20240915,82,1,1,523000.0,489000.0,34000.0,6.5,399000.0,90000.0,18.4,178300.36,19.07,489000.0,103,5,86570,1
6095,1896,20251123,37,2,1,543000.0,499000.0,44000.0,8.1,437000.0,62000.0,12.42,286616.38,15.35,499000.0,81,9,224957,1
6096,1897,20240201,50,2,1,695000.0,659000.0,36000.0,5.18,528000.0,131000.0,19.88,197106.89,18.26,659000.0,61,4,95000,1
6097,1898,20250520,55,1,1,1307000.0,1199000.0,108000.0,8.26,1001000.0,198000.0,16.51,104560.0,103.29,1199000.0,16,1,76000,1
6098,1822,20241230,91,3,1,583000.0,529000.0,54000.0,9.26,424000.0,105000.0,19.85,257775.43,20.95,529000.0,85,7,78000,1
6099,1899,20260402,1,1,1,583000.0,529000.0,54000.0,9.26,424000.0,105000.0,19.85,257775.43,20.95,529000.0,85,7,78000,1
6100,1900,20240928,65,2,1,823000.0,749000.0,74000.0,8.99,628000.0,121000.0,16.15,182139.78,40.63,749000.0,28,3,44190,1
6101,1901,20250707,65,3,1,967000.0,889000.0,78000.0,8.07,747000.0,142000.0,15.97,380654.71,20.49,889000.0,99,6,35529,1
6102,1704,20250903,44,2,1,600000.0,529000.0,71000.0,11.83,437000.0,92000.0,17.39,132787.2,53.47,529000.0,101,3,102451,1
6103,1902,20250827,12,3,1,600000.0,529000.0,71000.0,11.83,437000.0,92000.0,17.39,132787.2,53.47,529000.0,101,3,102451,1
6104,364,20241024,76,2,1,638000.0,599000.0,39000.0,6.11,486000.0,113000.0,18.86,97996.8,39.8,599000.0,24,2,32132,1
6105,1903,20260328,53,1,1,725000.0,659000.0,66000.0,9.1,547000.0,112000.0,17.0,499385.2,13.22,659000.0,87,14,207849,1
6106,42,20261222,61,1,1,685000.0,649000.0,36000.0,5.26,554000.0,95000.0,14.64,333445.07,10.8,649000.0,57,8,117983,1
6107,1904,20241015,13,2,1,242000.0,229000.0,13000.0,5.37,198000.0,31000.0,13.54,160142.76,8.12,229000.0,23,13,124113,1
6108,1886,20260510,42,3,1,475000.0,429000.0,46000.0,9.68,361000.0,68000.0,15.85,250723.35,18.35,429000.0,12,9,100000,1
6109,1905,20261213,46,3,1,552000.0,499000.0,53000.0,9.6,423000.0,76000.0,15.23,244068.68,21.72,499000.0,59,7,146971,1
6110,1980,20250502,81,2,1,552000.0,499000.0,53000.0,9.6,423000.0,76000.0,15.23,244068.68,21.72,499000.0,59,7,146971,1
6111,1906,20251103,42,2,1,716000.0,629000.0,87000.0,12.15,513000.0,116000.0,18.44,348535.29,24.96,629000.0,102,8,156663,1
6112,1907,20240717,16,1,1,1049000.0,949000.0,100000.0,9.53,781000.0,168000.0,17.7,83920.0,119.16,949000.0,63,1,31000,1
6113,1908,20260903,44,2,1,1592000.0,1389000.0,203000.0,12.75,1129000.0,260000.0,18.72,127360.0,159.39,1389000.0,15,1,24000,1
6114,2033,20261225,70,1,1,1592000.0,1389000.0,203000.0,12.75,1129000.0,260000.0,18.72,127360.0,159.39,1389000.0,15,1,24000,1
6115,1875,20241010,16,2,1,801000.0,759000.0,42000.0,5.24,622000.0,137000.0,18.05,177270.91,23.69,759000.0,58,3,61000,1
6116,1909,20250427,82,1,1,847000.0,799000.0,48000.0,5.67,654000.0,145000.0,18.15,187451.26,25.61,799000.0,32,3,217000,1
6117,2316,20250411,22,1,1,847000.0,799000.0,48000.0,5.67,654000.0,145000.0,18.15,187451.26,25.61,799000.0,32,3,217000,1
6118,1668,20250428,88,1,1,547000.0,519000.0,28000.0,5.12,437000.0,82000.0,15.8,288727.73,9.7,519000.0,101,9,188000,1
6119,1910,20250430,85,1,1,547000.0,519000.0,28000.0,5.12,437000.0,82000.0,15.8,288727.73,9.7,519000.0,101,9,188000,1
6120,1911,20240425,35,3,1,170000.0,159000.0,11000.0,6.47,134000.0,25000.0,15.72,112496.98,9.78,159000.0,87,13,142000,1
6121,1912,20260618,73,3,1,772000.0,699000.0,73000.0,9.46,612000.0,87000.0,12.45,170852.86,42.73,699000.0,87,3,20000,1
6122,1638,20240805,49,2,1,545000.0,489000.0,56000.0,10.28,399000.0,90000.0,18.4,240973.6,23.24,489000.0,29,7,106000,1
6123,1645,20260426,71,3,1,545000.0,489000.0,56000.0,10.28,399000.0,90000.0,18.4,240973.6,23.24,489000.0,29,7,106000,1
6124,1913,20260623,76,1,1,357000.0,339000.0,18000.0,5.04,289000.0,50000.0,14.75,101247.71,17.78,339000.0,86,4,89000,1
6125,1914,20240407,64,3,1,411000.0,359000.0,52000.0,12.65,311000.0,48000.0,13.37,259889.11,20.01,359000.0,100,12,175000,1
6126,1798,20260311,31,1,1,1178000.0,1039000.0,139000.0,11.8,878000.0,161000.0,15.5,334089.09,41.61,1039000.0,69,4,119000,1
6127,1915,20240717,1,1,1,1178000.0,1039000.0,139000.0,11.8,878000.0,161000.0,15.5,334089.09,41.61,1039000.0,69,4,119000,1
6128,1916,20250125,25,2,1,1068000.0,989000.0,79000.0,7.4,811000.0,178000.0,18.0,302892.32,26.08,989000.0,108,4,82000,1
6129,1917,20250705,20,1,1,306000.0,289000.0,17000.0,5.56,237000.0,52000.0,17.99,193494.09,8.79,289000.0,54,12,188000,1
6130,1772,20260806,97,3,1,490000.0,459000.0,31000.0,6.33,369000.0,90000.0,19.61,238522.75,13.0,459000.0,70,8,63000,1
6131,1918,20261007,85,1,1,743000.0,699000.0,44000.0,5.92,576000.0,123000.0,17.6,114124.8,38.55,699000.0,65,2,50000,1
6132,1919,20260722,88,1,1,636000.0,599000.0,37000.0,5.82,515000.0,84000.0,14.02,309592.8,11.95,599000.0,11,8,157000,1
6133,1920,20260427,73,2,1,407000.0,369000.0,38000.0,9.34,297000.0,72000.0,19.51,198119.92,19.18,369000.0,114,8,160000,1
6134,1691,20250724,8,3,1,687000.0,639000.0,48000.0,6.99,522000.0,117000.0,18.31,194838.04,24.64,639000.0,54,4,51000,1
6135,1921,20250323,64,2,1,618000.0,569000.0,49000.0,7.93,487000.0,82000.0,14.41,273250.8,17.93,569000.0,49,7,159000,1
6136,1922,20260513,98,2,1,838000.0,729000.0,109000.0,13.01,629000.0,100000.0,13.72,237662.7,45.86,729000.0,33,4,101000,1
6137,1923,20250822,16,2,1,469000.0,419000.0,50000.0,10.66,350000.0,69000.0,16.47,207369.94,24.11,419000.0,38,7,79000,1
6138,1924,20251021,55,3,1,1006000.0,879000.0,127000.0,12.62,752000.0,127000.0,14.45,154521.6,82.19,879000.0,76,2,28000,1
6139,1925,20240920,26,3,1,744000.0,699000.0,45000.0,6.05,581000.0,118000.0,16.88,211003.64,21.33,699000.0,118,4,134000,1
6140,1790,20250704,65,1,1,543000.0,499000.0,44000.0,8.1,406000.0,93000.0,18.64,213749.23,20.58,499000.0,77,6,105000,1
6141,1926,20250921,85,1,1,543000.0,499000.0,44000.0,8.1,406000.0,93000.0,18.64,213749.23,20.58,499000.0,77,6,105000,1
6142,1927,20240713,77,3,1,574000.0,519000.0,55000.0,9.58,432000.0,87000.0,16.76,127033.09,43.3,519000.0,75,3,37000,1
6143,2093,20240312,28,2,1,574000.0,519000.0,55000.0,9.58,432000.0,87000.0,16.76,127033.09,43.3,519000.0,75,3,37000,1
6144,1928,20240813,99,3,1,581000.0,549000.0,32000.0,5.51,465000.0,84000.0,15.3,328620.31,9.74,549000.0,93,10,140000,1
6145,1580,20260721,46,1,1,1217000.0,1159000.0,58000.0,4.77,1015000.0,144000.0,12.42,345149.77,16.8,1159000.0,63,4,40000,1
6146,1639,20240713,54,1,1,1217000.0,1159000.0,58000.0,4.77,1015000.0,144000.0,12.42,345149.77,16.8,1159000.0,63,4,40000,1
6147,1929,20240602,54,2,1,513000.0,459000.0,54000.0,10.53,370000.0,89000.0,19.39,290158.72,18.61,459000.0,62,10,45000,1
6148,1798,20240424,72,3,1,1113000.0,999000.0,114000.0,10.24,840000.0,159000.0,15.92,315654.64,36.12,999000.0,88,4,79000,1
6149,1915,20240103,85,1,1,1113000.0,999000.0,114000.0,10.24,840000.0,159000.0,15.92,315654.64,36.12,999000.0,88,4,79000,1
6150,1789,20250721,49,3,1,959000.0,879000.0,80000.0,8.34,726000.0,153000.0,17.41,76720.0,104.28,879000.0,58,1,31000,1
6151,2125,20250619,93,2,1,959000.0,879000.0,80000.0,8.34,726000.0,153000.0,17.41,76720.0,104.28,879000.0,58,1,31000,1
6152,1930,20240316,83,1,1,351000.0,319000.0,32000.0,9.12,268000.0,51000.0,15.99,138169.39,23.16,319000.0,41,6,127920,1
6153,839,20260407,78,2,1,479000.0,439000.0,40000.0,8.35,352000.0,87000.0,19.82,287573.7,13.91,439000.0,70,11,175797,1
6154,1931,20251217,73,2,1,630000.0,599000.0,31000.0,4.92,494000.0,105000.0,17.53,306672.11,10.11,599000.0,51,8,113966,1
6155,1932,20260103,46,1,1,747000.0,689000.0,58000.0,7.76,596000.0,93000.0,13.5,165320.06,35.08,689000.0,10,3,2691,1
6156,1933,20260817,91,3,1,640000.0,599000.0,41000.0,6.41,506000.0,93000.0,15.53,181508.51,22.59,599000.0,72,4,144601,1
6157,1819,20260723,1,1,1,942000.0,889000.0,53000.0,5.63,743000.0,146000.0,16.42,267157.83,19.84,889000.0,111,4,46308,1
6158,575,20250424,44,1,1,491000.0,429000.0,62000.0,12.63,353000.0,76000.0,17.72,167390.97,37.04,429000.0,44,5,39845,1
6159,1094,20240624,4,1,1,491000.0,429000.0,62000.0,12.63,353000.0,76000.0,17.72,167390.97,37.04,429000.0,44,5,39845,1
6160,476,20250802,31,3,1,665000.0,599000.0,66000.0,9.92,493000.0,106000.0,17.7,147172.48,44.85,599000.0,60,3,25877,1
6161,52,20240217,15,3,1,291000.0,259000.0,32000.0,11.0,215000.0,44000.0,16.99,141653.31,22.59,259000.0,80,8,157000,1
6162,1018,20260125,1,2,1,291000.0,259000.0,32000.0,11.0,215000.0,44000.0,16.99,141653.31,22.59,259000.0,80,8,157000,1
6163,1777,20260111,72,2,1,561000.0,519000.0,42000.0,7.49,450000.0,69000.0,13.29,296117.48,14.18,519000.0,54,9,149000,1
6164,1934,20250107,6,2,1,561000.0,519000.0,42000.0,7.49,450000.0,69000.0,13.29,296117.48,14.18,519000.0,54,9,149000,1
6165,1935,20260814,27,2,1,217000.0,199000.0,18000.0,8.29,175000.0,24000.0,12.06,168622.81,10.67,199000.0,86,18,269105,1
6166,1936,20240324,26,3,1,922000.0,859000.0,63000.0,6.83,717000.0,142000.0,16.53,261485.69,24.09,859000.0,74,4,17000,1
6167,1937,20241225,66,3,1,529000.0,499000.0,30000.0,5.67,415000.0,84000.0,16.83,257507.22,11.65,499000.0,23,8,28000,1
6168,2182,20260402,13,1,1,529000.0,499000.0,30000.0,5.67,415000.0,84000.0,16.83,257507.22,11.65,499000.0,23,8,28000,1
6169,1938,20250324,94,1,1,1131000.0,1059000.0,72000.0,6.37,919000.0,140000.0,13.22,173721.6,41.45,1059000.0,102,2,50000,1
6170,1974,20250413,71,2,1,1131000.0,1059000.0,72000.0,6.37,919000.0,140000.0,13.22,173721.6,41.45,1059000.0,102,2,50000,1
6171,1939,20251110,34,3,1,519000.0,459000.0,60000.0,11.56,383000.0,76000.0,16.56,204301.75,29.37,459000.0,12,6,139000,1
6172,1940,20260625,33,2,1,435000.0,389000.0,46000.0,10.57,328000.0,61000.0,15.68,96270.72,47.78,389000.0,119,3,40000,1
6173,1941,20241219,91,3,1,584000.0,529000.0,55000.0,9.42,433000.0,96000.0,18.15,258217.58,21.3,529000.0,33,7,66000,1
6174,1938,20241002,87,2,1,1426000.0,1299000.0,127000.0,8.91,1116000.0,183000.0,14.09,219033.6,57.98,1299000.0,74,2,68000,1
6175,1974,20250905,40,3,1,1426000.0,1299000.0,127000.0,8.91,1116000.0,183000.0,14.09,219033.6,57.98,1299000.0,74,2,68000,1
6176,1942,20260724,80,3,1,798000.0,699000.0,99000.0,12.41,589000.0,110000.0,15.74,352838.41,28.06,699000.0,57,7,60000,1
6177,1806,20260718,43,3,1,485000.0,459000.0,26000.0,5.36,397000.0,62000.0,13.51,190917.82,13.62,459000.0,19,6,128000,1
6178,2249,20240107,87,1,1,485000.0,459000.0,26000.0,5.36,397000.0,62000.0,13.51,190917.82,13.62,459000.0,19,6,128000,1
6179,1943,20241030,89,2,1,818000.0,759000.0,59000.0,7.21,655000.0,104000.0,13.7,398186.96,14.82,759000.0,22,8,179000,1
6180,1668,20240129,7,3,1,563000.0,519000.0,44000.0,7.82,424000.0,95000.0,18.3,297173.15,14.81,519000.0,109,9,160000,1
6181,1910,20240216,39,3,1,563000.0,519000.0,44000.0,7.82,424000.0,95000.0,18.3,297173.15,14.81,519000.0,109,9,160000,1
6182,1944,20240102,66,1,1,676000.0,599000.0,77000.0,11.39,513000.0,86000.0,14.36,266104.02,28.94,599000.0,82,6,110000,1
6183,1936,20240701,89,1,1,849000.0,739000.0,110000.0,12.96,638000.0,101000.0,13.67,240782.38,45.68,739000.0,23,4,68000,1
6184,1737,20260705,36,3,1,429000.0,399000.0,30000.0,6.99,330000.0,69000.0,17.29,189683.81,15.82,399000.0,109,7,96000,1
6185,1894,20240307,64,3,1,909000.0,799000.0,110000.0,12.1,650000.0,149000.0,18.65,201172.61,54.68,799000.0,19,3,69000,1
6186,1945,20240602,78,1,1,441000.0,389000.0,52000.0,11.79,311000.0,78000.0,20.05,214670.48,24.22,389000.0,49,8,118000,1
6187,1946,20250717,82,3,1,535000.0,499000.0,36000.0,6.73,417000.0,82000.0,16.43,82176.0,43.81,499000.0,32,2,48000,1
6188,1638,20260123,4,3,1,587000.0,539000.0,48000.0,8.18,446000.0,93000.0,17.25,259544.05,18.49,539000.0,108,7,66000,1
6189,1645,20260926,78,2,1,587000.0,539000.0,48000.0,8.18,446000.0,93000.0,17.25,259544.05,18.49,539000.0,108,7,66000,1
6190,1790,20251111,95,3,1,512000.0,469000.0,43000.0,8.4,396000.0,73000.0,15.57,201546.24,21.34,469000.0,64,6,84000,1
6191,1926,20260110,22,2,1,512000.0,469000.0,43000.0,8.4,396000.0,73000.0,15.57,201546.24,21.34,469000.0,64,6,84000,1
6192,1781,20250126,71,1,1,343000.0,299000.0,44000.0,12.83,244000.0,55000.0,18.39,226979.19,19.39,299000.0,72,13,174000,1
6193,1947,20250930,86,1,1,343000.0,299000.0,44000.0,12.83,244000.0,55000.0,18.39,226979.19,19.39,299000.0,72,13,174000,1
6194,1948,20251217,4,3,1,811000.0,759000.0,52000.0,6.41,659000.0,100000.0,13.18,179484.03,28.97,759000.0,80,3,55000,1
6195,1623,20250805,64,2,1,553000.0,489000.0,64000.0,11.57,401000.0,88000.0,18.0,269189.96,23.78,489000.0,51,8,174000,1
6196,1687,20250116,22,3,1,553000.0,489000.0,64000.0,11.57,401000.0,88000.0,18.0,269189.96,23.78,489000.0,51,8,174000,1
6197,1949,20261212,62,3,1,801000.0,739000.0,62000.0,7.74,605000.0,134000.0,18.13,227169.24,27.29,739000.0,108,4,52000,1
6198,2060,20240603,99,2,1,801000.0,739000.0,62000.0,7.74,605000.0,134000.0,18.13,227169.24,27.29,739000.0,108,4,52000,1
6199,1950,20240827,81,2,1,403000.0,359000.0,44000.0,10.92,301000.0,58000.0,16.16,241946.14,18.19,359000.0,75,11,174000,1
6200,1951,20260104,40,1,1,425000.0,389000.0,36000.0,8.47,327000.0,62000.0,15.94,255154.11,14.11,389000.0,88,11,154000,1
6201,1952,20240421,20,1,1,542000.0,489000.0,53000.0,9.78,400000.0,89000.0,18.2,119951.1,44.18,489000.0,82,3,43000,1
6202,1583,20240612,9,3,1,452000.0,399000.0,53000.0,11.73,328000.0,71000.0,17.79,128190.38,41.34,399000.0,56,4,24000,1
6203,1953,20261026,65,2,1,372000.0,329000.0,43000.0,11.56,268000.0,61000.0,18.54,246169.86,17.47,329000.0,90,13,140000,1
6204,56,20251227,23,1,1,556000.0,489000.0,67000.0,12.05,419000.0,70000.0,14.31,85401.6,78.45,489000.0,112,2,58000,1
6205,1954,20240404,35,3,1,556000.0,489000.0,67000.0,12.05,419000.0,70000.0,14.31,85401.6,78.45,489000.0,112,2,58000,1
6206,1955,20240111,92,3,1,759000.0,719000.0,40000.0,5.27,619000.0,100000.0,13.91,116582.4,34.31,719000.0,61,2,68000,1
6207,1956,20260907,59,3,1,447000.0,399000.0,48000.0,10.74,334000.0,65000.0,16.29,152390.56,31.5,399000.0,27,5,30000,1
6208,1957,20260915,14,2,1,1020000.0,959000.0,61000.0,5.98,822000.0,137000.0,14.29,289279.18,21.09,959000.0,88,4,72000,1
6209,1659,20260729,44,1,1,719000.0,659000.0,60000.0,8.34,566000.0,93000.0,14.11,406674.7,14.75,659000.0,27,10,86000,1
6210,402,20250305,22,1,1,750000.0,679000.0,71000.0,9.47,551000.0,128000.0,18.85,115200.0,61.63,679000.0,33,2,61000,1
6211,586,20240510,28,2,1,588000.0,539000.0,49000.0,8.33,473000.0,66000.0,12.24,231463.26,21.17,539000.0,32,6,118588,1
6212,949,20260321,59,1,1,588000.0,539000.0,49000.0,8.33,473000.0,66000.0,12.24,231463.26,21.17,539000.0,32,6,118588,1
6213,239,20240311,47,1,1,506000.0,459000.0,47000.0,9.29,397000.0,62000.0,13.51,199184.37,23.6,459000.0,21,6,126629,1
6214,1629,20250911,68,1,1,482000.0,419000.0,63000.0,13.07,342000.0,77000.0,18.38,106672.38,59.06,419000.0,32,3,48203,1
6215,1958,20241007,99,2,1,307000.0,289000.0,18000.0,5.86,236000.0,53000.0,18.34,135741.09,13.26,289000.0,30,7,86584,1
6216,2138,20240101,70,1,1,307000.0,289000.0,18000.0,5.86,236000.0,53000.0,18.34,135741.09,13.26,289000.0,30,7,86584,1
6217,1663,20240710,17,2,1,770000.0,689000.0,81000.0,10.52,558000.0,131000.0,19.01,435520.89,18.6,689000.0,73,10,108702,1
6218,1959,20251214,98,2,1,653000.0,599000.0,54000.0,8.27,486000.0,113000.0,18.86,449791.08,12.01,599000.0,99,14,246429,1
6219,1960,20240825,96,3,1,1062000.0,999000.0,63000.0,5.93,859000.0,140000.0,14.01,418050.99,15.07,999000.0,81,6,63603,1
6220,1496,20250611,31,1,1,479000.0,449000.0,30000.0,6.26,376000.0,73000.0,16.26,252834.71,11.87,449000.0,103,9,177822,1
6221,1907,20240702,14,2,1,1087000.0,949000.0,138000.0,12.7,819000.0,130000.0,13.7,86960.0,158.69,949000.0,43,1,16000,1
6222,1961,20241210,77,2,1,750000.0,659000.0,91000.0,12.13,567000.0,92000.0,13.96,295233.75,30.82,659000.0,11,6,161000,1
6223,1962,20250415,49,3,1,626000.0,549000.0,77000.0,12.3,466000.0,83000.0,15.12,276788.03,27.82,549000.0,78,7,40581,1
6224,1944,20260425,67,1,1,688000.0,599000.0,89000.0,12.94,512000.0,87000.0,14.52,270827.76,32.86,599000.0,40,6,126000,1
6225,1963,20240515,21,1,1,384000.0,359000.0,25000.0,6.51,288000.0,71000.0,19.78,186923.95,13.37,359000.0,106,8,97000,1
6226,1659,20261231,13,2,1,759000.0,699000.0,60000.0,7.91,577000.0,122000.0,17.45,429299.16,13.98,699000.0,77,10,348000,1
6227,1964,20240330,75,1,1,848000.0,759000.0,89000.0,10.5,646000.0,113000.0,14.89,289098.87,30.79,759000.0,79,5,129000,1
6228,1638,20250325,99,1,1,537000.0,489000.0,48000.0,8.94,392000.0,97000.0,19.84,237436.38,20.22,489000.0,96,7,100000,1
6229,1645,20241023,50,1,1,537000.0,489000.0,48000.0,8.94,392000.0,97000.0,19.84,237436.38,20.22,489000.0,96,7,100000,1
6230,1965,20251130,68,2,1,425000.0,389000.0,36000.0,8.47,312000.0,77000.0,19.79,144890.35,24.85,389000.0,118,5,55000,1
6231,1737,20260924,12,2,1,498000.0,459000.0,39000.0,7.83,398000.0,61000.0,13.29,220192.39,17.71,459000.0,28,7,71000,1
6232,1966,20250812,48,1,1,509000.0,459000.0,50000.0,9.82,392000.0,67000.0,14.6,321857.81,15.53,459000.0,116,12,156000,1
6233,1967,20260405,64,1,1,841000.0,759000.0,82000.0,9.75,623000.0,136000.0,17.92,286712.44,28.6,759000.0,118,5,70000,1
6234,1798,20240817,15,1,1,1172000.0,1099000.0,73000.0,6.23,940000.0,159000.0,14.47,332387.45,21.96,1099000.0,81,4,40000,1
6235,1915,20240420,16,2,1,1172000.0,1099000.0,73000.0,6.23,940000.0,159000.0,14.47,332387.45,21.96,1099000.0,81,4,40000,1
6236,1789,20260914,72,3,1,910000.0,829000.0,81000.0,8.9,716000.0,113000.0,13.63,72800.0,111.26,829000.0,112,1,24000,1
6237,2125,20250114,50,1,1,910000.0,829000.0,81000.0,8.9,716000.0,113000.0,13.63,72800.0,111.26,829000.0,112,1,24000,1
6238,1946,20251029,41,3,1,552000.0,499000.0,53000.0,9.6,411000.0,88000.0,17.64,84787.2,62.51,499000.0,22,2,11000,1
6239,1968,20250901,4,1,1,486000.0,439000.0,47000.0,9.67,352000.0,87000.0,19.82,214886.55,21.87,439000.0,74,7,171000,1
6240,1593,20250508,20,1,1,1348000.0,1259000.0,89000.0,6.6,1101000.0,158000.0,12.55,298328.58,29.83,1259000.0,15,3,67000,1
6241,2213,20240712,8,1,1,1348000.0,1259000.0,89000.0,6.6,1101000.0,158000.0,12.55,298328.58,29.83,1259000.0,15,3,67000,1
6242,1969,20260414,89,3,1,516000.0,459000.0,57000.0,11.05,380000.0,79000.0,17.21,203120.82,28.06,459000.0,80,6,94000,1
6243,1631,20261126,68,2,1,1430000.0,1359000.0,71000.0,4.97,1099000.0,260000.0,19.13,316476.16,22.43,1359000.0,36,3,59000,1
6244,1784,20240304,47,2,1,1430000.0,1359000.0,71000.0,4.97,1099000.0,260000.0,19.13,316476.16,22.43,1359000.0,36,3,59000,1
6245,1970,20250408,33,2,1,422000.0,389000.0,33000.0,7.82,327000.0,62000.0,15.94,186588.73,17.69,389000.0,88,7,124000,1
6246,1971,20240605,90,3,1,608000.0,539000.0,69000.0,11.35,464000.0,75000.0,13.91,320925.89,21.5,539000.0,61,9,186000,1
6247,1972,20251114,5,2,1,585000.0,529000.0,56000.0,9.57,433000.0,96000.0,18.15,230282.32,24.32,529000.0,107,6,57343,1
6248,1973,20241230,92,1,1,1570000.0,1459000.0,111000.0,7.07,1199000.0,260000.0,17.82,241152.0,46.03,1459000.0,96,2,65000,1
6249,1938,20251129,68,1,1,783000.0,699000.0,84000.0,10.73,573000.0,126000.0,18.03,120268.8,69.84,699000.0,57,2,12000,1
6250,1974,20250707,97,3,1,783000.0,699000.0,84000.0,10.73,573000.0,126000.0,18.03,120268.8,69.84,699000.0,57,2,12000,1
6251,1903,20260519,41,2,1,696000.0,629000.0,67000.0,9.63,553000.0,76000.0,12.08,479409.79,13.98,629000.0,97,14,293513,1
6252,1975,20250927,61,2,1,451000.0,399000.0,52000.0,11.53,326000.0,73000.0,18.3,270763.54,19.2,399000.0,88,11,103270,1
6253,237,20240214,24,3,1,493000.0,439000.0,54000.0,10.95,371000.0,68000.0,15.49,139818.27,38.62,439000.0,108,4,75116,1
6254,1976,20260811,97,1,1,210000.0,189000.0,21000.0,10.0,165000.0,24000.0,12.7,126076.15,16.66,189000.0,77,11,229000,1
6255,1977,20260304,27,3,1,427000.0,389000.0,38000.0,8.9,316000.0,73000.0,18.77,225387.1,16.86,389000.0,53,9,94686,1
6256,60,20250608,29,1,1,956000.0,899000.0,57000.0,5.96,789000.0,110000.0,12.24,271128.33,21.02,899000.0,110,4,959000,1
6257,672,20241018,67,1,1,956000.0,899000.0,57000.0,5.96,789000.0,110000.0,12.24,271128.33,21.02,899000.0,110,4,959000,1
6258,78,20250505,94,1,1,924000.0,859000.0,65000.0,7.03,752000.0,107000.0,12.46,449785.76,14.45,859000.0,26,8,117894,1
6259,1978,20240306,37,1,1,479000.0,439000.0,40000.0,8.35,382000.0,57000.0,12.98,211791.48,18.89,439000.0,104,7,126651,1
6260,1979,20260712,75,2,1,1619000.0,1459000.0,160000.0,9.88,1192000.0,267000.0,18.3,715846.35,22.35,1459000.0,47,7,71969,1
6261,1640,20260201,92,2,1,825000.0,749000.0,76000.0,9.21,637000.0,112000.0,14.95,126720.0,59.97,749000.0,19,2,44956,1
6262,60,20241207,53,3,1,970000.0,899000.0,71000.0,7.32,774000.0,125000.0,13.9,275098.83,25.81,899000.0,63,4,64790,1
6263,672,20261205,2,3,1,970000.0,899000.0,71000.0,7.32,774000.0,125000.0,13.9,275098.83,25.81,899000.0,63,4,64790,1
6264,1905,20250618,87,2,1,545000.0,519000.0,26000.0,4.77,456000.0,63000.0,12.14,240973.6,10.79,519000.0,100,7,139031,1
6265,1980,20260723,37,1,1,545000.0,519000.0,26000.0,4.77,456000.0,63000.0,12.14,240973.6,10.79,519000.0,100,7,139031,1
6266,245,20240827,73,2,1,714000.0,649000.0,65000.0,9.1,529000.0,120000.0,18.49,243415.79,26.7,649000.0,115,5,90487,1
6267,275,20250312,95,3,1,714000.0,649000.0,65000.0,9.1,529000.0,120000.0,18.49,243415.79,26.7,649000.0,115,5,90487,1
6268,1981,20250409,76,1,1,1142000.0,1059000.0,83000.0,7.27,912000.0,147000.0,13.88,323879.24,25.63,1059000.0,15,4,63966,1
6269,1895,20261001,72,2,1,663000.0,590000.0,73000.0,11.01,488000.0,102000.0,17.29,226028.95,32.3,590000.0,15,5,106579,1
6270,1982,20261208,76,2,1,663000.0,590000.0,73000.0,11.01,488000.0,102000.0,17.29,226028.95,32.3,590000.0,15,5,106579,1
6271,1983,20250215,65,1,1,537000.0,510000.0,27000.0,5.03,415000.0,95000.0,18.63,183073.22,14.75,510000.0,61,5,23274,1
6272,1984,20250126,48,1,1,553000.0,499000.0,54000.0,9.76,416000.0,83000.0,16.63,188527.92,28.64,499000.0,24,5,138789,1
6273,1693,20240202,49,3,1,571000.0,499000.0,72000.0,12.61,431000.0,68000.0,13.63,194664.45,36.99,499000.0,77,5,51754,1
6274,2062,20240528,47,3,1,571000.0,499000.0,72000.0,12.61,431000.0,68000.0,13.63,194664.45,36.99,499000.0,77,5,51754,1
6275,1985,20241206,75,3,1,522000.0,489000.0,33000.0,6.32,409000.0,80000.0,16.36,205482.69,16.06,489000.0,66,6,142291,1
6276,1702,20241125,4,1,1,614000.0,560000.0,54000.0,8.79,472000.0,88000.0,15.71,94310.4,57.26,560000.0,65,2,9268,1
6277,1986,20260521,78,3,1,614000.0,560000.0,54000.0,8.79,472000.0,88000.0,15.71,94310.4,57.26,560000.0,65,2,9268,1
6278,1605,20241119,95,2,1,445000.0,420000.0,25000.0,5.62,369000.0,51000.0,12.14,151708.72,16.48,420000.0,113,5,177162,1
6279,1605,20240128,3,3,1,490000.0,440000.0,50000.0,10.2,366000.0,74000.0,16.82,167050.05,29.93,440000.0,16,5,88686,1
6280,1605,20260421,36,2,1,442000.0,400000.0,42000.0,9.5,340000.0,60000.0,15.0,150685.97,27.87,400000.0,60,5,115288,1
6281,1703,20260722,6,2,1,480000.0,440000.0,40000.0,8.33,365000.0,75000.0,17.05,136131.38,29.38,440000.0,67,4,85017,1
6282,1703,20240415,34,1,1,496000.0,450000.0,46000.0,9.27,374000.0,76000.0,16.89,140669.09,32.7,450000.0,73,4,72845,1
6283,1702,20241218,52,2,1,569000.0,499000.0,70000.0,12.3,427000.0,72000.0,14.43,87398.4,80.09,499000.0,118,2,19786,1
6284,1986,20250611,84,1,1,569000.0,499000.0,70000.0,12.3,427000.0,72000.0,14.43,87398.4,80.09,499000.0,118,2,19786,1
6285,103,20260314,31,1,1,309000.0,289000.0,20000.0,6.47,253000.0,36000.0,12.46,195391.09,10.24,289000.0,35,12,318603,1
6286,1705,20240613,34,2,1,525000.0,499000.0,26000.0,4.95,421000.0,78000.0,15.63,178982.2,14.53,499000.0,67,5,36645,1
6287,1987,20250129,87,1,1,525000.0,499000.0,26000.0,4.95,421000.0,78000.0,15.63,178982.2,14.53,499000.0,67,5,36645,1
6288,74,20240422,42,2,1,681000.0,599000.0,82000.0,12.04,516000.0,83000.0,13.86,193136.39,42.46,599000.0,40,4,12565,1
6289,520,20251008,48,2,1,681000.0,599000.0,82000.0,12.04,516000.0,83000.0,13.86,193136.39,42.46,599000.0,40,4,12565,1
6290,1988,20260206,56,3,1,774000.0,699000.0,75000.0,9.69,564000.0,135000.0,19.31,171295.49,43.78,699000.0,75,3,38863,1
6291,2053,20250706,18,2,1,774000.0,699000.0,75000.0,9.69,564000.0,135000.0,19.31,171295.49,43.78,699000.0,75,3,38863,1
6292,1930,20250917,14,2,1,501000.0,440000.0,61000.0,12.18,359000.0,81000.0,18.41,197216.14,30.93,440000.0,101,6,6089,1
6293,1989,20241114,85,1,1,522000.0,470000.0,52000.0,9.96,395000.0,75000.0,15.96,177959.44,29.22,470000.0,115,5,91722,1
6294,1990,20241212,93,1,1,522000.0,470000.0,52000.0,9.96,395000.0,75000.0,15.96,177959.44,29.22,470000.0,115,5,91722,1
6295,57,20250628,69,1,1,464000.0,410000.0,54000.0,11.64,329000.0,81000.0,19.76,131593.67,41.04,410000.0,22,4,62892,1
6296,1989,20261021,58,1,1,1202000.0,1100000.0,102000.0,8.49,902000.0,198000.0,18.0,409784.01,24.89,1100000.0,27,5,21420,1
6297,1990,20241112,82,1,1,1202000.0,1100000.0,102000.0,8.49,902000.0,198000.0,18.0,409784.01,24.89,1100000.0,27,5,21420,1
6298,1691,20260310,70,2,1,619000.0,550000.0,69000.0,11.15,463000.0,87000.0,15.82,175552.76,39.3,550000.0,103,4,131459,1
6299,1534,20250423,85,3,1,605000.0,530000.0,75000.0,12.4,425000.0,105000.0,19.81,238155.22,31.49,530000.0,84,6,157407,1
6300,1991,20250121,56,3,1,605000.0,530000.0,75000.0,12.4,425000.0,105000.0,19.81,238155.22,31.49,530000.0,84,6,157407,1
6301,148,20250328,53,3,1,586000.0,529000.0,57000.0,9.73,434000.0,95000.0,17.96,230675.97,24.71,529000.0,22,6,145225,1
6302,1992,20260519,69,1,1,373000.0,349000.0,24000.0,6.43,294000.0,55000.0,15.76,266211.07,9.02,349000.0,33,15,178000,1
6303,1705,20260628,73,3,1,753000.0,699000.0,54000.0,7.17,591000.0,108000.0,15.45,256711.61,21.04,699000.0,66,5,154996,1
6304,1987,20240124,60,2,1,753000.0,699000.0,54000.0,7.17,591000.0,108000.0,15.45,256711.61,21.04,699000.0,66,5,154996,1
6305,1993,20260902,32,1,1,373000.0,349000.0,24000.0,6.43,305000.0,44000.0,12.61,105785.43,22.69,349000.0,38,4,79332,1
6306,1754,20240921,47,2,1,1138000.0,1059000.0,79000.0,6.94,902000.0,157000.0,14.83,503170.57,15.7,1059000.0,65,7,95423,1
6307,1994,20240828,89,3,1,712000.0,659000.0,53000.0,7.44,549000.0,110000.0,16.69,280275.24,18.91,659000.0,63,6,173397,1
6308,1995,20260427,22,2,1,242000.0,219000.0,23000.0,9.5,191000.0,28000.0,12.79,166691.34,13.8,219000.0,14,14,255000,1
6309,1754,20250507,4,2,1,1163000.0,1049000.0,114000.0,9.8,905000.0,144000.0,13.73,514224.4,22.17,1049000.0,44,7,109627,1
6310,1739,20260629,25,1,1,797000.0,729000.0,68000.0,8.53,595000.0,134000.0,18.38,271712.03,25.03,729000.0,28,5,84113,1
6311,1994,20240618,61,1,1,733000.0,659000.0,74000.0,10.1,534000.0,125000.0,18.97,288541.78,25.65,659000.0,64,6,173397,1
6312,1996,20240925,12,3,1,2741000.0,2590000.0,151000.0,5.51,2212000.0,378000.0,14.59,934457.54,16.16,2590000.0,86,5,36904,1
6313,1997,20250616,31,3,1,634000.0,599000.0,35000.0,5.52,506000.0,93000.0,15.53,280325.25,12.49,599000.0,78,7,161946,1
6314,1924,20260519,1,2,1,981000.0,919000.0,62000.0,6.32,793000.0,126000.0,13.71,150681.6,41.15,919000.0,53,2,39247,1
6315,1998,20241130,86,2,1,1597000.0,1449000.0,148000.0,9.27,1245000.0,204000.0,14.08,628651.06,23.54,1449000.0,87,6,121746,1
6316,1999,20251002,100,2,1,813000.0,759000.0,54000.0,6.64,645000.0,114000.0,15.02,359470.71,15.02,759000.0,47,7,113317,1
6317,1652,20250723,97,1,1,818000.0,759000.0,59000.0,7.21,667000.0,92000.0,12.12,278871.31,21.16,759000.0,71,5,60408,1
6318,1754,20240327,87,3,1,1154000.0,1059000.0,95000.0,8.23,892000.0,167000.0,15.77,510245.02,18.62,1059000.0,31,7,95423,1
6319,1739,20260905,98,1,1,813000.0,719000.0,94000.0,11.56,582000.0,137000.0,19.05,277166.72,33.91,719000.0,82,5,100059,1
6320,2000,20250102,84,2,1,493000.0,469000.0,24000.0,4.87,406000.0,63000.0,13.43,217981.63,11.01,469000.0,49,7,73923,1
6321,2001,20240127,61,3,1,1203000.0,1079000.0,124000.0,10.31,885000.0,194000.0,17.98,184780.8,67.11,1079000.0,35,2,68597,1
6322,2002,20240229,96,1,1,1093000.0,979000.0,114000.0,10.43,844000.0,135000.0,13.79,372623.9,30.59,979000.0,118,5,96286,1
6323,1924,20261217,6,3,1,1038000.0,919000.0,119000.0,11.46,806000.0,113000.0,12.3,159436.8,74.64,919000.0,14,2,39247,1
6324,2003,20250307,22,1,1,685000.0,599000.0,86000.0,12.55,513000.0,86000.0,14.36,361569.47,23.79,599000.0,102,9,96340,1
6325,2282,20260121,12,3,1,685000.0,599000.0,86000.0,12.55,513000.0,86000.0,14.36,361569.47,23.79,599000.0,102,9,96340,1
6326,2004,20260706,23,1,1,420000.0,399000.0,21000.0,5.0,338000.0,61000.0,15.29,185704.43,11.31,399000.0,63,7,104323,1
6327,1925,20250810,35,3,1,851000.0,799000.0,52000.0,6.11,669000.0,130000.0,16.27,241349.59,21.55,799000.0,95,4,83893,1
6328,2005,20260509,14,3,1,568000.0,499000.0,69000.0,12.15,414000.0,85000.0,17.03,321267.36,21.48,499000.0,58,10,152412,1
6329,2006,20241003,76,3,1,744000.0,679000.0,65000.0,8.74,562000.0,117000.0,17.23,292871.88,22.19,679000.0,12,6,115330,1
6330,1648,20260521,30,3,1,1050000.0,949000.0,101000.0,9.62,808000.0,141000.0,14.86,297787.39,33.92,949000.0,101,4,87241,1
6331,1940,20260316,22,2,1,524000.0,469000.0,55000.0,10.5,403000.0,66000.0,14.07,115967.49,47.43,469000.0,47,3,17461,1
6332,1580,20261208,16,2,1,893000.0,799000.0,94000.0,10.53,683000.0,116000.0,14.52,253261.09,37.12,799000.0,23,4,83461,1
6333,1639,20240310,86,2,1,893000.0,799000.0,94000.0,10.53,683000.0,116000.0,14.52,253261.09,37.12,799000.0,23,4,83461,1
6334,2007,20241015,93,1,1,1131000.0,989000.0,142000.0,12.56,807000.0,182000.0,18.4,445212.49,31.89,989000.0,56,6,99311,1
6335,2008,20240323,71,1,1,781000.0,679000.0,102000.0,13.06,570000.0,109000.0,16.05,307436.74,33.18,679000.0,23,6,91510,1
6336,1928,20250512,15,3,1,638000.0,569000.0,69000.0,10.82,491000.0,78000.0,13.71,360860.17,19.12,569000.0,116,10,145612,1
6337,1755,20260107,2,3,1,808000.0,749000.0,59000.0,7.3,628000.0,121000.0,16.15,229154.49,25.75,749000.0,84,4,69621,1
6338,2009,20240606,22,2,1,1194000.0,1049000.0,145000.0,12.14,884000.0,165000.0,15.73,338626.81,42.82,1049000.0,82,4,47833,1
6339,2010,20240127,63,2,1,790000.0,749000.0,41000.0,5.19,645000.0,104000.0,13.89,269325.6,15.22,749000.0,47,5,97120,1
6340,1907,20241008,15,3,1,1018000.0,949000.0,69000.0,6.78,809000.0,140000.0,14.75,81440.0,84.72,949000.0,73,1,14019,1
6341,1758,20260403,19,1,1,637000.0,559000.0,78000.0,12.24,466000.0,93000.0,16.64,281651.72,27.69,559000.0,53,7,125866,1
6342,1748,20250821,91,1,1,730000.0,679000.0,51000.0,6.99,592000.0,87000.0,12.81,287360.85,17.75,679000.0,79,6,87310,1
6343,2011,20251129,87,3,1,792000.0,739000.0,53000.0,6.69,601000.0,138000.0,18.67,175279.1,30.24,739000.0,74,3,29608,1
6344,2012,20261024,94,3,1,637000.0,599000.0,38000.0,5.97,527000.0,72000.0,12.02,250751.86,15.15,599000.0,34,6,94909,1
6345,364,20250208,89,3,1,703000.0,619000.0,84000.0,11.95,501000.0,118000.0,19.06,107980.8,77.79,619000.0,25,2,36818,1
6346,2013,20260420,21,2,1,791000.0,719000.0,72000.0,9.1,576000.0,143000.0,19.89,224333.17,32.1,719000.0,24,4,88643,1
6347,1755,20250101,27,1,1,949000.0,849000.0,100000.0,10.54,740000.0,109000.0,12.84,269143.08,37.15,849000.0,107,4,59296,1
6348,1357,20261101,19,2,1,880000.0,819000.0,61000.0,6.93,671000.0,148000.0,18.07,300008.26,20.33,819000.0,90,5,71965,1
6349,1925,20260111,26,2,1,854000.0,759000.0,95000.0,11.12,652000.0,107000.0,14.1,242200.41,39.22,759000.0,12,4,113256,1
6350,1894,20260927,49,2,1,1046000.0,929000.0,117000.0,11.19,803000.0,126000.0,13.56,231492.35,50.54,929000.0,76,3,37790,1
6351,1739,20250918,58,3,1,756000.0,699000.0,57000.0,7.54,607000.0,92000.0,13.16,257734.37,22.12,699000.0,46,5,97904,1
6352,2014,20261007,97,3,1,948000.0,869000.0,79000.0,8.33,764000.0,105000.0,12.08,209803.78,37.65,869000.0,90,3,41170,1
6353,1924,20240630,100,1,1,1016000.0,949000.0,67000.0,6.59,782000.0,167000.0,17.6,156057.6,42.93,949000.0,64,2,20128,1
6354,1593,20251220,67,3,1,1353000.0,1179000.0,174000.0,12.86,1010000.0,169000.0,14.33,299435.14,58.11,1179000.0,47,3,72667,1
6355,2213,20250928,25,1,1,1353000.0,1179000.0,174000.0,12.86,1010000.0,169000.0,14.33,299435.14,58.11,1179000.0,47,3,72667,1
6356,2008,20241205,77,1,1,779000.0,699000.0,80000.0,10.27,566000.0,133000.0,19.03,306649.45,26.09,699000.0,72,6,41408,1
6357,1758,20250820,78,3,1,708000.0,619000.0,89000.0,12.57,515000.0,104000.0,16.8,313044.61,28.43,619000.0,10,7,64541,1
6358,1364,20250707,74,3,1,680000.0,629000.0,51000.0,7.5,546000.0,83000.0,13.2,54400.0,93.75,629000.0,80,1,16849,1
6359,2015,20260408,88,2,1,518000.0,459000.0,59000.0,11.39,381000.0,78000.0,16.99,203908.11,28.93,459000.0,99,6,103720,1
6360,1800,20260302,100,2,1,517000.0,459000.0,58000.0,11.22,389000.0,70000.0,15.25,176254.85,32.91,459000.0,112,5,38832,1
6361,2016,20250828,22,1,1,1208000.0,1079000.0,129000.0,10.68,907000.0,172000.0,15.94,267344.9,48.25,1079000.0,28,3,21826,1
6362,1583,20241008,98,2,1,423000.0,369000.0,54000.0,12.77,314000.0,55000.0,14.91,119965.78,45.01,369000.0,61,4,93818,1
6363,1539,20240623,14,1,1,838000.0,769000.0,69000.0,8.23,675000.0,94000.0,12.22,370524.55,18.62,769000.0,39,7,37368,1
6364,1579,20260706,9,2,1,658000.0,619000.0,39000.0,5.93,498000.0,121000.0,19.55,320301.98,12.18,619000.0,116,8,221869,1
6365,2017,20251118,76,1,1,826000.0,739000.0,87000.0,10.53,625000.0,114000.0,15.43,365218.71,23.82,739000.0,64,7,103027,1
6366,984,20250227,22,2,1,538000.0,479000.0,59000.0,10.97,416000.0,63000.0,13.15,237878.53,24.8,479000.0,23,7,122558,1
6367,2018,20250130,97,3,1,538000.0,479000.0,59000.0,10.97,416000.0,63000.0,13.15,237878.53,24.8,479000.0,23,7,122558,1
6368,2019,20250729,82,2,1,830000.0,749000.0,81000.0,9.76,628000.0,121000.0,16.15,469457.58,17.25,749000.0,22,10,135517,1
6369,2020,20250127,95,2,1,963000.0,899000.0,64000.0,6.65,725000.0,174000.0,19.35,273113.58,23.43,899000.0,93,4,119455,1
6370,2021,20240809,76,1,1,769000.0,699000.0,70000.0,9.1,591000.0,108000.0,15.45,434955.28,16.09,699000.0,99,10,244361,1
6371,2022,20241022,98,2,1,648000.0,599000.0,49000.0,7.56,495000.0,104000.0,17.36,220915.17,22.18,599000.0,36,5,131200,1
6372,2023,20241017,15,2,1,1092000.0,999000.0,93000.0,8.52,812000.0,187000.0,18.72,309698.89,30.03,999000.0,98,4,76642,1
6373,2024,20250515,40,1,1,668000.0,599000.0,69000.0,10.33,520000.0,79000.0,13.19,227733.54,30.3,599000.0,18,5,70925,1
6374,2025,20251021,65,1,1,707000.0,629000.0,78000.0,11.03,529000.0,100000.0,15.9,108595.2,71.83,629000.0,50,2,39754,1
6375,1590,20250320,53,1,1,933000.0,869000.0,64000.0,6.86,760000.0,109000.0,12.54,143308.8,44.66,869000.0,57,2,20843,1
6376,2026,20240519,31,1,1,577000.0,529000.0,48000.0,8.32,457000.0,72000.0,13.61,304562.89,15.76,529000.0,21,9,163105,1
6377,2027,20261218,10,3,1,2035000.0,1890000.0,145000.0,7.13,1617000.0,273000.0,14.44,899782.17,16.12,1890000.0,19,7,117106,1
6378,2028,20260114,34,1,1,320000.0,299000.0,21000.0,6.56,239000.0,60000.0,20.07,192116.04,10.93,299000.0,15,11,86856,1
6379,1660,20261002,37,1,1,744000.0,659000.0,85000.0,11.42,550000.0,109000.0,16.54,253643.35,33.51,659000.0,43,5,102718,1
6380,1648,20240429,13,3,1,980000.0,859000.0,121000.0,12.35,701000.0,158000.0,18.39,277934.9,43.54,859000.0,61,4,63332,1
6381,1755,20260728,38,1,1,825000.0,759000.0,66000.0,8.0,663000.0,96000.0,12.65,233975.81,28.21,759000.0,50,4,17236,1
6382,1739,20241021,45,1,1,741000.0,659000.0,82000.0,11.07,536000.0,123000.0,18.66,252620.59,32.46,659000.0,92,5,57996,1
6383,1467,20251125,10,3,1,637000.0,559000.0,78000.0,12.24,460000.0,99000.0,17.71,217165.07,35.92,559000.0,15,5,72696,1
6384,1755,20241123,22,2,1,793000.0,699000.0,94000.0,11.85,588000.0,111000.0,15.88,224900.38,41.8,699000.0,11,4,13051,1
6385,2029,20250718,61,3,1,1699000.0,1590000.0,109000.0,6.42,1305000.0,285000.0,17.92,668802.85,16.3,1590000.0,24,6,102900,1
6386,2030,20241010,38,3,1,1478000.0,1290000.0,188000.0,12.72,1054000.0,236000.0,18.29,653502.72,28.77,1290000.0,26,7,131457,1
6387,2031,20250501,58,3,1,2056000.0,1890000.0,166000.0,8.07,1603000.0,287000.0,15.19,700928.39,23.68,1890000.0,25,5,91466,1
6388,2032,20240711,26,3,1,1723000.0,1590000.0,133000.0,7.72,1283000.0,307000.0,19.31,678250.33,19.61,1590000.0,37,6,146929,1
6389,1912,20250607,75,3,1,633000.0,599000.0,34000.0,5.37,482000.0,117000.0,19.53,140090.5,24.27,599000.0,94,3,46335,1
6390,1908,20260926,49,2,1,548000.0,499000.0,49000.0,8.94,414000.0,85000.0,17.03,43840.0,111.77,499000.0,81,1,20711,1
6391,2033,20241112,97,1,1,548000.0,499000.0,49000.0,8.94,414000.0,85000.0,17.03,43840.0,111.77,499000.0,81,1,20711,1
6392,2034,20250823,74,3,1,529000.0,499000.0,30000.0,5.67,428000.0,71000.0,14.23,233899.15,12.83,499000.0,19,7,30470,1
6393,1666,20260729,95,1,1,1009000.0,939000.0,70000.0,6.94,793000.0,146000.0,15.55,286159.5,24.46,939000.0,19,4,122866,1
6394,2063,20260127,85,1,1,1009000.0,939000.0,70000.0,6.94,793000.0,146000.0,15.55,286159.5,24.46,939000.0,19,4,122866,1
6395,1692,20241027,98,1,1,789000.0,729000.0,60000.0,7.6,608000.0,121000.0,16.6,310585.9,19.32,729000.0,19,6,112122,1
6396,2035,20240416,89,3,1,2092000.0,1850000.0,242000.0,11.57,1564000.0,286000.0,15.46,713201.45,33.93,1850000.0,82,5,128231,1
6397,2036,20261231,62,3,1,1172000.0,1030000.0,142000.0,12.12,854000.0,176000.0,17.09,332387.45,42.72,1030000.0,37,4,37328,1
6398,2043,20251120,9,1,1,1172000.0,1030000.0,142000.0,12.12,854000.0,176000.0,17.09,332387.45,42.72,1030000.0,37,4,37328,1
6399,1798,20240811,60,1,1,928000.0,859000.0,69000.0,7.44,752000.0,107000.0,12.46,263187.33,26.22,859000.0,33,4,62565,1
6400,1915,20261103,82,3,1,928000.0,859000.0,69000.0,7.44,752000.0,107000.0,12.46,263187.33,26.22,859000.0,33,4,62565,1
6401,2037,20260902,30,1,1,794000.0,699000.0,95000.0,11.96,562000.0,137000.0,19.6,386504.21,24.58,699000.0,28,8,20022,1
6402,29,20261015,21,3,1,1420000.0,1250000.0,170000.0,11.97,1067000.0,183000.0,14.64,218112.0,77.94,1250000.0,106,2,42429,1
6403,2038,20251104,50,2,1,2129000.0,1890000.0,239000.0,11.23,1647000.0,243000.0,12.86,941344.59,25.39,1890000.0,77,7,92570,1
6404,2039,20260727,29,3,1,744000.0,699000.0,45000.0,6.05,604000.0,95000.0,13.59,211003.64,21.33,699000.0,65,4,113311,1
6405,2040,20240430,40,2,1,1073000.0,959000.0,114000.0,10.62,781000.0,178000.0,18.56,237467.78,48.01,959000.0,76,3,42273,1
6406,2041,20260429,17,2,1,1098000.0,959000.0,139000.0,12.66,790000.0,169000.0,17.62,87840.0,158.24,959000.0,51,1,25687,1
6407,2042,20251105,68,1,1,592000.0,529000.0,63000.0,10.64,454000.0,75000.0,14.18,312480.47,20.16,529000.0,21,9,158416,1
6408,2036,20250417,97,1,1,930000.0,859000.0,71000.0,7.63,693000.0,166000.0,19.32,263754.55,26.92,859000.0,27,4,125552,1
6409,2043,20240629,64,1,1,930000.0,859000.0,71000.0,7.63,693000.0,166000.0,19.32,263754.55,26.92,859000.0,27,4,125552,1
6410,1570,20240521,23,1,1,802000.0,729000.0,73000.0,9.1,631000.0,98000.0,13.44,177492.22,41.13,729000.0,32,3,18414,1
6411,1936,20240307,7,2,1,924000.0,829000.0,95000.0,10.28,711000.0,118000.0,14.23,262052.9,36.25,829000.0,93,4,97250,1
6412,2044,20240326,34,3,1,505000.0,459000.0,46000.0,9.11,394000.0,65000.0,14.16,245824.47,18.71,459000.0,15,8,100238,1
6413,2045,20251212,24,1,1,319000.0,299999.0,19001.0,5.96,242000.0,57999.0,19.33,125572.75,15.13,299999.0,62,6,37000,1
6414,2054,20260606,7,2,1,319000.0,299999.0,19001.0,5.96,242000.0,57999.0,19.33,125572.75,15.13,299999.0,62,6,37000,1
6415,1649,20260316,8,2,1,388000.0,359000.0,29000.0,7.47,308000.0,51000.0,14.21,110039.53,26.35,359000.0,107,4,72000,1
6416,361,20241214,3,2,1,903000.0,799000.0,104000.0,11.52,683000.0,116000.0,14.52,256097.16,40.61,799000.0,51,4,60852,1
6417,2046,20240414,91,2,1,942000.0,829000.0,113000.0,12.0,718000.0,111000.0,13.39,321145.21,35.19,829000.0,75,5,112873,1
6418,2047,20261108,4,3,1,744000.0,699000.0,45000.0,6.05,562000.0,137000.0,19.6,59520.0,75.6,699000.0,39,1,36,1
6419,1873,20250113,63,2,1,1477000.0,1290000.0,187000.0,12.66,1034000.0,256000.0,19.84,226867.2,82.43,1290000.0,18,2,59690,1
6420,1873,20240918,66,3,1,1408000.0,1300000.0,108000.0,7.67,1079000.0,221000.0,17.0,216268.8,49.94,1300000.0,100,2,23627,1
6421,1938,20240213,69,2,1,847000.0,759000.0,88000.0,10.39,616000.0,143000.0,18.84,130099.2,67.64,759000.0,51,2,33279,1
6422,1974,20250527,10,1,1,847000.0,759000.0,88000.0,10.39,616000.0,143000.0,18.84,130099.2,67.64,759000.0,51,2,33279,1
6423,1580,20240812,63,2,1,741000.0,659000.0,82000.0,11.07,557000.0,102000.0,15.48,210152.82,39.02,659000.0,43,4,84732,1
6424,1639,20260525,37,3,1,741000.0,659000.0,82000.0,11.07,557000.0,102000.0,15.48,210152.82,39.02,659000.0,43,4,84732,1
6425,2048,20251220,73,1,1,396000.0,350000.0,46000.0,11.62,306000.0,44000.0,12.57,155883.42,29.51,350000.0,49,6,104565,1
6426,517,20240627,72,2,1,491000.0,429000.0,62000.0,12.63,357000.0,72000.0,16.78,193279.69,32.08,429000.0,97,6,67251,1
6427,2049,20240129,3,1,1,1135000.0,1050000.0,85000.0,7.49,911000.0,139000.0,13.24,90800.0,93.61,1050000.0,26,1,47590,1
6428,65,20240320,29,3,1,625000.0,550000.0,75000.0,12.0,440000.0,110000.0,20.0,96000.0,78.12,550000.0,38,2,19651,1
6429,1702,20250611,79,1,1,670000.0,630000.0,40000.0,5.97,512000.0,118000.0,18.73,102912.0,38.87,630000.0,109,2,9310,1
6430,1986,20260612,62,1,1,670000.0,630000.0,40000.0,5.97,512000.0,118000.0,18.73,102912.0,38.87,630000.0,109,2,9310,1
6431,1534,20250305,33,2,1,616000.0,550000.0,66000.0,10.71,441000.0,109000.0,19.82,242485.32,27.22,550000.0,59,6,84972,1
6432,1991,20260117,60,2,1,616000.0,550000.0,66000.0,10.71,441000.0,109000.0,19.82,242485.32,27.22,550000.0,59,6,84972,1
6433,1658,20261202,42,2,1,1237000.0,1100000.0,137000.0,11.08,909000.0,191000.0,17.36,273762.94,50.04,1100000.0,85,3,45021,1
6434,2050,20250701,80,2,1,391000.0,350000.0,41000.0,10.49,305000.0,45000.0,12.86,133299.12,30.76,350000.0,104,5,26321,1
6435,1984,20250610,62,1,1,495000.0,460000.0,35000.0,7.07,372000.0,88000.0,19.13,168754.65,20.74,460000.0,58,5,110096,1
6436,1671,20260324,75,2,1,751000.0,660000.0,91000.0,12.12,560000.0,100000.0,15.15,256029.78,35.54,660000.0,82,5,84365,1
6437,1599,20240207,6,1,1,565000.0,530000.0,35000.0,6.19,443000.0,87000.0,16.42,86784.0,40.33,530000.0,70,2,39538,1
6438,2051,20251022,49,3,1,565000.0,530000.0,35000.0,6.19,443000.0,87000.0,16.42,86784.0,40.33,530000.0,70,2,39538,1
6439,2052,20250921,72,2,9,1297000.0,1229000.0,68000.0,5.24,1075000.0,154000.0,12.53,103760.0,65.54,1229000.0,92,1,2266,1
6440,1702,20250417,43,1,1,673000.0,600000.0,73000.0,10.85,486000.0,114000.0,19.0,103372.8,70.62,600000.0,55,2,14581,1
6441,1986,20260522,9,2,1,673000.0,600000.0,73000.0,10.85,486000.0,114000.0,19.0,103372.8,70.62,600000.0,55,2,14581,1
6442,1988,20261107,51,1,1,548000.0,499000.0,49000.0,8.94,408000.0,91000.0,18.24,121278.98,40.4,499000.0,55,3,8451,1
6443,2053,20250530,14,2,1,548000.0,499000.0,49000.0,8.94,408000.0,91000.0,18.24,121278.98,40.4,499000.0,55,3,8451,1
6444,2045,20240530,24,1,1,443000.0,390000.0,53000.0,11.96,313000.0,77000.0,19.74,174384.73,30.39,390000.0,26,6,93092,1
6445,2054,20240606,72,3,1,443000.0,390000.0,53000.0,11.96,313000.0,77000.0,19.74,174384.73,30.39,390000.0,26,6,93092,1
6446,2055,20240810,33,1,1,435000.0,400000.0,35000.0,8.05,334000.0,66000.0,16.5,148299.54,23.6,400000.0,75,5,47854,1
6447,2056,20240422,29,2,1,512000.0,480000.0,32000.0,6.25,395000.0,85000.0,17.71,201546.24,15.88,480000.0,113,6,101887,1
6448,2057,20240622,2,2,1,1360000.0,1200000.0,160000.0,11.76,1044000.0,156000.0,13.0,108800.0,147.06,1200000.0,14,1,6203,1
6449,2057,20240207,82,2,9,1413000.0,1279000.0,134000.0,9.48,1085000.0,194000.0,15.17,113040.0,118.54,1279000.0,112,1,183,1
6450,2045,20260312,87,2,1,428000.0,400000.0,28000.0,6.54,340000.0,60000.0,15.0,168480.06,16.62,400000.0,63,6,63752,1
6451,2054,20250815,95,1,1,428000.0,400000.0,28000.0,6.54,340000.0,60000.0,15.0,168480.06,16.62,400000.0,63,6,63752,1
6452,1678,20240227,86,1,1,1447000.0,1290000.0,157000.0,10.85,1087000.0,203000.0,15.74,493309.04,31.83,1290000.0,25,5,89325,1
6453,1746,20241026,52,2,1,1447000.0,1290000.0,157000.0,10.85,1087000.0,203000.0,15.74,493309.04,31.83,1290000.0,25,5,89325,1
6454,2058,20250628,45,2,1,540000.0,490000.0,50000.0,9.26,396000.0,94000.0,19.18,184095.98,27.16,490000.0,90,5,162102,1
6455,1671,20240907,84,2,1,887000.0,799000.0,88000.0,9.92,668000.0,131000.0,16.4,302394.69,29.1,799000.0,100,5,61589,1
6456,1750,20250801,38,3,9,1205000.0,1099000.0,106000.0,8.8,967000.0,132000.0,12.01,96400.0,109.96,1099000.0,16,1,4968,1
6457,2059,20260916,45,3,9,1205000.0,1099000.0,106000.0,8.8,967000.0,132000.0,12.01,96400.0,109.96,1099000.0,16,1,4968,1
6458,2057,20260810,16,1,9,1460000.0,1289000.0,171000.0,11.71,1117000.0,172000.0,13.34,116800.0,146.4,1289000.0,17,1,773,1
6459,1949,20250417,87,3,9,531000.0,469000.0,62000.0,11.68,409000.0,60000.0,12.79,150595.34,41.17,469000.0,81,4,23802,1
6460,2060,20250102,47,3,9,531000.0,469000.0,62000.0,11.68,409000.0,60000.0,12.79,150595.34,41.17,469000.0,81,4,23802,1
6461,2061,20240109,25,1,9,784000.0,699000.0,85000.0,10.84,605000.0,94000.0,13.45,413825.49,20.54,699000.0,96,9,106231,1
6462,1299,20260208,57,1,9,455000.0,429000.0,26000.0,5.71,347000.0,82000.0,19.11,155117.91,16.76,429000.0,105,5,50414,1
6463,1693,20260730,19,1,9,679000.0,599000.0,80000.0,11.78,490000.0,109000.0,18.2,231483.65,34.56,599000.0,116,5,42495,1
6464,2062,20250228,83,2,9,679000.0,599000.0,80000.0,11.78,490000.0,109000.0,18.2,231483.65,34.56,599000.0,116,5,42495,1
6465,1912,20250414,38,2,9,781000.0,699000.0,82000.0,10.5,559000.0,140000.0,20.03,172844.67,47.44,699000.0,91,3,98120,1
6466,1900,20251024,100,1,9,895000.0,799000.0,96000.0,10.73,659000.0,140000.0,17.52,198074.24,48.47,799000.0,47,3,18441,1
6467,1988,20260308,66,3,9,759000.0,699000.0,60000.0,7.91,565000.0,134000.0,19.17,167975.81,35.72,699000.0,63,3,79140,1
6468,2053,20240706,7,1,9,759000.0,699000.0,60000.0,7.91,565000.0,134000.0,19.17,167975.81,35.72,699000.0,63,3,79140,1
6469,1949,20241107,20,3,9,636000.0,559000.0,77000.0,12.11,468000.0,91000.0,16.28,180374.08,42.69,559000.0,85,4,37348,1
6470,2060,20250508,4,2,9,636000.0,559000.0,77000.0,12.11,468000.0,91000.0,16.28,180374.08,42.69,559000.0,85,4,37348,1
6471,2057,20240918,90,2,9,1436000.0,1279000.0,157000.0,10.93,1092000.0,187000.0,14.62,114880.0,136.66,1279000.0,24,1,807,1
6472,1705,20260226,75,1,9,530000.0,499000.0,31000.0,5.85,434000.0,65000.0,13.03,180686.79,17.16,499000.0,101,5,55049,1
6473,1987,20241206,81,3,9,530000.0,499000.0,31000.0,5.85,434000.0,65000.0,13.03,180686.79,17.16,499000.0,101,5,55049,1
6474,2052,20250508,15,1,9,1330000.0,1219000.0,111000.0,8.35,1048000.0,171000.0,14.03,106400.0,104.32,1219000.0,111,1,477,1
6475,1704,20240305,76,1,1,568000.0,499000.0,69000.0,12.15,437000.0,62000.0,12.42,125705.22,54.89,499000.0,59,3,34380,1
6476,1902,20250910,64,2,1,568000.0,499000.0,69000.0,12.15,437000.0,62000.0,12.42,125705.22,54.89,499000.0,59,3,34380,1
6477,1666,20250917,57,3,9,1265000.0,1199000.0,66000.0,5.22,964000.0,235000.0,19.6,358762.91,18.4,1199000.0,65,4,67202,1
6478,2063,20260905,50,1,9,1265000.0,1199000.0,66000.0,5.22,964000.0,235000.0,19.6,358762.91,18.4,1199000.0,65,4,67202,1
6479,1647,20250121,17,1,9,1158000.0,1010000.0,148000.0,12.78,809000.0,201000.0,19.9,177868.8,83.21,1010000.0,104,2,28414,1
6480,1702,20261104,16,2,1,558000.0,499000.0,59000.0,10.57,426000.0,73000.0,14.63,85708.8,68.84,499000.0,18,2,27759,1
6481,1986,20240630,80,3,1,558000.0,499000.0,59000.0,10.57,426000.0,73000.0,14.63,85708.8,68.84,499000.0,18,2,27759,1
6482,2064,20251118,99,2,9,656000.0,589000.0,67000.0,10.21,485000.0,104000.0,17.66,319328.42,20.98,589000.0,17,8,99273,1
6483,1750,20261107,3,3,9,1130000.0,1049000.0,81000.0,7.17,860000.0,189000.0,18.02,90400.0,89.6,1049000.0,119,1,3082,1
6484,2059,20260103,45,2,9,1130000.0,1049000.0,81000.0,7.17,860000.0,189000.0,18.02,90400.0,89.6,1049000.0,119,1,3082,1
6485,2065,20240110,44,2,1,806000.0,750000.0,56000.0,6.95,620000.0,130000.0,17.33,64480.0,86.85,750000.0,28,1,6778,1
6486,2066,20240709,62,3,9,572000.0,500000.0,72000.0,12.59,411000.0,89000.0,17.8,343407.42,20.97,500000.0,60,11,9000,1
6487,2067,20251231,92,1,9,632000.0,585000.0,47000.0,7.44,492000.0,93000.0,15.9,307645.67,15.28,585000.0,81,8,55254,1
6488,2153,20251220,9,3,9,632000.0,585000.0,47000.0,7.44,492000.0,93000.0,15.9,307645.67,15.28,585000.0,81,8,55254,1
6489,2057,20250128,60,1,9,1442000.0,1279000.0,163000.0,11.3,1068000.0,211000.0,16.5,115360.0,141.3,1279000.0,107,1,807,1
6490,2068,20250924,75,3,1,141000.0,129000.0,12000.0,8.51,108000.0,21000.0,16.28,100632.07,11.92,129000.0,66,15,130000,1
6491,1449,20251113,91,3,1,382000.0,359000.0,23000.0,6.02,307000.0,52000.0,14.48,108337.89,21.23,359000.0,77,4,61000,1
6492,2069,20251001,74,1,1,272000.0,259000.0,13000.0,4.78,215000.0,44000.0,16.99,107071.44,12.14,259000.0,40,6,47263,1
6493,2070,20260809,76,1,1,772000.0,699000.0,73000.0,9.46,573000.0,126000.0,18.03,510868.62,14.29,699000.0,111,13,200000,1
6494,2071,20241021,57,3,1,1146000.0,999000.0,147000.0,12.83,812000.0,187000.0,18.72,390692.57,37.63,999000.0,12,5,93336,1
6495,2072,20260608,99,3,1,282000.0,259000.0,23000.0,8.16,214000.0,45000.0,17.37,194243.62,11.84,259000.0,108,14,54082,1
6496,2036,20250706,99,3,1,1009000.0,929000.0,80000.0,7.93,798000.0,131000.0,14.1,286159.5,27.96,929000.0,92,4,95426,1
6497,2043,20261005,95,2,1,1009000.0,929000.0,80000.0,7.93,798000.0,131000.0,14.1,286159.5,27.96,929000.0,92,4,95426,1
6498,2073,20240916,61,1,1,1062000.0,979000.0,83000.0,7.82,842000.0,137000.0,13.99,84960.0,97.69,979000.0,52,1,16183,1
6499,1631,20240610,64,1,1,991000.0,899000.0,92000.0,9.28,767000.0,132000.0,14.68,219320.19,41.95,899000.0,38,3,78252,1
6500,1784,20241004,17,1,1,991000.0,899000.0,92000.0,9.28,767000.0,132000.0,14.68,219320.19,41.95,899000.0,38,3,78252,1
6501,1357,20260422,58,2,1,830000.0,759000.0,71000.0,8.55,621000.0,138000.0,18.18,282962.34,25.09,759000.0,19,5,51421,1
6502,1666,20240407,47,1,1,943000.0,829000.0,114000.0,12.09,702000.0,127000.0,15.32,267441.44,42.63,829000.0,21,4,73231,1
6503,2063,20250816,52,1,1,943000.0,829000.0,114000.0,12.09,702000.0,127000.0,15.32,267441.44,42.63,829000.0,21,4,73231,1
6504,2074,20250228,18,3,1,141000.0,128000.0,13000.0,9.22,108000.0,20000.0,15.62,74425.25,17.47,128000.0,55,9,111392,1
6505,2075,20260216,37,3,1,175000.0,159000.0,16000.0,9.14,133000.0,26000.0,16.35,110658.38,14.46,159000.0,39,12,213234,1
6506,1679,20260824,70,1,1,956000.0,899000.0,57000.0,5.96,759000.0,140000.0,15.57,376324.62,15.15,899000.0,103,6,43112,1
6507,2076,20260513,17,3,1,956000.0,899000.0,57000.0,5.96,759000.0,140000.0,15.57,376324.62,15.15,899000.0,103,6,43112,1
6508,1654,20260710,3,2,1,986000.0,859000.0,127000.0,12.88,721000.0,138000.0,16.07,279636.54,45.42,859000.0,91,4,75449,1
6509,2077,20250623,33,1,1,127000.0,118000.0,9000.0,7.09,100000.0,18000.0,15.25,100952.12,8.92,118000.0,97,19,200000,1
6510,2078,20250130,84,2,1,803000.0,759000.0,44000.0,5.48,651000.0,108000.0,14.23,355049.18,12.39,759000.0,41,7,86690,1
6511,2079,20240424,80,1,1,780000.0,699000.0,81000.0,10.38,565000.0,134000.0,19.17,265916.41,30.46,699000.0,82,5,93000,1
6512,1804,20261015,100,2,1,365000.0,329000.0,36000.0,9.86,283000.0,46000.0,13.98,219132.36,16.43,329000.0,56,11,130000,1
6513,2080,20240129,7,3,1,365000.0,329000.0,36000.0,9.86,283000.0,46000.0,13.98,219132.36,16.43,329000.0,56,11,130000,1
6514,1563,20251124,2,1,1,162000.0,148000.0,14000.0,8.64,120000.0,28000.0,18.92,85509.86,16.37,148000.0,97,9,209073,1
6515,1692,20240616,34,1,1,763000.0,699000.0,64000.0,8.39,563000.0,136000.0,19.46,300351.13,21.31,699000.0,72,6,100715,1
6516,2081,20240327,4,2,1,416000.0,369000.0,47000.0,11.3,324000.0,45000.0,12.2,286543.78,16.4,369000.0,35,14,255779,1
6517,1917,20251026,49,3,1,298000.0,279000.0,19000.0,6.38,245000.0,34000.0,12.19,188435.42,10.08,279000.0,12,12,295000,1
6518,1928,20261027,17,2,1,678000.0,599000.0,79000.0,11.65,482000.0,117000.0,19.53,383484.63,20.6,599000.0,32,10,238000,1
6519,2082,20260115,71,3,1,154000.0,138000.0,16000.0,10.39,115000.0,23000.0,16.67,101909.03,15.7,138000.0,84,13,142456,1
6520,2083,20250317,12,2,1,381000.0,349000.0,32000.0,8.4,284000.0,65000.0,18.62,185463.61,17.25,349000.0,83,8,132000,1
6521,2084,20260103,76,2,1,328000.0,299000.0,29000.0,8.84,251000.0,48000.0,16.05,196918.94,14.73,299000.0,59,11,155000,1
6522,1877,20240310,74,3,1,623000.0,579000.0,44000.0,7.06,502000.0,77000.0,13.3,374025.91,11.76,579000.0,45,11,227000,1
6523,2085,20250829,44,1,1,623000.0,579000.0,44000.0,7.06,502000.0,77000.0,13.3,374025.91,11.76,579000.0,45,11,227000,1
6524,2086,20241123,89,1,1,1124000.0,999000.0,125000.0,11.12,875000.0,124000.0,12.41,318774.31,39.21,999000.0,22,4,93000,1
6525,2087,20251213,49,1,1,439000.0,399000.0,40000.0,9.11,339000.0,60000.0,15.04,277594.46,14.41,399000.0,38,12,81000,1
6526,2088,20240221,69,1,1,973000.0,899000.0,74000.0,7.61,745000.0,154000.0,17.13,383016.58,19.32,899000.0,47,6,130000,1
6527,2089,20250626,17,3,1,998000.0,899000.0,99000.0,9.92,763000.0,136000.0,15.13,340236.64,29.1,899000.0,86,5,106000,1
6528,2090,20241028,38,1,1,459000.0,399000.0,60000.0,13.07,329000.0,70000.0,17.54,223432.54,26.85,399000.0,99,8,141000,1
6529,2099,20261007,56,1,1,459000.0,399000.0,60000.0,13.07,329000.0,70000.0,17.54,223432.54,26.85,399000.0,99,8,141000,1
6530,2091,20260730,61,2,1,316000.0,289000.0,27000.0,8.54,252000.0,37000.0,12.8,217663.07,12.4,289000.0,93,14,184000,1
6531,1698,20240817,75,3,1,421000.0,369000.0,52000.0,12.35,321000.0,48000.0,13.01,204934.85,25.37,369000.0,14,8,171000,1
6532,2092,20240129,86,2,1,628000.0,579000.0,49000.0,7.8,489000.0,90000.0,15.54,138983.94,35.26,579000.0,29,3,64000,1
6533,1698,20251220,84,3,1,442000.0,419000.0,23000.0,5.2,346000.0,73000.0,17.42,215157.26,10.69,419000.0,87,8,63000,1
6534,1927,20260518,32,1,1,502000.0,469000.0,33000.0,6.57,386000.0,83000.0,17.7,111098.62,29.7,469000.0,118,3,80000,1
6535,2093,20260419,56,3,1,502000.0,469000.0,33000.0,6.57,386000.0,83000.0,17.7,111098.62,29.7,469000.0,118,3,80000,1
6536,2090,20260904,87,1,1,392000.0,359000.0,33000.0,8.42,288000.0,71000.0,19.78,190818.2,17.29,359000.0,23,8,163324,1
6537,2099,20250529,23,3,1,392000.0,359000.0,33000.0,8.42,288000.0,71000.0,19.78,190818.2,17.29,359000.0,23,8,163324,1
6538,2094,20250806,66,1,1,235000.0,219000.0,16000.0,6.81,189000.0,30000.0,13.7,148598.4,10.77,219000.0,17,12,141374,1
6539,1622,20250311,67,3,1,314000.0,299000.0,15000.0,4.78,250000.0,49000.0,16.39,188513.86,7.96,299000.0,57,11,260092,1
6540,2095,20240206,97,3,1,314000.0,299000.0,15000.0,4.78,250000.0,49000.0,16.39,188513.86,7.96,299000.0,57,11,260092,1
6541,2096,20250810,5,1,1,193000.0,169000.0,24000.0,12.44,140000.0,29000.0,17.16,153415.42,15.64,169000.0,22,19,240495,1
6542,2097,20250205,23,1,1,271000.0,239000.0,32000.0,11.81,200000.0,39000.0,16.32,193413.4,16.54,239000.0,33,15,238272,1
6543,2098,20240423,51,3,1,516000.0,459000.0,57000.0,11.05,397000.0,62000.0,13.51,251179.06,22.69,459000.0,88,8,181447,1
6544,2090,20251222,25,2,1,319000.0,299000.0,20000.0,6.27,242000.0,57000.0,19.06,155283.18,12.88,299000.0,74,8,163324,1
6545,2099,20260517,24,3,1,319000.0,299000.0,20000.0,6.27,242000.0,57000.0,19.06,155283.18,12.88,299000.0,74,8,163324,1
6546,2100,20260224,30,3,1,360000.0,339000.0,21000.0,5.83,294000.0,45000.0,13.27,238228.89,8.82,339000.0,95,13,110212,1
6547,2101,20260416,51,2,1,1584000.0,1499000.0,85000.0,5.37,1307000.0,192000.0,12.81,126720.0,67.08,1499000.0,43,1,27000,1
6548,2102,20260814,30,3,1,504000.0,449000.0,55000.0,10.91,393000.0,56000.0,12.47,245337.69,22.42,449000.0,60,8,150000,1
6549,2103,20240617,72,2,1,662000.0,579000.0,83000.0,12.54,482000.0,97000.0,16.75,187747.86,44.21,579000.0,113,4,56000,1
6550,2104,20260412,46,3,1,1410000.0,1290000.0,120000.0,8.51,1054000.0,236000.0,18.29,891590.39,13.46,1290000.0,12,12,90752,1
6551,2100,20260118,100,2,1,371000.0,349000.0,22000.0,5.93,290000.0,59000.0,16.91,245508.11,8.96,349000.0,99,13,156040,1
6552,2105,20251218,57,3,1,583000.0,529000.0,54000.0,9.26,437000.0,92000.0,17.39,46640.0,115.78,529000.0,87,1,5000,1
6553,2106,20251119,29,3,1,721000.0,665000.0,56000.0,7.77,541000.0,124000.0,18.65,159565.95,35.1,665000.0,67,3,115000,1
6554,1651,20250712,85,1,1,651000.0,599000.0,52000.0,7.99,508000.0,91000.0,15.19,144074.11,36.09,599000.0,114,3,42000,1
6555,2107,20260619,80,1,1,588000.0,529000.0,59000.0,10.03,443000.0,86000.0,16.26,259986.2,22.69,529000.0,81,7,105000,1
6556,1566,20260417,62,1,1,156000.0,139000.0,17000.0,10.9,121000.0,18000.0,12.95,103232.52,16.47,139000.0,64,13,164061,1
6557,2108,20250409,87,2,1,402000.0,379000.0,23000.0,5.72,304000.0,75000.0,19.79,254198.11,9.05,379000.0,89,12,235421,1
6558,1749,20241126,29,3,1,694000.0,659000.0,35000.0,5.04,561000.0,98000.0,14.87,106598.4,32.83,659000.0,51,2,45000,1
6559,2109,20250625,37,1,1,460000.0,399999.0,60001.0,13.04,344000.0,55999.0,14.0,223919.32,26.8,399999.0,30,8,118000,1
6560,1749,20240522,90,3,1,707000.0,659000.0,48000.0,6.79,567000.0,92000.0,13.96,108595.2,44.2,659000.0,19,2,55000,1
6561,729,20251015,88,1,1,317000.0,299999.0,17001.0,5.36,261000.0,38999.0,13.0,200449.76,8.48,299999.0,66,12,175000,1
6562,1416,20250915,40,2,1,317000.0,299999.0,17001.0,5.36,261000.0,38999.0,13.0,200449.76,8.48,299999.0,66,12,175000,1
6563,2110,20260627,55,3,1,747000.0,699000.0,48000.0,6.43,600000.0,99000.0,14.16,330288.59,14.53,699000.0,34,7,93142,1
6564,65,20250714,26,3,1,664000.0,630000.0,34000.0,5.12,551000.0,79000.0,12.54,101990.4,33.34,630000.0,65,2,7750,1
6565,2111,20250315,27,2,1,370000.0,340000.0,30000.0,8.11,281000.0,59000.0,17.35,145648.65,20.6,340000.0,47,6,19408,1
6566,2112,20260319,75,3,1,554000.0,490000.0,64000.0,11.55,412000.0,78000.0,15.92,44320.0,144.4,490000.0,95,1,10085,1
6567,2131,20250116,51,1,1,554000.0,490000.0,64000.0,11.55,412000.0,78000.0,15.92,44320.0,144.4,490000.0,95,1,10085,1
6568,2113,20260203,91,3,1,433000.0,399000.0,34000.0,7.85,320000.0,79000.0,19.8,273800.45,12.42,399000.0,70,12,112603,1
6569,2114,20261112,22,2,1,513000.0,469000.0,44000.0,8.58,375000.0,94000.0,20.04,226824.69,19.4,469000.0,56,7,160344,1
6570,2115,20240707,65,1,1,894000.0,799999.0,94001.0,10.51,655000.0,144999.0,18.12,395285.14,23.78,799999.0,63,7,82200,1
6571,359,20250610,38,3,1,1418000.0,1288000.0,130000.0,9.17,1041000.0,247000.0,19.18,313820.42,41.42,1288000.0,55,3,49898,1
6572,1754,20250527,91,3,1,1192000.0,1049000.0,143000.0,12.0,861000.0,188000.0,17.92,527046.85,27.13,1049000.0,77,7,109627,1
6573,1669,20240728,1,1,1,646000.0,568000.0,78000.0,12.07,462000.0,106000.0,18.66,254294.67,30.67,568000.0,13,6,206019,1
6574,1754,20250401,15,3,1,1113000.0,1059000.0,54000.0,4.85,850000.0,209000.0,19.74,492116.73,10.97,1059000.0,103,7,60172,1
6575,2116,20250715,11,1,1,518000.0,459000.0,59000.0,11.39,401000.0,58000.0,12.64,203908.11,28.93,459000.0,75,6,118934,1
6576,2117,20241128,56,1,1,799000.0,729000.0,70000.0,8.76,584000.0,145000.0,19.89,388938.12,18.0,729000.0,102,8,66703,1
6577,48,20261103,38,3,1,1033000.0,899000.0,134000.0,12.97,772000.0,127000.0,14.13,158668.8,84.45,899000.0,52,2,13218,1
6578,1575,20250621,93,1,1,768000.0,699000.0,69000.0,8.98,568000.0,131000.0,18.74,261825.39,26.35,699000.0,71,5,98090,1
6579,12,20250424,54,1,1,527000.0,459000.0,68000.0,12.9,401000.0,58000.0,12.64,179664.04,37.85,459000.0,109,5,104264,1
6580,334,20260617,94,2,1,527000.0,459000.0,68000.0,12.9,401000.0,58000.0,12.64,179664.04,37.85,459000.0,109,5,104264,1
6581,2118,20250205,23,2,1,505000.0,449000.0,56000.0,11.09,391000.0,58000.0,12.92,198790.72,28.17,449000.0,94,6,183363,1
6582,2119,20250413,90,2,1,579000.0,539000.0,40000.0,6.91,459000.0,80000.0,14.84,164208.48,24.36,539000.0,94,4,85541,1
6583,232,20241024,37,3,1,440000.0,399000.0,41000.0,9.32,341000.0,58000.0,14.54,264159.55,15.52,399000.0,94,11,205838,1
6584,1081,20251203,51,1,1,440000.0,399000.0,41000.0,9.32,341000.0,58000.0,14.54,264159.55,15.52,399000.0,94,11,205838,1
6585,2120,20250627,61,1,1,619000.0,539000.0,80000.0,12.92,431000.0,108000.0,20.04,273692.95,29.23,539000.0,13,7,61000,1
6586,1912,20251225,82,1,1,1011000.0,890000.0,121000.0,11.97,782000.0,108000.0,12.13,223746.43,54.08,890000.0,74,3,47968,1
6587,48,20260617,79,1,1,794000.0,749000.0,45000.0,5.67,652000.0,97000.0,12.95,121958.4,36.9,749000.0,71,2,103428,1
6588,1875,20261013,22,1,1,851000.0,759000.0,92000.0,10.81,662000.0,97000.0,12.78,188336.51,48.85,759000.0,99,3,22018,1
6589,1755,20261021,66,1,1,834000.0,769000.0,65000.0,7.79,656000.0,113000.0,14.69,236528.27,27.48,769000.0,11,4,106045,1
6590,2014,20240824,55,3,1,870000.0,828000.0,42000.0,4.83,685000.0,143000.0,17.27,192541.44,21.81,828000.0,18,3,158688,1
6591,2121,20241119,67,3,1,1199000.0,1100000.0,99000.0,8.26,959000.0,141000.0,12.82,471980.35,20.98,1100000.0,66,6,145993,1
6592,2122,20260405,26,1,1,761000.0,709000.0,52000.0,6.83,584000.0,125000.0,17.63,299563.84,17.36,709000.0,54,6,91970,1
6593,1678,20240806,93,1,1,1121000.0,990000.0,131000.0,11.69,837000.0,153000.0,15.45,382169.61,34.28,990000.0,27,5,24487,1
6594,1746,20240701,93,2,1,1121000.0,990000.0,131000.0,11.69,837000.0,153000.0,15.45,382169.61,34.28,990000.0,27,5,24487,1
6595,387,20261009,38,1,1,797000.0,735000.0,62000.0,7.78,594000.0,141000.0,19.18,226034.81,27.43,735000.0,57,4,25850,1
6596,2123,20240821,50,3,1,769000.0,679000.0,90000.0,11.7,593000.0,86000.0,12.67,118118.4,76.19,679000.0,51,2,61000,1
6597,1689,20250802,23,2,1,1154000.0,1099000.0,55000.0,4.77,892000.0,207000.0,18.84,454266.33,12.11,1099000.0,50,6,77799,1
6598,387,20251013,53,1,1,777000.0,719000.0,58000.0,7.46,588000.0,131000.0,18.22,220362.67,26.32,719000.0,84,4,56562,1
6599,2124,20240404,39,3,1,504000.0,469000.0,35000.0,6.94,396000.0,73000.0,15.57,142937.95,24.49,469000.0,98,4,127814,1
6600,1599,20251217,23,2,1,504000.0,470000.0,34000.0,6.75,405000.0,65000.0,13.83,77414.4,43.92,470000.0,99,2,13843,1
6601,2051,20260718,92,2,1,504000.0,470000.0,34000.0,6.75,405000.0,65000.0,13.83,77414.4,43.92,470000.0,99,2,13843,1
6602,129,20260106,99,2,1,423000.0,400000.0,23000.0,5.44,340000.0,60000.0,15.0,187030.89,12.3,400000.0,67,7,40278,1
6603,204,20260127,66,2,1,423000.0,400000.0,23000.0,5.44,340000.0,60000.0,15.0,187030.89,12.3,400000.0,67,7,40278,1
6604,1633,20250305,28,1,1,961000.0,899000.0,62000.0,6.45,736000.0,163000.0,18.13,147609.6,42.0,899000.0,109,2,26783,1
6605,1819,20240606,60,2,1,905000.0,819000.0,86000.0,9.5,655000.0,164000.0,20.02,256664.37,33.51,819000.0,51,4,58673,1
6606,1789,20260731,88,1,1,1143000.0,1059000.0,84000.0,7.35,911000.0,148000.0,13.98,91440.0,91.86,1059000.0,44,1,17140,1
6607,2125,20260730,67,2,1,1143000.0,1059000.0,84000.0,7.35,911000.0,148000.0,13.98,91440.0,91.86,1059000.0,44,1,17140,1
6608,1679,20261027,10,2,1,824000.0,755000.0,69000.0,8.37,664000.0,91000.0,12.05,324363.48,21.27,755000.0,47,6,174108,1
6609,2076,20240727,34,3,1,824000.0,755000.0,69000.0,8.37,664000.0,91000.0,12.05,324363.48,21.27,755000.0,47,6,174108,1
6610,2126,20250604,83,2,1,358000.0,329000.0,29000.0,8.1,285000.0,44000.0,13.37,188966.23,15.35,329000.0,76,9,135606,1
6611,2127,20240511,1,2,1,1682000.0,1479000.0,203000.0,12.07,1238000.0,241000.0,16.29,573424.88,35.4,1479000.0,50,5,108875,1
6612,1998,20261127,37,1,1,1653000.0,1449000.0,204000.0,12.34,1264000.0,185000.0,12.77,650695.18,31.35,1449000.0,108,6,121746,1
6613,1607,20260712,68,3,1,867000.0,789000.0,78000.0,9.0,657000.0,132000.0,16.73,457636.1,17.04,789000.0,59,9,153987,1
6614,1755,20250328,71,3,1,681000.0,629000.0,52000.0,7.64,530000.0,99000.0,15.74,193136.39,26.92,629000.0,113,4,183614,1
6615,2128,20260126,67,3,1,847000.0,799000.0,48000.0,5.67,670000.0,129000.0,16.15,288757.95,16.62,799000.0,95,5,86555,1
6616,1678,20240914,78,3,1,1030000.0,899000.0,131000.0,12.72,751000.0,148000.0,16.46,351146.03,37.31,899000.0,81,5,115633,1
6617,1746,20260217,58,3,1,1030000.0,899000.0,131000.0,12.72,751000.0,148000.0,16.46,351146.03,37.31,899000.0,81,5,115633,1
6618,219,20240606,16,3,1,527000.0,499000.0,28000.0,5.31,430000.0,69000.0,13.83,80947.2,34.59,499000.0,88,2,33133,1
6619,230,20240620,92,2,1,527000.0,499000.0,28000.0,5.31,430000.0,69000.0,13.83,80947.2,34.59,499000.0,88,2,33133,1
6620,1666,20260508,64,3,1,971000.0,899000.0,72000.0,7.42,757000.0,142000.0,15.8,275382.44,26.15,899000.0,54,4,164036,1
6621,2063,20261104,28,1,1,971000.0,899000.0,72000.0,7.42,757000.0,142000.0,15.8,275382.44,26.15,899000.0,54,4,164036,1
6622,1912,20251228,70,2,1,983000.0,910000.0,73000.0,7.43,751000.0,159000.0,17.47,217549.7,33.56,910000.0,80,3,39530,1
6623,1666,20240630,28,2,1,1071000.0,990000.0,81000.0,7.56,812000.0,178000.0,17.98,303743.14,26.67,990000.0,28,4,97323,1
6624,2063,20251029,18,3,1,1071000.0,990000.0,81000.0,7.56,812000.0,178000.0,17.98,303743.14,26.67,990000.0,28,4,97323,1
6625,2129,20260706,82,3,1,639000.0,599000.0,40000.0,6.26,481000.0,118000.0,19.7,311053.14,12.86,599000.0,113,8,58838,1
6626,1897,20260813,43,3,1,744000.0,659000.0,85000.0,11.42,558000.0,101000.0,15.33,211003.64,40.28,659000.0,115,4,95000,1
6627,65,20240907,79,3,1,636000.0,599000.0,37000.0,5.82,490000.0,109000.0,18.2,97689.6,37.88,599000.0,26,2,13484,1
6628,2130,20240921,14,1,1,807000.0,725000.0,82000.0,10.16,589000.0,136000.0,18.76,228870.88,35.83,725000.0,74,4,94110,1
6629,387,20240619,22,3,1,774000.0,729000.0,45000.0,5.81,621000.0,108000.0,14.81,219511.85,20.5,729000.0,118,4,93434,1
6630,2112,20261111,14,1,1,601000.0,569000.0,32000.0,5.32,486000.0,83000.0,14.59,48080.0,66.56,569000.0,102,1,13486,1
6631,2131,20250525,19,2,1,601000.0,569000.0,32000.0,5.32,486000.0,83000.0,14.59,48080.0,66.56,569000.0,102,1,13486,1
6632,2112,20240430,94,3,1,559000.0,490000.0,69000.0,12.34,421000.0,69000.0,14.08,44720.0,154.29,490000.0,86,1,24005,1
6633,2131,20260823,19,2,1,559000.0,490000.0,69000.0,12.34,421000.0,69000.0,14.08,44720.0,154.29,490000.0,86,1,24005,1
6634,679,20241208,39,3,1,513000.0,480000.0,33000.0,6.43,403000.0,77000.0,16.04,113533.06,29.07,480000.0,65,3,21553,1
6635,1166,20240416,33,3,1,513000.0,480000.0,33000.0,6.43,403000.0,77000.0,16.04,113533.06,29.07,480000.0,65,3,21553,1
6636,48,20260225,38,1,1,950000.0,839000.0,111000.0,11.68,731000.0,108000.0,12.87,145920.0,76.07,839000.0,102,2,37363,1
6637,2132,20240618,32,3,28,1534000.0,1389000.0,145000.0,9.45,1215000.0,174000.0,12.53,435053.2,33.33,1389000.0,50,4,71291,1
6638,2133,20251025,14,1,1,844000.0,798000.0,46000.0,5.45,690000.0,108000.0,13.53,332236.38,13.85,798000.0,51,6,121266,1
6639,2134,20261030,98,2,1,1627000.0,1420000.0,207000.0,12.72,1208000.0,212000.0,14.93,791992.89,26.14,1420000.0,15,8,125455,1
6640,164,20260919,23,2,1,794000.0,739000.0,55000.0,6.93,609000.0,130000.0,17.59,175721.73,31.3,739000.0,78,3,180012,1
6641,1633,20250410,98,2,1,976000.0,859000.0,117000.0,11.99,755000.0,104000.0,12.11,149913.6,78.04,859000.0,107,2,30866,1
6642,39,20250304,83,1,1,746000.0,699000.0,47000.0,6.3,575000.0,124000.0,17.74,329846.44,14.25,699000.0,84,7,161392,1
6643,236,20250912,89,1,1,746000.0,699000.0,47000.0,6.3,575000.0,124000.0,17.74,329846.44,14.25,699000.0,84,7,161392,1
6644,1692,20240125,26,1,1,907000.0,799000.0,108000.0,11.91,652000.0,147000.0,18.4,357036.01,30.25,799000.0,82,6,142097,1
6645,1755,20250525,86,1,1,839000.0,798000.0,41000.0,4.89,667000.0,131000.0,16.42,237946.31,17.23,798000.0,111,4,134961,1
6646,2135,20250322,75,3,1,989000.0,898000.0,91000.0,9.2,722000.0,176000.0,19.6,218877.57,41.58,898000.0,49,3,154187,1
6647,2136,20260817,50,1,1,844000.0,749000.0,95000.0,11.26,658000.0,91000.0,12.15,373177.47,25.46,749000.0,50,7,98327,1
6648,2116,20240204,95,3,1,525000.0,459000.0,66000.0,12.57,389000.0,70000.0,15.25,206663.62,31.94,459000.0,18,6,133120,1
6649,2137,20250131,69,1,1,740000.0,649000.0,91000.0,12.3,548000.0,101000.0,15.56,59200.0,153.72,649000.0,17,1,11870,1
6650,2035,20260504,95,1,1,2094000.0,1850000.0,244000.0,11.65,1577000.0,273000.0,14.76,713883.29,34.18,1850000.0,53,5,128231,1
6651,2014,20240831,55,2,1,897000.0,788000.0,109000.0,12.15,662000.0,126000.0,15.99,198516.86,54.91,788000.0,67,3,144745,1
6652,1633,20241107,67,2,1,855000.0,799000.0,56000.0,6.55,641000.0,158000.0,19.77,131328.0,42.64,799000.0,113,2,50462,1
6653,1750,20260324,20,3,1,1013000.0,939000.0,74000.0,7.31,797000.0,142000.0,15.12,81040.0,91.31,939000.0,76,1,53868,1
6654,2059,20260528,56,3,1,1013000.0,939000.0,74000.0,7.31,797000.0,142000.0,15.12,81040.0,91.31,939000.0,76,1,53868,1
6655,2114,20241208,15,2,1,463000.0,429000.0,34000.0,7.34,368000.0,61000.0,14.22,204717.02,16.61,429000.0,22,7,89363,1
6656,1739,20261229,59,2,1,652000.0,599000.0,53000.0,8.13,499000.0,100000.0,16.69,222278.85,23.84,599000.0,28,5,195460,1
6657,1958,20250728,57,1,1,347000.0,319000.0,28000.0,8.07,275000.0,44000.0,13.79,153427.23,18.25,319000.0,107,7,31587,1
6658,2138,20240129,31,1,1,347000.0,319000.0,28000.0,8.07,275000.0,44000.0,13.79,153427.23,18.25,319000.0,107,7,31587,1
6659,1739,20250922,69,3,1,916000.0,829000.0,87000.0,9.5,678000.0,151000.0,18.21,312281.32,27.86,829000.0,105,5,58220,1
6660,1692,20260623,14,2,1,894000.0,839000.0,55000.0,6.15,686000.0,153000.0,18.24,351918.63,15.63,839000.0,58,6,162035,1
6661,1678,20241006,22,3,1,950000.0,849000.0,101000.0,10.63,690000.0,159000.0,18.73,323872.55,31.19,849000.0,89,5,172344,1
6662,1746,20240928,47,1,1,950000.0,849000.0,101000.0,10.63,690000.0,159000.0,18.73,323872.55,31.19,849000.0,89,5,172344,1
6663,1916,20240717,83,1,1,980000.0,919000.0,61000.0,6.22,763000.0,156000.0,16.97,277934.9,21.95,919000.0,109,4,151827,1
6664,2139,20260923,42,3,1,1545000.0,1429000.0,116000.0,7.51,1240000.0,189000.0,13.23,237312.0,48.88,1429000.0,91,2,31110,1
6665,164,20260111,71,2,1,812000.0,738000.0,74000.0,9.11,639000.0,99000.0,13.41,179705.34,41.18,738000.0,87,3,33790,1
6666,2140,20261123,61,3,1,564000.0,499000.0,65000.0,11.52,414000.0,85000.0,17.03,222015.78,29.28,499000.0,39,6,17320,1
6667,2133,20241001,5,1,1,1010000.0,899000.0,111000.0,10.99,762000.0,137000.0,15.24,397581.45,27.92,899000.0,75,6,46300,1
6668,1669,20251128,24,1,1,857000.0,769000.0,88000.0,10.27,660000.0,109000.0,14.17,337353.76,26.09,769000.0,86,6,61420,1
6669,387,20251015,14,1,1,670000.0,629000.0,41000.0,6.12,515000.0,114000.0,18.12,190016.72,21.58,629000.0,100,4,69534,1
6670,2114,20250816,82,1,1,547000.0,495000.0,52000.0,9.51,403000.0,92000.0,18.59,241857.91,21.5,495000.0,68,7,209882,1
6671,1692,20261220,48,1,1,846000.0,799000.0,47000.0,5.56,701000.0,98000.0,12.27,333023.67,14.11,799000.0,62,6,106927,1
6672,1875,20241026,15,3,1,945000.0,869000.0,76000.0,8.04,738000.0,131000.0,15.07,209139.84,36.34,869000.0,61,3,107825,1
6673,1633,20260303,28,3,1,860000.0,788000.0,72000.0,8.37,692000.0,96000.0,12.18,132096.0,54.51,788000.0,90,2,59522,1
6674,1875,20240815,33,3,1,768000.0,729000.0,39000.0,5.08,603000.0,126000.0,17.28,169967.62,22.95,729000.0,40,3,72365,1
6675,1755,20260825,100,2,1,829000.0,769000.0,60000.0,7.24,658000.0,111000.0,14.43,235110.24,25.52,769000.0,24,4,78000,1
6676,1875,20250903,47,1,1,1007000.0,879000.0,128000.0,12.71,719000.0,160000.0,18.2,222861.18,57.43,879000.0,29,3,50809,1
6677,2141,20240413,51,2,1,567000.0,495000.0,72000.0,12.7,406000.0,89000.0,17.98,250700.98,28.72,495000.0,14,7,105349,1
6678,1967,20241201,85,2,1,824000.0,759000.0,65000.0,7.89,638000.0,121000.0,15.94,280916.82,23.14,759000.0,16,5,70627,1
6679,2142,20240513,56,2,1,2065000.0,1959000.0,106000.0,5.13,1617000.0,342000.0,17.46,703996.65,15.06,1959000.0,27,5,120269,1
6680,2014,20250609,81,1,1,748000.0,699999.0,48001.0,6.42,569000.0,130999.0,18.71,165541.38,29.0,699999.0,65,3,160456,1
6681,1750,20251229,66,3,1,1045000.0,959000.0,86000.0,8.23,787000.0,172000.0,17.94,83600.0,102.87,959000.0,84,1,21364,1
6682,2059,20241213,54,3,1,1045000.0,959000.0,86000.0,8.23,787000.0,172000.0,17.94,83600.0,102.87,959000.0,84,1,21364,1
6683,2045,20250601,1,3,1,308000.0,269000.0,39000.0,12.66,216000.0,53000.0,19.7,121242.66,32.17,269000.0,105,6,194344,1
6684,2054,20260721,13,3,1,308000.0,269000.0,39000.0,12.66,216000.0,53000.0,19.7,121242.66,32.17,269000.0,105,6,194344,1
6685,1739,20260421,80,3,1,744000.0,699000.0,45000.0,6.05,599000.0,100000.0,14.31,253643.35,17.74,699000.0,100,5,81647,1
6686,2143,20260621,55,3,1,1688000.0,1499000.0,189000.0,11.2,1258000.0,241000.0,16.08,575470.39,32.84,1499000.0,99,5,52312,1
6687,1755,20240315,79,3,1,911000.0,859000.0,52000.0,5.71,694000.0,165000.0,19.21,258366.01,20.13,859000.0,110,4,73444,1
6688,2014,20240109,44,2,1,894000.0,779000.0,115000.0,12.86,634000.0,145000.0,18.61,197852.93,58.12,779000.0,54,3,82145,1
6689,1755,20250123,84,3,1,695000.0,639000.0,56000.0,8.06,516000.0,123000.0,19.25,197106.89,28.41,639000.0,37,4,142509,1
6690,164,20240806,54,1,1,731000.0,648000.0,83000.0,11.35,550000.0,98000.0,15.12,161779.07,51.3,648000.0,59,3,70475,1
6691,2133,20240911,78,2,1,789000.0,728000.0,61000.0,7.73,588000.0,140000.0,19.23,310585.9,19.64,728000.0,11,6,143486,1
6692,2136,20240415,67,2,1,778000.0,699000.0,79000.0,10.15,601000.0,98000.0,14.02,343995.34,22.97,699000.0,93,7,204549,1
6693,164,20261206,79,1,1,797000.0,745000.0,52000.0,6.52,597000.0,148000.0,19.87,176385.66,29.48,745000.0,77,3,83220,1
6694,2,20240209,49,3,1,489000.0,459000.0,30000.0,6.13,376000.0,83000.0,18.08,108221.57,27.72,459000.0,86,3,95315,1
6695,575,20260207,70,2,1,455000.0,398000.0,57000.0,12.53,347000.0,51000.0,12.81,155117.91,36.75,398000.0,33,5,100058,1
6696,1094,20260823,9,1,1,455000.0,398000.0,57000.0,12.53,347000.0,51000.0,12.81,155117.91,36.75,398000.0,33,5,100058,1
6697,2144,20241109,43,3,1,1095000.0,959000.0,136000.0,12.42,822000.0,137000.0,14.29,431041.27,31.55,959000.0,111,6,126074,1
6698,1658,20261016,65,3,1,1206000.0,1059000.0,147000.0,12.19,853000.0,206000.0,19.45,266902.27,55.08,1059000.0,113,3,65621,1
6699,2145,20240215,64,3,1,288000.0,259000.0,29000.0,10.07,224000.0,35000.0,13.51,205546.35,14.11,259000.0,57,15,211173,1
6700,2146,20250803,39,2,1,440000.0,389000.0,51000.0,11.59,327000.0,62000.0,15.94,232249.0,21.96,389000.0,54,9,100278,1
6701,2147,20250117,95,2,1,421000.0,398000.0,23000.0,5.46,345000.0,53000.0,13.32,238122.46,9.66,398000.0,102,10,199672,1
6702,2285,20250208,100,2,1,421000.0,398000.0,23000.0,5.46,345000.0,53000.0,13.32,238122.46,9.66,398000.0,102,10,199672,1
6703,47,20261003,37,3,1,995000.0,918000.0,77000.0,7.74,779000.0,139000.0,15.14,79600.0,96.73,918000.0,67,1,16500,1
6704,2148,20251111,26,3,1,540000.0,499000.0,41000.0,7.59,426000.0,73000.0,14.63,285032.86,14.38,499000.0,45,9,165861,1
6705,2149,20241108,34,1,1,255000.0,229000.0,26000.0,10.2,201000.0,28000.0,12.23,220529.46,11.79,229000.0,11,24,254565,1
6706,2150,20240814,86,3,1,281000.0,259000.0,22000.0,7.83,212000.0,47000.0,18.15,136785.5,16.08,259000.0,114,8,114663,1
6707,2151,20261207,36,3,1,169000.0,159000.0,10000.0,5.92,135000.0,24000.0,15.09,147982.44,6.76,159000.0,27,25,376434,1
6708,2152,20250825,46,1,1,321000.0,289000.0,32000.0,9.97,242000.0,47000.0,16.26,202979.09,15.77,289000.0,58,12,106273,1
6709,2067,20251211,64,3,9,474000.0,419000.0,55000.0,11.6,337000.0,82000.0,19.57,230734.25,23.84,419000.0,17,8,157993,1
6710,2153,20240928,81,3,9,474000.0,419000.0,55000.0,11.6,337000.0,82000.0,19.57,230734.25,23.84,419000.0,17,8,157993,1
6711,43,20250313,74,3,1,402000.0,369000.0,33000.0,8.21,296000.0,73000.0,19.78,137049.23,24.08,369000.0,67,5,127000,1
6712,2154,20250928,26,1,1,350000.0,329000.0,21000.0,6.0,266000.0,63000.0,19.15,210126.92,9.99,329000.0,24,11,146337,1
6713,1582,20260611,10,3,1,694000.0,649000.0,45000.0,6.48,553000.0,96000.0,14.79,196823.29,22.86,649000.0,114,4,90062,1
6714,2155,20251128,75,2,1,246000.0,229000.0,17000.0,6.91,194000.0,35000.0,15.28,155554.07,10.93,229000.0,26,12,105724,1
6715,2002,20260305,31,1,1,1057000.0,979000.0,78000.0,7.38,827000.0,152000.0,15.53,360350.83,21.65,979000.0,32,5,96286,1
6716,2156,20260302,82,2,1,1326000.0,1190000.0,136000.0,10.26,955000.0,235000.0,19.75,521973.27,26.05,1190000.0,75,6,72000,1
6717,1648,20240716,58,3,1,1087000.0,979000.0,108000.0,9.94,820000.0,159000.0,16.24,308280.85,35.03,979000.0,79,4,115061,1
6718,2157,20240610,28,1,1,1500000.0,1340000.0,160000.0,10.67,1171000.0,169000.0,12.61,900543.93,17.77,1340000.0,102,11,56000,1
6719,1577,20241003,35,2,1,509000.0,469000.0,40000.0,7.86,390000.0,79000.0,16.84,200365.3,19.96,469000.0,36,6,160652,1
6720,1582,20260901,83,1,1,735000.0,649000.0,86000.0,11.7,552000.0,97000.0,14.95,208451.17,41.26,649000.0,46,4,85851,1
6721,1570,20240606,57,1,1,1027000.0,959000.0,68000.0,6.62,827000.0,132000.0,13.76,227287.42,29.92,959000.0,58,3,12845,1
6722,1693,20240210,77,2,1,624000.0,569000.0,55000.0,8.81,491000.0,78000.0,13.71,212733.13,25.85,569000.0,73,5,87197,1
6723,2062,20261012,20,3,1,624000.0,569000.0,55000.0,8.81,491000.0,78000.0,13.71,212733.13,25.85,569000.0,73,5,87197,1
6724,2116,20250224,36,1,1,530000.0,469000.0,61000.0,11.51,395000.0,74000.0,15.78,208631.85,29.24,469000.0,43,6,65605,1
6725,286,20261104,63,1,1,576000.0,539000.0,37000.0,6.42,468000.0,71000.0,13.17,196369.04,18.84,539000.0,27,5,60000,1
6726,1773,20240118,70,3,1,154000.0,145000.0,9000.0,5.84,121000.0,24000.0,16.55,101909.03,8.83,145000.0,73,13,236000,1
6727,1754,20250605,44,1,1,1194000.0,1049000.0,145000.0,12.14,914000.0,135000.0,12.87,527931.16,27.47,1049000.0,115,7,128294,1
6728,2158,20250801,13,1,1,378000.0,349000.0,29000.0,7.67,286000.0,63000.0,18.05,167133.98,17.35,349000.0,83,7,120000,1
6729,1692,20260204,33,2,1,849000.0,759000.0,90000.0,10.6,624000.0,135000.0,17.79,334204.6,26.93,759000.0,111,6,127490,1
6730,2159,20261221,50,1,1,1757000.0,1669000.0,88000.0,5.01,1342000.0,327000.0,19.59,691634.26,12.72,1669000.0,53,6,167508,1
6731,2160,20260625,45,2,1,480000.0,429000.0,51000.0,10.62,371000.0,58000.0,13.52,330627.44,15.43,429000.0,26,14,150000,1
6732,10,20240710,55,1,1,269000.0,249000.0,20000.0,7.43,208000.0,41000.0,16.47,170097.74,11.76,249000.0,68,12,177000,1
6733,1063,20250119,50,2,1,269000.0,249000.0,20000.0,7.43,208000.0,41000.0,16.47,170097.74,11.76,249000.0,68,12,177000,1
6734,2161,20240921,84,3,1,485000.0,459000.0,26000.0,5.36,376000.0,83000.0,18.08,214444.4,12.12,459000.0,22,7,165000,1
6735,2162,20251216,52,3,1,477000.0,429000.0,48000.0,10.06,351000.0,78000.0,18.18,340436.14,14.1,429000.0,61,15,190000,1
6736,2163,20240114,47,3,1,278000.0,259000.0,19000.0,6.83,226000.0,33000.0,12.74,146739.14,12.95,259000.0,69,9,85000,1
6737,2164,20240106,43,2,1,53000.0,49000.0,4000.0,7.55,42000.0,7000.0,14.29,40156.93,9.96,49000.0,51,17,152924,1
6738,2165,20240723,87,3,1,443000.0,419000.0,24000.0,5.42,354000.0,65000.0,15.51,98041.22,24.48,419000.0,100,3,50739,1
6739,2166,20260225,10,1,1,372000.0,349000.0,23000.0,6.18,296000.0,53000.0,15.19,210407.5,10.93,349000.0,73,10,106848,1
6740,2167,20251017,78,2,1,1036000.0,959000.0,77000.0,7.43,804000.0,155000.0,16.16,293816.89,26.21,959000.0,75,4,76242,1
6741,2168,20241011,48,2,1,613000.0,579000.0,34000.0,5.55,481000.0,98000.0,16.93,241304.38,14.09,579000.0,43,6,70477,1
6742,2169,20250831,68,2,1,409000.0,358000.0,51000.0,12.47,313000.0,45000.0,12.57,180840.74,28.2,358000.0,104,7,53000,1
6743,2170,20250511,78,1,1,787000.0,749000.0,38000.0,4.83,607000.0,142000.0,18.96,309798.61,12.27,749000.0,96,6,94670,1
6744,2171,20261013,55,3,1,394000.0,359000.0,35000.0,8.88,299000.0,60000.0,16.71,134321.88,26.06,359000.0,80,5,44576,1
6745,2172,20250711,42,1,1,679000.0,639000.0,40000.0,5.89,529000.0,110000.0,17.21,192569.18,20.77,639000.0,111,4,91987,1
6746,1698,20240614,95,1,1,453000.0,419000.0,34000.0,7.51,352000.0,67000.0,15.99,220511.85,15.42,419000.0,73,8,91857,1
6747,2168,20260610,92,2,1,627000.0,549000.0,78000.0,12.44,459000.0,90000.0,16.39,246815.41,31.6,549000.0,42,6,103084,1
6748,1596,20240209,31,2,1,607000.0,569000.0,38000.0,6.26,479000.0,90000.0,15.82,268387.11,14.16,569000.0,21,7,37645,1
6749,2173,20240909,30,3,1,607000.0,569000.0,38000.0,6.26,479000.0,90000.0,15.82,268387.11,14.16,569000.0,21,7,37645,1
6750,2174,20240428,70,3,1,687000.0,599000.0,88000.0,12.81,486000.0,113000.0,18.86,152041.34,57.88,599000.0,118,3,18790,1
6751,2175,20261129,7,2,1,384000.0,359000.0,25000.0,6.51,302000.0,57000.0,15.88,151159.68,16.54,359000.0,85,6,48234,1
6752,1945,20261120,32,3,1,449000.0,399000.0,50000.0,11.14,327000.0,72000.0,18.05,218564.73,22.88,399000.0,28,8,53022,1
6753,2170,20241130,42,3,1,838000.0,759000.0,79000.0,9.43,618000.0,141000.0,18.58,329874.51,23.95,759000.0,18,6,87415,1
6754,1654,20250619,26,2,1,1080000.0,949000.0,131000.0,12.13,764000.0,185000.0,19.49,306295.6,42.77,949000.0,83,4,43681,1
6755,2176,20240719,12,3,1,828000.0,749000.0,79000.0,9.54,645000.0,104000.0,13.89,366103.01,21.58,749000.0,26,7,74337,1
6756,2177,20261226,14,2,1,727000.0,659000.0,68000.0,9.35,550000.0,109000.0,16.54,321445.52,21.15,659000.0,59,7,86352,1
6757,2178,20260512,41,2,1,705000.0,659000.0,46000.0,6.52,560000.0,99000.0,15.02,199942.96,23.01,659000.0,113,4,74145,1
6758,2179,20260711,43,1,1,564000.0,529000.0,35000.0,6.21,454000.0,75000.0,14.18,222015.78,15.76,529000.0,48,6,59019,1
6759,2180,20240414,30,1,1,638000.0,559000.0,79000.0,12.38,478000.0,81000.0,14.49,251145.51,31.46,559000.0,50,6,81866,1
6760,387,20250815,9,1,1,735000.0,679000.0,56000.0,7.62,569000.0,110000.0,16.2,208451.17,26.86,679000.0,19,4,118480,1
6761,1822,20250808,78,3,1,543000.0,499000.0,44000.0,8.1,415000.0,84000.0,16.83,240089.3,18.33,499000.0,21,7,120872,1
6762,1899,20250905,20,2,1,543000.0,499000.0,44000.0,8.1,415000.0,84000.0,16.83,240089.3,18.33,499000.0,21,7,120872,1
6763,2181,20250113,68,2,1,449000.0,399000.0,50000.0,11.14,331000.0,68000.0,17.04,127339.56,39.27,399000.0,88,4,50021,1
6764,2040,20251105,25,2,1,1083000.0,999000.0,84000.0,7.76,850000.0,149000.0,14.91,239680.9,35.05,999000.0,104,3,68907,1
6765,2120,20251120,3,3,1,652000.0,569000.0,83000.0,12.73,478000.0,91000.0,15.99,288284.02,28.79,569000.0,24,7,36040,1
6766,387,20241213,37,3,1,853000.0,759000.0,94000.0,11.02,659000.0,100000.0,13.18,241916.81,38.86,759000.0,37,4,38976,1
6767,2119,20260311,28,2,1,643000.0,579000.0,64000.0,9.95,504000.0,75000.0,12.95,182359.33,35.1,579000.0,13,4,48207,1
6768,1937,20261103,74,2,1,591000.0,519000.0,72000.0,12.18,422000.0,97000.0,18.69,287687.65,25.03,519000.0,45,8,124534,1
6769,2182,20250423,60,1,1,591000.0,519000.0,72000.0,12.18,422000.0,97000.0,18.69,287687.65,25.03,519000.0,45,8,124534,1
6770,1937,20250118,74,1,1,569000.0,539000.0,30000.0,5.27,437000.0,102000.0,18.92,276978.46,10.83,539000.0,74,8,91313,1
6771,2182,20240510,60,3,1,569000.0,539000.0,30000.0,5.27,437000.0,102000.0,18.92,276978.46,10.83,539000.0,74,8,91313,1
6772,1923,20250829,20,2,1,451000.0,419000.0,32000.0,7.1,356000.0,63000.0,15.04,199411.18,16.05,419000.0,117,7,110400,1
6773,2183,20251102,80,3,1,964000.0,879000.0,85000.0,8.82,724000.0,155000.0,17.63,328645.41,25.86,879000.0,107,5,91259,1
6774,2184,20240229,69,2,1,675000.0,629000.0,46000.0,6.81,504000.0,125000.0,19.87,328577.26,14.0,629000.0,56,8,130023,1
6775,2185,20260630,8,3,1,887000.0,789000.0,98000.0,11.05,687000.0,102000.0,12.93,196303.74,49.92,789000.0,90,3,33174,1
6776,2186,20260903,77,1,1,615000.0,539000.0,76000.0,12.36,441000.0,98000.0,18.18,174418.33,43.57,539000.0,48,4,56158,1
6777,2185,20260430,86,1,1,807000.0,739000.0,68000.0,8.43,646000.0,93000.0,12.58,178598.78,38.07,739000.0,47,3,70155,1
6778,1927,20260926,72,1,1,574000.0,529000.0,45000.0,7.84,454000.0,75000.0,14.18,127033.09,35.42,529000.0,53,3,31217,1
6779,2093,20260817,93,2,1,574000.0,529000.0,45000.0,7.84,454000.0,75000.0,14.18,127033.09,35.42,529000.0,53,3,31217,1
6780,47,20250326,32,2,1,1111000.0,969000.0,142000.0,12.78,834000.0,135000.0,13.93,88880.0,159.77,969000.0,60,1,8156,1
6781,1918,20251123,24,1,1,896000.0,819000.0,77000.0,8.59,668000.0,151000.0,18.44,137625.6,55.95,819000.0,106,2,13838,1
6782,1759,20241210,86,3,1,395000.0,359000.0,36000.0,9.11,294000.0,65000.0,18.11,237143.24,15.18,359000.0,94,11,111350,1
6783,2187,20240825,83,3,1,520000.0,479000.0,41000.0,7.88,403000.0,76000.0,15.87,79872.0,51.33,479000.0,35,2,28451,1
6784,93,20260316,25,2,1,416000.0,365000.0,51000.0,12.26,297000.0,68000.0,18.63,183935.81,27.73,365000.0,119,7,102161,1
6785,156,20261116,75,1,1,416000.0,365000.0,51000.0,12.26,297000.0,68000.0,18.63,183935.81,27.73,365000.0,119,7,102161,1
6786,2188,20250321,88,2,1,552000.0,499000.0,53000.0,9.6,411000.0,88000.0,17.64,122164.22,43.38,499000.0,45,3,95042,1
6787,2189,20261115,20,1,1,551000.0,489000.0,62000.0,11.25,404000.0,85000.0,17.38,243626.52,25.45,489000.0,78,7,111649,1
6788,29,20261012,53,3,1,1503000.0,1329000.0,174000.0,11.58,1080000.0,249000.0,18.74,230860.8,75.37,1329000.0,106,2,18887,1
6789,2190,20241113,21,2,1,595000.0,549000.0,46000.0,7.73,448000.0,101000.0,18.4,263081.27,17.49,549000.0,10,7,87086,1
6790,1640,20260831,29,3,1,764000.0,699000.0,65000.0,8.51,603000.0,96000.0,13.73,117350.4,55.39,699000.0,62,2,30999,1
6791,2191,20240514,73,1,1,498000.0,439000.0,59000.0,11.85,357000.0,82000.0,18.68,196035.21,30.1,439000.0,15,6,115056,1
6792,2190,20260804,62,1,1,553000.0,509000.0,44000.0,7.96,408000.0,101000.0,19.84,244510.83,18.0,509000.0,46,7,121942,1
6793,1763,20261106,91,1,1,417000.0,369000.0,48000.0,11.51,314000.0,55000.0,14.91,164149.96,29.24,369000.0,11,6,31847,1
6794,2191,20250408,72,2,1,502000.0,439000.0,63000.0,12.55,385000.0,54000.0,12.3,197609.79,31.88,439000.0,78,6,110945,1
6795,2190,20241121,34,1,1,566000.0,509000.0,57000.0,10.07,421000.0,88000.0,17.29,250258.82,22.78,509000.0,99,7,135368,1
6796,199,20250430,47,1,1,460000.0,409000.0,51000.0,11.09,331000.0,78000.0,19.07,70656.0,72.18,409000.0,50,2,13686,1
6797,572,20250420,42,1,1,460000.0,409000.0,51000.0,11.09,331000.0,78000.0,19.07,70656.0,72.18,409000.0,50,2,13686,1
6798,1967,20240416,98,2,1,960000.0,849000.0,111000.0,11.56,718000.0,131000.0,15.43,327281.74,33.92,849000.0,60,5,140113,1
6799,2190,20240501,9,1,1,623000.0,549000.0,74000.0,11.88,479000.0,70000.0,12.75,275461.57,26.86,549000.0,56,7,87086,1
6800,2191,20240813,79,1,1,478000.0,439000.0,39000.0,8.16,379000.0,60000.0,13.67,188162.31,20.73,439000.0,22,6,81335,1
6801,2191,20261114,80,3,1,463000.0,439000.0,24000.0,5.18,373000.0,66000.0,15.03,182257.63,13.17,439000.0,85,6,133172,1
6802,2192,20240224,94,3,1,142000.0,130000.0,12000.0,8.45,107000.0,23000.0,17.69,110343.04,10.88,130000.0,78,18,319000,1
6803,2193,20260401,36,2,1,469000.0,420000.0,49000.0,10.45,354000.0,66000.0,15.71,159890.77,30.65,420000.0,75,5,37903,1
6804,2194,20261124,7,3,1,361000.0,330000.0,31000.0,8.59,266000.0,64000.0,19.39,238890.64,12.98,330000.0,68,13,237518,1
6805,1684,20250224,67,2,1,129000.0,115000.0,14000.0,10.85,98000.0,17000.0,14.78,92067.63,15.21,115000.0,77,15,300000,1
6806,2195,20250508,96,1,1,1515000.0,1395000.0,120000.0,7.92,1197000.0,198000.0,14.19,121200.0,99.01,1395000.0,68,1,29693,1
6807,2196,20250426,34,1,1,128000.0,115000.0,13000.0,10.16,101000.0,14000.0,12.17,88167.32,14.74,115000.0,100,14,188000,1
6808,2197,20241215,99,2,1,112000.0,105000.0,7000.0,6.25,86000.0,19000.0,18.1,79934.69,8.76,105000.0,19,15,243000,1
6809,2198,20250119,56,3,1,561000.0,499000.0,62000.0,11.05,400000.0,99000.0,19.84,159103.55,38.97,499000.0,22,4,61915,1
6810,2199,20251127,37,2,1,232000.0,210000.0,22000.0,9.48,177000.0,33000.0,15.71,184416.46,11.93,210000.0,117,19,49329,1
6811,2200,20260713,70,2,1,1060000.0,990000.0,70000.0,6.6,848000.0,142000.0,14.34,162816.0,42.99,990000.0,11,2,50000,1
6812,873,20240830,55,3,1,286000.0,265000.0,21000.0,7.34,229000.0,36000.0,13.58,112582.47,18.65,265000.0,99,6,120000,1
6813,1082,20260430,36,3,1,286000.0,265000.0,21000.0,7.34,229000.0,36000.0,13.58,112582.47,18.65,265000.0,99,6,120000,1
6814,2201,20240529,10,2,1,427000.0,380000.0,47000.0,11.01,310000.0,70000.0,18.42,188799.5,24.89,380000.0,24,7,87757,1
6815,2202,20250611,77,2,1,758000.0,690000.0,68000.0,8.97,566000.0,124000.0,17.97,60640.0,112.14,690000.0,55,1,5000,1
6816,2203,20250114,41,1,1,364000.0,340000.0,24000.0,6.59,286000.0,54000.0,15.88,192133.26,12.49,340000.0,66,9,209000,1
6817,2204,20240214,51,2,1,247000.0,215000.0,32000.0,12.96,178000.0,37000.0,17.21,139706.05,22.91,215000.0,19,10,198000,1
6818,1664,20251206,5,2,1,336000.0,300000.0,36000.0,10.71,261000.0,39000.0,13.0,148563.54,24.23,300000.0,31,7,89000,1
6819,1665,20251021,37,3,1,336000.0,300000.0,36000.0,10.71,261000.0,39000.0,13.0,148563.54,24.23,300000.0,31,7,89000,1
6820,1858,20250420,57,2,1,212000.0,185000.0,27000.0,12.74,155000.0,30000.0,16.22,164737.49,16.39,185000.0,113,18,230000,1
6821,1860,20241002,29,1,1,246000.0,225000.0,21000.0,8.54,194000.0,31000.0,13.78,199581.44,10.52,225000.0,98,20,402992,1
6822,2205,20240331,56,2,1,296000.0,270000.0,26000.0,8.78,229000.0,41000.0,15.19,203886.92,12.75,270000.0,88,14,320000,1
6823,1555,20260520,74,3,1,511000.0,448000.0,63000.0,12.33,386000.0,62000.0,13.84,289027.5,21.8,448000.0,86,10,198258,1
6824,1535,20251106,97,1,1,539000.0,489000.0,50000.0,9.28,404000.0,85000.0,17.38,119287.17,41.92,489000.0,17,3,21359,1
6825,2202,20250829,31,2,1,773000.0,690000.0,83000.0,10.74,598000.0,92000.0,13.33,61840.0,134.22,690000.0,30,1,6900,1
6826,2206,20240617,96,1,1,607000.0,565000.0,42000.0,6.92,464000.0,101000.0,17.88,206937.52,20.3,565000.0,94,5,79673,1
6827,1633,20260914,52,3,1,1050000.0,959000.0,91000.0,8.67,809000.0,150000.0,15.64,161280.0,56.42,959000.0,31,2,87012,1
6828,2207,20260927,13,1,1,456000.0,429000.0,27000.0,5.92,351000.0,78000.0,18.18,179502.12,15.04,429000.0,119,6,58378,1
6829,2208,20241126,100,2,1,854000.0,798000.0,56000.0,6.56,669000.0,129000.0,16.17,336172.83,16.66,798000.0,106,6,75495,1
6830,2209,20250628,29,1,1,703000.0,669000.0,34000.0,4.84,552000.0,117000.0,17.49,342207.13,9.94,669000.0,54,8,88000,1
6831,1649,20250304,87,1,1,410000.0,389000.0,21000.0,5.12,319000.0,70000.0,17.99,116278.89,18.06,389000.0,100,4,42365,1
6832,2210,20250116,58,1,1,733000.0,639000.0,94000.0,12.82,561000.0,78000.0,12.21,356810.57,26.34,639000.0,49,8,110000,1
6833,40,20250125,28,1,1,622000.0,579000.0,43000.0,6.91,471000.0,108000.0,18.65,275019.41,15.64,579000.0,31,7,141195,1
6834,986,20260405,31,3,1,622000.0,579000.0,43000.0,6.91,471000.0,108000.0,18.65,275019.41,15.64,579000.0,31,7,141195,1
6835,2211,20240104,47,1,1,177000.0,159000.0,18000.0,10.17,137000.0,22000.0,13.84,137540.27,13.09,159000.0,39,18,82000,1
6836,1679,20241115,65,3,1,883000.0,779000.0,104000.0,11.78,685000.0,94000.0,12.07,347588.53,29.92,779000.0,71,6,146000,1
6837,2076,20260627,60,3,1,883000.0,779000.0,104000.0,11.78,685000.0,94000.0,12.07,347588.53,29.92,779000.0,71,6,146000,1
6838,1580,20260826,30,2,1,834000.0,755000.0,79000.0,9.47,605000.0,150000.0,19.87,236528.27,33.4,755000.0,82,4,105000,1
6839,1639,20250719,68,2,1,834000.0,755000.0,79000.0,9.47,605000.0,150000.0,19.87,236528.27,33.4,755000.0,82,4,105000,1
6840,1704,20251121,72,1,1,478000.0,449000.0,29000.0,6.07,384000.0,65000.0,14.48,105787.14,27.41,449000.0,54,3,57000,1
6841,1902,20251125,54,1,1,478000.0,449000.0,29000.0,6.07,384000.0,65000.0,14.48,105787.14,27.41,449000.0,54,3,57000,1
6842,2212,20261128,86,2,1,2380000.0,2120000.0,260000.0,10.92,1739000.0,381000.0,17.97,674984.76,38.52,2120000.0,44,4,24500,1
6843,1593,20241007,64,2,1,1065000.0,959000.0,106000.0,9.95,770000.0,189000.0,19.71,235697.28,44.97,959000.0,91,3,115000,1
6844,2213,20251116,12,3,1,1065000.0,959000.0,106000.0,9.95,770000.0,189000.0,19.71,235697.28,44.97,959000.0,91,3,115000,1
6845,2214,20240530,12,2,1,601000.0,535000.0,66000.0,10.98,445000.0,90000.0,16.82,360817.94,18.29,535000.0,51,11,57000,1
6846,2215,20250624,56,1,1,806000.0,715000.0,91000.0,11.29,625000.0,90000.0,12.59,317277.87,28.68,715000.0,14,6,136000,1
6847,2216,20260109,19,3,1,1019000.0,888000.0,131000.0,12.86,711000.0,177000.0,19.93,288995.57,45.33,888000.0,36,4,104000,1
6848,203,20260709,36,2,1,353000.0,319000.0,34000.0,9.63,270000.0,49000.0,15.36,233596.66,14.56,319000.0,79,13,192239,1
6849,227,20260125,77,1,1,353000.0,319000.0,34000.0,9.63,270000.0,49000.0,15.36,233596.66,14.56,319000.0,79,13,192239,1
6850,2194,20260627,14,1,1,482000.0,445000.0,37000.0,7.68,374000.0,71000.0,15.96,318962.02,11.6,445000.0,71,13,122000,1
6851,2217,20260621,97,1,1,295000.0,265000.0,30000.0,10.17,231000.0,34000.0,12.83,210542.27,14.25,265000.0,41,15,216939,1
6852,2218,20260226,4,2,1,481000.0,455000.0,26000.0,5.41,367000.0,88000.0,19.34,106451.07,24.42,455000.0,17,3,31000,1
6853,2219,20240514,5,1,1,422000.0,370000.0,52000.0,12.32,316000.0,54000.0,14.59,290676.63,17.89,370000.0,112,14,109645,1
6854,2220,20261226,42,2,1,685000.0,645000.0,40000.0,5.84,551000.0,94000.0,14.57,488886.28,8.18,645000.0,94,15,128800,1
6855,2221,20250902,60,3,1,1363000.0,1259000.0,104000.0,7.63,1075000.0,184000.0,14.61,536538.13,19.38,1259000.0,27,6,132200,1
6856,1699,20250906,37,2,1,508000.0,449000.0,59000.0,11.61,393000.0,56000.0,12.47,199971.66,29.5,449000.0,87,6,229000,1
6857,2222,20240707,31,1,1,508000.0,449000.0,59000.0,11.61,393000.0,56000.0,12.47,199971.66,29.5,449000.0,87,6,229000,1
6858,2223,20250707,57,2,1,1497000.0,1349000.0,148000.0,9.89,1168000.0,181000.0,13.42,424559.74,34.86,1349000.0,24,4,118688,1
6859,2181,20251006,52,3,1,369000.0,339000.0,30000.0,8.13,272000.0,67000.0,19.76,104651.0,28.67,339000.0,115,4,45043,1
6860,1763,20260329,43,1,1,405000.0,369000.0,36000.0,8.89,309000.0,60000.0,16.26,159426.22,22.58,369000.0,35,6,93278,1
6861,60,20250630,74,1,1,975000.0,859000.0,116000.0,11.9,715000.0,144000.0,16.76,276516.86,41.95,859000.0,62,4,85205,1
6862,672,20260404,55,2,1,975000.0,859000.0,116000.0,11.9,715000.0,144000.0,16.76,276516.86,41.95,859000.0,62,4,85205,1
6863,2116,20240908,89,2,1,498000.0,459000.0,39000.0,7.83,379000.0,80000.0,17.43,196035.21,19.89,459000.0,53,6,118934,1
6864,1666,20250317,84,3,1,1022000.0,899000.0,123000.0,12.04,752000.0,147000.0,16.35,289846.39,42.44,899000.0,41,4,164036,1
6865,2063,20240718,84,3,1,1022000.0,899000.0,123000.0,12.04,752000.0,147000.0,16.35,289846.39,42.44,899000.0,41,4,164036,1
6866,1762,20261208,9,1,1,242000.0,229000.0,13000.0,5.37,190000.0,39000.0,17.03,196336.21,6.62,229000.0,112,20,165684,1
6867,2224,20261110,76,2,1,540000.0,479000.0,61000.0,11.3,400000.0,79000.0,16.49,82944.0,73.54,479000.0,37,2,12000,1
6868,2225,20260720,52,1,1,680000.0,599000.0,81000.0,11.91,526000.0,73000.0,12.19,192852.79,42.0,599000.0,48,4,29983,1
6869,2225,20250615,77,3,1,640000.0,599000.0,41000.0,6.41,483000.0,116000.0,19.37,181508.51,22.59,599000.0,116,4,29938,1
6870,2226,20240621,53,1,1,1093000.0,999900.0,93100.0,8.52,874000.0,125900.0,12.59,241894.02,38.49,999900.0,41,3,60511,1
6871,2227,20260111,33,1,1,714000.0,669000.0,45000.0,6.3,561000.0,108000.0,16.14,281062.53,16.01,669000.0,86,6,72000,1
6872,57,20250305,2,2,1,447000.0,399000.0,48000.0,10.74,339000.0,60000.0,15.04,126772.35,37.86,399000.0,88,4,86000,1
6873,1580,20261103,23,1,1,947000.0,858000.0,89000.0,9.4,743000.0,115000.0,13.4,268575.87,33.14,858000.0,27,4,59427,1
6874,1639,20260703,16,2,1,947000.0,858000.0,89000.0,9.4,743000.0,115000.0,13.4,268575.87,33.14,858000.0,27,4,59427,1
6875,2228,20251121,48,1,1,1359000.0,1220000.0,139000.0,10.23,1011000.0,209000.0,17.13,717332.71,19.38,1220000.0,112,9,211737,1
6876,586,20250422,86,3,1,594000.0,555000.0,39000.0,6.57,463000.0,92000.0,16.58,233825.13,16.68,555000.0,79,6,82430,1
6877,949,20251128,4,2,1,594000.0,555000.0,39000.0,6.57,463000.0,92000.0,16.58,233825.13,16.68,555000.0,79,6,82430,1
6878,1630,20240822,25,3,1,1349000.0,1259000.0,90000.0,6.67,1048000.0,211000.0,16.76,382585.9,23.52,1259000.0,20,4,46000,1
6879,2229,20240103,68,1,1,1349000.0,1259000.0,90000.0,6.67,1048000.0,211000.0,16.76,382585.9,23.52,1259000.0,20,4,46000,1
6880,2230,20240121,67,2,1,600000.0,569000.0,31000.0,5.17,472000.0,97000.0,17.05,92160.0,33.64,569000.0,41,2,35197,1
6881,65,20250529,39,1,1,644000.0,595000.0,49000.0,7.61,520000.0,75000.0,12.61,98918.4,49.54,595000.0,113,2,79630,1
6882,48,20240613,22,1,1,983000.0,889000.0,94000.0,9.56,770000.0,119000.0,13.39,150988.8,62.26,889000.0,29,2,9526,1
6883,2231,20240117,60,2,1,249000.0,219000.0,30000.0,12.05,177000.0,42000.0,19.18,140837.27,21.3,219000.0,106,10,144556,1
6884,2191,20260706,36,3,1,490000.0,439000.0,51000.0,10.41,355000.0,84000.0,19.13,192886.05,26.44,439000.0,49,6,138919,1
6885,1792,20260322,49,1,1,480000.0,439000.0,41000.0,8.54,366000.0,73000.0,16.63,163640.87,25.05,439000.0,17,5,101443,1
6886,387,20250716,89,3,1,858000.0,749000.0,109000.0,12.7,605000.0,144000.0,19.23,243334.84,44.79,749000.0,44,4,72252,1
6887,1595,20251009,79,2,1,762000.0,679000.0,83000.0,10.89,577000.0,102000.0,15.02,336920.89,24.63,679000.0,78,7,98602,1
6888,2191,20251112,33,3,1,502000.0,439000.0,63000.0,12.55,356000.0,83000.0,18.91,197609.79,31.88,439000.0,108,6,95818,1
6889,29,20240423,77,2,1,1466000.0,1329000.0,137000.0,9.35,1119000.0,210000.0,15.8,225177.6,60.84,1329000.0,87,2,18887,1
6890,2232,20250609,83,1,1,419000.0,389000.0,30000.0,7.16,311000.0,78000.0,20.05,221164.39,13.56,389000.0,30,9,55825,1
6891,2191,20251018,19,3,1,463000.0,439000.0,24000.0,5.18,362000.0,77000.0,17.54,182257.63,13.17,439000.0,33,6,84093,1
6892,2233,20260130,71,3,1,650000.0,579000.0,71000.0,10.92,495000.0,84000.0,14.51,143852.8,49.36,579000.0,26,3,44349,1
6893,1582,20250612,6,2,1,689000.0,649000.0,40000.0,5.81,544000.0,105000.0,16.18,195405.25,20.47,649000.0,27,4,94879,1
6894,1590,20241215,28,3,1,917000.0,849000.0,68000.0,7.42,746000.0,103000.0,12.13,140851.2,48.28,849000.0,107,2,23123,1
6895,2234,20250601,95,1,1,330000.0,299000.0,31000.0,9.39,260000.0,39000.0,13.04,277295.69,11.18,299000.0,21,22,90752,1
6896,2004,20251223,65,2,1,475000.0,429000.0,46000.0,9.68,356000.0,73000.0,17.02,210022.86,21.9,429000.0,25,7,86805,1
6897,2235,20250621,76,3,1,743000.0,669000.0,74000.0,9.96,538000.0,131000.0,19.58,210720.03,35.12,669000.0,13,4,90000,1
6898,399,20251031,77,1,1,596000.0,559000.0,37000.0,6.21,485000.0,74000.0,13.24,314591.83,11.76,559000.0,98,9,121619,1
6899,461,20260328,78,2,1,596000.0,559000.0,37000.0,6.21,485000.0,74000.0,13.24,314591.83,11.76,559000.0,98,9,121619,1
6900,387,20260301,14,3,1,728000.0,669000.0,59000.0,8.1,584000.0,85000.0,12.71,206465.93,28.58,669000.0,43,4,110649,1
6901,2236,20260529,12,3,1,13774000.0,12390000.0,1384000.0,10.05,10725000.0,1665000.0,13.44,1101920.0,125.6,12390000.0,101,1,2000,1
6902,2237,20250606,95,2,1,34295000.0,29900000.0,4395000.0,12.82,24226000.0,5674000.0,18.98,15163650.81,28.98,29900000.0,55,7,5000,1
6903,2238,20240929,59,2,1,410000.0,365000.0,45000.0,10.98,321000.0,44000.0,12.05,181282.89,24.82,365000.0,84,7,102000,1
6904,2239,20250405,71,2,1,8556000.0,7490000.0,1066000.0,12.46,6147000.0,1343000.0,17.93,1314201.6,81.11,7490000.0,86,2,26000,1
6905,2240,20240323,100,2,1,14404000.0,12790000.0,1614000.0,11.21,10973000.0,1817000.0,14.21,4910589.74,32.87,12790000.0,40,5,27000,1
6906,2240,20240717,81,2,1,13854000.0,12490000.0,1364000.0,9.85,10899000.0,1591000.0,12.74,4723084.58,28.88,12490000.0,34,5,40000,1
6907,2241,20240308,8,2,1,13675000.0,12790000.0,885000.0,6.47,10473000.0,2317000.0,18.12,5383095.36,16.44,12790000.0,112,6,22000,1
6908,2242,20240312,78,2,1,14841000.0,13290000.0,1551000.0,10.45,11598000.0,1692000.0,12.73,3284491.39,47.22,13290000.0,83,3,90752,1
6909,2243,20241111,10,1,1,628000.0,565000.0,63000.0,10.03,466000.0,99000.0,17.52,50240.0,125.4,565000.0,33,1,24730,1
6910,2244,20251010,86,1,1,416000.0,375000.0,41000.0,9.86,329000.0,46000.0,12.27,141822.09,28.91,375000.0,74,5,32112,1
6911,102,20260803,80,1,1,735000.0,669000.0,66000.0,8.98,550000.0,119000.0,17.79,324982.75,20.31,669000.0,34,7,136564,1
6912,1582,20260215,70,1,1,738000.0,669000.0,69000.0,9.35,586000.0,83000.0,12.41,209302.0,32.97,669000.0,37,4,49450,1
6913,1118,20240622,48,3,1,790000.0,729000.0,61000.0,7.72,586000.0,143000.0,19.62,310979.55,19.62,729000.0,45,6,98964,1
6914,1570,20260313,88,1,1,1057000.0,959000.0,98000.0,9.27,822000.0,137000.0,14.29,233926.78,41.89,959000.0,91,3,37250,1
6915,102,20261116,54,2,1,716000.0,669000.0,47000.0,6.56,564000.0,105000.0,15.7,316581.83,14.85,669000.0,15,7,136564,1
6916,1582,20250702,50,1,1,734000.0,649000.0,85000.0,11.58,544000.0,105000.0,16.18,208167.57,40.83,649000.0,75,4,92058,1
6917,2245,20250214,47,2,1,694000.0,649000.0,45000.0,6.48,531000.0,118000.0,18.18,196823.29,22.86,649000.0,76,4,24567,1
6918,1582,20241115,29,3,1,676000.0,639000.0,37000.0,5.47,547000.0,92000.0,14.4,191718.36,19.3,639000.0,119,4,119700,1
6919,1582,20240610,9,1,1,699000.0,639000.0,60000.0,8.58,521000.0,118000.0,18.47,198241.32,30.27,639000.0,81,4,116392,1
6920,129,20260825,66,1,1,434000.0,389000.0,45000.0,10.37,328000.0,61000.0,15.68,191894.58,23.45,389000.0,104,7,90097,1
6921,204,20260719,99,3,1,434000.0,389000.0,45000.0,10.37,328000.0,61000.0,15.68,191894.58,23.45,389000.0,104,7,90097,1
6922,2246,20240117,69,2,1,279000.0,255000.0,24000.0,8.6,209000.0,46000.0,18.04,192177.2,12.49,255000.0,57,14,140000,1
6923,1630,20250821,54,2,1,753000.0,699000.0,54000.0,7.17,613000.0,86000.0,12.3,213556.1,25.29,699000.0,92,4,41165,1
6924,2229,20260825,16,1,1,753000.0,699000.0,54000.0,7.17,613000.0,86000.0,12.3,213556.1,25.29,699000.0,92,4,41165,1
6925,2247,20250303,8,1,1,994000.0,899000.0,95000.0,9.56,721000.0,178000.0,19.8,439500.48,21.62,899000.0,79,7,81227,1
6926,2208,20240112,22,1,1,823000.0,759000.0,64000.0,7.78,619000.0,140000.0,18.45,323969.83,19.75,759000.0,87,6,52320,1
6927,74,20260601,15,1,1,663000.0,580000.0,83000.0,12.52,475000.0,105000.0,18.1,188031.47,44.14,580000.0,76,4,32289,1
6928,520,20260218,28,1,1,663000.0,580000.0,83000.0,12.52,475000.0,105000.0,18.1,188031.47,44.14,580000.0,76,4,32289,1
6929,1574,20240122,29,1,1,797000.0,698000.0,99000.0,12.42,582000.0,116000.0,16.62,352396.26,28.09,698000.0,57,7,176071,1
6930,2248,20240727,32,2,1,988000.0,898000.0,90000.0,9.11,735000.0,163000.0,18.15,218656.26,41.16,898000.0,74,3,27854,1
6931,1806,20250425,16,2,1,584000.0,539000.0,45000.0,7.71,452000.0,87000.0,16.14,229888.68,19.57,539000.0,53,6,38139,1
6932,2249,20250823,33,3,1,584000.0,539000.0,45000.0,7.71,452000.0,87000.0,16.14,229888.68,19.57,539000.0,53,6,38139,1
6933,2250,20250721,83,3,1,478000.0,425000.0,53000.0,11.09,370000.0,55000.0,12.94,252306.87,21.01,425000.0,103,9,121619,1
6934,74,20250202,36,1,1,420000.0,399000.0,21000.0,5.0,342000.0,57000.0,14.29,119114.96,17.63,399000.0,72,4,19000,1
6935,520,20241226,39,1,1,420000.0,399000.0,21000.0,5.0,342000.0,57000.0,14.29,119114.96,17.63,399000.0,72,4,19000,1
6936,2251,20260427,50,3,1,395000.0,360000.0,35000.0,8.86,305000.0,55000.0,15.28,155489.77,22.51,360000.0,55,6,128000,1
6937,293,20251031,68,3,1,649000.0,599000.0,50000.0,7.7,483000.0,116000.0,19.37,342567.28,14.6,599000.0,28,9,108000,1
6938,2252,20241124,99,3,1,479000.0,419000.0,60000.0,12.53,358000.0,61000.0,14.56,233168.16,25.73,419000.0,73,8,114663,1
6939,2253,20250220,14,2,1,504000.0,479000.0,25000.0,4.96,390000.0,89000.0,18.58,142937.95,17.49,479000.0,92,4,42772,1
6940,2254,20250427,39,3,1,452000.0,409000.0,43000.0,9.51,353000.0,56000.0,13.69,177927.54,24.17,409000.0,82,6,37450,1
6941,2255,20240217,89,3,1,392000.0,349000.0,43000.0,10.97,286000.0,63000.0,18.05,206912.75,20.78,349000.0,80,9,96504,1
6942,2256,20250331,71,1,1,522000.0,475000.0,47000.0,9.0,396000.0,79000.0,16.63,295249.23,15.92,475000.0,119,10,91296,1
6943,1912,20240417,20,2,1,767000.0,725000.0,42000.0,5.48,600000.0,125000.0,17.24,169746.3,24.74,725000.0,110,3,62810,1
6944,473,20260607,50,1,1,304000.0,265000.0,39000.0,12.83,230000.0,35000.0,13.21,171945.91,22.68,265000.0,59,10,144787,1
6945,653,20260723,39,3,1,304000.0,265000.0,39000.0,12.83,230000.0,35000.0,13.21,171945.91,22.68,265000.0,59,10,144787,1
6946,1993,20261012,8,3,1,385000.0,349000.0,36000.0,9.35,283000.0,66000.0,18.91,109188.71,32.97,349000.0,72,4,79332,1
6947,1855,20250905,30,3,17,428000.0,385000.0,43000.0,10.05,325000.0,60000.0,15.58,208342.32,20.64,385000.0,50,8,64787,1
6948,15,20250228,84,3,1,574000.0,535000.0,39000.0,6.79,434000.0,101000.0,18.88,127033.09,30.7,535000.0,16,3,32822,1
6949,2257,20260324,20,1,1,574000.0,535000.0,39000.0,6.79,434000.0,101000.0,18.88,127033.09,30.7,535000.0,16,3,32822,1
6950,52,20260810,28,1,1,357000.0,325000.0,32000.0,8.96,278000.0,47000.0,14.46,173780.86,18.41,325000.0,18,8,104322,1
6951,1018,20260111,70,3,1,357000.0,325000.0,32000.0,8.96,278000.0,47000.0,14.46,173780.86,18.41,325000.0,18,8,104322,1
6952,2258,20240514,54,3,1,858000.0,785000.0,73000.0,8.51,685000.0,100000.0,12.74,337747.41,21.61,785000.0,13,6,127061,1
6953,1949,20251117,73,2,1,460000.0,435000.0,25000.0,5.43,363000.0,72000.0,16.55,130459.24,19.16,435000.0,98,4,54546,1
6954,2060,20250111,20,3,1,460000.0,435000.0,25000.0,5.43,363000.0,72000.0,16.55,130459.24,19.16,435000.0,98,4,54546,1
6955,1582,20251213,23,2,1,688000.0,649000.0,39000.0,5.67,545000.0,104000.0,16.02,195121.64,19.99,649000.0,58,4,104683,1
6956,2259,20260712,87,1,1,300000.0,265000.0,35000.0,11.67,232000.0,33000.0,12.45,158351.59,22.1,265000.0,85,9,161106,1
6957,2187,20251216,73,3,1,439000.0,409000.0,30000.0,6.83,344000.0,65000.0,15.89,67430.4,44.49,409000.0,15,2,13686,1
6958,2260,20250116,39,1,1,155000.0,145000.0,10000.0,6.45,122000.0,23000.0,15.86,110623.9,9.04,145000.0,91,15,215230,1
6959,1582,20261206,34,3,1,703000.0,639000.0,64000.0,9.1,541000.0,98000.0,15.34,199375.75,32.1,639000.0,113,4,109212,1
6960,2261,20251220,22,3,1,461000.0,409000.0,52000.0,11.28,350000.0,59000.0,14.43,224406.1,23.17,409000.0,30,8,185122,1
6961,2262,20260501,88,2,1,523000.0,495000.0,28000.0,5.35,400000.0,95000.0,19.19,346093.64,8.09,495000.0,24,13,33748,1
6962,2263,20250927,57,1,1,619000.0,559000.0,60000.0,9.69,484000.0,75000.0,13.42,243666.25,24.62,559000.0,76,6,74344,1
6963,2264,20240524,47,1,1,271000.0,255000.0,16000.0,5.9,213000.0,42000.0,16.47,186666.74,8.57,255000.0,75,14,144491,1
6964,2265,20240110,18,1,1,1000000.0,949000.0,51000.0,5.1,765000.0,184000.0,19.39,442153.4,11.53,949000.0,65,7,150000,1
6965,1578,20250217,8,2,1,632000.0,599000.0,33000.0,5.22,517000.0,82000.0,13.69,97075.2,33.99,599000.0,114,2,8153,1
6966,1570,20260918,61,1,1,906000.0,799000.0,107000.0,11.81,663000.0,136000.0,17.02,200508.67,53.36,799000.0,113,3,14624,1
6967,1582,20250827,85,3,1,636000.0,599000.0,37000.0,5.82,484000.0,115000.0,19.2,180374.08,20.51,599000.0,77,4,61371,1
6968,1197,20260830,30,2,1,1043000.0,989000.0,54000.0,5.18,841000.0,148000.0,14.96,295802.14,18.26,989000.0,41,4,100000,1
6969,2266,20240627,49,2,1,633000.0,579000.0,54000.0,8.53,504000.0,75000.0,12.95,215801.4,25.02,579000.0,75,5,89347,1
6970,60,20251213,72,3,1,974000.0,859000.0,115000.0,11.81,748000.0,111000.0,12.92,276233.26,41.63,859000.0,119,4,85205,1
6971,672,20240425,63,1,1,974000.0,859000.0,115000.0,11.81,748000.0,111000.0,12.92,276233.26,41.63,859000.0,119,4,85205,1
6972,2267,20241005,49,2,1,429000.0,399000.0,30000.0,6.99,350000.0,49000.0,12.28,94942.85,31.6,399000.0,38,3,131914,1
6973,2197,20241110,43,1,1,174000.0,159000.0,15000.0,8.62,138000.0,21000.0,13.21,124184.25,12.08,159000.0,75,15,243000,1
6974,2268,20240308,93,2,1,336000.0,319000.0,17000.0,5.06,255000.0,64000.0,20.06,114548.61,14.84,319000.0,43,5,57418,1
6975,1775,20240518,17,1,1,192000.0,175000.0,17000.0,8.85,145000.0,30000.0,17.14,132250.98,12.85,175000.0,36,14,72043,1
6976,2269,20260106,72,3,1,764000.0,690000.0,74000.0,9.69,597000.0,93000.0,13.48,61120.0,121.07,690000.0,69,1,6964,1
6977,1103,20250915,43,2,1,364000.0,329000.0,35000.0,9.62,273000.0,56000.0,17.02,250725.81,13.96,329000.0,48,14,127250,1
6978,2270,20261109,55,3,1,364000.0,329000.0,35000.0,9.62,273000.0,56000.0,17.02,250725.81,13.96,329000.0,48,14,127250,1
6979,1677,20260311,62,1,1,195000.0,180000.0,15000.0,7.69,153000.0,27000.0,15.0,123305.05,12.16,180000.0,53,12,324177,1
6980,2287,20240113,22,2,1,195000.0,180000.0,15000.0,7.69,153000.0,27000.0,15.0,123305.05,12.16,180000.0,53,12,324177,1
6981,2271,20260219,17,3,1,254000.0,235000.0,19000.0,7.48,199000.0,36000.0,15.32,181280.46,10.48,235000.0,111,15,150121,1
6982,2111,20250526,68,1,1,338000.0,319000.0,19000.0,5.62,265000.0,54000.0,16.93,133052.01,14.28,319000.0,91,6,63821,1
6983,2272,20240917,20,3,1,281000.0,259000.0,22000.0,7.83,226000.0,33000.0,12.74,62188.67,35.38,259000.0,45,3,10985,1
6984,1738,20251104,29,3,1,349000.0,329000.0,20000.0,5.73,276000.0,53000.0,16.11,197398.43,10.13,329000.0,28,10,152412,1
6985,2273,20240827,46,2,1,337000.0,299000.0,38000.0,11.28,250000.0,49000.0,16.39,95575.57,39.76,299000.0,100,4,70209,1
6986,1601,20240530,14,1,1,343000.0,299000.0,44000.0,12.83,263000.0,36000.0,12.04,166965.93,26.35,299000.0,54,8,114663,1
6987,2274,20250714,31,3,1,343000.0,299000.0,44000.0,12.83,251000.0,48000.0,16.05,97277.21,45.23,299000.0,93,4,23564,1
6988,2275,20260828,31,2,1,340000.0,299000.0,41000.0,12.06,243000.0,56000.0,18.73,179465.14,22.85,299000.0,30,9,177536,1
6989,2276,20241106,3,2,1,278000.0,250000.0,28000.0,10.07,210000.0,40000.0,16.0,109433.31,25.59,250000.0,32,6,93278,1
6990,2277,20240401,95,3,1,1197000.0,1069000.0,128000.0,10.69,925000.0,144000.0,13.47,408079.42,31.37,1069000.0,103,5,66000,1
6991,2278,20240319,22,1,1,171000.0,159000.0,12000.0,7.02,137000.0,22000.0,13.84,117786.03,10.19,159000.0,98,14,200000,1
6992,2279,20240325,53,1,1,155000.0,139000.0,16000.0,10.32,120000.0,19000.0,13.67,123209.28,12.99,139000.0,104,19,170000,1
6993,1803,20240704,54,1,1,481000.0,439000.0,42000.0,8.73,376000.0,63000.0,14.35,136414.99,30.79,439000.0,36,4,43000,1
6994,2280,20250227,27,2,1,493000.0,449000.0,44000.0,8.92,368000.0,81000.0,18.04,278846.49,15.78,449000.0,107,10,25900,1
6995,1590,20260521,32,2,1,990000.0,879000.0,111000.0,11.21,764000.0,115000.0,13.08,152064.0,73.0,879000.0,81,2,9442,1
6996,2281,20240919,88,3,1,279000.0,259000.0,20000.0,7.17,226000.0,33000.0,12.74,123360.8,16.21,259000.0,28,7,56206,1
6997,2003,20260504,31,1,1,540000.0,499000.0,41000.0,7.59,407000.0,92000.0,18.44,285032.86,14.38,499000.0,50,9,200153,1
6998,2282,20250721,96,3,1,540000.0,499000.0,41000.0,7.59,407000.0,92000.0,18.44,285032.86,14.38,499000.0,50,9,200153,1
6999,1570,20260919,39,1,1,1096000.0,959000.0,137000.0,12.5,777000.0,182000.0,18.98,242557.95,56.48,959000.0,35,3,12845,1
7000,1590,20241128,62,2,1,896000.0,849000.0,47000.0,5.25,745000.0,104000.0,12.25,137625.6,34.15,849000.0,37,2,35065,1
7001,1582,20250925,57,1,1,713000.0,649000.0,64000.0,8.98,564000.0,85000.0,13.1,202211.82,31.65,649000.0,73,4,104515,1
7002,1570,20250921,67,1,1,1060000.0,929000.0,131000.0,12.36,810000.0,119000.0,12.81,234590.72,55.84,929000.0,77,3,20821,1
7003,60,20241005,62,1,1,1088000.0,979000.0,109000.0,10.02,853000.0,126000.0,12.87,308564.46,35.32,979000.0,104,4,119443,1
7004,672,20240806,91,3,1,1088000.0,979000.0,109000.0,10.02,853000.0,126000.0,12.87,308564.46,35.32,979000.0,104,4,119443,1
7005,1590,20261110,33,2,1,949000.0,859000.0,90000.0,9.48,724000.0,135000.0,15.72,145766.4,61.74,859000.0,89,2,16079,1
7006,1570,20250115,60,2,1,1031000.0,959000.0,72000.0,6.98,817000.0,142000.0,14.81,228172.67,31.56,959000.0,60,3,16107,1
7007,2283,20240323,30,1,1,423000.0,390000.0,33000.0,7.8,329000.0,61000.0,15.64,119965.78,27.51,390000.0,83,4,26829,1
7008,2284,20250720,13,3,1,260000.0,229000.0,31000.0,11.92,184000.0,45000.0,19.65,126563.09,24.49,229000.0,111,8,112988,1
7009,1103,20240219,20,1,1,331000.0,299000.0,32000.0,9.67,257000.0,42000.0,14.05,227995.17,14.04,299000.0,57,14,140000,1
7010,2270,20261107,72,3,1,331000.0,299000.0,32000.0,9.67,257000.0,42000.0,14.05,227995.17,14.04,299000.0,57,14,140000,1
7011,176,20250905,8,1,1,528000.0,479000.0,49000.0,9.28,403000.0,76000.0,15.87,278698.8,17.58,479000.0,19,9,41634,1
7012,1366,20250517,99,3,1,528000.0,479000.0,49000.0,9.28,403000.0,76000.0,15.87,278698.8,17.58,479000.0,19,9,41634,1
7013,2147,20250920,76,1,1,603000.0,569000.0,34000.0,5.64,485000.0,84000.0,14.76,341063.76,9.97,569000.0,118,10,162742,1
7014,2285,20251103,21,2,1,603000.0,569000.0,34000.0,5.64,485000.0,84000.0,14.76,341063.76,9.97,569000.0,118,10,162742,1
7015,2286,20261114,13,2,1,462000.0,439000.0,23000.0,4.98,369000.0,70000.0,15.95,204274.87,11.26,439000.0,82,7,109653,1
7016,1677,20250314,30,2,1,377000.0,329000.0,48000.0,12.73,276000.0,53000.0,16.11,238389.77,20.14,329000.0,48,12,140130,1
7017,2287,20260504,94,1,1,377000.0,329000.0,48000.0,12.73,276000.0,53000.0,16.11,238389.77,20.14,329000.0,48,12,140130,1
7018,2288,20250420,49,2,1,245000.0,225000.0,20000.0,8.16,183000.0,42000.0,18.67,154921.74,12.91,225000.0,109,12,194000,1
7019,2289,20260226,58,3,1,466000.0,420000.0,46000.0,9.87,345000.0,75000.0,17.86,132160.88,34.81,420000.0,109,4,88713,1
7020,2290,20250525,46,3,1,643000.0,608000.0,35000.0,5.44,494000.0,114000.0,18.75,339400.24,10.31,608000.0,28,9,114000,1
7021,2291,20240528,2,1,1,1788000.0,1599000.0,189000.0,10.57,1304000.0,295000.0,18.45,790570.28,23.91,1599000.0,73,7,50000,1
7022,2292,20260316,19,2,1,685000.0,599000.0,86000.0,12.55,526000.0,73000.0,12.19,433148.52,19.85,599000.0,28,12,80000,1
7023,1658,20241107,27,3,1,1439000.0,1299000.0,140000.0,9.73,1055000.0,244000.0,18.78,318467.97,43.96,1299000.0,85,3,30000,1
7024,2293,20240713,7,1,1,590000.0,555000.0,35000.0,5.93,456000.0,99000.0,17.84,287200.86,12.19,555000.0,71,8,140000,1
7025,2294,20241207,50,2,1,775000.0,699000.0,76000.0,9.81,592000.0,107000.0,15.31,305074.87,24.91,699000.0,22,6,182000,1
7026,2295,20241101,91,2,1,479000.0,425000.0,54000.0,11.27,361000.0,64000.0,15.06,135847.77,39.75,425000.0,34,4,88000,1
7027,1834,20261228,53,1,1,311000.0,285000.0,26000.0,8.36,232000.0,53000.0,18.6,137509.71,18.91,285000.0,109,7,102000,1
7028,2296,20260717,74,3,1,311000.0,285000.0,26000.0,8.36,232000.0,53000.0,18.6,137509.71,18.91,285000.0,109,7,102000,1
7029,2297,20260221,41,3,1,450000.0,395000.0,55000.0,12.22,341000.0,54000.0,13.67,237527.39,23.16,395000.0,98,9,180000,1
7030,2298,20260120,12,3,1,3222000.0,2890000.0,332000.0,10.3,2494000.0,396000.0,13.7,713067.26,46.56,2890000.0,101,3,70900,1
7031,1840,20250120,17,3,1,1471000.0,1290000.0,181000.0,12.3,1056000.0,234000.0,18.14,417185.96,43.39,1290000.0,51,4,47893,1
7032,2299,20260403,72,1,1,1471000.0,1290000.0,181000.0,12.3,1056000.0,234000.0,18.14,417185.96,43.39,1290000.0,51,4,47893,1
7033,2300,20251106,56,2,1,2102000.0,1890000.0,212000.0,10.09,1556000.0,334000.0,17.67,596142.0,35.56,1890000.0,48,4,61510,1
7034,2040,20260620,77,2,1,881000.0,829000.0,52000.0,5.9,725000.0,104000.0,12.55,194975.87,26.67,829000.0,39,3,34625,1
7035,2301,20260115,21,3,1,2365000.0,2188000.0,177000.0,7.48,1895000.0,293000.0,13.39,523402.88,33.82,2188000.0,14,3,70000,1
7036,2302,20250521,73,3,1,2135000.0,1995000.0,140000.0,6.56,1707000.0,288000.0,14.44,605501.03,23.12,1995000.0,90,4,52518,1
7037,2303,20250118,14,3,1,853000.0,748000.0,105000.0,12.31,603000.0,145000.0,19.39,188779.14,55.62,748000.0,27,3,80000,1
7038,2021,20240303,22,1,1,1000000.0,888000.0,112000.0,11.2,740000.0,148000.0,16.67,565611.55,19.8,888000.0,116,10,64000,1
7039,2304,20261130,9,1,1,218000.0,195000.0,23000.0,10.55,165000.0,30000.0,15.38,185968.56,12.37,195000.0,30,23,175006,1
7040,2305,20250804,6,2,1,513000.0,475000.0,38000.0,7.41,387000.0,88000.0,18.53,290158.72,13.1,475000.0,95,10,144000,1
7041,1578,20260410,29,2,1,640000.0,599000.0,41000.0,6.41,501000.0,98000.0,16.36,98304.0,41.71,599000.0,112,2,5695,1
7042,2306,20260524,44,3,1,546000.0,485000.0,61000.0,11.17,411000.0,74000.0,15.26,376088.71,16.22,485000.0,59,14,155000,1
7043,1590,20261221,16,2,1,943000.0,859000.0,84000.0,8.91,710000.0,149000.0,17.35,144844.8,57.99,859000.0,15,2,10533,1
7044,2307,20241016,98,3,1,316000.0,295000.0,21000.0,6.65,254000.0,41000.0,13.9,166797.01,12.59,295000.0,59,9,121619,1
7045,2147,20251026,44,3,1,439000.0,395000.0,44000.0,10.02,343000.0,52000.0,13.16,248303.47,17.72,395000.0,89,10,136367,1
7046,2285,20240401,29,3,1,439000.0,395000.0,44000.0,10.02,343000.0,52000.0,13.16,248303.47,17.72,395000.0,89,10,136367,1
7047,2308,20240622,21,1,1,364000.0,345000.0,19000.0,5.22,285000.0,60000.0,17.39,177188.33,10.72,345000.0,75,8,150000,1
7048,2309,20260928,66,2,1,215000.0,199000.0,16000.0,7.44,173000.0,26000.0,13.07,142275.59,11.25,199000.0,10,13,136000,1
7049,2310,20251014,72,2,1,328000.0,299000.0,29000.0,8.84,242000.0,57000.0,19.06,217052.99,13.36,299000.0,66,13,171000,1
7050,619,20250226,36,1,1,165000.0,155000.0,10000.0,6.06,134000.0,21000.0,13.55,113653.18,8.8,155000.0,39,14,250000,1
7051,2311,20250927,3,2,1,165000.0,155000.0,10000.0,6.06,134000.0,21000.0,13.55,113653.18,8.8,155000.0,39,14,250000,1
7052,2312,20241104,57,3,1,458000.0,399000.0,59000.0,12.88,324000.0,75000.0,18.8,259050.09,22.78,399000.0,67,10,134000,1
7053,2313,20250310,49,1,1,359000.0,335000.0,24000.0,6.69,270000.0,65000.0,19.4,247281.77,9.71,335000.0,116,14,181424,1
7054,1734,20261221,41,1,1,409000.0,385000.0,24000.0,5.87,328000.0,57000.0,14.81,215886.0,11.12,385000.0,61,9,121619,1
7055,1755,20251006,92,1,1,747000.0,698000.0,49000.0,6.56,585000.0,113000.0,16.19,211854.46,23.13,698000.0,46,4,70000,1
7056,2183,20241112,50,3,1,989000.0,878000.0,111000.0,11.22,766000.0,112000.0,12.76,337168.37,32.92,878000.0,57,5,70000,1
7057,219,20250505,14,3,1,534000.0,489000.0,45000.0,8.43,405000.0,84000.0,17.18,82022.4,54.86,489000.0,96,2,40000,1
7058,230,20240207,23,1,1,534000.0,489000.0,45000.0,8.43,405000.0,84000.0,17.18,82022.4,54.86,489000.0,96,2,40000,1
7059,2314,20251011,66,1,1,552000.0,499000.0,53000.0,9.6,411000.0,88000.0,17.64,291366.93,18.19,499000.0,10,9,334000,1
7060,2315,20250324,40,2,1,724000.0,688000.0,36000.0,4.97,578000.0,110000.0,15.99,160229.89,22.47,688000.0,28,3,70000,1
7061,1909,20240920,21,3,1,1262000.0,1198000.0,64000.0,5.07,1002000.0,196000.0,16.36,279295.74,22.91,1198000.0,55,3,70000,1
7062,2316,20260503,93,2,1,1262000.0,1198000.0,64000.0,5.07,1002000.0,196000.0,16.36,279295.74,22.91,1198000.0,55,3,70000,1
7063,2317,20250105,97,3,1,438000.0,400000.0,38000.0,8.68,331000.0,69000.0,17.25,124219.88,30.59,400000.0,76,4,78000,1
7064,1633,20240704,43,2,1,892000.0,788000.0,104000.0,11.66,674000.0,114000.0,14.47,137011.2,75.91,788000.0,11,2,50000,1
7065,1593,20260426,46,1,1,1250000.0,1098000.0,152000.0,12.16,945000.0,153000.0,13.93,276640.0,54.95,1098000.0,65,3,50000,1
7066,2213,20241012,48,2,1,1250000.0,1098000.0,152000.0,12.16,945000.0,153000.0,13.93,276640.0,54.95,1098000.0,65,3,50000,1
7067,2318,20261107,89,3,1,1057000.0,998000.0,59000.0,5.58,867000.0,131000.0,13.13,233926.78,25.22,998000.0,110,3,50000,1
7068,361,20240310,69,2,1,815000.0,738000.0,77000.0,9.45,648000.0,90000.0,12.2,231139.74,33.31,738000.0,26,4,100000,1
7069,2319,20260604,30,3,1,317000.0,278000.0,39000.0,12.3,228000.0,50000.0,17.99,200449.76,19.46,278000.0,101,12,180000,1
7070,2320,20240519,40,1,1,185000.0,169800.0,15200.0,8.22,146000.0,23800.0,14.02,90054.51,16.88,169800.0,91,8,160000,1
7071,1970,20240426,42,1,1,508000.0,448000.0,60000.0,11.81,373000.0,75000.0,16.74,224613.93,26.71,448000.0,106,7,50000,1
7072,402,20241224,92,2,1,742000.0,698000.0,44000.0,5.93,596000.0,102000.0,14.61,113971.2,38.61,698000.0,88,2,20000,1
7073,2321,20260527,24,1,1,1141000.0,998000.0,143000.0,12.53,836000.0,162000.0,16.23,388987.98,36.76,998000.0,31,5,80000,1
7074,2322,20250731,81,2,1,605000.0,538000.0,67000.0,11.07,473000.0,65000.0,12.08,267502.81,25.05,538000.0,114,7,70000,1
7075,1938,20241121,59,2,1,1050000.0,918000.0,132000.0,12.57,788000.0,130000.0,14.16,161280.0,81.85,918000.0,36,2,21000,1
7076,1974,20260618,65,1,1,1050000.0,918000.0,132000.0,12.57,788000.0,130000.0,14.16,161280.0,81.85,918000.0,36,2,21000,1
7077,2323,20240630,54,1,1,2747000.0,2458000.0,289000.0,10.52,2154000.0,304000.0,12.37,936503.06,30.86,2458000.0,64,5,30000,1
7078,2324,20261126,59,3,1,1149000.0,1058000.0,91000.0,7.92,917000.0,141000.0,13.33,452298.1,20.12,1058000.0,110,6,50000,1
7079,2325,20241012,79,3,1,1027000.0,898000.0,129000.0,12.56,783000.0,115000.0,12.81,350123.28,36.84,898000.0,41,5,50000,1
7080,2326,20240820,60,3,1,1151000.0,1068000.0,83000.0,7.21,924000.0,144000.0,13.48,392397.17,21.15,1068000.0,69,5,70000,1
7081,2357,20250613,38,2,1,1151000.0,1068000.0,83000.0,7.21,924000.0,144000.0,13.48,392397.17,21.15,1068000.0,69,5,70000,1
7082,164,20260318,2,1,1,799000.0,738000.0,61000.0,7.63,618000.0,120000.0,16.26,176828.29,34.5,738000.0,118,3,30000,1
7083,1938,20260524,65,1,1,1118000.0,998000.0,120000.0,10.73,819000.0,179000.0,17.94,171724.8,69.88,998000.0,92,2,40000,1
7084,1974,20250302,8,1,1,1118000.0,998000.0,120000.0,10.73,819000.0,179000.0,17.94,171724.8,69.88,998000.0,92,2,40000,1
7085,2327,20240730,100,1,1,2138000.0,1898000.0,240000.0,11.23,1575000.0,323000.0,17.02,606351.85,39.58,1898000.0,37,4,40000,1
7086,2328,20260109,11,3,1,706000.0,618000.0,88000.0,12.46,495000.0,123000.0,19.9,312160.3,28.19,618000.0,37,7,110000,1
7087,2329,20240902,42,2,1,640000.0,598000.0,42000.0,6.56,503000.0,95000.0,15.89,98304.0,42.72,598000.0,83,2,100000,1
7088,1873,20240827,55,2,1,1354000.0,1198000.0,156000.0,11.52,1007000.0,191000.0,15.94,207974.4,75.01,1198000.0,93,2,70000,1
7089,2133,20240128,41,1,1,841000.0,748000.0,93000.0,11.06,630000.0,118000.0,15.78,331055.44,28.09,748000.0,34,6,120000,1
7090,2330,20240930,3,2,1,368000.0,348000.0,20000.0,5.43,306000.0,42000.0,12.07,194244.62,10.3,348000.0,94,9,120000,1
7091,2331,20260710,11,1,1,869000.0,798000.0,71000.0,8.17,697000.0,101000.0,12.66,423012.8,16.78,798000.0,87,8,110000,1
7092,1580,20241022,60,2,1,785000.0,728000.0,57000.0,7.26,592000.0,136000.0,18.68,222631.53,25.6,728000.0,95,4,90000,1
7093,1639,20240307,10,1,1,785000.0,728000.0,57000.0,7.26,592000.0,136000.0,18.68,222631.53,25.6,728000.0,95,4,90000,1
7094,2332,20250924,12,3,1,679000.0,628000.0,51000.0,7.51,521000.0,107000.0,17.04,192569.18,26.48,628000.0,35,4,50000,1
7095,1873,20241120,68,1,1,1376000.0,1198000.0,178000.0,12.94,999000.0,199000.0,16.61,211353.6,84.22,1198000.0,117,2,90000,1
7096,2333,20250424,1,2,1,244000.0,219000.0,25000.0,10.25,182000.0,37000.0,16.89,174143.43,14.36,219000.0,84,15,180000,1
7097,2334,20241031,40,1,1,477000.0,425000.0,52000.0,10.9,367000.0,58000.0,13.65,251779.03,20.65,425000.0,80,9,162138,1
7098,1596,20250705,39,3,1,469000.0,409000.0,60000.0,12.79,344000.0,65000.0,15.89,207369.94,28.93,409000.0,26,7,100182,1
7099,2173,20240622,16,2,1,469000.0,409000.0,60000.0,12.79,344000.0,65000.0,15.89,207369.94,28.93,409000.0,26,7,100182,1
7100,2119,20240803,99,3,1,597000.0,549000.0,48000.0,8.04,464000.0,85000.0,15.48,169313.4,28.35,549000.0,91,4,49133,1
7101,2335,20241027,25,3,1,156000.0,138000.0,18000.0,11.54,120000.0,18000.0,13.04,111337.6,16.17,138000.0,16,15,165148,1
7102,1118,20240313,28,2,1,797000.0,729000.0,68000.0,8.53,630000.0,99000.0,13.58,313735.06,21.67,729000.0,65,6,98964,1
7103,2336,20250621,43,2,1,226000.0,199000.0,27000.0,11.95,161000.0,38000.0,19.1,127828.21,21.12,199000.0,73,10,195815,1
7104,2337,20260504,7,2,1,94000.0,88000.0,6000.0,6.38,75000.0,13000.0,14.77,77681.8,7.72,88000.0,29,21,220000,1
7105,2338,20240402,80,3,1,169000.0,148000.0,21000.0,12.43,124000.0,24000.0,16.22,106864.38,19.65,148000.0,47,12,151297,1
7106,2339,20260322,81,2,1,362000.0,338000.0,24000.0,6.63,278000.0,60000.0,17.75,228904.77,10.48,338000.0,84,12,177733,1
7107,2340,20250926,29,1,1,200000.0,185000.0,15000.0,7.5,149000.0,36000.0,19.46,113122.31,13.26,185000.0,117,10,155453,1
7108,2341,20250404,75,1,1,539000.0,479000.0,60000.0,11.13,402000.0,77000.0,16.08,323595.45,18.54,479000.0,67,11,145458,1
7109,12,20260502,82,1,1,456000.0,419000.0,37000.0,8.11,347000.0,72000.0,17.18,155458.83,23.8,419000.0,25,5,223430,1
7110,334,20260210,76,1,1,456000.0,419000.0,37000.0,8.11,347000.0,72000.0,17.18,155458.83,23.8,419000.0,25,5,223430,1
7111,1777,20240513,84,2,1,632000.0,569000.0,63000.0,9.97,467000.0,102000.0,17.93,333594.02,18.89,569000.0,60,9,133150,1
7112,1934,20240119,63,1,1,632000.0,569000.0,63000.0,9.97,467000.0,102000.0,17.93,333594.02,18.89,569000.0,60,9,133150,1
7113,2230,20250531,11,3,1,623000.0,569000.0,54000.0,8.67,487000.0,82000.0,14.41,95692.8,56.43,569000.0,36,2,35197,1
7114,2342,20250624,1,3,1,436000.0,388000.0,48000.0,11.01,334000.0,54000.0,13.92,171629.22,27.97,388000.0,60,6,57285,1
7115,2343,20250331,28,3,1,363000.0,338000.0,25000.0,6.89,277000.0,61000.0,18.05,259074.04,9.65,338000.0,84,15,212000,1
7116,2014,20260916,46,2,1,948000.0,898000.0,50000.0,5.27,722000.0,176000.0,19.6,209803.78,23.83,898000.0,25,3,84354,1
7117,2344,20260211,82,3,1,582000.0,539000.0,43000.0,7.39,468000.0,71000.0,13.17,165059.3,26.05,539000.0,96,4,61826,1
7118,2345,20261025,3,1,1,460000.0,419000.0,41000.0,8.91,336000.0,83000.0,19.81,101803.52,40.27,419000.0,69,3,80000,1
7119,2340,20250608,14,3,1,244000.0,229000.0,15000.0,6.15,200000.0,29000.0,12.66,138009.22,10.87,229000.0,85,10,150000,1
7120,2346,20250519,39,2,1,172000.0,158000.0,14000.0,8.14,134000.0,24000.0,15.19,122756.85,11.4,158000.0,49,15,161645,1
7121,1801,20251128,25,1,1,304000.0,279000.0,25000.0,8.22,230000.0,49000.0,17.56,134414.63,18.6,279000.0,76,7,70000,1
7122,1755,20261211,35,3,1,664000.0,629000.0,35000.0,5.27,516000.0,113000.0,17.97,188315.07,18.59,629000.0,11,4,183614,1
7123,1927,20240709,30,1,1,509000.0,459000.0,50000.0,9.82,368000.0,91000.0,19.83,112647.81,44.39,459000.0,111,3,18000,1
7124,2093,20250225,40,2,1,509000.0,459000.0,50000.0,9.82,368000.0,91000.0,19.83,112647.81,44.39,459000.0,111,3,18000,1
7125,2347,20250115,84,2,1,727000.0,639000.0,88000.0,12.1,523000.0,116000.0,18.15,286179.91,30.75,639000.0,57,6,40000,1
7126,2348,20241101,95,2,1,340000.0,319000.0,21000.0,6.18,259000.0,60000.0,18.81,192307.93,10.92,319000.0,61,10,90000,1
7127,2349,20240101,11,2,1,221000.0,199000.0,22000.0,9.95,169000.0,30000.0,15.08,152226.38,14.45,199000.0,33,14,140000,1
7128,2350,20240812,66,1,1,512000.0,459000.0,53000.0,10.35,373000.0,86000.0,18.74,201546.24,26.3,459000.0,102,6,70000,1
7129,2168,20240104,39,3,1,578000.0,529000.0,49000.0,8.48,446000.0,83000.0,15.69,227526.81,21.54,529000.0,119,6,50000,1
7130,1522,20240508,28,1,1,447000.0,399000.0,48000.0,10.74,338000.0,61000.0,15.29,307896.8,15.59,399000.0,107,14,94035,1
7131,586,20261020,64,2,1,544000.0,499000.0,45000.0,8.27,411000.0,88000.0,17.64,214142.88,21.01,499000.0,93,6,75849,1
7132,949,20250619,3,3,1,544000.0,499000.0,45000.0,8.27,411000.0,88000.0,17.64,214142.88,21.01,499000.0,93,6,75849,1
7133,2351,20250514,84,1,1,791000.0,719000.0,72000.0,9.1,577000.0,142000.0,19.75,224333.17,32.1,719000.0,91,4,50000,1
7134,1691,20241003,74,3,1,671000.0,639000.0,32000.0,4.77,513000.0,126000.0,19.72,190300.32,16.82,639000.0,87,4,44312,1
7135,2352,20240118,92,3,1,2046000.0,1828000.0,218000.0,10.65,1466000.0,362000.0,19.8,163680.0,133.19,1828000.0,91,1,2342,1
7136,2353,20240103,6,1,1,221000.0,198000.0,23000.0,10.41,170000.0,28000.0,14.14,175672.58,13.09,198000.0,11,19,205406,1
7137,1700,20240605,36,2,1,469000.0,445000.0,24000.0,5.12,367000.0,78000.0,17.53,159890.77,15.01,445000.0,74,5,81650,1
7138,2019,20250120,3,2,1,814000.0,749000.0,65000.0,7.99,647000.0,102000.0,13.62,460407.8,14.12,749000.0,29,10,135517,1
7139,1583,20250308,85,3,1,424000.0,369000.0,55000.0,12.97,308000.0,61000.0,16.53,120249.38,45.74,369000.0,43,4,99967,1
7140,2354,20260505,87,2,1,490000.0,449000.0,41000.0,8.37,375000.0,74000.0,16.48,216655.17,18.92,449000.0,50,7,98380,1
7141,2355,20250329,20,1,1,3476000.0,3159000.0,317000.0,9.12,2657000.0,502000.0,15.89,278080.0,114.0,3159000.0,50,1,340,1
7142,1943,20260920,70,1,1,912000.0,799000.0,113000.0,12.39,685000.0,114000.0,14.27,443944.39,25.45,799000.0,84,8,139178,1
7143,2356,20240617,57,2,1,470000.0,419000.0,51000.0,10.85,344000.0,75000.0,17.9,133295.31,38.26,419000.0,100,4,77205,1
7144,2326,20250721,52,2,1,996000.0,899000.0,97000.0,9.74,728000.0,171000.0,19.02,339554.8,28.57,899000.0,32,5,115633,1
7145,2357,20250305,9,2,1,996000.0,899000.0,97000.0,9.74,728000.0,171000.0,19.02,339554.8,28.57,899000.0,32,5,115633,1
7146,2358,20240530,75,3,1,473000.0,419000.0,54000.0,11.42,354000.0,65000.0,15.51,249667.68,21.63,419000.0,47,9,99821,1
7147,2045,20241021,68,3,1,403000.0,355000.0,48000.0,11.91,293000.0,62000.0,17.46,158638.93,30.26,355000.0,53,6,94800,1
7148,2054,20240212,70,1,1,403000.0,355000.0,48000.0,11.91,293000.0,62000.0,17.46,158638.93,30.26,355000.0,53,6,94800,1
7149,1579,20250426,50,1,1,678000.0,619000.0,59000.0,8.7,517000.0,102000.0,16.48,330037.6,17.88,619000.0,76,8,221869,1
7150,1654,20260320,6,3,1,1053000.0,959000.0,94000.0,8.93,817000.0,142000.0,14.81,298638.21,31.48,959000.0,71,4,133410,1
7151,2359,20251102,43,1,1,315000.0,289000.0,26000.0,8.25,243000.0,46000.0,15.92,178167.64,14.59,289000.0,21,10,188782,1
7152,1705,20260815,56,3,1,710000.0,619000.0,91000.0,12.82,526000.0,93000.0,15.02,242052.12,37.6,619000.0,39,5,61718,1
7153,1987,20250822,17,3,1,710000.0,619000.0,91000.0,12.82,526000.0,93000.0,15.02,242052.12,37.6,619000.0,39,5,61718,1
7154,1590,20251008,32,3,1,749000.0,669000.0,80000.0,10.68,564000.0,105000.0,15.7,115046.4,69.54,669000.0,104,2,4579,1
7155,2360,20261221,88,3,1,1481000.0,1399000.0,82000.0,5.54,1202000.0,197000.0,14.08,720922.85,11.37,1399000.0,96,8,155125,1
7156,1583,20260816,11,1,1,431000.0,379000.0,52000.0,12.06,325000.0,54000.0,14.25,122234.63,42.54,379000.0,74,4,75428,1
7157,2122,20250213,26,1,1,724000.0,659000.0,65000.0,8.98,555000.0,104000.0,15.78,284998.98,22.81,659000.0,50,6,95210,1
7158,1689,20240817,18,2,1,1140000.0,1079000.0,61000.0,5.35,922000.0,157000.0,14.55,448755.3,13.59,1079000.0,29,6,108925,1
7159,1691,20250509,30,3,1,607000.0,549000.0,58000.0,9.56,478000.0,71000.0,12.93,172149.47,33.69,549000.0,15,4,141654,1
7160,2361,20251127,64,3,1,425000.0,389000.0,36000.0,8.47,325000.0,64000.0,16.45,120532.99,29.87,389000.0,84,4,108211,1
7161,2331,20240617,32,2,1,852000.0,749000.0,103000.0,12.09,624000.0,125000.0,16.69,414737.52,24.83,749000.0,108,8,129180,1
7162,2362,20261209,57,2,1,2461000.0,2299000.0,162000.0,6.58,1980000.0,319000.0,13.88,196880.0,82.28,2299000.0,13,1,32000,1
7163,2363,20250619,62,2,1,905000.0,799000.0,106000.0,11.71,676000.0,123000.0,15.39,760462.42,13.94,799000.0,102,22,182060,1
7164,2364,20240108,7,2,1,552000.0,499000.0,53000.0,9.6,402000.0,97000.0,19.44,349048.15,15.18,499000.0,19,12,299705,1
7165,2365,20260623,5,3,1,2311000.0,2190000.0,121000.0,5.24,1908000.0,282000.0,12.88,655415.87,18.46,2190000.0,60,4,54805,1
7166,2366,20240109,70,1,1,1262000.0,1100000.0,162000.0,12.84,883000.0,217000.0,19.73,357912.08,45.26,1100000.0,102,4,60443,1
