listing_id,car_key,date_key,location_key,ask_price,mileage,car_age
1,1,20240425,1,269000.0,172500,11
2,2,20260822,2,359000.0,32500,3
3,1247,20241214,2,359000.0,32500,3
4,3,20240819,2,1250000.0,32500,1
5,4,20261101,1,449000.0,112500,4
6,69,20260910,1,449000.0,112500,4
7,1,20250930,1,259000.0,22500,11
8,5,20241011,1,15990000.0,12500,10
9,6,20250927,3,259000.0,207500,14
10,7,20250628,1,819000.0,62500,5
11,8,20250126,4,229000.0,107500,12
12,9,20240317,4,589000.0,22500,1
13,10,20241023,5,269000.0,117152,12
14,949,20241125,5,269000.0,117152,12
15,11,20261222,2,639000.0,112500,3
16,251,20240926,2,639000.0,112500,3
17,12,20240803,1,459000.0,89245,5
18,226,20250524,1,459000.0,89245,5
19,13,20250801,1,659000.0,75378,6
20,282,20261212,1,659000.0,75378,6
21,14,20250510,1,899000.0,93414,4
22,456,20260805,1,899000.0,93414,4
23,15,20240403,6,399000.0,132500,3
24,636,20250916,6,399000.0,132500,3
25,16,20240816,1,869000.0,22500,1
26,17,20240906,6,409000.0,100182,6
27,110,20251221,6,409000.0,100182,6
28,18,20260906,2,759000.0,112500,7
29,167,20240630,2,759000.0,112500,7
30,19,20240923,1,429000.0,73636,6
31,352,20260930,1,429000.0,73636,6
32,11,20241007,6,649000.0,97500,3
33,251,20260819,6,649000.0,97500,3
34,20,20251028,1,1199000.0,98144,3
35,134,20250614,1,1199000.0,98144,3
36,21,20250226,5,919000.0,37500,2
37,22,20260907,1,1459000.0,124261,4
38,23,20250329,1,269000.0,142500,12
39,24,20240923,2,688000.0,40000,3
40,1034,20250521,2,688000.0,40000,3
41,25,20241111,1,499000.0,152500,8
42,418,20260202,1,499000.0,152500,8
43,846,20260616,1,499000.0,152500,8
44,26,20260810,1,1399000.0,142500,6
45,27,20260524,1,659000.0,32500,6
46,163,20260704,1,659000.0,32500,6
47,28,20240122,1,1090000.0,122500,7
48,29,20250118,1,1180000.0,32500,2
49,30,20240412,1,420000.0,52500,4
50,31,20260618,1,799000.0,152500,9
51,32,20260102,1,829000.0,142500,9
52,33,20240419,1,399000.0,162500,11
53,34,20261224,7,268000.0,68033,10
54,35,20251031,1,849000.0,87500,3
55,533,20261108,1,849000.0,87500,3
56,36,20250118,1,599000.0,97500,6
57,37,20240708,1,689000.0,97500,5
58,38,20260131,1,799000.0,97500,4
59,321,20241225,1,799000.0,97500,4
60,39,20260524,1,569000.0,97500,7
61,225,20260604,1,569000.0,97500,7
62,40,20240319,1,459000.0,62500,7
63,886,20250818,1,459000.0,62500,7
64,41,20260604,1,679000.0,97500,7
65,42,20261011,1,579000.0,97500,8
66,43,20240528,1,389000.0,97500,5
67,974,20240110,1,389000.0,97500,5
68,1090,20260302,1,389000.0,97500,5
69,7,20261214,1,649000.0,97500,5
70,12,20260521,1,399000.0,97500,5
71,226,20240628,1,399000.0,97500,5
72,44,20260113,1,199000.0,7500,11
73,45,20250115,1,589000.0,97500,7
74,46,20250326,1,659000.0,97500,4
75,47,20250128,1,799000.0,7500,1
76,48,20260822,1,729000.0,97500,2
77,49,20250308,1,749000.0,97500,3
78,50,20260811,1,469000.0,137500,8
79,105,20260803,1,469000.0,137500,8
80,50,20261129,1,459000.0,197500,8
81,105,20260204,1,459000.0,197500,8
82,51,20260626,2,189000.0,157500,16
83,52,20240325,1,329000.0,132500,8
84,913,20260222,1,329000.0,132500,8
85,53,20260326,2,439000.0,102500,5
86,54,20251207,2,269000.0,172500,9
87,55,20240926,1,419000.0,72500,3
88,11,20260420,1,959000.0,37500,3
89,251,20261108,1,959000.0,37500,3
90,56,20261129,1,549000.0,17500,2
91,219,20250530,1,549000.0,17500,2
92,57,20261122,1,469000.0,127500,4
93,58,20250325,1,839000.0,147500,6
94,59,20251115,2,569000.0,133150,7
95,13,20250916,1,659000.0,77500,6
96,282,20260603,1,659000.0,77500,6
97,60,20241114,8,819000.0,82500,4
98,610,20250502,8,819000.0,82500,4
99,61,20250326,1,369000.0,72500,4
100,62,20241218,4,399000.0,147500,5
101,11,20260812,1,639000.0,112500,3
102,251,20261102,1,639000.0,112500,3
103,63,20241115,5,429000.0,47500,7
104,64,20240325,1,629000.0,182500,3
105,1266,20240904,1,629000.0,182500,3
106,60,20250721,1,979000.0,117500,4
107,610,20251114,1,979000.0,117500,4
108,65,20251005,4,649000.0,28166,2
109,66,20250423,4,429000.0,77500,4
110,67,20251213,6,659000.0,162500,4
111,68,20250102,2,739000.0,122500,5
112,4,20241222,1,549000.0,142500,4
113,69,20250211,1,549000.0,142500,4
114,59,20240627,5,649000.0,117500,7
115,70,20250101,1,619000.0,102500,8
116,1007,20261125,1,619000.0,102500,8
117,71,20250407,1,1649000.0,132500,6
118,72,20260407,9,459000.0,227500,12
119,1008,20240525,9,459000.0,227500,12
120,73,20250114,1,479000.0,27500,4
121,477,20240616,1,479000.0,27500,4
122,74,20240327,2,189000.0,137500,13
123,75,20240602,9,259000.0,167500,11
124,76,20250511,1,938000.0,97500,4
125,1319,20241110,1,938000.0,97500,4
126,57,20251223,1,378000.0,57500,4
127,77,20260202,1,758000.0,140000,8
128,78,20240918,1,528000.0,2500,12
129,185,20250501,1,528000.0,2500,12
130,79,20250329,1,1450000.0,127500,8
131,66,20250318,1,398000.0,12500,4
132,80,20250626,9,399000.0,257500,9
133,81,20241215,1,699000.0,67500,8
134,82,20260403,1,1490000.0,92500,3
135,83,20250313,1,1580000.0,77500,10
136,83,20240617,1,1350000.0,127500,10
137,71,20240123,1,1680000.0,87500,6
138,84,20260914,1,788000.0,67500,5
139,341,20251106,1,788000.0,67500,5
140,84,20241007,1,758000.0,100000,5
141,341,20251222,1,758000.0,100000,5
142,20,20240909,1,1050000.0,87500,3
143,134,20250207,1,1050000.0,87500,3
144,85,20240512,1,778000.0,2500,6
145,86,20250909,1,268000.0,90000,14
146,87,20240819,1,498000.0,142500,7
147,387,20250628,1,498000.0,142500,7
148,12,20240319,1,498000.0,100000,5
149,226,20261124,1,498000.0,100000,5
150,20,20250509,1,1150000.0,87500,3
151,134,20241123,1,1150000.0,87500,3
152,88,20260824,1,798000.0,67500,5
153,68,20251120,1,678000.0,2500,5
154,89,20250118,1,738000.0,127500,3
155,88,20250630,1,828000.0,82500,5
156,90,20250126,1,528000.0,40000,4
157,942,20260627,1,528000.0,40000,4
158,91,20251115,1,378000.0,87500,7
159,151,20250624,1,378000.0,87500,7
160,89,20241023,1,728000.0,17500,3
161,88,20240225,1,778000.0,2500,5
162,92,20261105,1,698000.0,117500,7
163,93,20240306,1,2590000.0,72500,3
164,94,20260815,1,1590000.0,42500,2
165,37,20261112,1,898000.0,30000,5
166,95,20251202,1,698000.0,32500,2
167,96,20260129,1,458000.0,100,6
168,579,20250430,1,458000.0,100,6
169,95,20260331,1,638000.0,50000,2
170,58,20260606,1,848000.0,60000,6
171,97,20240625,1,638000.0,2500,9
172,1009,20240713,1,638000.0,2500,9
173,95,20261102,1,698000.0,2000,2
174,98,20260525,1,648000.0,150000,7
175,99,20240614,1,288000.0,110000,12
176,100,20250710,1,638000.0,110000,7
177,101,20240615,1,498000.0,50000,3
178,1283,20251209,1,498000.0,50000,3
179,98,20251218,1,688000.0,2500,7
180,7,20240406,1,898000.0,50000,5
181,102,20251109,1,268000.0,67500,8
182,103,20250207,1,388000.0,52500,5
183,931,20241017,1,388000.0,52500,5
184,104,20240515,1,498000.0,102500,4
185,1084,20260607,1,498000.0,102500,4
186,50,20260530,1,548000.0,82500,8
187,105,20250101,1,548000.0,82500,8
188,106,20250701,1,758000.0,2500,3
189,107,20260620,1,228000.0,187500,15
190,108,20240904,1,268000.0,102500,7
191,109,20260204,1,498000.0,17500,1
192,17,20240310,1,568000.0,77500,6
193,110,20260115,1,568000.0,77500,6
194,111,20260922,1,698000.0,77500,3
195,112,20241124,1,588000.0,97500,5
196,1023,20261105,1,588000.0,97500,5
197,113,20251129,1,628000.0,2500,4
198,114,20260316,1,348000.0,87500,6
199,592,20240930,1,348000.0,87500,6
200,115,20250607,1,488000.0,157500,8
201,881,20240806,1,488000.0,157500,8
202,116,20261020,1,548000.0,27500,3
203,1287,20250527,1,548000.0,27500,3
204,117,20250408,1,429000.0,87500,5
205,118,20250326,1,529000.0,167500,9
206,119,20260712,1,799000.0,42500,3
207,351,20260721,1,799000.0,42500,3
208,120,20250423,1,769000.0,162500,7
209,111,20241111,1,598000.0,92500,3
210,121,20251101,1,688000.0,12500,1
211,122,20251128,1,749000.0,127500,9
212,123,20260919,1,498000.0,2500,6
213,124,20260206,1,498000.0,57500,4
214,349,20260625,1,498000.0,57500,4
215,1169,20260527,1,498000.0,57500,4
216,125,20261118,1,348000.0,47500,7
217,196,20240329,1,348000.0,47500,7
218,114,20250109,1,348000.0,77500,6
219,592,20241229,1,348000.0,77500,6
220,113,20240526,1,618000.0,2500,4
221,62,20241109,1,388000.0,97500,5
222,126,20250701,1,268000.0,2500,8
223,1129,20260306,1,268000.0,2500,8
224,127,20260617,1,928000.0,47500,4
225,128,20240410,1,188000.0,2500,10
226,129,20240416,1,759000.0,147500,7
227,130,20260506,1,298000.0,2500,13
228,66,20260725,1,398000.0,12500,4
229,35,20241017,1,948000.0,57500,3
230,533,20250908,1,948000.0,57500,3
231,101,20250810,1,478000.0,37500,3
232,1283,20250818,1,478000.0,37500,3
233,131,20260903,1,548000.0,67500,6
234,58,20261209,1,758000.0,127500,6
235,132,20260517,1,538000.0,17500,3
236,133,20260827,1,988000.0,37500,3
237,336,20251222,1,988000.0,37500,3
238,64,20240606,1,538000.0,102500,3
239,1266,20241123,1,538000.0,102500,3
240,20,20260104,1,928000.0,2500,3
241,134,20250924,1,928000.0,2500,3
242,57,20241122,1,429000.0,107500,4
243,135,20250522,1,549000.0,42500,7
244,698,20260519,1,549000.0,42500,7
245,58,20240828,1,758000.0,147500,6
246,50,20250310,1,558000.0,142500,8
247,105,20261117,1,558000.0,142500,8
248,136,20251204,1,388000.0,137500,9
249,137,20250811,1,388000.0,17500,4
250,127,20250216,1,958000.0,102500,4
251,138,20250722,1,518000.0,102500,4
252,328,20260915,1,518000.0,102500,4
253,20,20261207,1,1160000.0,2500,3
254,134,20250428,1,1160000.0,2500,3
255,7,20251029,1,798000.0,2500,5
256,35,20240530,1,998000.0,47500,3
257,533,20240812,1,998000.0,47500,3
258,62,20240912,1,398000.0,77500,5
259,139,20240301,1,418000.0,102500,10
260,140,20250130,1,648000.0,52500,2
261,64,20250114,1,698000.0,67500,3
262,1266,20241214,1,698000.0,67500,3
263,141,20240131,1,818000.0,152500,5
264,322,20240311,1,818000.0,152500,5
265,90,20250131,1,528000.0,42500,4
266,942,20240102,1,528000.0,42500,4
267,142,20260717,1,698000.0,27500,3
268,143,20250715,1,628000.0,2500,6
269,78,20240525,1,528000.0,202500,12
270,185,20240627,1,528000.0,202500,12
271,108,20240920,1,268000.0,97500,7
272,144,20240722,1,328000.0,97500,7
273,596,20251129,1,328000.0,97500,7
274,24,20261119,1,688000.0,37500,3
275,1034,20240228,1,688000.0,37500,3
276,145,20261029,1,279000.0,122500,12
277,269,20260914,1,279000.0,122500,12
278,146,20240615,1,339000.0,137500,8
279,147,20260625,1,379000.0,72500,3
280,831,20260616,1,379000.0,72500,3
281,148,20260301,1,619000.0,182500,11
282,765,20240829,1,619000.0,182500,11
283,149,20260626,1,185000.0,122500,12
284,150,20260215,1,228000.0,102500,7
285,1197,20240717,1,228000.0,102500,7
286,91,20261122,1,269000.0,167500,7
287,151,20250211,1,269000.0,167500,7
288,152,20240808,1,458000.0,132500,5
289,153,20261228,1,333000.0,112500,7
290,1269,20260419,1,333000.0,112500,7
291,154,20260226,1,175000.0,77500,9
292,155,20250707,1,388000.0,137500,8
293,102,20250731,1,159000.0,217500,8
294,156,20250616,1,229000.0,107500,6
295,1092,20241130,1,229000.0,107500,6
296,157,20261017,1,299000.0,2500,11
297,1044,20240902,1,299000.0,2500,11
298,158,20250902,1,135000.0,222500,17
299,159,20241124,1,659000.0,182500,3
300,160,20250630,1,1250000.0,197500,6
301,161,20241204,1,398000.0,72500,3
302,162,20260920,1,439000.0,172500,13
303,237,20260317,1,439000.0,172500,13
304,493,20261030,1,439000.0,172500,13
305,18,20251123,1,759000.0,157500,7
306,167,20250305,1,759000.0,157500,7
307,27,20261225,1,445000.0,262500,6
308,163,20260316,1,445000.0,262500,6
309,164,20250903,1,340000.0,82500,5
310,165,20240204,1,385000.0,297500,6
311,409,20250710,1,385000.0,297500,6
312,166,20250505,1,344000.0,97500,5
313,166,20240910,1,395000.0,122500,5
314,18,20240117,1,365000.0,147500,7
315,167,20240917,1,365000.0,147500,7
316,168,20251228,1,345000.0,62500,4
317,537,20250515,1,345000.0,62500,4
318,100,20261012,1,600000.0,182500,7
319,169,20241012,1,369000.0,127500,6
320,650,20240107,1,369000.0,127500,6
321,170,20251020,1,379000.0,2500,9
322,1207,20260725,1,379000.0,2500,9
323,57,20240221,1,329000.0,97500,4
324,171,20240830,1,209000.0,2500,15
325,115,20250601,2,419000.0,137500,8
326,881,20260827,2,419000.0,137500,8
327,39,20240418,2,555555.0,97500,7
328,225,20260709,2,555555.0,97500,7
329,172,20240306,2,145000.0,177500,18
330,173,20261030,2,129000.0,87500,9
331,174,20240720,2,519000.0,37500,4
332,566,20260619,2,519000.0,37500,4
333,175,20240801,2,429000.0,92500,9
334,582,20240308,2,429000.0,92500,9
335,176,20260128,2,59000.0,2500,27
336,84,20260515,2,629000.0,182500,5
337,341,20241122,2,629000.0,182500,5
338,177,20261209,2,599000.0,12500,29
339,178,20261106,2,189000.0,57500,7
340,179,20250606,2,89000.0,237500,29
341,180,20260914,2,285000.0,132500,10
342,656,20260930,2,285000.0,132500,10
343,181,20250518,2,279000.0,62500,8
344,822,20260125,2,279000.0,62500,8
345,182,20250417,2,135000.0,32500,12
346,183,20260507,2,179000.0,107500,13
347,184,20250624,1,299000.0,160000,12
348,753,20260518,1,299000.0,160000,12
349,78,20260527,1,469000.0,17500,12
350,185,20260728,1,469000.0,17500,12
351,186,20260526,1,199000.0,127500,11
352,424,20260307,1,199000.0,127500,11
353,187,20250416,1,279000.0,27500,15
354,162,20260417,1,449000.0,2500,13
355,237,20240324,1,449000.0,2500,13
356,493,20250111,1,449000.0,2500,13
357,162,20240722,1,489000.0,207500,13
358,237,20261005,1,489000.0,207500,13
359,493,20250518,1,489000.0,207500,13
360,188,20250622,1,299000.0,197500,13
361,189,20240117,1,249000.0,27500,16
362,190,20250728,1,199000.0,2500,21
363,191,20250729,1,399000.0,43000,2
364,522,20261011,1,399000.0,43000,2
365,192,20261128,1,449000.0,27500,10
366,94,20240509,1,1990000.0,2500,2
367,193,20240424,1,5199000.0,27500,2
368,11,20260807,9,895000.0,42500,3
369,251,20261204,9,895000.0,42500,3
370,58,20240803,9,855000.0,102500,6
371,89,20260427,9,865000.0,52500,3
372,194,20251119,9,955000.0,62500,6
373,259,20260929,9,955000.0,62500,6
374,195,20240921,1,275000.0,257500,13
375,216,20250908,1,275000.0,257500,13
376,125,20241027,1,265000.0,72500,7
377,196,20260911,1,265000.0,72500,7
378,197,20250209,1,465000.0,150000,9
379,278,20240609,1,465000.0,150000,9
380,198,20240126,1,2999000.0,7500,1
381,199,20240323,1,2368000.0,7500,1
382,200,20240621,1,1160000.0,77500,5
383,777,20260925,1,1160000.0,77500,5
384,201,20260304,1,1110000.0,97500,6
385,1142,20261229,1,1110000.0,97500,6
386,202,20260414,1,1069000.0,82500,5
387,740,20240106,1,1069000.0,82500,5
388,28,20260306,1,1290000.0,92500,7
389,203,20250608,1,2290000.0,12500,2
390,204,20240303,1,1488000.0,87500,5
391,122,20261102,1,699000.0,188300,9
392,205,20260130,1,1890000.0,47500,6
393,206,20240723,1,3230000.0,2500,1
394,207,20260615,1,2090000.0,22500,6
395,46,20240209,1,789000.0,86148,4
396,208,20261120,1,1190000.0,72500,6
397,368,20260526,1,1190000.0,72500,6
398,209,20260404,1,327000.0,102500,11
399,56,20260627,1,537000.0,32500,2
400,219,20250201,1,537000.0,32500,2
401,210,20250925,1,367000.0,92500,12
402,211,20260418,1,219000.0,107500,12
403,212,20250822,1,139000.0,22500,19
404,183,20250916,1,219000.0,187500,13
405,161,20260726,1,379000.0,72500,3
406,213,20260602,1,469000.0,152500,11
407,214,20250228,1,419000.0,52500,6
408,667,20250121,1,419000.0,52500,6
409,138,20260930,1,699000.0,32500,4
410,328,20260507,1,699000.0,32500,4
411,122,20250914,1,799000.0,122500,9
412,89,20240330,1,799000.0,32500,3
413,215,20250119,1,1099000.0,37500,2
414,97,20260923,1,559000.0,157500,9
415,1009,20251008,1,559000.0,157500,9
416,195,20250225,1,399000.0,37500,13
417,216,20260523,1,399000.0,37500,13
418,153,20240222,1,399000.0,82500,7
419,1269,20260912,1,399000.0,82500,7
420,217,20261010,1,399000.0,32500,7
421,19,20251115,1,459000.0,72500,6
422,352,20240627,1,459000.0,72500,6
423,218,20241019,1,779000.0,47500,1
424,1249,20250109,1,779000.0,47500,1
425,56,20261218,1,499000.0,32500,2
426,219,20261213,1,499000.0,32500,2
427,50,20260306,1,489000.0,147500,8
428,105,20240116,1,489000.0,147500,8
429,40,20240624,1,439000.0,97500,7
430,886,20240508,1,439000.0,97500,7
431,54,20260602,1,259000.0,72500,9
432,220,20250301,1,1780000.0,2500,3
433,169,20241219,1,319000.0,172500,6
434,650,20260119,1,319000.0,172500,6
435,221,20260113,1,349000.0,107500,11
436,962,20261023,1,349000.0,107500,11
437,222,20250423,7,318000.0,335775,14
438,495,20260902,7,318000.0,335775,14
439,223,20240213,1,1299000.0,37500,4
440,1168,20240603,1,1299000.0,37500,4
441,224,20260804,1,909000.0,57500,2
442,39,20260716,1,499000.0,212500,7
443,225,20240408,1,499000.0,212500,7
444,168,20240619,5,379000.0,72500,4
445,537,20240527,5,379000.0,72500,4
446,12,20240502,1,659000.0,97500,5
447,226,20240421,1,659000.0,97500,5
448,227,20261019,4,499000.0,107500,6
449,228,20261008,4,369000.0,32500,5
450,381,20240308,4,369000.0,32500,5
451,229,20260407,10,358000.0,107500,14
452,230,20260610,10,228000.0,162500,8
453,1211,20261025,10,228000.0,162500,8
454,231,20240817,10,289000.0,102500,5
455,1221,20240608,10,289000.0,102500,5
456,25,20240704,10,387000.0,127500,8
457,418,20261010,10,387000.0,127500,8
458,846,20260526,10,387000.0,127500,8
459,232,20250705,10,168000.0,192500,17
460,233,20240526,10,338000.0,142500,5
461,262,20250311,10,338000.0,142500,5
462,234,20260101,10,358000.0,152500,8
463,401,20240229,10,358000.0,152500,8
464,235,20260422,10,428000.0,167500,12
465,236,20250207,10,158000.0,197500,18
466,162,20260530,10,298000.0,182500,13
467,237,20250906,10,298000.0,182500,13
468,493,20241201,10,298000.0,182500,13
469,238,20260410,10,468000.0,157500,9
470,1116,20241011,10,468000.0,157500,9
471,184,20240508,10,289000.0,172500,12
472,753,20241110,10,289000.0,172500,12
473,239,20260817,1,959000.0,127500,9
474,615,20240311,1,959000.0,127500,9
475,240,20241210,1,1180000.0,22500,2
476,241,20240624,1,690000.0,122500,6
477,241,20260602,1,990000.0,102500,6
478,242,20240522,1,970000.0,72500,7
479,243,20260719,1,850000.0,107500,9
480,244,20261112,1,1050000.0,82500,3
481,735,20240629,1,1050000.0,82500,3
482,245,20261204,1,850000.0,122500,5
483,246,20240401,1,890000.0,132500,4
484,247,20240203,1,1050000.0,107500,7
485,248,20251108,1,1990000.0,32500,3
486,249,20260128,1,2090000.0,112500,3
487,250,20250116,1,469000.0,22500,2
488,572,20260823,1,469000.0,22500,2
489,11,20250121,1,439000.0,47500,3
490,251,20250618,1,439000.0,47500,3
491,252,20240718,1,234000.0,97500,9
492,894,20241001,1,234000.0,97500,9
493,253,20250515,1,289000.0,57500,6
494,760,20250403,1,289000.0,57500,6
495,48,20240219,1,678000.0,33714,2
496,254,20260827,1,269000.0,30000,7
497,789,20260914,1,269000.0,30000,7
498,255,20250615,1,1690000.0,69600,4
499,86,20260930,1,249000.0,240000,14
500,256,20250919,4,6290000.0,7500,1
501,257,20241204,1,499000.0,62200,6
502,379,20261212,1,499000.0,62200,6
503,258,20240104,4,5090000.0,1500,1
504,60,20241007,1,719000.0,102500,4
505,610,20240313,1,719000.0,102500,4
506,7,20260206,1,799000.0,82500,5
507,194,20260828,1,1039000.0,42500,6
508,259,20260924,1,1039000.0,42500,6
509,260,20240726,1,819000.0,112500,6
510,138,20240916,1,719000.0,62500,4
511,328,20260718,1,719000.0,62500,4
512,43,20240919,1,339000.0,107500,5
513,974,20260221,1,339000.0,107500,5
514,1090,20250519,1,339000.0,107500,5
515,53,20240721,1,459000.0,57500,5
516,261,20240221,1,399000.0,132500,12
517,233,20241228,1,539000.0,92500,5
518,262,20240214,1,539000.0,92500,5
519,263,20260406,1,599000.0,202500,11
520,264,20260227,1,339000.0,187500,16
521,234,20260209,1,439000.0,117500,8
522,401,20240521,1,439000.0,117500,8
523,265,20260307,1,459000.0,152500,13
524,266,20240206,1,579000.0,112500,6
525,7,20240214,1,859000.0,22500,5
526,39,20260708,1,539000.0,152500,7
527,225,20261205,1,539000.0,152500,7
528,267,20250718,1,459000.0,32500,3
529,531,20241027,1,459000.0,32500,3
530,21,20241014,1,819000.0,72500,2
531,268,20260224,1,299000.0,92500,10
532,145,20240925,1,379000.0,232500,12
533,269,20260301,1,379000.0,232500,12
534,12,20261221,11,685000.0,61843,5
535,226,20250803,11,685000.0,61843,5
536,270,20260724,1,399000.0,122500,19
537,139,20241219,12,329000.0,102500,10
538,241,20260825,1,879000.0,47500,6
539,166,20240311,4,410000.0,51000,5
540,233,20260414,1,410000.0,77500,5
541,262,20250216,1,410000.0,77500,5
542,32,20250903,1,959000.0,82500,9
543,271,20261220,10,600000.0,67500,5
544,688,20250906,10,600000.0,67500,5
545,272,20250612,1,1158000.0,112500,8
546,677,20240709,1,1158000.0,112500,8
547,45,20240318,1,618000.0,127500,7
548,273,20260607,1,1258000.0,137500,11
549,274,20260806,1,598000.0,132500,8
550,307,20240117,1,598000.0,132500,8
551,275,20260325,1,188000.0,237500,15
552,276,20250309,1,489000.0,242500,10
553,277,20261202,1,388000.0,202500,10
554,197,20261227,1,628000.0,172500,9
555,278,20240730,1,628000.0,172500,9
556,194,20240721,1,799000.0,316678,6
557,259,20251226,1,799000.0,316678,6
558,58,20240418,1,619000.0,2500,6
559,227,20260825,1,409000.0,85011,6
560,279,20241010,1,479000.0,28237,8
561,611,20260729,1,479000.0,28237,8
562,255,20260106,1,1620000.0,73000,4
563,170,20260720,1,369000.0,222500,9
564,1207,20250825,1,369000.0,222500,9
565,280,20250505,1,699000.0,67500,5
566,281,20240119,1,699000.0,72500,4
567,13,20260311,1,459000.0,152500,6
568,282,20260129,1,459000.0,152500,6
569,283,20260717,1,529000.0,52500,3
570,284,20241024,1,999000.0,17500,1
571,285,20251205,1,750000.0,52500,5
572,170,20260325,1,360000.0,152500,9
573,1207,20260313,1,360000.0,152500,9
574,286,20250107,4,115000.0,137500,13
575,287,20260716,1,259000.0,179565,12
576,288,20260808,1,10500000.0,12500,11
577,289,20260423,1,3099000.0,50018,7
578,290,20260804,1,1000000.0,3821,2
579,291,20250318,1,850000.0,97500,10
580,292,20240521,1,4790000.0,44000,12
581,293,20250205,13,590000.0,92500,5
582,478,20260402,13,590000.0,92500,5
583,294,20240809,1,2790000.0,67500,3
584,295,20260106,1,2390000.0,57500,4
585,72,20260920,1,429000.0,182500,12
586,1008,20240422,1,429000.0,182500,12
587,296,20261229,1,3390000.0,17500,5
588,198,20250820,1,2590000.0,17500,1
589,103,20260622,3,330000.0,62500,5
590,931,20250429,3,330000.0,62500,5
591,295,20250704,1,2690000.0,27500,4
592,200,20261030,1,1090000.0,82500,5
593,777,20240103,1,1090000.0,82500,5
594,297,20251023,10,528000.0,2500,9
595,1105,20240307,10,528000.0,2500,9
596,298,20251205,1,995000.0,40000,4
597,299,20240407,1,595000.0,87500,5
598,300,20261216,1,1390000.0,87500,6
599,301,20240328,14,209000.0,137500,8
600,195,20260829,1,250000.0,157500,13
601,216,20251014,1,250000.0,157500,13
602,302,20251017,13,299000.0,185958,10
603,175,20260630,1,439000.0,142500,9
604,582,20250105,1,439000.0,142500,9
605,277,20250109,1,459000.0,112500,10
606,303,20240221,1,209000.0,202500,20
607,243,20240210,1,649000.0,127500,9
608,304,20260326,1,239000.0,162500,10
609,1076,20240331,1,239000.0,162500,10
610,305,20240208,1,719000.0,137500,7
611,306,20261102,1,899000.0,142500,4
612,604,20260618,1,899000.0,142500,4
613,274,20250912,1,498000.0,232500,8
614,307,20240413,1,498000.0,232500,8
615,308,20260112,1,189000.0,177500,14
616,4,20240212,1,569000.0,52500,4
617,69,20240727,1,569000.0,52500,4
618,160,20250822,3,1339000.0,147500,6
619,309,20250827,1,115000.0,267500,17
620,18,20250420,1,649000.0,92500,7
621,167,20240418,1,649000.0,92500,7
622,310,20240801,10,420000.0,120128,10
623,479,20250212,10,420000.0,120128,10
624,311,20260209,1,95000.0,77500,16
625,312,20250924,1,2050000.0,5500,3
626,221,20240317,1,330000.0,227500,11
627,962,20240404,1,330000.0,227500,11
628,313,20240925,1,259000.0,187500,12
629,314,20241226,1,395000.0,102500,8
630,695,20250613,1,395000.0,102500,8
631,12,20251113,1,729000.0,82500,5
632,226,20240610,1,729000.0,82500,5
633,168,20250409,1,369000.0,92500,4
634,537,20260402,1,369000.0,92500,4
635,168,20250701,8,369000.0,92500,4
636,537,20240221,8,369000.0,92500,4
637,315,20250502,4,539000.0,52474,5
638,759,20240401,4,539000.0,52474,5
639,12,20251012,1,539000.0,88540,5
640,226,20241222,1,539000.0,88540,5
641,11,20251219,1,959000.0,37500,3
642,251,20240717,1,959000.0,37500,3
643,88,20260325,2,709000.0,79065,5
644,9,20240804,1,599000.0,7500,1
645,21,20250709,1,919000.0,39247,2
646,12,20260313,1,709000.0,91970,5
647,226,20251201,1,709000.0,91970,5
648,168,20250517,1,389000.0,42500,4
649,537,20250413,1,389000.0,42500,4
650,316,20241231,1,889000.0,68617,5
651,9,20250915,1,579000.0,27398,1
652,45,20260708,6,599000.0,162500,7
653,317,20250714,1,1419000.0,152500,7
654,318,20260402,3,295000.0,132500,12
655,1027,20260824,3,295000.0,132500,12
656,319,20251024,10,369000.0,162500,10
657,345,20260120,10,369000.0,162500,10
658,320,20250117,3,979000.0,17500,2
659,609,20241104,3,979000.0,17500,2
660,141,20240624,1,929000.0,188476,5
661,322,20240815,1,929000.0,188476,5
662,38,20241212,1,1190000.0,124826,4
663,321,20261017,1,1190000.0,124826,4
664,141,20241215,1,1050000.0,63369,5
665,322,20250330,1,1050000.0,63369,5
666,38,20250316,1,899000.0,76019,4
667,321,20260130,1,899000.0,76019,4
668,323,20250529,1,249000.0,207500,6
669,964,20241014,1,249000.0,207500,6
670,141,20240108,1,929000.0,50183,5
671,322,20240327,1,929000.0,50183,5
672,38,20260924,1,999000.0,50320,4
673,321,20241012,1,999000.0,50320,4
674,38,20240314,1,999000.0,67639,4
675,321,20260316,1,999000.0,67639,4
676,324,20240606,1,999000.0,2855,3
677,455,20250305,1,999000.0,2855,3
678,324,20260425,1,999000.0,49043,3
679,455,20240205,1,999000.0,49043,3
680,38,20261017,1,929000.0,97332,4
681,321,20260831,1,929000.0,97332,4
682,325,20261014,1,979000.0,15602,1
683,599,20251213,1,979000.0,15602,1
684,324,20261205,1,929000.0,20451,3
685,455,20250502,1,929000.0,20451,3
686,324,20250910,1,899000.0,78173,3
687,455,20240618,1,899000.0,78173,3
688,14,20240525,1,879000.0,113100,4
689,456,20260517,1,879000.0,113100,4
690,316,20250223,1,899000.0,113117,5
691,14,20250726,1,999000.0,87415,4
692,456,20261023,1,999000.0,87415,4
693,14,20260309,1,959000.0,128613,4
694,456,20241116,1,959000.0,128613,4
695,326,20240902,1,719000.0,92500,5
696,316,20250421,1,799000.0,122854,5
697,316,20260221,1,659000.0,139817,5
698,36,20250616,1,799000.0,28481,6
699,36,20240824,1,729000.0,112122,6
700,327,20260901,1,699000.0,135867,4
701,327,20251109,1,729000.0,106830,4
702,138,20250801,1,759000.0,17236,4
703,328,20240509,1,759000.0,17236,4
704,138,20240111,1,659000.0,93173,4
705,328,20240913,1,659000.0,93173,4
706,138,20260326,1,559000.0,94595,4
707,328,20250103,1,559000.0,94595,4
708,214,20260801,1,459000.0,62792,6
709,667,20260531,1,459000.0,62792,6
710,138,20240119,1,489000.0,91652,4
711,328,20240419,1,489000.0,91652,4
712,329,20250519,1,1990000.0,29049,4
713,330,20261123,1,1890000.0,92570,7
714,331,20260929,1,859000.0,82337,3
715,111,20240911,1,679000.0,54467,3
716,35,20250929,1,929000.0,44330,3
717,533,20240513,1,929000.0,44330,3
718,11,20250513,1,729000.0,18414,3
719,251,20250131,1,729000.0,18414,3
720,332,20251008,1,529000.0,158309,10
721,333,20251115,1,899000.0,42186,3
722,88,20240119,1,629000.0,141078,5
723,334,20261007,1,759000.0,175234,4
724,175,20240428,1,459000.0,161320,9
725,582,20241028,1,459000.0,161320,9
726,335,20240814,1,1250000.0,25667,1
727,29,20241221,1,1250000.0,42429,2
728,133,20251201,1,1190000.0,36211,3
729,336,20250501,1,1190000.0,36211,3
730,68,20240810,1,659000.0,174502,5
731,337,20260921,2,289000.0,122500,5
732,526,20250514,2,289000.0,122500,5
733,46,20261111,1,799000.0,60852,4
734,48,20241230,1,759000.0,16880,2
735,338,20261203,1,379000.0,129372,6
736,165,20250602,1,499000.0,54075,6
737,409,20250612,1,499000.0,54075,6
738,339,20240704,1,370000.0,62500,7
739,56,20260308,1,529000.0,57861,2
740,219,20260908,1,529000.0,57861,2
741,20,20241213,1,999000.0,98123,3
742,134,20260710,1,999000.0,98123,3
743,340,20260709,1,1050000.0,72602,4
744,344,20260814,1,1050000.0,72602,4
745,84,20241226,1,499000.0,142287,5
746,341,20240630,1,499000.0,142287,5
747,342,20240406,1,950000.0,57500,8
748,343,20250716,1,1790000.0,43322,2
749,714,20241109,1,1790000.0,43322,2
750,20,20260812,1,1290000.0,29919,3
751,134,20240121,1,1290000.0,29919,3
752,343,20260315,1,1290000.0,59690,2
753,714,20250729,1,1290000.0,59690,2
754,92,20250206,1,629000.0,152325,7
755,20,20250904,1,1050000.0,86052,3
756,134,20260827,1,1050000.0,86052,3
757,340,20251123,1,999000.0,133958,4
758,344,20260816,1,999000.0,133958,4
759,92,20260521,1,599000.0,102779,7
760,20,20260419,1,1100000.0,30351,3
761,134,20240412,1,1100000.0,30351,3
762,319,20241128,1,295000.0,184481,10
763,345,20260122,1,295000.0,184481,10
764,346,20240513,1,1050000.0,47590,1
765,20,20250228,1,959000.0,86494,3
766,134,20260725,1,959000.0,86494,3
767,347,20250519,1,459000.0,227500,14
768,1239,20260520,1,459000.0,227500,14
769,139,20240708,1,379000.0,92500,10
770,348,20250903,1,289000.0,97500,9
771,1309,20240221,1,289000.0,97500,9
772,124,20250903,1,799000.0,74650,4
773,349,20250108,1,799000.0,74650,4
774,1169,20250109,1,799000.0,74650,4
775,350,20250123,1,759000.0,33279,2
776,119,20251104,1,759000.0,40728,3
777,351,20260314,1,759000.0,40728,3
778,119,20250207,1,1290000.0,5794,3
779,351,20250815,1,1290000.0,5794,3
780,19,20260101,1,559000.0,77500,6
781,352,20250519,1,559000.0,77500,6
782,353,20240323,1,990000.0,114000,8
783,354,20241114,1,759000.0,202500,8
784,355,20261226,1,1389000.0,237500,9
785,356,20250217,1,1690000.0,58257,3
786,255,20250328,1,1590000.0,71639,4
787,357,20260115,1,599000.0,97500,17
788,358,20240716,1,729000.0,157500,11
789,359,20240915,1,1259000.0,132500,9
790,360,20241024,1,1100000.0,71549,3
791,1073,20241026,1,1100000.0,71549,3
792,361,20240508,1,699000.0,169964,19
793,362,20250512,1,579000.0,232000,4
794,363,20250313,1,2390000.0,143581,3
795,364,20240725,1,1099000.0,67500,10
796,365,20241020,1,859000.0,104587,4
797,642,20240129,1,859000.0,104587,4
798,365,20240627,1,999000.0,61623,4
799,642,20240210,1,999000.0,61623,4
800,366,20241209,1,899000.0,121499,5
801,406,20260326,1,899000.0,121499,5
802,367,20260106,1,1990000.0,66388,7
803,208,20250917,1,999000.0,47195,6
804,368,20241004,1,999000.0,47195,6
805,317,20250612,2,1260000.0,97500,7
806,27,20240326,2,550000.0,137500,6
807,163,20241112,2,550000.0,137500,6
808,369,20251123,4,105000.0,92500,13
809,370,20260512,1,529000.0,97500,8
810,371,20241110,15,69900.0,205546,24
811,40,20240812,1,488000.0,112500,7
812,886,20261213,1,488000.0,112500,7
813,318,20240308,1,299000.0,162500,12
814,1027,20261017,1,299000.0,162500,12
815,71,20260505,16,2050000.0,137500,6
816,372,20261231,1,468000.0,137500,9
817,429,20260601,1,468000.0,137500,9
818,373,20260828,1,199000.0,132500,13
819,374,20240718,1,899000.0,72500,6
820,375,20241127,10,669000.0,32500,2
821,376,20250630,1,169000.0,202500,24
822,377,20240306,1,430000.0,52000,6
823,119,20251231,12,1540000.0,16600,3
824,351,20250721,12,1540000.0,16600,3
825,378,20251018,1,999000.0,102500,8
826,183,20250207,1,239000.0,112500,13
827,47,20250909,4,940000.0,17500,1
828,77,20250818,1,735000.0,104183,8
829,257,20251009,1,565000.0,58310,6
830,379,20240525,1,565000.0,58310,6
831,277,20260130,1,385000.0,206079,10
832,380,20240504,17,3190000.0,137500,5
833,228,20250424,1,299000.0,62500,5
834,381,20260928,1,299000.0,62500,5
835,20,20251212,1,999000.0,27500,3
836,134,20251215,1,999000.0,27500,3
837,382,20260325,1,799000.0,182500,7
838,383,20261119,3,1750000.0,22000,1
839,384,20240225,1,659000.0,167500,9
840,20,20240511,1,1159000.0,77500,3
841,134,20240818,1,1159000.0,77500,3
842,385,20250129,1,589000.0,137000,7
843,386,20260908,4,749000.0,117500,9
844,1022,20260820,4,749000.0,117500,9
845,362,20260721,1,629000.0,77500,4
846,87,20260626,1,559000.0,236000,7
847,387,20250616,1,559000.0,236000,7
848,115,20260822,4,430000.0,132500,8
849,881,20250323,4,430000.0,132500,8
850,388,20240505,1,899000.0,122500,14
851,389,20250708,1,1040000.0,182500,7
852,390,20251124,17,2890000.0,77500,5
853,391,20250503,1,5050000.0,22500,3
854,392,20250903,1,439000.0,89000,13
855,393,20260609,18,2690000.0,32500,4
856,394,20250321,1,3990000.0,47000,2
857,395,20250522,1,299000.0,12500,6
858,776,20250401,1,299000.0,12500,6
859,396,20260912,3,1198000.0,63000,5
860,1053,20250119,3,1198000.0,63000,5
861,397,20251212,3,638000.0,98000,10
862,398,20260717,3,969000.0,55000,3
863,1257,20250327,3,969000.0,55000,3
864,399,20251015,1,899000.0,67500,12
865,400,20250604,2,339000.0,137500,8
866,1181,20250621,2,339000.0,137500,8
867,313,20240524,1,250000.0,82500,12
868,194,20261227,1,799000.0,17500,6
869,259,20251130,1,799000.0,17500,6
870,305,20240510,1,599000.0,82000,7
871,234,20260102,19,500999.0,142500,8
872,401,20250527,19,500999.0,142500,8
873,402,20251001,3,429000.0,277500,11
874,403,20240101,20,185900.0,97500,12
875,124,20250307,1,680000.0,107500,4
876,349,20250125,1,680000.0,107500,4
877,1169,20250202,1,680000.0,107500,4
878,235,20260318,4,350000.0,67500,12
879,404,20250129,1,310000.0,177500,13
880,651,20260809,1,310000.0,177500,13
881,215,20240622,3,1038000.0,31000,2
882,405,20261204,4,649000.0,17500,8
883,366,20260504,3,1088000.0,46000,5
884,406,20250622,3,1088000.0,46000,5
885,407,20260114,3,988000.0,98000,8
886,889,20251221,3,988000.0,98000,8
887,408,20240219,3,488000.0,87500,4
888,520,20261220,3,488000.0,87500,4
889,243,20240830,3,698000.0,81000,9
890,165,20250819,1,575000.0,141142,6
891,409,20241002,1,575000.0,141142,6
892,410,20261120,3,1798000.0,44000,8
893,411,20240108,17,699900.0,77500,11
894,973,20251215,17,699900.0,77500,11
895,412,20240202,3,1598000.0,37000,3
896,343,20260320,3,1248000.0,19000,2
897,714,20260716,3,1248000.0,19000,2
898,66,20260511,1,395000.0,32500,4
899,413,20240206,1,225000.0,142500,11
900,11,20240203,1,595000.0,43121,3
901,251,20250330,1,595000.0,43121,3
902,414,20250319,1,888000.0,97500,17
903,415,20240730,1,409000.0,97500,2
904,415,20251202,1,369000.0,92500,2
905,416,20250830,10,175000.0,162500,16
906,30,20260908,1,329000.0,157500,4
907,417,20241226,1,849000.0,32500,2
908,274,20241030,1,569000.0,152500,8
909,307,20241022,1,569000.0,152500,8
910,25,20240531,10,550000.0,247500,8
911,418,20250822,10,550000.0,247500,8
912,846,20240729,10,550000.0,247500,8
913,419,20240819,1,759000.0,158000,11
914,420,20260519,2,2100000.0,32500,2
915,421,20251125,1,729000.0,62500,15
916,422,20250101,1,315000.0,225480,18
917,1000,20250425,1,315000.0,225480,18
918,423,20250725,1,1090000.0,32500,1
919,186,20260718,1,335000.0,150979,11
920,424,20261105,1,335000.0,150979,11
921,123,20250410,1,365000.0,94932,6
922,315,20241020,1,645000.0,38286,5
923,759,20240619,1,645000.0,38286,5
924,416,20261121,1,170000.0,282500,16
925,425,20240919,1,319000.0,52500,6
926,426,20250711,1,115000.0,77500,14
927,427,20240707,1,259000.0,177500,8
928,428,20260224,1,259000.0,112500,8
929,504,20250805,1,259000.0,112500,8
930,316,20260928,1,798000.0,117500,5
931,12,20250822,1,588000.0,67500,5
932,226,20260425,1,588000.0,67500,5
933,372,20241207,1,638000.0,142500,9
934,429,20260811,1,638000.0,142500,9
935,430,20240122,21,85000.0,377500,14
936,431,20240614,1,219000.0,137500,8
937,432,20240821,1,119000.0,27500,16
938,433,20251002,4,69000.0,157500,14
939,434,20250829,1,849999.0,87500,6
940,435,20250623,1,70000.0,200708,22
941,436,20261124,1,249000.0,156000,12
942,437,20241113,1,519000.0,157500,8
943,280,20241208,4,659000.0,74000,5
944,438,20260905,12,429000.0,7017,1
945,629,20250928,12,429000.0,7017,1
946,183,20240319,1,239000.0,70000,13
947,439,20260611,1,300000.0,28300,4
948,316,20250726,1,798000.0,77500,5
949,36,20250324,1,798000.0,112500,6
950,45,20241008,1,658000.0,202500,7
951,316,20251105,1,858000.0,112500,5
952,45,20240226,1,728000.0,107500,7
953,316,20240709,1,888000.0,137500,5
954,14,20251005,1,948000.0,152500,4
955,456,20240211,1,948000.0,152500,4
956,316,20251109,1,788000.0,182500,5
957,392,20250516,1,439000.0,87500,13
958,440,20260228,10,315000.0,137500,10
959,594,20260119,10,315000.0,137500,10
960,441,20260111,1,719000.0,122500,5
961,442,20240613,1,330000.0,162500,10
962,443,20260124,1,579000.0,122500,3
963,444,20240330,1,1259000.0,82500,3
964,445,20260913,1,289000.0,17500,12
965,446,20261217,1,299000.0,82500,7
966,447,20251009,1,1200000.0,122500,11
967,448,20260119,1,1688000.0,147500,5
968,449,20260329,1,1788000.0,97500,7
969,450,20240830,1,1988000.0,122500,5
970,4,20251024,4,589000.0,2500,4
971,69,20260507,4,589000.0,2500,4
972,451,20240806,1,2388000.0,96652,3
973,452,20240109,1,1888000.0,242500,5
974,330,20250305,1,1688000.0,202500,7
975,71,20240113,1,1880000.0,202500,6
976,71,20260625,1,1988000.0,92500,6
977,330,20260827,1,1888000.0,127500,7
978,330,20251120,1,1888000.0,107500,7
979,452,20261226,1,1980000.0,242500,5
980,71,20251107,1,1980000.0,182500,6
981,71,20240702,1,1988000.0,122500,6
982,14,20261001,1,999000.0,188000,4
983,456,20240726,1,999000.0,188000,4
984,453,20250611,1,899000.0,97000,5
985,334,20260328,1,749000.0,124000,4
986,454,20260929,1,1269000.0,97000,5
987,324,20250330,1,1199000.0,49000,3
988,455,20260620,1,1199000.0,49000,3
989,14,20240831,1,1099000.0,72000,4
990,456,20260209,1,1099000.0,72000,4
991,372,20240825,1,599000.0,180000,9
992,429,20241210,1,599000.0,180000,9
993,434,20241105,1,850000.0,120000,6
994,340,20240207,1,899000.0,118000,4
995,344,20240201,1,899000.0,118000,4
996,327,20241018,1,699000.0,154000,4
997,457,20241018,1,1279000.0,118000,3
998,138,20260127,1,729000.0,104000,4
999,328,20250731,1,729000.0,104000,4
1000,359,20250827,1,1189000.0,126000,9
1001,458,20250322,1,559000.0,22500,11
1002,364,20241004,1,1099000.0,69000,10
1003,89,20260920,1,639000.0,92000,3
1004,88,20250615,1,729000.0,131000,5
1005,359,20260910,1,1259000.0,132000,9
1006,459,20250824,1,929000.0,43000,4
1007,316,20250715,1,789000.0,66000,5
1008,460,20261030,1,2239000.0,27000,5
1009,461,20250813,1,869000.0,71000,3
1010,279,20240228,1,479000.0,160000,8
1011,611,20250403,1,479000.0,160000,8
1012,462,20240413,1,2269000.0,40000,3
1013,316,20260410,1,769000.0,151000,5
1014,463,20260227,1,369000.0,216000,9
1015,305,20240413,1,719000.0,92500,7
1016,464,20260111,1,2399999.0,75341,6
1017,465,20241027,4,550000.0,62500,14
1018,647,20251015,4,550000.0,62500,14
1019,466,20250708,10,429000.0,237500,8
1020,467,20250919,1,460000.0,42500,3
1021,468,20260717,1,1799000.0,2500,1
1022,469,20241225,1,309000.0,152500,10
1023,802,20240327,1,309000.0,152500,10
1024,470,20250303,1,580000.0,127500,8
1025,1305,20250101,1,580000.0,127500,8
1026,137,20241208,1,379000.0,57500,4
1027,471,20241212,1,180000.0,332500,29
1028,472,20240405,1,2395000.0,67500,4
1029,473,20260602,10,575000.0,107500,4
1030,1188,20250430,10,575000.0,107500,4
1031,474,20250826,6,400000.0,117500,7
1032,169,20250215,1,379000.0,37500,6
1033,650,20250323,1,379000.0,37500,6
1034,430,20240903,1,139000.0,147500,14
1035,475,20260208,4,115000.0,242500,22
1036,309,20251129,4,175000.0,112500,17
1037,476,20250224,17,4150000.0,37500,3
1038,73,20240503,9,619000.0,82500,4
1039,477,20260729,9,619000.0,82500,4
1040,293,20260526,9,419000.0,67500,5
1041,478,20240113,9,419000.0,67500,5
1042,14,20260310,9,859000.0,57500,4
1043,456,20261112,9,859000.0,57500,4
1044,329,20260802,9,2390000.0,37500,4
1045,310,20240718,9,609000.0,87500,10
1046,479,20241029,9,609000.0,87500,10
1047,54,20260107,1,269000.0,137500,9
1048,480,20240624,4,179000.0,120274,16
1049,481,20261118,9,730000.0,127500,8
1050,277,20251107,1,459000.0,122500,10
1051,482,20250618,1,439000.0,92500,8
1052,483,20250421,1,499000.0,122500,7
1053,527,20250117,1,499000.0,122500,7
1054,56,20250709,22,549000.0,32500,2
1055,219,20241129,22,549000.0,32500,2
1056,484,20260616,1,610000.0,37500,9
1057,1130,20260719,1,610000.0,37500,9
1058,485,20251115,1,459000.0,172500,8
1059,567,20250714,1,459000.0,172500,8
1060,120,20240502,1,660000.0,107500,7
1061,280,20261124,1,749000.0,70291,5
1062,486,20250909,1,79000.0,217500,23
1063,487,20260914,1,139000.0,172500,25
1064,45,20260419,10,740000.0,73500,7
1065,488,20250219,1,459000.0,147500,11
1066,1212,20251208,1,459000.0,147500,11
1067,152,20250928,1,499000.0,192500,5
1068,489,20241212,1,579000.0,292944,17
1069,993,20240206,1,579000.0,292944,17
1070,58,20250526,3,739000.0,67500,6
1071,58,20260428,3,739000.0,107500,6
1072,490,20250618,1,159000.0,252500,14
1073,87,20260628,1,529000.0,157500,7
1074,387,20260211,1,529000.0,157500,7
1075,491,20251025,1,650000.0,37500,13
1076,492,20261107,1,269000.0,87500,9
1077,1316,20240127,1,269000.0,87500,9
1078,119,20250619,17,969000.0,57500,3
1079,351,20261118,17,969000.0,57500,3
1080,162,20261004,1,650000.0,127500,13
1081,237,20251019,1,650000.0,127500,13
1082,493,20251001,1,650000.0,127500,13
1083,118,20240211,1,789000.0,105000,9
1084,213,20240731,1,450000.0,227500,11
1085,308,20260415,10,130000.0,282500,14
1086,494,20251202,23,430000.0,222500,14
1087,222,20240320,1,278000.0,217500,14
1088,495,20260812,1,278000.0,217500,14
1089,496,20260620,1,709000.0,97500,3
1090,497,20250227,1,469000.0,147500,9
1091,713,20260707,1,469000.0,147500,9
1092,498,20250530,1,629000.0,117500,5
1093,499,20240613,1,369000.0,117500,8
1094,500,20260923,2,1790000.0,67500,4
1095,126,20260919,1,269000.0,187500,8
1096,1129,20260611,1,269000.0,187500,8
1097,174,20261012,1,529000.0,92500,4
1098,566,20261201,1,529000.0,92500,4
1099,501,20260110,24,135000.0,240059,19
1100,502,20260124,1,489000.0,112500,5
1101,64,20250219,17,799000.0,2500,3
1102,1266,20261214,17,799000.0,2500,3
1103,503,20241201,25,135000.0,230343,19
1104,428,20260530,1,469000.0,112500,8
1105,504,20260829,1,469000.0,112500,8
1106,59,20251115,10,867000.0,62500,7
1107,505,20260110,10,2284000.0,52500,5
1108,38,20240130,10,1085000.0,42500,4
1109,321,20250728,10,1085000.0,42500,4
1110,84,20240808,4,690000.0,68500,5
1111,341,20260406,4,690000.0,68500,5
1112,18,20250816,1,469000.0,117500,7
1113,167,20260123,1,469000.0,117500,7
1114,168,20261128,1,430000.0,27500,4
1115,537,20261017,1,430000.0,27500,4
1116,506,20250506,26,89000.0,192500,23
1117,10,20250313,4,189000.0,119000,12
1118,949,20250423,4,189000.0,119000,12
1119,507,20260221,1,679000.0,182500,8
1120,45,20260806,1,699000.0,82500,7
1121,452,20261004,1,1900000.0,52500,5
1122,508,20240312,1,849000.0,82500,3
1123,485,20250804,1,499000.0,124977,8
1124,567,20240807,1,499000.0,124977,8
1125,509,20261024,1,999000.0,113068,6
1126,510,20260929,1,239000.0,142500,13
1127,124,20241016,4,598000.0,187500,4
1128,349,20250114,4,598000.0,187500,4
1129,1169,20260314,4,598000.0,187500,4
1130,187,20260112,4,230000.0,330000,15
1131,511,20240320,4,858000.0,157500,3
1132,512,20240306,4,348000.0,167500,10
1133,513,20240515,4,268000.0,147500,12
1134,63,20250202,4,498000.0,37500,7
1135,302,20241212,1,259000.0,157500,10
1136,514,20240228,26,120000.0,17500,15
1137,397,20260216,1,629000.0,192500,10
1138,257,20250602,1,489000.0,152500,6
1139,379,20251214,1,489000.0,152500,6
1140,515,20260903,13,460000.0,12000,1
1141,516,20240319,9,289000.0,2500,4
1142,1191,20240424,9,289000.0,2500,4
1143,517,20260912,1,169000.0,142500,15
1144,518,20240505,1,2700000.0,27500,3
1145,257,20250726,1,459000.0,107500,6
1146,379,20260822,1,459000.0,107500,6
1147,15,20250514,27,450000.0,22500,3
1148,636,20260408,27,450000.0,22500,3
1149,59,20250917,1,689000.0,152500,7
1150,59,20250327,1,719000.0,92500,7
1151,227,20250119,1,410000.0,122500,6
1152,519,20241228,1,489000.0,77500,10
1153,61,20250512,1,359000.0,77583,4
1154,48,20250620,1,765000.0,27500,2
1155,127,20240116,1,679000.0,85279,4
1156,340,20260907,1,799000.0,89147,4
1157,344,20250911,1,799000.0,89147,4
1158,119,20241026,1,779000.0,79154,3
1159,351,20241204,1,779000.0,79154,3
1160,11,20241029,1,699000.0,93536,3
1161,251,20250814,1,699000.0,93536,3
1162,214,20240316,1,459000.0,133000,6
1163,667,20260702,1,459000.0,133000,6
1164,266,20260218,1,535000.0,81827,6
1165,4,20260709,1,639000.0,79513,4
1166,69,20241231,1,639000.0,79513,4
1167,408,20251014,1,579000.0,42784,4
1168,520,20261002,1,579000.0,42784,4
1169,178,20250130,1,150000.0,88000,7
1170,98,20260314,28,599000.0,180000,7
1171,45,20261117,1,659000.0,155121,7
1172,271,20260424,28,528000.0,98000,5
1173,688,20260521,28,528000.0,98000,5
1174,521,20240424,28,458000.0,99000,7
1175,885,20250107,28,458000.0,99000,7
1176,125,20260429,28,314000.0,50000,7
1177,196,20240330,28,314000.0,50000,7
1178,118,20260126,28,539000.0,100000,9
1179,191,20240131,28,508000.0,30000,2
1180,522,20241223,28,508000.0,30000,2
1181,523,20250414,28,399000.0,99000,10
1182,1063,20240926,28,399000.0,99000,10
1183,524,20240727,1,419000.0,32072,2
1184,43,20251120,28,347000.0,89000,5
1185,974,20250401,28,347000.0,89000,5
1186,1090,20250324,28,347000.0,89000,5
1187,484,20240308,28,509000.0,100000,9
1188,1130,20260523,28,509000.0,100000,9
1189,525,20250411,28,599000.0,180000,11
1190,72,20240507,28,462000.0,200000,12
1191,1008,20260102,28,462000.0,200000,12
1192,337,20261108,1,339000.0,67106,5
1193,526,20250102,1,339000.0,67106,5
1194,483,20240227,28,529000.0,90000,7
1195,527,20250710,28,529000.0,90000,7
1196,89,20240217,1,779000.0,82145,3
1197,115,20250715,1,499000.0,90001,8
1198,881,20250815,1,499000.0,90001,8
1199,60,20260322,1,829000.0,58168,4
1200,610,20240228,1,829000.0,58168,4
1201,528,20240609,1,600000.0,152500,8
1202,281,20240412,1,619000.0,92500,4
1203,529,20260425,1,399000.0,37500,9
1204,530,20250215,29,169000.0,172500,15
1205,267,20260224,1,557000.0,102500,3
1206,531,20240701,1,557000.0,102500,3
1207,532,20250220,1,750000.0,73500,2
1208,66,20250202,4,389000.0,107500,4
1209,59,20260814,1,649000.0,111921,7
1210,35,20260217,1,1179000.0,22500,3
1211,533,20251016,1,1179000.0,22500,3
1212,534,20250312,5,519000.0,94156,9
1213,814,20241113,5,519000.0,94156,9
1214,27,20250828,5,759000.0,97500,6
1215,163,20260629,5,759000.0,97500,6
1216,535,20250511,6,589000.0,58281,6
1217,854,20250302,6,589000.0,58281,6
1218,536,20260328,5,489000.0,105384,4
1219,1185,20261019,5,489000.0,105384,4
1220,16,20240827,6,869000.0,12500,1
1221,103,20261218,5,369000.0,32500,5
1222,931,20260307,5,369000.0,32500,5
1223,56,20240721,2,549000.0,15326,2
1224,219,20241013,2,549000.0,15326,2
1225,434,20240313,6,689000.0,82500,6
1226,168,20251226,6,519000.0,97500,4
1227,537,20241202,6,519000.0,97500,4
1228,65,20240721,4,649000.0,28166,2
1229,118,20240818,1,720000.0,168000,9
1230,538,20260622,1,535000.0,97500,15
1231,539,20261216,1,399000.0,167500,7
1232,540,20251005,1,178000.0,132500,31
1233,541,20260703,1,178000.0,222500,21
1234,542,20241006,1,275000.0,2500,13
1235,543,20260319,1,115000.0,2500,24
1236,544,20250410,1,145000.0,2500,30
1237,545,20260106,1,299000.0,2500,21
1238,546,20260314,1,289000.0,2500,25
1239,122,20240922,3,769000.0,72500,9
1240,113,20240903,10,625000.0,67500,4
1241,191,20240318,10,725000.0,7500,2
1242,522,20260503,10,725000.0,7500,2
1243,547,20240909,1,999000.0,2500,1
1244,548,20250419,1,990000.0,257500,21
1245,549,20240624,1,245000.0,91000,10
1246,1231,20260828,1,245000.0,91000,10
1247,47,20240910,1,919000.0,6787,1
1248,175,20260621,1,425000.0,247500,9
1249,582,20240416,1,425000.0,247500,9
1250,7,20240227,1,689000.0,122500,5
1251,148,20260730,1,559990.0,102500,11
1252,765,20240324,1,559990.0,102500,11
1253,550,20251212,1,999000.0,82600,7
1254,551,20260619,30,539000.0,98000,9
1255,575,20251018,30,539000.0,98000,9
1256,552,20250331,1,1059000.0,112500,15
1257,553,20251020,1,439000.0,202500,11
1258,92,20260211,1,639000.0,152500,7
1259,12,20260301,1,659000.0,102500,5
1260,226,20260430,1,659000.0,102500,5
1261,554,20250609,1,1499000.0,127500,8
1262,555,20240922,1,1539000.0,97500,6
1263,122,20240520,1,729000.0,222500,9
1264,556,20260613,1,1099000.0,162500,14
1265,868,20250209,1,1099000.0,162500,14
1266,208,20241019,1,899000.0,107500,6
1267,368,20261120,1,899000.0,107500,6
1268,557,20241220,20,1490000.0,82500,3
1269,208,20240723,1,869000.0,127500,6
1270,368,20260920,1,869000.0,127500,6
1271,45,20241017,1,659000.0,142500,7
1272,558,20240420,1,539000.0,72500,10
1273,806,20261227,1,539000.0,72500,10
1274,559,20250107,1,3999500.0,27500,4
1275,560,20240714,1,869000.0,162500,13
1276,561,20240505,1,354998.0,157500,10
1277,562,20240918,1,319000.0,122500,10
1278,957,20260605,1,319000.0,122500,10
1279,139,20260712,1,329000.0,152500,10
1280,563,20240603,31,350000.0,150000,14
1281,564,20240417,1,490000.0,59000,12
1282,227,20240204,28,399000.0,87134,6
1283,565,20261203,32,119000.0,157500,13
1284,174,20251016,1,500000.0,40651,4
1285,566,20251223,1,500000.0,40651,4
1286,174,20260924,12,490000.0,72500,4
1287,566,20250219,12,490000.0,72500,4
1288,485,20260926,1,559000.0,154000,8
1289,567,20241011,1,559000.0,154000,8
1290,568,20250601,1,649000.0,97500,6
1291,569,20240127,1,2150000.0,92500,5
1292,570,20240814,1,345000.0,182500,15
1293,64,20260427,3,928000.0,12500,3
1294,1266,20240118,3,928000.0,12500,3
1295,571,20240212,1,1200000.0,97500,11
1296,250,20240329,3,628000.0,7500,2
1297,572,20250808,3,628000.0,7500,2
1298,510,20240605,3,185000.0,162500,13
1299,573,20240513,3,599000.0,67500,6
1300,310,20250408,17,369000.0,207500,10
1301,479,20260110,17,369000.0,207500,10
1302,155,20261123,30,420000.0,172500,8
1303,103,20240323,30,419000.0,132500,5
1304,931,20260717,30,419000.0,132500,5
1305,125,20260515,30,389000.0,82500,7
1306,196,20240722,30,389000.0,82500,7
1307,96,20260819,3,344000.0,42500,6
1308,579,20250511,3,344000.0,42500,6
1309,574,20250317,3,450000.0,87500,4
1310,551,20260407,3,428000.0,267500,9
1311,575,20260520,3,428000.0,267500,9
1312,576,20260518,3,308000.0,177500,14
1313,937,20240320,3,308000.0,177500,14
1314,577,20260322,33,288000.0,152500,19
1315,578,20260703,33,158000.0,112500,18
1316,305,20250723,33,669000.0,132500,7
1317,334,20260511,33,849000.0,142500,4
1318,96,20240617,33,519000.0,182500,6
1319,579,20261008,33,519000.0,182500,6
1320,9,20240823,33,589000.0,22500,1
1321,168,20250202,33,379000.0,77500,4
1322,537,20250810,33,379000.0,77500,4
1323,580,20260331,33,429000.0,27629,2
1324,141,20261009,33,899000.0,157500,5
1325,322,20250421,33,899000.0,157500,5
1326,60,20260424,33,859000.0,87500,4
1327,610,20250807,33,859000.0,87500,4
1328,165,20250906,33,609000.0,127424,6
1329,409,20250828,33,609000.0,127424,6
1330,36,20260818,33,659000.0,172500,6
1331,118,20260216,33,559000.0,87401,9
1332,581,20241223,33,399000.0,67500,6
1333,1113,20261217,33,399000.0,67500,6
1334,175,20250604,33,579000.0,123965,9
1335,582,20250608,33,579000.0,123965,9
1336,524,20250127,33,459000.0,55000,2
1337,492,20240601,33,256000.0,117500,9
1338,1316,20260611,33,256000.0,117500,9
1339,583,20260910,33,475000.0,2500,3
1340,161,20250424,33,398000.0,47500,3
1341,584,20250805,33,219000.0,147500,11
1342,585,20260506,33,168000.0,2500,8
1343,586,20240120,33,333000.0,12500,2
1344,25,20250815,33,369000.0,177500,8
1345,418,20240815,33,369000.0,177500,8
1346,846,20240119,33,369000.0,177500,8
1347,337,20250319,33,299000.0,197500,5
1348,526,20250102,33,299000.0,197500,5
1349,587,20260617,33,355000.0,47500,5
1350,1233,20260607,33,355000.0,47500,5
1351,43,20251226,33,358000.0,77500,5
1352,974,20240526,33,358000.0,77500,5
1353,1090,20250305,33,358000.0,77500,5
1354,588,20260427,33,159000.0,167500,14
1355,589,20240716,33,369000.0,37500,3
1356,314,20260923,33,428000.0,207500,8
1357,695,20250718,33,428000.0,207500,8
1358,590,20250103,33,155000.0,107500,8
1359,516,20260312,33,290000.0,137500,4
1360,1191,20251130,33,290000.0,137500,4
1361,59,20260922,33,550000.0,2500,7
1362,27,20250601,33,759000.0,122500,6
1363,163,20260213,33,759000.0,122500,6
1364,591,20250714,33,299000.0,2500,12
1365,897,20240229,33,299000.0,2500,12
1366,214,20250628,33,389000.0,182500,6
1367,667,20261013,33,389000.0,182500,6
1368,252,20241029,33,235000.0,277500,9
1369,894,20241009,33,235000.0,277500,9
1370,114,20250422,33,267000.0,177500,6
1371,592,20261111,33,267000.0,177500,6
1372,529,20250712,33,345000.0,72500,9
1373,154,20241214,33,189000.0,172500,9
1374,593,20251031,33,239000.0,137500,8
1375,214,20240914,33,333000.0,297500,6
1376,667,20251016,33,333000.0,297500,6
1377,161,20261206,33,398000.0,9944,3
1378,440,20261116,33,290000.0,197500,10
1379,594,20261116,33,290000.0,197500,10
1380,595,20240524,33,399000.0,92500,5
1381,144,20250809,33,297000.0,117500,7
1382,596,20250605,33,297000.0,117500,7
1383,597,20260311,33,1790000.0,34000,1
1384,434,20250116,33,699000.0,102500,6
1385,136,20260214,33,399000.0,130000,9
1386,316,20251103,33,699000.0,75000,5
1387,138,20241122,33,459000.0,72500,4
1388,328,20250921,33,459000.0,72500,4
1389,64,20240324,33,859000.0,52500,3
1390,1266,20240525,33,859000.0,52500,3
1391,138,20250227,33,639000.0,97500,4
1392,328,20251022,33,639000.0,97500,4
1393,310,20260201,33,435000.0,233811,10
1394,479,20250722,33,435000.0,233811,10
1395,234,20241212,33,499000.0,92500,8
1396,401,20241212,33,499000.0,92500,8
1397,324,20250211,33,1059000.0,37500,3
1398,455,20240512,33,1059000.0,37500,3
1399,332,20250905,33,599000.0,207500,10
1400,161,20260914,33,469000.0,102500,3
1401,372,20240415,33,549000.0,77500,9
1402,429,20240619,33,549000.0,77500,9
1403,87,20251001,33,479000.0,212500,7
1404,387,20240918,33,479000.0,212500,7
1405,98,20250508,33,699000.0,172500,7
1406,598,20260621,33,1859000.0,57500,6
1407,175,20241016,33,469000.0,147500,9
1408,582,20240325,33,469000.0,147500,9
1409,284,20240214,33,899000.0,17500,1
1410,42,20260325,33,629000.0,42500,8
1411,47,20241128,33,819000.0,14698,1
1412,325,20250409,33,1099000.0,27500,1
1413,599,20240718,33,1099000.0,27500,1
1414,162,20241124,33,528000.0,79375,13
1415,237,20240827,33,528000.0,79375,13
1416,493,20260308,33,528000.0,79375,13
1417,600,20251202,33,299000.0,252500,13
1418,601,20250805,33,650000.0,162500,14
1419,602,20251018,33,438000.0,77500,11
1420,603,20251221,33,209000.0,137500,16
1421,306,20241225,33,1129000.0,72500,4
1422,604,20250119,33,1129000.0,72500,4
1423,122,20260309,33,829000.0,112500,9
1424,605,20241230,33,269000.0,112500,9
1425,998,20240312,33,269000.0,112500,9
1426,79,20250518,33,1488000.0,142500,8
1427,257,20240506,33,489000.0,82500,6
1428,379,20250426,33,489000.0,82500,6
1429,2,20241009,33,429000.0,42500,3
1430,1247,20261022,33,429000.0,42500,3
1431,606,20240314,33,949000.0,2500,1
1432,13,20261223,33,579000.0,182500,6
1433,282,20260211,33,579000.0,182500,6
1434,607,20241212,33,859000.0,232500,7
1435,608,20241119,33,519000.0,187500,10
1436,1223,20240826,33,519000.0,187500,10
1437,4,20241202,33,419000.0,162500,4
1438,69,20241206,33,419000.0,162500,4
1439,85,20260803,33,599000.0,77500,6
1440,591,20260610,33,259000.0,237500,12
1441,897,20250406,33,259000.0,237500,12
1442,452,20260308,33,1890000.0,91466,5
1443,73,20260102,33,578000.0,27500,4
1444,477,20240610,33,578000.0,27500,4
1445,350,20250323,33,749000.0,68290,2
1446,35,20240921,33,1199000.0,63877,3
1447,533,20261006,33,1199000.0,63877,3
1448,20,20240511,33,1359000.0,39004,3
1449,134,20240429,33,1359000.0,39004,3
1450,66,20251102,33,499000.0,30257,4
1451,340,20250519,33,1299000.0,43246,4
1452,344,20240418,33,1299000.0,43246,4
1453,320,20241019,33,1499000.0,28769,2
1454,609,20260914,33,1499000.0,28769,2
1455,35,20260407,33,1049000.0,26129,3
1456,533,20240705,33,1049000.0,26129,3
1457,60,20261125,33,1099000.0,23389,4
1458,610,20240912,33,1099000.0,23389,4
1459,279,20261028,33,509000.0,77314,8
1460,611,20260117,33,509000.0,77314,8
1461,595,20240210,33,439000.0,3461,5
1462,20,20260126,33,1399000.0,31246,3
1463,134,20240422,33,1399000.0,31246,3
1464,320,20260206,33,1359000.0,32348,2
1465,609,20260503,33,1359000.0,32348,2
1466,612,20240318,33,1499000.0,38107,2
1467,787,20251219,33,1499000.0,38107,2
1468,20,20260527,33,1399000.0,43349,3
1469,134,20250205,33,1399000.0,43349,3
1470,613,20260412,33,399000.0,76035,6
1471,614,20240304,33,1149000.0,9944,1
1472,627,20251013,33,1149000.0,9944,1
1473,325,20260604,33,1339000.0,12409,1
1474,599,20261201,33,1339000.0,12409,1
1475,324,20250107,33,1349000.0,64296,3
1476,455,20241101,33,1349000.0,64296,3
1477,346,20240727,33,1599000.0,4099,1
1478,20,20250411,33,1279000.0,46489,3
1479,134,20260720,33,1279000.0,46489,3
1480,35,20251008,33,1099000.0,29490,3
1481,533,20241227,33,1099000.0,29490,3
1482,320,20251221,33,1399000.0,46185,2
1483,609,20251216,33,1399000.0,46185,2
1484,20,20250626,33,1399000.0,43349,3
1485,134,20240712,33,1399000.0,43349,3
1486,346,20251013,33,1299000.0,19826,1
1487,38,20261116,33,1449000.0,36673,4
1488,321,20261205,33,1449000.0,36673,4
1489,168,20251008,33,459000.0,30000,4
1490,537,20260811,33,459000.0,30000,4
1491,65,20261217,33,569000.0,82500,2
1492,197,20261102,33,599000.0,168929,9
1493,278,20260806,33,599000.0,168929,9
1494,337,20260818,33,299000.0,102500,5
1495,526,20240218,33,299000.0,102500,5
1496,340,20260313,33,729000.0,47500,4
1497,344,20250829,33,729000.0,47500,4
1498,213,20240110,33,459000.0,187500,11
1499,38,20251104,33,1099000.0,32500,4
1500,321,20251226,33,1099000.0,32500,4
1501,87,20250530,33,659000.0,87500,7
1502,387,20240811,33,659000.0,87500,7
1503,45,20240721,33,699000.0,102500,7
1504,239,20260730,33,1059000.0,112500,9
1505,615,20250811,33,1059000.0,112500,9
1506,46,20250724,33,759000.0,47500,4
1507,59,20260814,33,649000.0,117500,7
1508,25,20240714,33,399000.0,127500,8
1509,418,20250221,33,399000.0,127500,8
1510,846,20240109,33,399000.0,127500,8
1511,315,20250615,33,629000.0,67500,5
1512,759,20240528,33,629000.0,67500,5
1513,2,20250117,33,479000.0,17500,3
1514,1247,20261101,33,479000.0,17500,3
1515,144,20250420,33,279000.0,77500,7
1516,596,20250801,33,279000.0,77500,7
1517,616,20261212,33,429000.0,57500,3
1518,666,20240724,33,429000.0,57500,3
1519,139,20260912,33,359000.0,122500,10
1520,21,20260703,33,699000.0,17500,2
1521,617,20260114,33,3890000.0,52000,2
1522,169,20260701,33,395000.0,82500,6
1523,650,20240223,33,395000.0,82500,6
1524,618,20260928,33,1580000.0,65000,5
1525,619,20241209,33,169000.0,192500,13
1526,620,20251203,33,890000.0,81000,6
1527,1271,20250610,33,890000.0,81000,6
1528,186,20250215,33,189000.0,107500,11
1529,424,20250722,33,189000.0,107500,11
1530,621,20240717,33,890000.0,68000,8
1531,622,20260213,33,195000.0,182500,15
1532,623,20250123,33,1790000.0,24000,2
1533,622,20250418,33,189000.0,202500,15
1534,503,20260203,33,175000.0,202500,19
1535,373,20250814,33,189000.0,172500,13
1536,426,20261231,33,115000.0,67500,14
1537,565,20260908,33,124000.0,77500,13
1538,624,20260920,33,139000.0,202500,21
1539,625,20240616,33,109000.0,172500,13
1540,626,20241010,33,139000.0,192500,16
1541,614,20261125,33,950000.0,22500,1
1542,627,20260403,33,950000.0,22500,1
1543,169,20260609,33,398000.0,47500,6
1544,650,20240513,33,398000.0,47500,6
1545,25,20240501,33,758000.0,137500,8
1546,418,20260412,33,758000.0,137500,8
1547,846,20261018,33,758000.0,137500,8
1548,628,20260613,33,1090000.0,42500,2
1549,438,20241015,33,788000.0,37500,1
1550,629,20261212,33,788000.0,37500,1
1551,630,20261210,33,139000.0,190000,17
1552,631,20260418,33,1280000.0,7500,1
1553,632,20260630,33,1290000.0,87500,7
1554,47,20240209,33,798000.0,22500,1
1555,138,20240906,33,738000.0,92500,4
1556,328,20240805,33,738000.0,92500,4
1557,119,20240627,33,1050000.0,37500,3
1558,351,20240701,33,1050000.0,37500,3
1559,408,20251205,33,848000.0,82500,4
1560,520,20250511,33,848000.0,82500,4
1561,133,20250819,33,1250000.0,77500,3
1562,336,20250405,33,1250000.0,77500,3
1563,9,20250418,33,599000.0,7500,1
1564,633,20251115,33,509000.0,122500,7
1565,304,20261126,33,269000.0,33143,10
1566,1076,20241114,33,269000.0,33143,10
1567,634,20241221,33,429000.0,132500,6
1568,67,20250908,33,669000.0,127500,4
1569,11,20240816,33,669000.0,49450,3
1570,251,20251229,33,669000.0,49450,3
1571,59,20250714,33,649000.0,142500,7
1572,362,20250926,33,749000.0,72500,4
1573,635,20250403,33,1089000.0,19833,2
1574,15,20240125,33,649000.0,22500,3
1575,636,20250104,33,649000.0,22500,3
1576,228,20261008,33,349000.0,72500,5
1577,381,20250902,33,349000.0,72500,5
1578,637,20240418,33,429000.0,87500,7
1579,638,20251220,33,349000.0,77500,4
1580,122,20250307,33,789000.0,152500,9
1581,639,20261028,33,890000.0,117500,7
1582,620,20250927,33,820000.0,112500,6
1583,1271,20250101,33,820000.0,112500,6
1584,343,20260713,33,1350000.0,37500,2
1585,714,20250217,33,1350000.0,37500,2
1586,640,20241221,33,1550000.0,82500,4
1587,507,20240111,33,650000.0,142500,8
1588,641,20240305,33,1150000.0,72500,5
1589,618,20240504,33,1490000.0,87500,5
1590,365,20241107,33,1050000.0,87500,4
1591,642,20260213,33,1050000.0,87500,4
1592,221,20260928,33,355000.0,207500,11
1593,962,20260522,33,355000.0,207500,11
1594,404,20251124,33,355000.0,72500,13
1595,651,20260916,33,355000.0,72500,13
1596,643,20260309,33,335000.0,77500,11
1597,1143,20251104,33,335000.0,77500,11
1598,144,20260630,33,299000.0,2500,7
1599,596,20250209,33,299000.0,2500,7
1600,2,20260922,33,399000.0,87500,3
1601,1247,20261106,33,399000.0,87500,3
1602,607,20250928,33,878000.0,162500,7
1603,21,20260608,33,929000.0,34373,2
1604,644,20250503,33,459000.0,27500,3
1605,14,20240826,33,839000.0,64595,4
1606,456,20240628,33,839000.0,64595,4
1607,645,20241112,33,245000.0,43565,7
1608,318,20240819,33,255000.0,167500,12
1609,1027,20241126,33,255000.0,167500,12
1610,646,20250714,33,198000.0,67500,12
1611,238,20260806,33,455000.0,152500,9
1612,1116,20240904,33,455000.0,152500,9
1613,465,20241009,33,395000.0,120370,14
1614,647,20260728,33,395000.0,120370,14
1615,279,20240201,33,445000.0,162500,8
1616,611,20250613,33,445000.0,162500,8
1617,372,20250115,33,395000.0,182500,9
1618,429,20240303,33,395000.0,182500,9
1619,648,20240507,33,235000.0,117500,16
1620,649,20240611,33,275000.0,194027,16
1621,529,20260815,33,359000.0,121728,9
1622,169,20241021,33,299000.0,117500,6
1623,650,20240627,33,299000.0,117500,6
1624,591,20240816,33,299000.0,122500,12
1625,897,20260601,33,299000.0,122500,12
1626,498,20250128,33,549000.0,182500,5
1627,404,20251122,33,299000.0,172500,13
1628,651,20240312,33,299000.0,172500,13
1629,233,20241113,33,419000.0,92500,5
1630,262,20250817,33,419000.0,92500,5
1631,130,20250113,33,239000.0,287500,13
1632,234,20260625,33,389000.0,167500,8
1633,401,20240515,33,389000.0,167500,8
1634,652,20251230,33,189000.0,292500,13
1635,316,20260624,33,659000.0,162500,5
1636,316,20250613,33,729000.0,82500,5
1637,400,20260723,33,349000.0,117500,8
1638,1181,20251027,33,349000.0,117500,8
1639,43,20250606,33,369000.0,57500,5
1640,974,20250121,33,369000.0,57500,5
1641,1090,20250727,33,369000.0,57500,5
1642,653,20250805,33,458000.0,97500,6
1643,222,20250726,33,325000.0,237500,14
1644,495,20251005,33,325000.0,237500,14
1645,654,20250726,33,345000.0,242500,13
1646,1303,20260519,33,345000.0,242500,13
1647,655,20250630,33,3890000.0,52500,3
1648,510,20250313,33,195000.0,197500,13
1649,180,20250708,33,369000.0,152500,10
1650,656,20240420,33,369000.0,152500,10
1651,19,20250610,33,415000.0,97500,6
1652,352,20240625,33,415000.0,97500,6
1653,320,20251104,33,999000.0,35472,2
1654,609,20250915,33,999000.0,35472,2
1655,657,20260801,33,769000.0,67500,7
1656,29,20250417,33,1190000.0,42500,2
1657,658,20260920,33,125000.0,190000,17
1658,280,20260528,33,539000.0,102500,5
1659,280,20240618,33,610000.0,142500,5
1660,12,20261010,33,569000.0,192500,5
1661,226,20240225,33,569000.0,192500,5
1662,280,20241120,33,610000.0,107500,5
1663,659,20251019,33,899000.0,2500,7
1664,660,20260814,33,18900000.0,2500,7
1665,141,20240916,33,859000.0,127500,5
1666,322,20251002,33,859000.0,127500,5
1667,327,20250715,33,619000.0,182500,4
1668,494,20241205,33,369000.0,157500,14
1669,661,20250207,33,480000.0,2500,7
1670,1288,20250615,33,480000.0,2500,7
1671,498,20260305,33,609000.0,172500,5
1672,168,20261030,33,369000.0,32500,4
1673,537,20250816,33,369000.0,32500,4
1674,50,20250908,33,459000.0,197500,8
1675,105,20251013,33,459000.0,197500,8
1676,50,20251214,33,469000.0,137500,8
1677,105,20241209,33,469000.0,137500,8
1678,329,20240215,33,1990000.0,72500,4
1679,85,20260622,33,699000.0,157500,6
1680,485,20240224,33,549000.0,177500,8
1681,567,20260505,33,549000.0,177500,8
1682,662,20251021,33,899000.0,77500,5
1683,77,20240420,33,629000.0,162500,8
1684,233,20261104,33,429000.0,97500,5
1685,262,20240318,33,429000.0,97500,5
1686,663,20250515,33,289000.0,177500,12
1687,1246,20250810,33,289000.0,177500,12
1688,324,20250221,33,969000.0,102500,3
1689,455,20241001,33,969000.0,102500,3
1690,73,20261222,33,439000.0,137500,4
1691,477,20260830,33,439000.0,137500,4
1692,643,20260917,33,345000.0,32500,11
1693,1143,20240712,33,345000.0,32500,11
1694,234,20260504,33,545000.0,82500,8
1695,401,20260309,33,545000.0,82500,8
1696,257,20241027,33,595000.0,72500,6
1697,379,20260825,33,595000.0,72500,6
1698,58,20250721,33,835000.0,72500,6
1699,59,20251102,33,865000.0,62500,7
1700,505,20240528,33,2285000.0,52500,5
1701,208,20260207,33,1345000.0,67500,6
1702,368,20240518,33,1345000.0,67500,6
1703,242,20260510,33,795000.0,97500,7
1704,405,20241018,33,795000.0,87500,8
1705,372,20241130,33,525000.0,107500,9
1706,429,20251129,33,525000.0,107500,9
1707,29,20241102,33,1165000.0,17500,2
1708,7,20260713,33,879000.0,74717,5
1709,372,20260907,33,595000.0,82500,9
1710,429,20260616,33,595000.0,82500,9
1711,59,20260715,33,715000.0,77500,7
1712,279,20241209,33,665000.0,57500,8
1713,611,20251018,33,665000.0,57500,8
1714,38,20240917,33,1085000.0,47500,4
1715,321,20240617,33,1085000.0,47500,4
1716,224,20251021,33,895000.0,22500,2
1717,664,20240718,33,697000.0,7500,1
1718,293,20250804,33,490000.0,92500,5
1719,478,20250719,33,490000.0,92500,5
1720,40,20250129,33,448000.0,145315,7
1721,886,20241216,33,448000.0,145315,7
1722,665,20240128,33,795000.0,72500,6
1723,616,20250923,33,617000.0,12500,3
1724,666,20250114,33,617000.0,12500,3
1725,191,20250611,33,717000.0,27500,2
1726,522,20260621,33,717000.0,27500,2
1727,191,20260317,33,717000.0,27500,2
1728,522,20240814,33,717000.0,27500,2
1729,161,20240127,33,457000.0,17500,3
1730,161,20240329,33,447000.0,22500,3
1731,161,20250910,33,447000.0,17500,3
1732,267,20240501,33,587000.0,92500,3
1733,531,20260515,33,587000.0,92500,3
1734,330,20240202,33,1888000.0,162500,7
1735,71,20250825,33,1988000.0,137500,6
1736,329,20251126,33,1988000.0,232500,4
1737,452,20260606,33,1888000.0,147500,5
1738,267,20250608,33,597000.0,67500,3
1739,531,20261113,33,597000.0,67500,3
1740,138,20240203,33,597000.0,122500,4
1741,328,20240903,33,597000.0,122500,4
1742,64,20261108,33,587000.0,182500,3
1743,1266,20261119,33,587000.0,182500,3
1744,12,20240218,33,617000.0,142500,5
1745,226,20260630,33,617000.0,142500,5
1746,214,20240628,33,627000.0,167500,6
1747,667,20260107,33,627000.0,167500,6
1748,21,20250812,33,947000.0,37500,2
1749,21,20250510,33,947000.0,37500,2
1750,1,20250306,33,269000.0,152500,11
1751,668,20261124,33,439000.0,57500,6
1752,147,20241229,33,389000.0,97500,3
1753,831,20241105,33,389000.0,97500,3
1754,138,20260908,33,697000.0,202500,4
1755,328,20240814,33,697000.0,202500,4
1756,215,20240110,33,1490000.0,7500,2
1757,70,20240217,33,587000.0,137500,8
1758,1007,20240722,33,587000.0,137500,8
1759,12,20260915,33,447000.0,237500,5
1760,226,20260612,33,447000.0,237500,5
1761,12,20240605,33,447000.0,237500,5
1762,226,20260504,33,447000.0,237500,5
1763,12,20240126,33,417000.0,182500,5
1764,226,20250224,33,417000.0,182500,5
1765,37,20260130,33,837000.0,37500,5
1766,669,20260212,33,377000.0,77500,6
1767,670,20240920,33,428000.0,97500,10
1768,271,20250810,33,577000.0,137500,5
1769,688,20260815,33,577000.0,137500,5
1770,551,20250414,33,399000.0,172500,9
1771,575,20240910,33,399000.0,172500,9
1772,20,20260109,33,1099000.0,72500,3
1773,134,20240427,33,1099000.0,72500,3
1774,316,20250703,33,679000.0,142500,5
1775,671,20260629,33,1099000.0,117500,4
1776,613,20260519,33,359000.0,52500,6
1777,672,20260318,33,990000.0,92500,3
1778,721,20260331,33,990000.0,92500,3
1779,673,20250717,33,499000.0,87500,4
1780,674,20250217,33,535000.0,82500,12
1781,675,20260529,33,519000.0,187500,7
1782,674,20260919,33,535000.0,82500,12
1783,676,20240101,33,899000.0,177500,5
1784,729,20240615,33,899000.0,177500,5
1785,272,20240116,33,899000.0,162500,8
1786,677,20251018,33,899000.0,162500,8
1787,550,20240421,33,719000.0,97500,7
1788,678,20250816,33,1050000.0,127500,4
1789,679,20250521,33,699000.0,47500,4
1790,14,20251101,33,859000.0,102500,4
1791,456,20261129,33,859000.0,102500,4
1792,680,20260128,33,299000.0,252500,13
1793,843,20250511,33,299000.0,252500,13
1794,681,20260822,33,999000.0,37500,2
1795,1322,20241007,33,999000.0,37500,2
1796,208,20241216,33,1090000.0,132500,6
1797,368,20241129,33,1090000.0,132500,6
1798,682,20260130,33,399000.0,102500,3
1799,683,20251228,33,399000.0,52500,2
1800,803,20260402,33,399000.0,52500,2
1801,22,20240114,33,1090000.0,112500,4
1802,208,20261215,33,719000.0,207500,6
1803,368,20241207,33,719000.0,207500,6
1804,684,20240717,33,459000.0,92500,3
1805,138,20251108,33,599000.0,137500,4
1806,328,20251019,33,599000.0,137500,4
1807,685,20240318,33,159000.0,257500,16
1808,59,20240421,33,635000.0,137500,7
1809,211,20250618,33,199000.0,207500,12
1810,686,20260918,33,1059000.0,182500,4
1811,365,20260228,33,619000.0,202500,4
1812,642,20250613,33,619000.0,202500,4
1813,687,20240409,33,859000.0,117500,6
1814,271,20260830,33,459000.0,182500,5
1815,688,20261011,33,459000.0,182500,5
1816,689,20240504,33,899000.0,172500,6
1817,14,20261011,33,799000.0,107500,4
1818,456,20250602,33,799000.0,107500,4
1819,66,20240123,33,369000.0,77500,4
1820,690,20240610,33,275000.0,237500,7
1821,758,20250920,33,275000.0,237500,7
1822,1214,20250520,33,275000.0,237500,7
1823,41,20260531,33,699000.0,132500,7
1824,122,20261110,33,735000.0,207500,9
1825,691,20250427,33,499000.0,157500,5
1826,241,20241104,33,859000.0,122500,6
1827,14,20260523,33,719000.0,127500,4
1828,456,20240721,33,719000.0,127500,4
1829,375,20251001,33,599000.0,47500,2
1830,692,20240521,33,999000.0,122500,10
1831,693,20260930,33,899000.0,122500,5
1832,1262,20250906,33,899000.0,122500,5
1833,687,20240416,33,799000.0,92500,6
1834,194,20250612,33,899000.0,10646,6
1835,259,20250729,33,899000.0,10646,6
1836,141,20260826,33,959000.0,36395,5
1837,322,20251118,33,959000.0,36395,5
1838,324,20241017,33,979000.0,99125,3
1839,455,20260315,33,979000.0,99125,3
1840,38,20251029,33,959000.0,100549,4
1841,321,20250119,33,959000.0,100549,4
1842,194,20261212,33,959000.0,75194,6
1843,259,20251201,33,959000.0,75194,6
1844,694,20240113,33,489000.0,102500,13
1845,141,20260817,33,1020000.0,103096,5
1846,322,20240608,33,1020000.0,103096,5
1847,324,20250718,33,959000.0,84778,3
1848,455,20240108,33,959000.0,84778,3
1849,325,20240312,33,1150000.0,9412,1
1850,599,20260610,33,1150000.0,9412,1
1851,144,20240407,33,249000.0,12500,7
1852,596,20240327,33,249000.0,12500,7
1853,324,20240410,33,999000.0,61993,3
1854,455,20241007,33,999000.0,61993,3
1855,314,20260601,33,749000.0,102500,8
1856,695,20260118,33,749000.0,102500,8
1857,324,20240714,33,829000.0,113516,3
1858,455,20250125,33,829000.0,113516,3
1859,38,20250831,33,859000.0,62565,4
1860,321,20250325,33,859000.0,62565,4
1861,141,20240430,33,1050000.0,113449,5
1862,322,20241127,33,1050000.0,113449,5
1863,38,20261211,33,999000.0,170728,4
1864,321,20241113,33,999000.0,170728,4
1865,38,20251105,33,1290000.0,39134,4
1866,321,20251202,33,1290000.0,39134,4
1867,50,20251123,33,497000.0,172500,8
1868,105,20261013,33,497000.0,172500,8
1869,14,20240121,33,799000.0,176621,4
1870,456,20250202,33,799000.0,176621,4
1871,14,20240720,33,859000.0,160995,4
1872,456,20250410,33,859000.0,160995,4
1873,65,20260614,33,699000.0,22500,2
1874,511,20241105,33,959000.0,136043,3
1875,14,20250518,33,879000.0,169541,4
1876,456,20240126,33,879000.0,169541,4
1877,224,20240306,33,699000.0,42500,2
1878,696,20240919,33,597000.0,147500,7
1879,45,20250416,33,799000.0,118553,7
1880,316,20240615,33,729000.0,85984,5
1881,697,20260310,33,529000.0,62500,5
1882,723,20241208,33,529000.0,62500,5
1883,316,20251218,33,759000.0,108158,5
1884,135,20250216,33,447000.0,192500,7
1885,698,20261022,33,447000.0,192500,7
1886,699,20251117,33,579000.0,27500,5
1887,883,20260307,33,579000.0,27500,5
1888,524,20250427,33,479000.0,27500,2
1889,24,20261121,33,599000.0,46335,3
1890,1034,20240115,33,599000.0,46335,3
1891,35,20240117,33,847000.0,197500,3
1892,533,20250617,33,847000.0,197500,3
1893,25,20240321,33,697000.0,192500,8
1894,418,20251017,33,697000.0,192500,8
1895,846,20250311,33,697000.0,192500,8
1896,498,20261028,33,529000.0,176289,5
1897,84,20261015,33,697000.0,167500,5
1898,341,20251109,33,697000.0,167500,5
1899,498,20260218,33,559000.0,170928,5
1900,340,20240704,33,897000.0,157500,4
1901,344,20250225,33,897000.0,157500,4
1902,20,20250410,33,1047000.0,137500,3
1903,134,20240323,33,1047000.0,137500,3
1904,64,20250720,33,829000.0,30134,3
1905,1266,20251004,33,829000.0,30134,3
1906,12,20241120,33,659000.0,57996,5
1907,226,20240220,33,659000.0,57996,5
1908,700,20261116,33,859000.0,15233,1
1909,12,20251107,33,459000.0,171535,5
1910,226,20260907,33,459000.0,171535,5
1911,138,20260303,33,559000.0,110341,4
1912,328,20261221,33,559000.0,110341,4
1913,12,20251018,33,479000.0,54512,5
1914,226,20240426,33,479000.0,54512,5
1915,214,20261024,33,459000.0,58372,6
1916,667,20261225,33,459000.0,58372,6
1917,71,20261219,33,1590000.0,146929,6
1918,701,20260623,33,559000.0,170393,11
1919,956,20250516,33,559000.0,170393,11
1920,127,20260309,33,829000.0,39183,4
1921,37,20260506,33,659000.0,102718,5
1922,473,20240309,33,559000.0,13607,4
1923,1188,20251025,33,559000.0,13607,4
1924,702,20260302,33,659000.0,36840,3
1925,703,20240808,33,759000.0,20857,1
1926,535,20261006,33,539000.0,122011,6
1927,854,20240810,33,539000.0,122011,6
1928,337,20251107,33,319000.0,47500,5
1929,526,20240729,33,319000.0,47500,5
1930,297,20260719,33,529000.0,158416,9
1931,1105,20260604,33,529000.0,158416,9
1932,704,20260531,33,459000.0,100238,8
1933,705,20240918,33,959000.0,25687,1
1934,788,20250601,33,959000.0,25687,1
1935,60,20260308,33,859000.0,84729,4
1936,610,20261222,33,859000.0,84729,4
1937,340,20250623,33,959000.0,129313,4
1938,344,20250220,33,959000.0,129313,4
1939,88,20240222,33,759000.0,94336,5
1940,88,20240207,33,779000.0,60188,5
1941,175,20241103,33,559000.0,104328,9
1942,582,20260425,33,559000.0,104328,9
1943,434,20260616,33,799000.0,136328,6
1944,706,20240222,33,1100000.0,80959,2
1945,334,20250828,33,699000.0,113311,4
1946,48,20250327,33,859000.0,46409,2
1947,279,20250405,33,699000.0,20022,8
1948,611,20260213,33,699000.0,20022,8
1949,53,20250129,33,459000.0,13989,5
1950,56,20261126,33,429000.0,34870,2
1951,219,20261028,33,429000.0,34870,2
1952,92,20251008,33,629000.0,60383,7
1953,20,20240919,33,1050000.0,39599,3
1954,134,20250923,33,1050000.0,39599,3
1955,20,20250613,33,1290000.0,53938,3
1956,134,20241027,33,1290000.0,53938,3
1957,343,20250429,33,1390000.0,28451,2
1958,714,20240401,33,1390000.0,28451,2
1959,20,20241110,33,1230000.0,59474,3
1960,134,20260802,33,1230000.0,59474,3
1961,20,20240825,33,1100000.0,55679,3
1962,134,20240323,33,1100000.0,55679,3
1963,20,20251030,33,999000.0,122941,3
1964,134,20240626,33,999000.0,122941,3
1965,340,20240906,33,1250000.0,31914,4
1966,344,20260203,33,1250000.0,31914,4
1967,84,20251028,33,799000.0,45978,5
1968,341,20260621,33,799000.0,45978,5
1969,707,20240331,33,459000.0,227500,12
1970,1086,20241204,33,459000.0,227500,12
1971,1121,20240617,33,459000.0,227500,12
1972,708,20250731,33,519000.0,112500,9
1973,498,20260218,33,559000.0,227500,5
1974,337,20240618,33,369000.0,52500,5
1975,526,20241227,33,369000.0,52500,5
1976,370,20240831,33,559000.0,147500,8
1977,365,20240517,33,990000.0,67500,4
1978,642,20261117,33,990000.0,67500,4
1979,92,20250602,33,729000.0,45539,7
1980,266,20241128,33,659000.0,112500,6
1981,375,20260822,33,599000.0,52500,2
1982,709,20250716,33,535000.0,137500,8
1983,550,20250301,33,719000.0,97500,7
1984,626,20251002,33,159000.0,257500,16
1985,710,20251209,33,359000.0,232500,15
1986,161,20240416,33,419000.0,22500,3
1987,362,20250713,33,599000.0,102500,4
1988,711,20240517,33,659000.0,237500,12
1989,330,20250906,33,1450000.0,187500,7
1990,712,20240216,33,1490000.0,137500,5
1991,523,20250102,33,375000.0,127500,10
1992,1063,20240106,33,375000.0,127500,10
1993,497,20250606,33,575000.0,77500,9
1994,713,20250612,33,575000.0,77500,9
1995,343,20240306,33,959000.0,79862,2
1996,714,20250223,33,959000.0,79862,2
1997,715,20260722,33,699000.0,267500,10
1998,343,20250512,33,1100000.0,8342,2
1999,714,20241126,33,1100000.0,8342,2
2000,716,20260206,33,1090000.0,197500,5
2001,20,20260927,33,799000.0,221199,3
2002,134,20250613,33,799000.0,221199,3
2003,280,20240830,33,619000.0,112500,5
2004,717,20241215,33,1090000.0,122500,5
2005,718,20261106,33,485000.0,82500,7
2006,365,20260104,33,699000.0,137500,4
2007,642,20260531,33,699000.0,137500,4
2008,684,20241228,33,459000.0,92500,3
2009,299,20261011,33,649000.0,112500,5
2010,281,20250608,33,585000.0,152500,4
2011,138,20260410,33,419000.0,152500,4
2012,328,20260220,33,419000.0,152500,4
2013,719,20250223,33,899000.0,57500,5
2014,281,20260224,33,599000.0,107500,4
2015,33,20240512,33,399000.0,187500,11
2016,138,20240114,33,619000.0,67500,4
2017,328,20261203,33,619000.0,67500,4
2018,437,20241021,33,859000.0,82500,8
2019,45,20250320,33,635000.0,137500,7
2020,508,20261221,33,759000.0,147500,3
2021,246,20250215,33,899000.0,127500,4
2022,138,20250921,33,675000.0,112500,4
2023,328,20241116,33,675000.0,112500,4
2024,620,20260328,33,899000.0,117500,6
2025,1271,20260623,33,899000.0,117500,6
2026,720,20240205,33,459000.0,162500,13
2027,239,20260301,33,990000.0,177500,9
2028,615,20250808,33,990000.0,177500,9
2029,672,20241101,33,1090000.0,82500,3
2030,721,20261004,33,1090000.0,82500,3
2031,153,20260611,33,419000.0,127500,7
2032,1269,20240112,33,419000.0,127500,7
2033,246,20240323,33,859000.0,57500,4
2034,722,20261121,33,375000.0,127500,9
2035,665,20260814,33,859000.0,92500,6
2036,280,20251213,33,599000.0,137500,5
2037,316,20240828,33,669000.0,102500,5
2038,77,20260616,33,659000.0,127500,8
2039,119,20260614,33,859000.0,51735,3
2040,351,20260625,33,859000.0,51735,3
2041,124,20260125,33,799000.0,40378,4
2042,349,20261021,33,799000.0,40378,4
2043,1169,20250823,33,799000.0,40378,4
2044,124,20241008,33,829000.0,97250,4
2045,349,20251012,33,829000.0,97250,4
2046,1169,20250821,33,829000.0,97250,4
2047,350,20260905,33,899000.0,27434,2
2048,697,20261008,33,379000.0,92592,5
2049,723,20260618,33,379000.0,92592,5
2050,724,20260612,33,699000.0,36,1
2051,725,20260814,33,529000.0,163105,9
2052,550,20240806,33,759000.0,152299,7
2053,726,20251227,33,1150000.0,77924,3
2054,727,20261005,33,899000.0,119455,4
2055,775,20250601,33,899000.0,119455,4
2056,728,20260322,33,899000.0,131822,8
2057,356,20250516,33,1450000.0,135949,3
2058,676,20240227,33,1290000.0,117461,5
2059,729,20260324,33,1290000.0,117461,5
2060,730,20250905,33,1100000.0,99360,5
2061,550,20250301,33,819000.0,57500,7
2062,717,20260601,33,1190000.0,107500,5
2063,731,20250307,33,1350000.0,22500,1
2064,365,20260805,33,1090000.0,22500,4
2065,642,20260723,33,1090000.0,22500,4
2066,239,20250208,33,699000.0,182500,9
2067,615,20250506,33,699000.0,182500,9
2068,671,20240306,33,1059000.0,57500,4
2069,277,20260630,33,399000.0,137500,10
2070,732,20250125,33,890000.0,127500,7
2071,733,20240323,33,1790000.0,127500,6
2072,687,20260929,33,799000.0,157500,6
2073,716,20250425,33,1090000.0,197500,5
2074,535,20260215,33,529000.0,59019,6
2075,854,20260223,33,529000.0,59019,6
2076,734,20251013,33,699000.0,78284,17
2077,244,20250606,33,990000.0,37500,3
2078,735,20240723,33,990000.0,37500,3
2079,732,20260111,33,890000.0,127500,7
2080,719,20241114,33,899000.0,67500,5
2081,736,20241004,33,285000.0,137500,16
2082,3,20260620,33,1090000.0,32500,1
2083,737,20240527,33,419000.0,282500,15
2084,738,20260216,33,959000.0,109953,4
2085,773,20250222,33,959000.0,109953,4
2086,739,20250621,33,899000.0,82500,5
2087,385,20250126,33,659000.0,147500,7
2088,299,20260728,33,559000.0,152500,5
2089,620,20240829,33,799000.0,135723,6
2090,1271,20260925,33,799000.0,135723,6
2091,202,20240830,33,929000.0,96994,5
2092,740,20260902,33,929000.0,96994,5
2093,741,20251114,33,799000.0,79180,5
2094,742,20250810,33,2190000.0,5615,2
2095,314,20250908,33,379000.0,77500,8
2096,695,20240126,33,379000.0,77500,8
2097,743,20260512,33,1190000.0,53949,3
2098,1040,20240319,33,1190000.0,53949,3
2099,744,20261008,33,3288000.0,60000,10
2100,745,20240507,33,899000.0,120000,9
2101,390,20250216,33,2488000.0,156000,5
2102,330,20240516,33,1888000.0,147000,7
2103,746,20250701,33,495000.0,187500,5
2104,836,20250122,33,495000.0,187500,5
2105,613,20250724,33,378000.0,72500,6
2106,27,20261012,33,358000.0,282500,6
2107,163,20250224,33,358000.0,282500,6
2108,56,20240520,33,436000.0,92500,2
2109,219,20240220,33,436000.0,92500,2
2110,747,20260913,33,624000.0,132500,12
2111,600,20260717,33,258000.0,561396,13
2112,397,20251023,33,565000.0,137500,10
2113,276,20241231,33,499000.0,137500,10
2114,748,20260626,33,444000.0,82500,9
2115,1236,20260924,33,444000.0,82500,9
2116,434,20260503,33,598000.0,207500,6
2117,749,20240914,33,145000.0,162500,12
2118,135,20240214,33,385000.0,187500,7
2119,698,20240925,33,385000.0,187500,7
2120,372,20251102,33,659000.0,157500,9
2121,429,20261015,33,659000.0,157500,9
2122,157,20260506,33,235000.0,292500,11
2123,1044,20240524,33,235000.0,292500,11
2124,750,20240822,33,255000.0,212500,12
2125,279,20251121,33,419000.0,162500,8
2126,611,20251220,33,419000.0,162500,8
2127,314,20241218,33,429000.0,207500,8
2128,695,20260920,33,429000.0,207500,8
2129,637,20241001,33,389000.0,77500,7
2130,146,20260628,33,369000.0,152500,8
2131,277,20250315,33,339000.0,212500,10
2132,751,20261222,33,359000.0,67500,2
2133,474,20260521,33,348000.0,92500,7
2134,482,20251012,33,335000.0,117500,8
2135,154,20260731,33,168000.0,152500,9
2136,752,20240203,33,199000.0,262500,10
2137,125,20251205,33,329000.0,122500,7
2138,196,20260516,33,329000.0,122500,7
2139,184,20260911,33,349000.0,182500,12
2140,753,20260411,33,349000.0,182500,12
2141,11,20250406,33,729000.0,67500,3
2142,251,20240321,33,729000.0,67500,3
2143,40,20241117,33,479000.0,2500,7
2144,886,20250218,33,479000.0,2500,7
2145,754,20260918,33,349000.0,200000,11
2146,5,20240708,33,15790000.0,22500,10
2147,755,20250126,33,598000.0,2500,33
2148,756,20240616,33,1890000.0,22500,33
2149,757,20251025,33,1090000.0,2500,25
2150,280,20250115,33,518000.0,97500,5
2151,214,20260616,33,519000.0,122500,6
2152,667,20260513,33,519000.0,122500,6
2153,562,20240302,33,399000.0,92500,10
2154,957,20250611,33,399000.0,92500,10
2155,191,20260511,33,449000.0,42500,2
2156,522,20240529,33,449000.0,42500,2
2157,277,20240425,33,479000.0,145458,10
2158,168,20260403,33,379000.0,75428,4
2159,537,20240305,33,379000.0,75428,4
2160,690,20241105,33,429000.0,150959,7
2161,758,20251206,33,429000.0,150959,7
2162,1214,20260503,33,429000.0,150959,7
2163,62,20261020,33,339000.0,87500,5
2164,11,20241101,33,649000.0,87500,3
2165,251,20260522,33,649000.0,87500,3
2166,315,20240617,33,449000.0,156335,5
2167,759,20261027,33,449000.0,156335,5
2168,524,20250810,33,409000.0,12500,2
2169,42,20260131,33,599000.0,177500,8
2170,11,20241212,33,649000.0,102500,3
2171,251,20260812,33,649000.0,102500,3
2172,11,20260104,33,899000.0,67500,3
2173,251,20250213,33,899000.0,67500,3
2174,54,20250626,33,269000.0,171497,9
2175,11,20241220,33,639000.0,112500,3
2176,251,20251213,33,639000.0,112500,3
2177,16,20250806,33,639000.0,42500,1
2178,54,20250525,33,269000.0,137500,9
2179,675,20250616,33,684000.0,152500,7
2180,17,20250611,33,569000.0,87500,6
2181,110,20260804,33,569000.0,87500,6
2182,271,20260403,33,599000.0,92500,5
2183,688,20240318,33,599000.0,92500,5
2184,45,20250315,33,719000.0,142500,7
2185,36,20250702,33,739000.0,147500,6
2186,507,20250203,33,759000.0,107500,8
2187,17,20251201,33,619000.0,82500,6
2188,110,20240505,33,619000.0,82500,6
2189,87,20260413,33,539000.0,112500,7
2190,387,20250627,33,539000.0,112500,7
2191,253,20250516,33,419000.0,137500,6
2192,760,20260403,33,419000.0,137500,6
2193,535,20250121,33,589000.0,82500,6
2194,854,20250215,33,589000.0,82500,6
2195,761,20241123,33,179000.0,92500,11
2196,24,20240409,33,739000.0,92500,3
2197,1034,20250405,33,739000.0,92500,3
2198,168,20240125,33,499000.0,57500,4
2199,537,20250508,33,499000.0,57500,4
2200,124,20241218,33,549000.0,47500,4
2201,349,20260518,33,549000.0,47500,4
2202,1169,20240717,33,549000.0,47500,4
2203,133,20260426,33,1290000.0,42500,3
2204,336,20250609,33,1290000.0,42500,3
2205,19,20250624,33,555000.0,97500,6
2206,352,20250421,33,555000.0,97500,6
2207,306,20240110,33,1090000.0,57500,4
2208,604,20250607,33,1090000.0,57500,4
2209,762,20260320,33,489000.0,97500,6
2210,1089,20260210,33,489000.0,97500,6
2211,763,20260509,33,239000.0,117500,9
2212,764,20261026,33,159000.0,62500,14
2213,726,20261124,33,1490000.0,62500,3
2214,84,20240623,33,577000.0,82500,5
2215,341,20250317,33,577000.0,82500,5
2216,148,20261102,33,437000.0,248344,11
2217,765,20240902,33,437000.0,248344,11
2218,63,20251105,33,369000.0,8392,7
2219,405,20240423,33,729000.0,197500,8
2220,42,20261008,33,529000.0,147500,8
2221,570,20260304,33,399000.0,172500,15
2222,170,20240820,33,499000.0,62500,9
2223,1207,20260906,33,499000.0,62500,9
2224,274,20240505,33,699000.0,162500,8
2225,307,20250525,33,699000.0,162500,8
2226,608,20241007,33,599000.0,147500,10
2227,1223,20260308,33,599000.0,147500,10
2228,7,20260904,33,929000.0,72500,5
2229,405,20260621,33,899000.0,117500,8
2230,451,20251012,33,2199000.0,37500,3
2231,451,20250126,33,2090000.0,62500,3
2232,343,20250116,33,999000.0,77500,2
2233,714,20240803,33,999000.0,77500,2
2234,94,20250625,33,1499000.0,52500,2
2235,273,20250828,33,1259000.0,227500,11
2236,639,20240425,33,959000.0,89000,7
2237,169,20250523,33,359000.0,91000,6
2238,650,20240927,33,359000.0,91000,6
2239,766,20261128,33,559000.0,152500,14
2240,992,20261113,33,559000.0,152500,14
2241,767,20260214,33,119000.0,147500,15
2242,768,20261202,33,299000.0,167500,10
2243,780,20241205,33,299000.0,167500,10
2244,769,20240617,33,459000.0,92500,6
2245,770,20251023,33,1699000.0,37500,1
2246,771,20240522,33,199000.0,152500,11
2247,704,20250728,33,469000.0,152500,8
2248,169,20250419,33,339000.0,112500,6
2249,650,20241106,33,339000.0,112500,6
2250,772,20261219,33,1540000.0,102500,5
2251,738,20261118,33,1150000.0,82500,4
2252,773,20250614,33,1150000.0,82500,4
2253,738,20260917,33,1090000.0,37500,4
2254,773,20240313,33,1090000.0,37500,4
2255,241,20260518,33,779000.0,12500,6
2256,60,20250128,33,895000.0,47500,4
2257,610,20250425,33,895000.0,47500,4
2258,162,20250417,33,425000.0,197500,13
2259,237,20241108,33,425000.0,197500,13
2260,493,20260809,33,425000.0,197500,13
2261,774,20241119,33,789000.0,102500,8
2262,334,20261009,33,759000.0,177500,4
2263,727,20260822,33,1090000.0,72500,4
2264,775,20240327,33,1090000.0,72500,4
2265,168,20241224,33,369000.0,2500,4
2266,537,20251125,33,369000.0,2500,4
2267,89,20240715,33,819000.0,2500,3
2268,87,20260125,33,580000.0,82500,7
2269,387,20260903,33,580000.0,82500,7
2270,12,20250512,33,759000.0,152500,5
2271,226,20260626,33,759000.0,152500,5
2272,138,20260719,33,689000.0,92500,4
2273,328,20250406,33,689000.0,92500,4
2274,280,20260827,33,610000.0,142500,5
2275,279,20240821,33,459000.0,2500,8
2276,611,20250220,33,459000.0,2500,8
2277,154,20240601,33,189000.0,147500,9
2278,395,20240928,33,399000.0,97500,6
2279,776,20250126,33,399000.0,97500,6
2280,29,20250630,33,1329000.0,17500,2
2281,454,20251225,33,1259000.0,42500,5
2282,640,20240707,33,1119000.0,87500,4
2283,728,20260322,33,749000.0,137500,8
2284,18,20250129,33,759000.0,112500,7
2285,167,20251023,33,759000.0,112500,7
2286,200,20260502,33,959000.0,81705,5
2287,777,20250816,33,959000.0,81705,5
2288,100,20240708,33,829000.0,137500,7
2289,22,20240821,33,1459000.0,122500,4
2290,20,20240819,33,1199000.0,97500,3
2291,134,20241223,33,1199000.0,97500,3
2292,362,20250422,33,669000.0,112500,4
2293,778,20240824,33,525000.0,157500,12
2294,1261,20261122,33,525000.0,157500,12
2295,1282,20240731,33,525000.0,157500,12
2296,779,20250113,33,2890000.0,27500,2
2297,144,20261022,33,299000.0,77500,7
2298,596,20260627,33,299000.0,77500,7
2299,43,20250325,33,399000.0,62500,5
2300,974,20250722,33,399000.0,62500,5
2301,1090,20260323,33,399000.0,62500,5
2302,652,20241005,33,179000.0,252500,13
2303,768,20240801,33,329000.0,157500,10
2304,780,20251218,33,329000.0,157500,10
2305,145,20260827,33,379000.0,152500,12
2306,269,20261031,33,379000.0,152500,12
2307,315,20260520,33,399000.0,42500,5
2308,759,20261206,33,399000.0,42500,5
2309,181,20250313,33,299000.0,77500,8
2310,822,20251101,33,299000.0,77500,8
2311,781,20260622,33,168000.0,267500,17
2312,782,20261111,33,88000.0,247500,23
2313,323,20260610,33,299000.0,117500,6
2314,964,20250123,33,299000.0,117500,6
2315,395,20240514,33,379000.0,97500,6
2316,776,20250615,33,379000.0,97500,6
2317,704,20240807,33,389000.0,127500,8
2318,317,20241128,33,1389000.0,2500,7
2319,434,20261121,33,799000.0,122500,6
2320,783,20241222,33,3390000.0,67500,2
2321,784,20250204,33,1190000.0,112500,9
2322,571,20260614,33,1270000.0,132500,11
2323,324,20260916,33,1390000.0,82500,3
2324,455,20251209,33,1390000.0,82500,3
2325,571,20261123,33,1130000.0,212500,11
2326,20,20240904,33,945000.0,47500,3
2327,134,20260803,33,945000.0,47500,3
2328,330,20240211,33,1470000.0,242500,7
2329,785,20260311,33,1490000.0,122500,8
2330,786,20240502,33,559000.0,297500,11
2331,1080,20240127,33,559000.0,297500,11
2332,153,20250724,33,429000.0,142500,7
2333,1269,20250510,33,429000.0,142500,7
2334,165,20250430,33,469000.0,202500,6
2335,409,20260617,33,469000.0,202500,6
2336,141,20251211,33,1179000.0,49620,5
2337,322,20250110,33,1179000.0,49620,5
2338,20,20251026,33,999000.0,52500,3
2339,134,20260221,33,999000.0,52500,3
2340,314,20260430,33,699000.0,82500,8
2341,695,20251104,33,699000.0,82500,8
2342,141,20241227,33,1029000.0,85365,5
2343,322,20251114,33,1029000.0,85365,5
2344,35,20240903,33,1049000.0,52500,3
2345,533,20250618,33,1049000.0,52500,3
2346,612,20241109,33,929000.0,28562,2
2347,787,20250319,33,929000.0,28562,2
2348,2,20260518,33,479000.0,90946,3
2349,1247,20250804,33,479000.0,90946,3
2350,346,20260520,33,1519000.0,33725,1
2351,397,20250701,33,819000.0,112086,10
2352,168,20261113,33,459000.0,19900,4
2353,537,20250409,33,459000.0,19900,4
2354,397,20261111,33,768000.0,186365,10
2355,141,20250516,33,1219000.0,64507,5
2356,322,20260430,33,1219000.0,64507,5
2357,705,20251216,33,1399000.0,21964,1
2358,788,20260610,33,1399000.0,21964,1
2359,153,20250515,33,489000.0,138166,7
2360,1269,20260104,33,489000.0,138166,7
2361,38,20250815,33,1219000.0,72789,4
2362,321,20250210,33,1219000.0,72789,4
2363,2,20251203,33,499000.0,13476,3
2364,1247,20241012,33,499000.0,13476,3
2365,124,20240526,33,899000.0,77500,4
2366,349,20260304,33,899000.0,77500,4
2367,1169,20250118,33,899000.0,77500,4
2368,38,20240111,33,1399000.0,36396,4
2369,321,20241002,33,1399000.0,36396,4
2370,141,20260604,33,1119000.0,70442,5
2371,322,20260821,33,1119000.0,70442,5
2372,38,20241029,33,1099000.0,126665,4
2373,321,20240722,33,1099000.0,126665,4
2374,43,20241210,33,499000.0,28834,5
2375,974,20260405,33,499000.0,28834,5
2376,1090,20240122,33,499000.0,28834,5
2377,347,20260418,33,499000.0,207078,14
2378,1239,20250619,33,499000.0,207078,14
2379,45,20260907,33,679000.0,96118,7
2380,320,20240919,33,1189000.0,32500,2
2381,609,20250806,33,1189000.0,32500,2
2382,254,20261009,33,419000.0,96433,7
2383,789,20250117,33,419000.0,96433,7
2384,194,20260705,33,1069000.0,112500,6
2385,259,20250126,33,1069000.0,112500,6
2386,2,20260607,33,499000.0,12500,3
2387,1247,20250623,33,499000.0,12500,3
2388,214,20250719,33,759000.0,62500,6
2389,667,20260602,33,759000.0,62500,6
2390,397,20240815,33,759000.0,187500,10
2391,60,20250417,33,959000.0,62630,4
2392,610,20250106,33,959000.0,62630,4
2393,138,20240206,33,529000.0,252500,4
2394,328,20251121,33,529000.0,252500,4
2395,521,20260423,33,459000.0,12500,7
2396,885,20261126,33,459000.0,12500,7
2397,12,20240410,33,599000.0,17500,5
2398,226,20251019,33,599000.0,17500,5
2399,320,20240330,33,1189000.0,32500,2
2400,609,20261026,33,1189000.0,32500,2
2401,254,20260623,33,419000.0,96433,7
2402,789,20240404,33,419000.0,96433,7
2403,194,20250923,33,1069000.0,112500,6
2404,259,20240502,33,1069000.0,112500,6
2405,2,20241231,33,499000.0,12500,3
2406,1247,20251121,33,499000.0,12500,3
2407,214,20241120,33,759000.0,62500,6
2408,667,20250210,33,759000.0,62500,6
2409,397,20260922,33,759000.0,187500,10
2410,60,20250602,33,959000.0,62630,4
2411,610,20260614,33,959000.0,62630,4
2412,790,20240317,33,95000.0,297500,22
2413,138,20240821,33,529000.0,252500,4
2414,328,20260409,33,529000.0,252500,4
2415,84,20250808,33,698000.0,61728,5
2416,341,20250428,33,698000.0,61728,5
2417,304,20240927,33,259000.0,87500,10
2418,1076,20260727,33,259000.0,87500,10
2419,791,20250413,33,430000.0,92500,3
2420,792,20250923,33,569000.0,177500,11
2421,521,20250630,33,459000.0,12500,7
2422,885,20251219,33,459000.0,12500,7
2423,12,20261004,33,599000.0,17500,5
2424,226,20240926,33,599000.0,17500,5
2425,29,20250827,33,1330000.0,32500,2
2426,793,20260822,33,500000.0,127500,10
2427,41,20250112,33,780000.0,162500,7
2428,794,20240625,33,729000.0,127500,8
2429,795,20240930,33,1150000.0,52500,7
2430,904,20250928,33,1150000.0,52500,7
2431,690,20240127,33,300000.0,133000,7
2432,758,20250729,33,300000.0,133000,7
2433,1214,20240229,33,300000.0,133000,7
2434,796,20251231,33,185000.0,182330,14
2435,797,20251022,33,450000.0,13840,2
2436,798,20240926,33,180000.0,272500,15
2437,7,20240901,33,993000.0,67500,5
2438,799,20251021,33,119000.0,187500,17
2439,800,20240325,33,129000.0,142500,23
2440,621,20260625,33,729000.0,90528,8
2441,801,20250619,33,3100000.0,82500,8
2442,266,20240329,33,565000.0,182500,6
2443,469,20250702,33,275000.0,207500,10
2444,802,20260503,33,275000.0,207500,10
2445,683,20260613,33,600000.0,57500,2
2446,803,20250521,33,600000.0,57500,2
2447,727,20250211,33,1169000.0,57500,4
2448,775,20250607,33,1169000.0,57500,4
2449,785,20250829,33,1790000.0,72500,8
2450,726,20260929,33,1550000.0,47500,3
2451,618,20250323,33,1450000.0,62765,5
2452,804,20250626,33,275000.0,22500,16
2453,853,20260806,33,275000.0,22500,16
2454,25,20241215,33,370000.0,192500,8
2455,418,20260501,33,370000.0,192500,8
2456,846,20241123,33,370000.0,192500,8
2457,440,20261124,33,259000.0,187500,10
2458,594,20250914,33,259000.0,187500,10
2459,405,20250502,33,695000.0,212500,8
2460,805,20250501,33,4500000.0,37500,19
2461,558,20240524,33,495000.0,160000,10
2462,806,20260125,33,495000.0,160000,10
2463,807,20240525,33,285000.0,379300,19
2464,330,20261017,33,1550000.0,122500,7
2465,808,20260407,33,300000.0,50814,6
2466,1225,20250918,33,300000.0,50814,6
2467,437,20250617,33,699000.0,187500,8
2468,809,20250921,33,200000.0,217500,13
2469,810,20260530,33,559000.0,92500,9
2470,984,20250218,33,559000.0,92500,9
2471,811,20240913,33,249000.0,221753,15
2472,812,20240327,33,239000.0,197500,8
2473,159,20260623,33,750000.0,87500,3
2474,813,20250723,33,220000.0,72500,26
2475,293,20260111,33,599000.0,147500,5
2476,478,20240417,33,599000.0,147500,5
2477,56,20261108,33,479000.0,52500,2
2478,219,20240608,33,479000.0,52500,2
2479,534,20240409,33,459000.0,202500,9
2480,814,20240921,33,459000.0,202500,9
2481,22,20260119,33,1080000.0,138362,4
2482,437,20261208,33,599000.0,109728,8
2483,815,20251107,33,29000.0,180000,22
2484,130,20260309,33,250000.0,72500,13
2485,61,20261218,33,329000.0,22500,4
2486,816,20240701,33,530000.0,122500,11
2487,817,20251020,33,280000.0,30000,8
2488,568,20250830,33,900000.0,8600,6
2489,675,20251004,33,750000.0,110150,7
2490,507,20241212,33,599000.0,184000,8
2491,162,20260322,33,650000.0,127500,13
2492,237,20260311,33,650000.0,127500,13
2493,493,20261119,33,650000.0,127500,13
2494,149,20240525,33,159000.0,207500,12
2495,818,20250517,33,189000.0,130000,13
2496,819,20260309,33,69000.0,197500,15
2497,820,20260825,33,3700000.0,32500,4
2498,821,20250415,33,759000.0,82500,7
2499,595,20251120,33,370000.0,34400,5
2500,181,20240101,33,310000.0,62500,8
2501,822,20240419,33,310000.0,62500,8
2502,470,20260612,33,549000.0,172500,8
2503,1305,20261223,33,549000.0,172500,8
2504,244,20260125,33,1599000.0,27500,3
2505,735,20240222,33,1599000.0,27500,3
2506,823,20240918,33,65000.0,2500,24
2507,824,20260604,33,499000.0,67500,2
2508,36,20240821,33,629000.0,12500,6
2509,48,20240313,33,649000.0,12500,2
2510,825,20260808,33,320000.0,87254,13
2511,84,20250428,33,685000.0,107500,5
2512,341,20261026,33,685000.0,107500,5
2513,826,20260526,33,449000.0,87500,7
2514,1175,20260508,33,449000.0,87500,7
2515,220,20240516,33,1590000.0,72500,3
2516,126,20260217,33,234000.0,122500,8
2517,1129,20250919,33,234000.0,122500,8
2518,310,20250708,33,360000.0,107500,10
2519,479,20260112,33,360000.0,107500,10
2520,162,20250723,33,599000.0,117500,13
2521,237,20250213,33,599000.0,117500,13
2522,493,20261125,33,599000.0,117500,13
2523,181,20240817,33,199000.0,230000,8
2524,822,20240918,33,199000.0,230000,8
2525,827,20260610,33,480000.0,212500,10
2526,978,20250323,33,480000.0,212500,10
2527,828,20240704,33,470000.0,187500,19
2528,829,20241217,33,190000.0,373900,19
2529,830,20250118,33,419999.0,77500,4
2530,147,20261125,33,869000.0,111231,3
2531,831,20241121,33,869000.0,111231,3
2532,405,20250409,33,839000.0,144275,8
2533,832,20250410,33,590000.0,82500,2
2534,1100,20240610,33,590000.0,82500,2
2535,310,20250709,33,525000.0,127500,10
2536,479,20241026,33,525000.0,127500,10
2537,372,20241221,33,558000.0,82500,9
2538,429,20250717,33,558000.0,82500,9
2539,833,20260303,33,89000.0,166500,19
2540,834,20261019,33,538000.0,17500,12
2541,835,20250808,33,650000.0,202500,12
2542,746,20260119,33,539000.0,82000,5
2543,836,20240519,33,539000.0,82000,5
2544,837,20240822,33,225000.0,22500,15
2545,7,20261023,33,815000.0,195498,5
2546,43,20240912,33,389000.0,52500,5
2547,974,20250105,33,389000.0,52500,5
2548,1090,20241004,33,389000.0,52500,5
2549,122,20250530,33,669000.0,92500,9
2550,838,20260622,33,489000.0,42500,14
2551,839,20240926,33,89000.0,247500,22
2552,840,20250420,33,169000.0,17500,16
2553,841,20260716,33,1150000.0,47500,7
2554,842,20240304,33,230000.0,242500,16
2555,680,20250404,33,319000.0,197500,13
2556,843,20261105,33,319000.0,197500,13
2557,639,20250717,33,789000.0,82500,7
2558,844,20261108,33,35000.0,358500,33
2559,618,20260626,33,1600000.0,54392,5
2560,680,20240402,33,315000.0,342500,13
2561,843,20260211,33,315000.0,342500,13
2562,607,20260320,33,750000.0,63644,7
2563,71,20261106,33,1780000.0,85550,6
2564,329,20260419,33,2090000.0,32500,4
2565,555,20250502,33,1690000.0,77500,6
2566,550,20261030,33,989000.0,77500,7
2567,569,20260118,33,1990000.0,67500,5
2568,620,20250611,33,869000.0,67500,6
2569,1271,20250707,33,869000.0,67500,6
2570,295,20250529,33,2490000.0,62500,4
2571,372,20250111,33,619000.0,172500,9
2572,429,20250428,33,619000.0,172500,9
2573,350,20250327,33,609000.0,17500,2
2574,845,20260225,33,249000.0,247500,20
2575,25,20261129,33,269000.0,112500,8
2576,418,20241028,33,269000.0,112500,8
2577,846,20261221,33,269000.0,112500,8
2578,847,20260925,33,289000.0,17500,11
2579,35,20240118,33,889000.0,22500,3
2580,533,20250201,33,889000.0,22500,3
2581,848,20261003,33,68000.0,287500,23
2582,485,20250816,33,649000.0,17500,8
2583,567,20240707,33,649000.0,17500,8
2584,595,20240413,33,365000.0,62500,5
2585,434,20240202,33,850000.0,72500,6
2586,849,20260118,33,340000.0,57500,5
2587,232,20250108,33,200000.0,468000,17
2588,244,20261101,33,1100000.0,47500,3
2589,735,20260110,33,1100000.0,47500,3
2590,1,20260608,33,249999.0,207500,11
2591,850,20250331,33,149000.0,237500,16
2592,851,20240905,33,319000.0,132500,12
2593,63,20250323,33,459000.0,47500,7
2594,852,20261014,33,65000.0,309500,21
2595,804,20260906,33,360000.0,117500,16
2596,853,20261024,33,360000.0,117500,16
2597,535,20240621,33,460000.0,82500,6
2598,854,20250105,33,460000.0,82500,6
2599,481,20260301,33,699000.0,57500,8
2600,614,20260118,33,989000.0,32500,1
2601,627,20260225,33,989000.0,32500,1
2602,855,20260419,33,2750000.0,2500,28
2603,433,20250203,33,150000.0,12500,14
2604,129,20261217,33,595000.0,237500,7
2605,856,20250701,33,139000.0,192500,14
2606,20,20250211,33,1079000.0,82000,3
2607,134,20251002,33,1079000.0,82000,3
2608,346,20240304,33,1290000.0,42000,1
2609,857,20250727,33,1590000.0,56000,4
2610,858,20250223,33,939000.0,116500,4
2611,1254,20240525,33,939000.0,116500,4
2612,859,20240117,33,1690000.0,47500,4
2613,372,20240407,33,581000.0,167500,9
2614,429,20250327,33,581000.0,167500,9
2615,680,20260901,33,258000.0,272500,13
2616,843,20260616,33,258000.0,272500,13
2617,227,20261012,33,425000.0,182500,6
2618,238,20250423,33,478000.0,222500,9
2619,1116,20240719,33,478000.0,222500,9
2620,860,20240627,33,88000.0,212500,22
2621,413,20250522,33,168000.0,172500,11
2622,861,20250328,33,129000.0,297500,17
2623,862,20240926,33,258000.0,212500,14
2624,979,20250430,33,258000.0,212500,14
2625,863,20250731,33,839000.0,77500,15
2626,373,20241203,33,198000.0,202500,13
2627,864,20260510,33,238000.0,232500,10
2628,1001,20260126,33,238000.0,232500,10
2629,865,20260126,33,1190000.0,7500,1
2630,866,20250806,33,1790000.0,67500,6
2631,867,20261208,33,2250000.0,47500,3
2632,820,20241211,33,2690000.0,57500,4
2633,772,20251202,33,2799000.0,92500,5
2634,89,20241019,33,789000.0,57500,3
2635,556,20260306,33,398000.0,182500,14
2636,868,20261018,33,398000.0,182500,14
2637,616,20240317,33,489000.0,22500,3
2638,666,20260327,33,489000.0,22500,3
2639,869,20260614,33,479000.0,97500,13
2640,127,20251012,33,799000.0,156442,4
2641,870,20250630,33,598000.0,157500,8
2642,571,20250128,33,1249000.0,165210,11
2643,871,20241120,33,898000.0,212500,9
2644,92,20240530,33,655000.0,117735,7
2645,92,20260528,33,699000.0,106229,7
2646,654,20261121,33,338000.0,378624,13
2647,1303,20240928,33,338000.0,378624,13
2648,338,20260415,33,459000.0,97500,6
2649,872,20250102,33,2199000.0,67500,2
2650,598,20250812,33,1999000.0,87500,6
2651,33,20250810,33,459000.0,202500,11
2652,873,20250725,33,399000.0,82500,12
2653,938,20240320,33,399000.0,82500,12
2654,13,20240914,33,459000.0,152500,6
2655,282,20241005,33,459000.0,152500,6
2656,559,20250518,33,3500000.0,52500,4
2657,614,20250711,33,919000.0,12500,1
2658,627,20250505,33,919000.0,12500,1
2659,56,20250719,33,549000.0,52500,2
2660,219,20250604,33,549000.0,52500,2
2661,47,20241121,33,959000.0,7500,1
2662,27,20240324,33,649000.0,27500,6
2663,163,20260420,33,649000.0,27500,6
2664,281,20241115,33,699000.0,67500,4
2665,284,20241030,33,999000.0,17500,1
2666,256,20251120,33,5200000.0,12500,1
2667,874,20250210,33,999000.0,147500,9
2668,1028,20261115,33,999000.0,147500,9
2669,280,20251114,33,699000.0,67500,5
2670,875,20240820,33,399000.0,207500,16
2671,876,20261018,33,1499000.0,27500,1
2672,12,20250702,33,679000.0,57500,5
2673,226,20261102,33,679000.0,57500,5
2674,315,20250510,33,448000.0,110000,5
2675,759,20250909,33,448000.0,110000,5
2676,168,20260427,33,429000.0,37500,4
2677,537,20261002,33,429000.0,37500,4
2678,877,20250118,33,399000.0,2500,14
2679,878,20261013,33,359000.0,102500,3
2680,84,20251003,33,649000.0,107500,5
2681,341,20241111,33,649000.0,107500,5
2682,43,20240912,33,409000.0,142500,5
2683,974,20250316,33,409000.0,142500,5
2684,1090,20241025,33,409000.0,142500,5
2685,267,20260703,33,539000.0,77500,3
2686,531,20240912,33,539000.0,77500,3
2687,57,20251012,33,329000.0,2500,4
2688,139,20240216,33,369000.0,187500,10
2689,879,20260621,33,639000.0,192500,10
2690,85,20250407,33,659000.0,152500,6
2691,591,20240131,33,299000.0,202500,12
2692,897,20240224,33,299000.0,202500,12
2693,60,20240601,33,859000.0,152500,4
2694,610,20250331,33,859000.0,152500,4
2695,11,20241012,33,649000.0,82500,3
2696,251,20240205,33,649000.0,82500,3
2697,56,20260328,33,619000.0,22500,2
2698,219,20240912,33,619000.0,22500,2
2699,694,20240626,33,429000.0,202500,13
2700,169,20250522,33,389000.0,87500,6
2701,650,20240121,33,389000.0,87500,6
2702,7,20240315,33,859000.0,122500,5
2703,670,20251219,33,469000.0,89030,10
2704,50,20250404,33,549000.0,137500,8
2705,105,20261126,33,549000.0,137500,8
2706,277,20250921,33,479000.0,145458,10
2707,11,20240101,33,959000.0,12500,3
2708,251,20260724,33,959000.0,12500,3
2709,634,20241106,33,439000.0,82500,6
2710,42,20260131,33,599000.0,162500,8
2711,362,20251113,33,669000.0,147500,4
2712,79,20241110,33,1399000.0,157500,8
2713,12,20241102,33,469000.0,65605,5
2714,226,20250910,33,469000.0,65605,5
2715,39,20240107,33,659000.0,2500,7
2716,225,20261101,33,659000.0,2500,7
2717,880,20250528,33,319000.0,2500,7
2718,1304,20241214,33,319000.0,2500,7
2719,124,20260705,33,699000.0,2500,4
2720,349,20261027,33,699000.0,2500,4
2721,1169,20250514,33,699000.0,2500,4
2722,404,20250419,33,359000.0,2500,13
2723,651,20250607,33,359000.0,2500,13
2724,115,20261216,33,529000.0,2500,8
2725,881,20250812,33,529000.0,2500,8
2726,882,20240820,33,239000.0,2500,9
2727,85,20260301,33,899000.0,2500,6
2728,170,20261119,33,429000.0,2500,9
2729,1207,20250101,33,429000.0,2500,9
2730,400,20240225,33,359000.0,2500,8
2731,1181,20240110,33,359000.0,2500,8
2732,147,20240526,33,449000.0,2500,3
2733,831,20241229,33,449000.0,2500,3
2734,699,20240909,33,449000.0,2500,5
2735,883,20260728,33,449000.0,2500,5
2736,33,20260105,33,399000.0,2500,11
2737,751,20241205,33,349000.0,37500,2
2738,607,20250915,33,799000.0,7500,7
2739,474,20251205,33,399000.0,97500,7
2740,12,20241118,33,549000.0,97500,5
2741,226,20260510,33,549000.0,97500,5
2742,884,20240404,33,529000.0,2500,12
2743,244,20250706,33,1049000.0,62500,3
2744,735,20260228,33,1049000.0,62500,3
2745,672,20250706,33,1170000.0,2500,3
2746,721,20240425,33,1170000.0,2500,3
2747,664,20250923,33,699000.0,22500,1
2748,84,20240926,33,639000.0,97500,5
2749,341,20260510,33,639000.0,97500,5
2750,315,20241017,33,469000.0,97500,5
2751,759,20240109,33,469000.0,97500,5
2752,214,20250921,33,399000.0,97500,6
2753,667,20260513,33,399000.0,97500,6
2754,36,20250419,33,619000.0,97500,6
2755,169,20250620,33,329000.0,97500,6
2756,650,20251115,33,329000.0,97500,6
2757,7,20261031,33,799000.0,97500,5
2758,437,20250904,33,749000.0,67000,8
2759,558,20260215,33,499000.0,97500,10
2760,806,20250817,33,499000.0,97500,10
2761,370,20241002,33,589000.0,97500,8
2762,370,20250104,33,619000.0,43000,8
2763,362,20241210,33,599000.0,97500,4
2764,127,20250102,33,769000.0,97500,4
2765,127,20251231,33,829000.0,62500,4
2766,52,20240115,33,319000.0,97500,8
2767,913,20260127,33,319000.0,97500,8
2768,7,20251118,33,789000.0,97500,5
2769,7,20240104,33,819000.0,97500,5
2770,12,20250616,33,559000.0,97500,5
2771,226,20260912,33,559000.0,97500,5
2772,333,20260413,33,899000.0,92500,3
2773,521,20241228,33,519000.0,142500,7
2774,885,20240426,33,519000.0,142500,7
2775,330,20240507,33,1699000.0,122500,7
2776,274,20240318,33,629000.0,112500,8
2777,307,20260110,33,629000.0,112500,8
2778,41,20260212,33,729000.0,167500,7
2779,372,20240322,33,549000.0,12500,9
2780,429,20241207,33,549000.0,12500,9
2781,397,20260329,33,679000.0,147500,10
2782,40,20250731,33,509000.0,82500,7
2783,886,20240405,33,509000.0,82500,7
2784,887,20250730,33,479000.0,12500,13
2785,523,20250604,33,379000.0,192500,10
2786,1063,20260922,33,379000.0,192500,10
2787,115,20241222,33,449000.0,132500,8
2788,881,20240704,33,449000.0,132500,8
2789,39,20250626,33,479000.0,202500,7
2790,225,20240530,33,479000.0,202500,7
2791,551,20261218,33,619000.0,112500,9
2792,575,20240110,33,619000.0,112500,9
2793,297,20260506,33,599000.0,112500,9
2794,1105,20241221,33,599000.0,112500,9
2795,280,20260304,33,549000.0,82500,5
2796,643,20240824,33,349000.0,132500,11
2797,1143,20241128,33,349000.0,132500,11
2798,372,20240117,33,499000.0,202500,9
2799,429,20241119,33,499000.0,202500,9
2800,221,20240123,33,379000.0,67500,11
2801,962,20260719,33,379000.0,67500,11
2802,27,20250403,33,378000.0,2500,6
2803,163,20250604,33,378000.0,2500,6
2804,437,20251219,33,799000.0,2500,8
2805,346,20250710,33,1190000.0,37500,1
2806,443,20250206,33,599000.0,27500,3
2807,191,20250401,33,448000.0,29000,2
2808,522,20261116,33,448000.0,29000,2
2809,223,20250131,33,1499000.0,87500,4
2810,1168,20240519,33,1499000.0,87500,4
2811,144,20250604,33,288000.0,72500,7
2812,596,20260115,33,288000.0,72500,7
2813,17,20240401,33,479000.0,82500,6
2814,110,20240317,33,479000.0,82500,6
2815,888,20260501,33,429000.0,52500,2
2816,407,20260424,33,1399000.0,82500,8
2817,889,20251028,33,1399000.0,82500,8
2818,890,20260816,33,1330000.0,62500,4
2819,249,20260915,33,2290000.0,27500,3
2820,891,20260307,33,289000.0,97500,14
2821,126,20240328,33,269000.0,87500,8
2822,1129,20260703,33,269000.0,87500,8
2823,616,20240404,33,639000.0,102500,3
2824,666,20250704,33,639000.0,102500,3
2825,892,20250202,33,579000.0,117500,14
2826,4,20260205,33,429000.0,2500,4
2827,69,20261213,33,429000.0,2500,4
2828,893,20240830,33,299000.0,2500,13
2829,25,20250915,33,499000.0,2500,8
2830,418,20251201,33,499000.0,2500,8
2831,846,20250717,33,499000.0,2500,8
2832,668,20240610,33,459000.0,2500,6
2833,252,20240204,33,359000.0,2500,9
2834,894,20260823,33,359000.0,2500,9
2835,895,20240206,33,269000.0,2500,11
2836,124,20260425,33,499000.0,2500,4
2837,349,20260408,33,499000.0,2500,4
2838,1169,20250914,33,499000.0,2500,4
2839,896,20250604,33,359000.0,2500,9
2840,169,20240414,33,379000.0,2500,6
2841,650,20240604,33,379000.0,2500,6
2842,591,20241201,33,329000.0,2500,12
2843,897,20261115,33,329000.0,2500,12
2844,53,20241022,33,419000.0,2500,5
2845,896,20260604,33,399000.0,2500,9
2846,395,20240309,33,359000.0,2500,6
2847,776,20240530,33,359000.0,2500,6
2848,898,20260506,33,359000.0,2500,6
2849,1047,20250730,33,359000.0,2500,6
2850,899,20251023,33,179000.0,2500,15
2851,900,20260126,33,129000.0,2500,24
2852,901,20250327,33,259000.0,2500,9
2853,902,20250723,33,239000.0,32500,6
2854,534,20250926,33,429000.0,102500,9
2855,814,20241227,33,429000.0,102500,9
2856,208,20240721,33,1345000.0,67500,6
2857,368,20250501,33,1345000.0,67500,6
2858,337,20240104,33,339000.0,38000,5
2859,526,20261115,33,339000.0,38000,5
2860,211,20260311,33,229000.0,132500,12
2861,39,20260903,33,529000.0,2500,7
2862,225,20240127,33,529000.0,2500,7
2863,39,20261201,33,599000.0,112500,7
2864,225,20260822,33,599000.0,112500,7
2865,39,20240304,33,539000.0,2500,7
2866,225,20261114,33,539000.0,2500,7
2867,138,20240312,33,699000.0,107500,4
2868,328,20260618,33,699000.0,107500,4
2869,20,20240924,33,1159000.0,62500,3
2870,134,20240404,33,1159000.0,62500,3
2871,60,20250129,33,829000.0,17500,4
2872,610,20260518,33,829000.0,17500,4
2873,397,20241229,33,659000.0,122500,10
2874,68,20240426,33,689000.0,2500,5
2875,551,20240612,33,419000.0,132500,9
2876,575,20260526,33,419000.0,132500,9
2877,215,20260228,33,1399000.0,32500,2
2878,97,20250730,33,529000.0,142500,9
2879,1009,20241101,33,529000.0,142500,9
2880,169,20260210,33,359000.0,2500,6
2881,650,20240718,33,359000.0,2500,6
2882,209,20240628,33,329000.0,82500,11
2883,903,20241223,33,379000.0,132500,9
2884,795,20260109,33,849000.0,32500,7
2885,904,20250305,33,849000.0,32500,7
2886,25,20261024,33,419000.0,160000,8
2887,418,20251014,33,419000.0,160000,8
2888,846,20251108,33,419000.0,160000,8
2889,905,20240910,33,239000.0,62500,7
2890,905,20260729,33,239000.0,22500,7
2891,906,20240615,33,429000.0,92500,8
2892,528,20260822,33,658000.0,132500,8
2893,907,20260503,33,228000.0,232500,18
2894,908,20261221,33,238000.0,217500,14
2895,909,20240622,33,148000.0,192500,15
2896,405,20250915,33,659000.0,162500,8
2897,910,20250218,33,298000.0,172500,9
2898,591,20260108,33,289000.0,142500,12
2899,897,20251105,33,289000.0,142500,12
2900,12,20240505,33,425000.0,2500,5
2901,226,20260729,33,425000.0,2500,5
2902,911,20240909,33,119000.0,122500,20
2903,138,20240715,33,469000.0,82500,4
2904,328,20250216,33,469000.0,82500,4
2905,12,20260214,33,429000.0,36000,5
2906,226,20261213,33,429000.0,36000,5
2907,214,20240821,33,399000.0,2500,6
2908,667,20261221,33,399000.0,2500,6
2909,12,20240714,33,419000.0,132500,5
2910,226,20250625,33,419000.0,132500,5
2911,652,20241021,33,159000.0,177500,13
2912,27,20251006,33,639000.0,42500,6
2913,163,20240604,33,639000.0,42500,6
2914,168,20250209,33,419000.0,32500,4
2915,537,20260614,33,419000.0,32500,4
2916,112,20251226,33,579000.0,62500,5
2917,1023,20260107,33,579000.0,62500,5
2918,912,20260307,33,89000.0,200000,22
2919,52,20250707,33,289000.0,77500,8
2920,913,20250109,33,289000.0,77500,8
2921,700,20250330,33,989000.0,21364,1
2922,316,20240720,33,799000.0,67500,5
2923,191,20260503,33,499999.0,28891,2
2924,522,20251224,33,499999.0,28891,2
2925,40,20241205,33,379999.0,212500,7
2926,886,20240918,33,379999.0,212500,7
2927,238,20250626,33,499999.0,152500,9
2928,1116,20250704,33,499999.0,152500,9
2929,616,20250929,33,499000.0,42500,3
2930,666,20240613,33,499000.0,42500,3
2931,914,20260127,33,3990000.0,27500,1
2932,214,20250912,33,369000.0,297500,6
2933,667,20240220,33,369000.0,297500,6
2934,148,20250503,33,659000.0,267500,11
2935,765,20240716,33,659000.0,267500,11
2936,245,20261112,33,869000.0,117500,5
2937,915,20251026,33,469999.0,87500,9
2938,448,20251024,33,1680000.0,87500,5
2939,405,20240922,33,899000.0,142500,8
2940,916,20240313,33,299000.0,25861,3
2941,340,20240317,33,899999.0,57500,4
2942,344,20250627,33,899999.0,57500,4
2943,510,20260530,33,179999.0,147500,13
2944,20,20250310,33,899999.0,69655,3
2945,134,20261224,33,899999.0,69655,3
2946,89,20241222,33,659999.0,117500,3
2947,343,20260724,33,1298000.0,52500,2
2948,714,20240118,33,1298000.0,52500,2
2949,39,20251106,33,499999.0,177500,7
2950,225,20250728,33,499999.0,177500,7
2951,174,20260120,33,559999.0,27500,4
2952,566,20260922,33,559999.0,27500,4
2953,917,20261029,33,439000.0,150000,13
2954,360,20250923,33,1039000.0,92500,3
2955,1073,20250106,33,1039000.0,92500,3
2956,191,20260827,33,679000.0,57500,2
2957,522,20241218,33,679000.0,57500,2
2958,918,20240811,33,689000.0,135000,4
2959,239,20260811,33,999000.0,137500,9
2960,615,20250102,33,999000.0,137500,9
2961,919,20251017,33,299000.0,2500,13
2962,1064,20261231,33,299000.0,2500,13
2963,68,20250308,33,699000.0,137500,5
2964,483,20250523,33,479000.0,112500,7
2965,527,20250522,33,479000.0,112500,7
2966,470,20250908,33,629000.0,2500,8
2967,1305,20250223,33,629000.0,2500,8
2968,470,20261231,33,599000.0,2500,8
2969,1305,20240314,33,599000.0,2500,8
2970,126,20250727,33,259000.0,92500,8
2971,1129,20240525,33,259000.0,92500,8
2972,920,20240215,33,1679000.0,2500,5
2973,921,20240430,33,699000.0,112500,18
2974,922,20261202,33,599000.0,2500,9
2975,923,20240408,33,899000.0,107500,15
2976,621,20251206,33,829000.0,107000,8
2977,728,20241106,33,889000.0,112500,8
2978,924,20250226,33,699000.0,77500,12
2979,925,20240928,33,859000.0,57000,16
2980,926,20260404,33,1290000.0,48000,10
2981,340,20240728,33,899000.0,133000,4
2982,344,20260108,33,899000.0,133000,4
2983,927,20260303,33,308000.0,202500,8
2984,751,20261111,33,459000.0,12545,2
2985,375,20260129,33,599999.0,47500,2
2986,928,20240607,33,499999.0,102500,4
2987,1074,20260110,33,499999.0,102500,4
2988,929,20241208,33,559999.0,107500,7
2989,295,20251129,33,1950000.0,112500,4
2990,366,20250131,33,1050000.0,102500,5
2991,406,20250619,33,1050000.0,102500,5
2992,930,20240520,33,1150000.0,42500,3
2993,686,20260818,33,1250000.0,137500,4
2994,195,20240827,33,299000.0,17500,13
2995,216,20241018,33,299000.0,17500,13
2996,103,20260327,33,299000.0,85000,5
2997,931,20240322,33,299000.0,85000,5
2998,397,20250713,33,619000.0,12500,10
2999,229,20260519,33,399000.0,80096,14
3000,45,20240619,33,649000.0,198745,7
3001,932,20260903,33,2650000.0,67500,3
3002,933,20250802,33,755000.0,120000,9
3003,934,20250609,33,139000.0,122500,20
3004,539,20250625,33,368000.0,94000,7
3005,716,20240419,33,1199000.0,2500,5
3006,87,20241117,33,518000.0,117500,7
3007,387,20260618,33,518000.0,117500,7
3008,56,20251214,33,548000.0,2500,2
3009,219,20240324,33,548000.0,2500,2
3010,126,20260813,33,298000.0,92500,8
3011,1129,20250110,33,298000.0,92500,8
3012,935,20261212,33,699000.0,132500,6
3013,144,20250808,33,318000.0,72500,7
3014,596,20240409,33,318000.0,72500,7
3015,144,20240508,33,318000.0,82500,7
3016,596,20260706,33,318000.0,82500,7
3017,253,20240806,33,328000.0,45412,6
3018,760,20250421,33,328000.0,45412,6
3019,337,20240122,33,348000.0,2500,5
3020,526,20250713,33,348000.0,2500,5
3021,430,20250920,33,119000.0,102500,14
3022,126,20261015,33,279000.0,62500,8
3023,1129,20241204,33,279000.0,62500,8
3024,936,20240627,33,149000.0,2500,18
3025,576,20250224,33,259000.0,112500,14
3026,937,20261003,33,259000.0,112500,14
3027,873,20240218,33,299000.0,2500,12
3028,938,20260205,33,299000.0,2500,12
3029,222,20240130,33,239000.0,2500,14
3030,495,20240325,33,239000.0,2500,14
3031,939,20260227,33,179000.0,92500,13
3032,940,20241124,33,168000.0,142500,13
3033,214,20250901,33,448000.0,64112,6
3034,667,20250309,33,448000.0,64112,6
3035,214,20250810,33,428000.0,97500,6
3036,667,20251120,33,428000.0,97500,6
3037,616,20250228,33,444000.0,36712,3
3038,666,20260208,33,444000.0,36712,3
3039,153,20250526,33,408000.0,97500,7
3040,1269,20261008,33,408000.0,97500,7
3041,941,20250717,33,333000.0,182500,14
3042,90,20241029,33,379000.0,47500,4
3043,942,20240408,33,379000.0,47500,4
3044,943,20250710,33,5290000.0,32500,1
3045,685,20240211,33,199000.0,162500,16
3046,457,20260917,33,1199000.0,2500,3
3047,944,20250412,33,538000.0,117500,12
3048,1226,20250315,33,538000.0,117500,12
3049,169,20241122,33,328000.0,92500,6
3050,650,20250722,33,328000.0,92500,6
3051,945,20240202,33,748000.0,92500,10
3052,507,20250215,33,848000.0,107500,8
3053,946,20260322,33,1099000.0,2500,7
3054,947,20250522,33,1990000.0,92500,3
3055,948,20240225,33,1450000.0,77500,5
3056,770,20250629,33,2190000.0,12500,1
3057,882,20240714,33,189000.0,127500,9
3058,10,20250216,33,308000.0,177500,12
3059,949,20250928,33,308000.0,177500,12
3060,48,20260111,33,798000.0,12500,2
3061,38,20240516,33,979000.0,93082,4
3062,321,20250622,33,979000.0,93082,4
3063,38,20251119,33,939000.0,122866,4
3064,321,20251219,33,939000.0,122866,4
3065,754,20260721,33,399000.0,172500,11
3066,84,20241101,33,649000.0,132500,5
3067,341,20250122,33,649000.0,132500,5
3068,305,20251225,33,829000.0,122500,7
3069,310,20260703,33,419000.0,112500,10
3070,479,20250702,33,419000.0,112500,10
3071,87,20250520,33,539000.0,92500,7
3072,387,20250122,33,539000.0,92500,7
3073,14,20241019,33,879000.0,106211,4
3074,456,20240627,33,879000.0,106211,4
3075,14,20251102,33,999000.0,90321,4
3076,456,20240320,33,999000.0,90321,4
3077,14,20261103,33,729000.0,115920,4
3078,456,20261213,33,729000.0,115920,4
3079,317,20250322,33,1490000.0,157063,7
3080,317,20260204,33,1290000.0,131457,7
3081,535,20261224,33,569000.0,107500,6
3082,854,20250517,33,569000.0,107500,6
3083,138,20250723,33,699000.0,13051,4
3084,328,20240405,33,699000.0,13051,4
3085,138,20250807,33,529000.0,109322,4
3086,328,20240904,33,529000.0,109322,4
3087,12,20240506,33,459000.0,87500,5
3088,226,20250513,33,459000.0,87500,5
3089,127,20240215,33,859000.0,75955,4
3090,127,20260908,33,729000.0,109070,4
3091,35,20240924,33,829000.0,40948,3
3092,533,20240403,33,829000.0,40948,3
3093,35,20260105,33,929000.0,31559,3
3094,533,20250903,33,929000.0,31559,3
3095,213,20240311,33,459000.0,186999,11
3096,59,20250815,33,665000.0,120000,7
3097,434,20250324,33,729000.0,184451,6
3098,88,20250911,33,799000.0,46292,5
3099,12,20250905,33,659000.0,97500,5
3100,226,20240331,33,659000.0,97500,5
3101,20,20260526,33,1299000.0,32500,3
3102,134,20250611,33,1299000.0,32500,3
3103,45,20260213,33,659000.0,97591,7
3104,41,20251102,33,739000.0,102500,7
3105,168,20260203,33,409000.0,52500,4
3106,537,20241226,33,409000.0,52500,4
3107,7,20250112,33,949000.0,58697,5
3108,96,20241210,33,519000.0,177500,6
3109,579,20260308,33,519000.0,177500,6
3110,42,20250330,33,599000.0,177500,8
3111,528,20260626,33,599000.0,189822,8
3112,690,20240307,33,429000.0,152500,7
3113,758,20260913,33,429000.0,152500,7
3114,1214,20260905,33,429000.0,152500,7
3115,372,20240212,33,559000.0,122500,9
3116,429,20240816,33,559000.0,122500,9
3117,224,20240821,33,909000.0,57500,2
3118,98,20250511,33,669000.0,137500,7
3119,20,20260427,33,1100000.0,82008,3
3120,134,20261121,33,1100000.0,82008,3
3121,73,20240422,33,579000.0,87500,4
3122,477,20260830,33,579000.0,87500,4
3123,20,20250403,33,1199000.0,42500,3
3124,134,20240106,33,1199000.0,42500,3
3125,20,20260918,33,959000.0,126961,3
3126,134,20250508,33,959000.0,126961,3
3127,20,20240311,33,699000.0,45219,3
3128,134,20260727,33,699000.0,45219,3
3129,119,20251104,33,799000.0,76808,3
3130,351,20261122,33,799000.0,76808,3
3131,950,20240522,33,1430000.0,17500,5
3132,7,20260105,33,879000.0,22500,5
3133,12,20251226,33,409000.0,52500,5
3134,226,20240804,33,409000.0,52500,5
3135,7,20250309,33,859000.0,89487,5
3136,130,20260413,33,219000.0,142500,13
3137,277,20261213,33,459000.0,145000,10
3138,239,20251220,33,1090000.0,112500,9
3139,615,20260730,33,1090000.0,112500,9
3140,291,20260625,33,920000.0,127500,10
3141,183,20260921,33,189000.0,182500,13
3142,239,20240224,33,950000.0,147500,9
3143,615,20261124,33,950000.0,147500,9
3144,717,20260510,33,1259000.0,77500,5
3145,951,20261003,33,1108000.0,234549,7
3146,952,20250719,33,949000.0,2500,1
3147,4,20260209,33,645000.0,42500,4
3148,69,20260527,33,645000.0,42500,4
3149,45,20260403,33,645000.0,162500,7
3150,953,20250528,33,245000.0,182500,14
3151,510,20260511,33,175000.0,297500,13
3152,954,20250225,33,1780000.0,7500,2
3153,8,20250531,33,195000.0,212500,12
3154,955,20251205,33,1250000.0,7500,1
3155,153,20260319,33,450000.0,127500,7
3156,1269,20240213,33,450000.0,127500,7
3157,955,20260507,33,1250000.0,2500,1
3158,45,20260311,33,628000.0,167500,7
3159,64,20240806,33,855000.0,47500,3
3160,1266,20250721,33,855000.0,47500,3
3161,43,20260626,33,395000.0,27500,5
3162,974,20240914,33,395000.0,27500,5
3163,1090,20260818,33,395000.0,27500,5
3164,404,20260611,33,255000.0,152500,13
3165,651,20241015,33,255000.0,152500,13
3166,33,20260829,33,435000.0,182500,11
3167,701,20240412,33,495000.0,152500,11
3168,956,20260314,33,495000.0,152500,11
3169,595,20261115,33,355000.0,82500,5
3170,6,20241028,33,295000.0,212500,14
3171,562,20261214,33,235000.0,212500,10
3172,957,20240225,33,235000.0,212500,10
3173,51,20261011,33,160000.0,242500,16
3174,36,20250108,33,675000.0,237500,6
3175,958,20260410,33,180000.0,177500,9
3176,45,20260708,33,645000.0,157500,7
3177,141,20250401,33,785000.0,197500,5
3178,322,20240511,33,785000.0,197500,5
3179,277,20250507,33,445000.0,187500,10
3180,408,20240419,33,515000.0,187500,4
3181,520,20250804,33,515000.0,187500,4
3182,959,20260306,33,719000.0,62500,12
3183,325,20260320,33,1680000.0,2500,1
3184,599,20260604,33,1680000.0,2500,1
3185,191,20260211,33,475000.0,37500,2
3186,522,20260725,33,475000.0,37500,2
3187,761,20250726,33,145000.0,247500,11
3188,960,20260319,33,145000.0,172500,14
3189,488,20260528,33,325000.0,142500,11
3190,1212,20261029,33,325000.0,142500,11
3191,1,20250216,33,225000.0,127500,11
3192,6,20260409,33,285000.0,242500,14
3193,27,20250719,33,685000.0,77500,6
3194,163,20240413,33,685000.0,77500,6
3195,961,20251107,33,185000.0,277500,23
3196,221,20260802,33,295000.0,257500,11
3197,962,20240926,33,295000.0,257500,11
3198,898,20250410,33,415000.0,57500,6
3199,1047,20260311,33,415000.0,57500,6
3200,122,20261001,33,685000.0,257500,9
3201,963,20240821,33,225000.0,297500,13
3202,1245,20260701,33,225000.0,297500,13
3203,114,20261121,33,325000.0,72500,6
3204,592,20241222,33,325000.0,72500,6
3205,536,20260821,33,385000.0,157500,4
3206,1185,20240403,33,385000.0,157500,4
3207,323,20240831,33,325000.0,117500,6
3208,964,20240227,33,325000.0,117500,6
3209,58,20260822,33,675000.0,232500,6
3210,652,20241115,33,155000.0,152500,13
3211,161,20261108,33,440000.0,52500,3
3212,337,20241222,33,300000.0,52500,5
3213,526,20240426,33,300000.0,52500,5
3214,607,20241022,33,655000.0,252500,7
3215,965,20250608,33,385000.0,172500,7
3216,966,20250204,33,1150000.0,97500,7
3217,967,20260108,33,1695000.0,32500,3
3218,968,20250612,33,365000.0,177500,16
3219,969,20250710,33,395000.0,92500,11
3220,21,20250703,33,795000.0,7500,2
3221,325,20241225,33,1385000.0,2500,1
3222,599,20240304,33,1385000.0,2500,1
3223,59,20260203,33,555000.0,162500,7
3224,325,20260212,33,1295000.0,2500,1
3225,599,20250915,33,1295000.0,2500,1
3226,772,20240411,33,1490000.0,102500,5
3227,970,20250714,33,565000.0,107500,15
3228,218,20261112,33,725000.0,12500,1
3229,1249,20260423,33,725000.0,12500,1
3230,971,20261223,33,265000.0,147500,14
3231,558,20260418,33,535000.0,52500,10
3232,806,20251111,33,535000.0,52500,10
3233,972,20251006,33,285000.0,127500,14
3234,1332,20250202,33,285000.0,127500,14
3235,772,20250208,33,1450000.0,102500,5
3236,218,20260405,33,725000.0,3024,1
3237,1249,20251008,33,725000.0,3024,1
3238,411,20240204,33,495000.0,117500,11
3239,973,20250223,33,495000.0,117500,11
3240,43,20250111,33,295000.0,167500,5
3241,974,20240807,33,295000.0,167500,5
3242,1090,20251127,33,295000.0,167500,5
3243,975,20241207,33,115000.0,297500,18
3244,700,20260122,33,895000.0,7500,1
3245,700,20250219,33,755000.0,12500,1
3246,242,20260726,33,655000.0,297500,7
3247,38,20261003,33,755000.0,202500,4
3248,321,20251110,33,755000.0,202500,4
3249,148,20260117,33,595000.0,267500,11
3250,765,20260316,33,595000.0,267500,11
3251,194,20241107,33,785000.0,117500,6
3252,259,20240224,33,785000.0,117500,6
3253,558,20251124,33,535000.0,57500,10
3254,806,20250617,33,535000.0,57500,10
3255,976,20240414,33,135000.0,237500,18
3256,323,20241020,33,365000.0,67500,6
3257,964,20260529,33,365000.0,67500,6
3258,685,20250704,33,185000.0,167500,16
3259,977,20260629,33,79000.0,282500,25
3260,827,20250109,33,515000.0,152500,10
3261,978,20250325,33,515000.0,152500,10
3262,862,20261219,33,360000.0,142500,14
3263,979,20260322,33,360000.0,142500,14
3264,909,20250124,33,125000.0,292500,15
3265,980,20251028,33,1050000.0,2500,1
3266,981,20240520,33,990000.0,57500,2
3267,982,20260523,33,295000.0,217500,14
3268,434,20260422,33,635000.0,157500,6
3269,126,20250819,33,225000.0,177500,8
3270,1129,20260809,33,225000.0,177500,8
3271,983,20250705,33,250000.0,297500,8
3272,810,20250107,33,395000.0,182500,9
3273,984,20251009,33,395000.0,182500,9
3274,985,20241128,33,550000.0,2500,2
3275,980,20250127,33,1260000.0,2500,1
3276,33,20250129,33,315000.0,297500,11
3277,986,20240204,33,1690000.0,67500,4
3278,332,20240605,33,628000.0,195470,10
3279,577,20260622,33,145000.0,262500,19
3280,616,20260824,33,435000.0,52500,3
3281,666,20250130,33,435000.0,52500,3
3282,405,20240725,33,695000.0,162500,8
3283,987,20250912,33,115000.0,182500,28
3284,510,20260315,33,175000.0,132500,13
3285,701,20250406,33,495000.0,152500,11
3286,956,20240908,33,495000.0,152500,11
3287,980,20260516,33,1250000.0,2500,1
3288,837,20240727,33,220000.0,217500,15
3289,988,20260812,33,138000.0,297500,12
3290,574,20250622,33,398000.0,122500,4
3291,989,20260414,33,185000.0,202500,19
3292,90,20250517,33,650000.0,52500,4
3293,942,20260813,33,650000.0,52500,4
3294,781,20250528,33,155000.0,297500,17
3295,680,20250802,33,270000.0,297500,13
3296,843,20260419,33,270000.0,297500,13
3297,214,20260912,33,590000.0,117500,6
3298,667,20240323,33,590000.0,117500,6
3299,86,20261201,33,195000.0,187500,14
3300,122,20240604,33,625000.0,297500,9
3301,990,20250328,33,1170000.0,227500,14
3302,781,20250908,33,210000.0,102500,17
3303,125,20250915,33,298000.0,92500,7
3304,196,20250521,33,298000.0,92500,7
3305,416,20250913,33,190000.0,162500,16
3306,991,20241019,33,389000.0,217500,11
3307,766,20251016,33,380000.0,97500,14
3308,992,20260725,33,380000.0,97500,14
3309,598,20260126,33,1308000.0,129220,6
3310,489,20260922,33,450000.0,102500,17
3311,993,20251028,33,450000.0,102500,17
3312,49,20240229,33,979000.0,62500,3
3313,15,20241122,33,389000.0,97500,3
3314,636,20260309,33,389000.0,97500,3
3315,994,20260223,33,379000.0,157500,11
3316,73,20260205,33,579000.0,89347,4
3317,477,20250602,33,579000.0,89347,4
3318,995,20250929,33,729000.0,97500,6
3319,42,20240323,33,599000.0,162500,8
3320,56,20240128,33,619000.0,22500,2
3321,219,20240922,33,619000.0,22500,2
3322,64,20250131,33,629000.0,182500,3
3323,1266,20260819,33,629000.0,182500,3
3324,66,20260201,33,429000.0,77500,4
3325,316,20260906,33,979000.0,97500,5
3326,63,20260321,33,429000.0,47500,7
3327,168,20250803,33,409000.0,57500,4
3328,537,20250902,33,409000.0,57500,4
3329,362,20240711,33,749000.0,72500,4
3330,605,20240814,33,289000.0,187500,9
3331,998,20250326,33,289000.0,187500,9
3332,11,20260720,33,649000.0,92500,3
3333,251,20251016,33,649000.0,92500,3
3334,11,20240721,33,959000.0,17500,3
3335,251,20250205,33,959000.0,17500,3
3336,11,20250416,33,639000.0,109212,3
3337,251,20260608,33,639000.0,109212,3
3338,234,20240627,33,479000.0,149496,8
3339,401,20261107,33,479000.0,149496,8
3340,89,20250407,33,639000.0,92500,3
3341,404,20260414,33,279000.0,162500,13
3342,651,20250831,33,279000.0,162500,13
3343,314,20260714,33,369000.0,122500,8
3344,695,20260724,33,369000.0,122500,8
3345,170,20241026,33,419000.0,91323,9
3346,1207,20241216,33,419000.0,91323,9
3347,829,20240705,33,189000.0,172500,19
3348,130,20250914,33,269000.0,152500,13
3349,137,20240311,33,349000.0,80912,4
3350,280,20241104,33,799000.0,81496,5
3351,982,20240625,33,299000.0,122500,14
3352,996,20250302,33,279000.0,112500,12
3353,274,20260109,33,569000.0,117500,8
3354,307,20250614,33,569000.0,117500,8
3355,997,20250221,33,269000.0,152500,7
3356,80,20240904,33,319000.0,122500,9
3357,605,20240727,33,329000.0,112500,9
3358,998,20240803,33,329000.0,112500,9
3359,999,20251213,33,269000.0,162500,17
3360,825,20250313,33,349000.0,87501,13
3361,211,20241106,33,219000.0,152500,12
3362,654,20250117,33,329000.0,172500,13
3363,1303,20260907,33,329000.0,172500,13
3364,4,20240430,33,429000.0,122500,4
3365,69,20250210,33,429000.0,122500,4
3366,56,20240901,33,489000.0,42500,2
3367,219,20240306,33,489000.0,42500,2
3368,422,20260730,33,249000.0,152500,18
3369,1000,20240815,33,249000.0,152500,18
3370,864,20260531,33,319000.0,107500,10
3371,1001,20240516,33,319000.0,107500,10
3372,1002,20240712,33,269000.0,157500,18
3373,39,20251206,33,499000.0,127500,7
3374,225,20251019,33,499000.0,127500,7
3375,92,20251018,33,569000.0,132500,7
3376,1003,20260718,33,419000.0,87500,14
3377,1004,20250709,33,220000.0,112500,33
3378,1005,20260815,33,159000.0,12500,10
3379,97,20261105,33,639000.0,98000,9
3380,1009,20240221,33,639000.0,98000,9
3381,92,20250528,33,699000.0,62000,7
3382,1006,20260113,33,1790000.0,32500,6
3383,12,20261220,33,419000.0,87500,5
3384,226,20251122,33,419000.0,87500,5
3385,340,20250626,33,959000.0,92500,4
3386,344,20250213,33,959000.0,92500,4
3387,100,20240603,33,659000.0,144000,7
3388,58,20250924,33,739000.0,119000,6
3389,70,20240220,33,489000.0,202500,8
3390,1007,20261020,33,489000.0,202500,8
3391,570,20260920,33,378000.0,202500,15
3392,168,20250607,33,439000.0,67500,4
3393,537,20241220,33,439000.0,67500,4
3394,139,20261204,33,368000.0,152500,10
3395,372,20260312,33,499000.0,182500,9
3396,429,20260419,33,499000.0,182500,9
3397,141,20240912,33,949000.0,136000,5
3398,322,20240904,33,949000.0,136000,5
3399,310,20250616,33,379000.0,146600,10
3400,479,20240210,33,379000.0,146600,10
3401,72,20260228,33,529000.0,199500,12
3402,1008,20240713,33,529000.0,199500,12
3403,701,20261230,33,539000.0,125000,11
3404,956,20241103,33,539000.0,125000,11
3405,347,20240316,33,449000.0,197000,14
3406,1239,20260225,33,449000.0,197000,14
3407,310,20260305,33,379000.0,146000,10
3408,479,20240817,33,379000.0,146000,10
3409,320,20240325,33,1349000.0,70000,2
3410,609,20250131,33,1349000.0,70000,2
3411,97,20240802,33,499000.0,175071,9
3412,1009,20261021,33,499000.0,175071,9
3413,838,20250111,33,319000.0,182500,14
3414,1010,20250215,33,1590000.0,132500,7
3415,1011,20260310,33,2498000.0,22500,2
3416,1012,20250213,33,1198000.0,37500,3
3417,623,20240803,33,1248000.0,27500,2
3418,1013,20260121,33,948000.0,67500,6
3419,1014,20241214,33,726000.0,112500,6
3420,648,20260410,33,159000.0,120000,16
3421,1015,20251015,33,799000.0,24983,2
3422,1016,20261018,33,999000.0,2500,1
3423,858,20261130,33,999000.0,57500,4
3424,1254,20240103,33,999000.0,57500,4
3425,1017,20261218,33,458000.0,2500,14
3426,1018,20260109,33,439000.0,62500,3
3427,58,20250210,33,799000.0,81917,6
3428,1019,20240118,33,1899000.0,62500,4
3429,1020,20260120,33,369000.0,217500,10
3430,1021,20250808,33,1590000.0,22500,1
3431,386,20260606,33,499000.0,156936,9
3432,1022,20241127,33,499000.0,156936,9
3433,112,20261009,33,459000.0,112500,5
3434,1023,20240617,33,459000.0,112500,5
3435,246,20260214,33,799000.0,123493,4
3436,866,20260428,33,1590000.0,102500,6
3437,22,20260729,33,1399000.0,68835,4
3438,274,20240724,33,729000.0,45695,8
3439,307,20250604,33,729000.0,45695,8
3440,728,20261014,33,799000.0,176873,8
3441,589,20241030,33,399000.0,39759,3
3442,1024,20240424,33,1599000.0,61789,6
3443,27,20251025,33,599000.0,42500,6
3444,163,20240327,33,599000.0,42500,6
3445,1024,20260112,33,1199000.0,2500,6
3446,1025,20250303,33,1699000.0,138902,5
3447,94,20250325,33,1690000.0,47500,2
3448,147,20260224,33,719000.0,47500,3
3449,831,20251215,33,719000.0,47500,3
3450,68,20240102,33,799000.0,77500,5
3451,14,20260112,33,969000.0,102327,4
3452,456,20240419,33,969000.0,102327,4
3453,343,20251109,33,1429000.0,37500,2
3454,714,20250105,33,1429000.0,37500,2
3455,1026,20260608,33,5599000.0,12500,2
3456,871,20250821,33,789000.0,162500,9
3457,15,20261111,33,479000.0,62500,3
3458,636,20251222,33,479000.0,62500,3
3459,281,20241031,33,799000.0,32500,4
3460,165,20260712,33,755000.0,2500,6
3461,409,20260415,33,755000.0,2500,6
3462,318,20250321,33,329000.0,127500,12
3463,1027,20260720,33,329000.0,127500,12
3464,181,20241004,33,325000.0,82500,8
3465,822,20250111,33,325000.0,82500,8
3466,40,20240819,33,569000.0,2500,7
3467,886,20250814,33,569000.0,2500,7
3468,280,20250301,33,595000.0,2500,5
3469,124,20261214,33,519000.0,32500,4
3470,349,20250316,33,519000.0,32500,4
3471,1169,20240203,33,519000.0,32500,4
3472,89,20241124,33,769000.0,2500,3
3473,35,20260424,33,1179000.0,22500,3
3474,533,20250329,33,1179000.0,22500,3
3475,57,20260202,33,485000.0,52500,4
3476,878,20250606,33,419000.0,67500,3
3477,612,20250426,33,1199000.0,55628,2
3478,787,20241112,33,1199000.0,55628,2
3479,214,20240501,33,679000.0,57500,6
3480,667,20250803,33,679000.0,57500,6
3481,874,20250501,33,1190000.0,52500,9
3482,1028,20261101,33,1190000.0,52500,9
3483,1029,20240504,33,1090000.0,87500,13
3484,168,20251020,33,439000.0,87500,4
3485,537,20250802,33,439000.0,87500,4
3486,316,20251218,33,749000.0,97500,5
3487,1030,20260208,33,275000.0,2500,11
3488,1307,20260622,33,275000.0,2500,11
3489,66,20250209,33,395000.0,42500,4
3490,228,20241003,33,379000.0,92500,5
3491,381,20260713,33,379000.0,92500,5
3492,837,20260503,33,259000.0,202500,15
3493,1031,20250521,33,3080000.0,2500,1
3494,1032,20240824,33,2390000.0,2500,1
3495,1033,20260920,33,3150000.0,2500,1
3496,24,20260121,33,488000.0,22500,3
3497,1034,20250520,33,488000.0,22500,3
3498,1035,20240613,33,185000.0,177500,19
3499,1036,20260425,33,239000.0,162500,18
3500,644,20251228,33,389000.0,2500,3
3501,771,20250110,33,199000.0,112500,11
3502,195,20261101,33,269000.0,197500,13
3503,216,20240323,33,269000.0,197500,13
3504,489,20250306,33,499000.0,257500,17
3505,993,20250422,33,499000.0,257500,17
3506,309,20260221,33,189000.0,217500,17
3507,428,20250103,33,319000.0,222500,8
3508,504,20260812,33,319000.0,222500,8
3509,1037,20240520,33,169000.0,242500,23
3510,1038,20251220,33,129000.0,287500,20
3511,6,20261012,33,279000.0,162500,14
3512,972,20241014,33,289000.0,167500,14
3513,1332,20241220,33,289000.0,167500,14
3514,766,20241208,33,415000.0,92500,14
3515,992,20240528,33,415000.0,92500,14
3516,46,20240728,33,799000.0,43299,4
3517,112,20251015,33,599000.0,70925,5
3518,1023,20260902,33,599000.0,70925,5
3519,14,20250619,33,859000.0,125552,4
3520,456,20261208,33,859000.0,125552,4
3521,306,20241126,33,999000.0,76642,4
3522,604,20241230,33,999000.0,76642,4
3523,1039,20240111,33,849000.0,151366,4
3524,324,20250523,33,939000.0,112500,3
3525,455,20250802,33,939000.0,112500,3
3526,340,20250913,33,659000.0,84732,4
3527,344,20260619,33,659000.0,84732,4
3528,536,20251218,33,489000.0,105384,4
3529,1185,20261121,33,489000.0,105384,4
3530,645,20241122,33,289000.0,84772,7
3531,511,20240314,33,879000.0,54567,3
3532,743,20240907,33,771000.0,95000,3
3533,1040,20250325,33,771000.0,95000,3
3534,612,20260624,33,1189000.0,37929,2
3535,787,20241220,33,1189000.0,37929,2
3536,898,20250616,33,399000.0,12500,6
3537,1047,20241022,33,399000.0,12500,6
3538,235,20241024,33,499000.0,127500,12
3539,15,20241028,33,459000.0,37500,3
3540,636,20250526,33,459000.0,37500,3
3541,616,20250807,33,499000.0,47500,3
3542,666,20250108,33,499000.0,47500,3
3543,616,20240511,33,589000.0,32500,3
3544,666,20260628,33,589000.0,32500,3
3545,125,20240222,33,289000.0,82500,7
3546,196,20240816,33,289000.0,82500,7
3547,77,20251001,33,629000.0,162500,8
3548,1041,20260307,33,369000.0,42500,9
3549,595,20260301,33,389000.0,32500,5
3550,20,20250509,33,939000.0,107500,3
3551,134,20260502,33,939000.0,107500,3
3552,1042,20251101,33,169000.0,247500,18
3553,864,20261230,33,369000.0,17500,10
3554,1001,20240707,33,369000.0,17500,10
3555,1043,20251024,33,829000.0,42500,4
3556,11,20240108,33,529000.0,52500,3
3557,251,20241127,33,529000.0,52500,3
3558,157,20261105,33,339000.0,192500,11
3559,1044,20251027,33,339000.0,192500,11
3560,138,20251030,33,488000.0,120000,4
3561,328,20240609,33,488000.0,120000,4
3562,1045,20241216,33,139000.0,147500,19
3563,126,20241112,33,298000.0,80000,8
3564,1129,20260725,33,298000.0,80000,8
3565,1046,20240118,33,189000.0,272500,15
3566,898,20250430,33,519000.0,12500,6
3567,1047,20250101,33,519000.0,12500,6
3568,591,20241216,33,309000.0,177221,12
3569,897,20250611,33,309000.0,177221,12
3570,143,20260521,33,549000.0,132500,6
3571,168,20260721,33,369000.0,92500,4
3572,537,20240926,33,369000.0,92500,4
3573,1048,20260520,33,739000.0,17500,1
3574,535,20261227,33,569000.0,105711,6
3575,854,20261119,33,569000.0,105711,6
3576,70,20241111,33,619000.0,103766,8
3577,1007,20260106,33,619000.0,103766,8
3578,11,20240612,33,639000.0,112500,3
3579,251,20260714,33,639000.0,112500,3
3580,638,20241115,33,349000.0,77500,4
3581,7,20261103,33,859000.0,128258,5
3582,454,20241005,33,1259000.0,40566,5
3583,407,20250307,33,1099000.0,2500,8
3584,889,20251029,33,1099000.0,2500,8
3585,634,20250925,33,439000.0,110945,6
3586,1049,20250605,33,398000.0,282500,7
3587,12,20260821,33,709000.0,92500,5
3588,226,20241223,33,709000.0,92500,5
3589,1050,20261102,33,138000.0,2500,19
3590,405,20251225,33,799000.0,212500,8
3591,603,20251103,33,109000.0,284021,16
3592,1051,20240819,33,299000.0,17000,4
3593,1052,20250415,33,315000.0,197500,15
3594,46,20250930,33,689000.0,142500,4
3595,396,20250713,33,699000.0,72500,5
3596,1053,20250726,33,699000.0,72500,5
3597,1054,20250824,33,889000.0,62500,2
3598,598,20240911,33,1739000.0,102500,6
3599,79,20250824,33,1558000.0,97500,8
3600,1055,20241006,33,489000.0,237500,16
3601,317,20240426,33,1458000.0,217500,7
3602,571,20250901,33,1238000.0,147500,11
3603,79,20260501,33,1598000.0,92500,8
3604,397,20241024,33,758000.0,97500,10
3605,451,20260704,33,2188000.0,72500,3
3606,451,20250601,33,2129000.0,97500,3
3607,330,20250112,33,1738000.0,177500,7
3608,785,20250301,33,1498000.0,177500,8
3609,71,20250620,33,1698000.0,182500,6
3610,71,20250706,33,1799000.0,152500,6
3611,14,20240617,33,899000.0,92500,4
3612,456,20250529,33,899000.0,92500,4
3613,616,20250305,33,445000.0,87500,3
3614,666,20250722,33,445000.0,87500,3
3615,122,20240323,33,775000.0,297500,9
3616,769,20241125,33,485000.0,142500,6
3617,396,20251121,33,849000.0,72500,5
3618,1053,20250401,33,849000.0,72500,5
3619,174,20241218,33,459000.0,92500,4
3620,566,20241209,33,459000.0,92500,4
3621,1056,20260131,33,1199000.0,202009,9
3622,1057,20240716,33,1099000.0,189967,10
3623,186,20240319,33,198000.0,182500,11
3624,424,20251108,33,198000.0,182500,11
3625,386,20250704,33,738000.0,72500,9
3626,1022,20260330,33,738000.0,72500,9
3627,137,20240801,33,399000.0,37500,4
3628,524,20251030,33,409000.0,12500,2
3629,333,20260915,33,919000.0,100750,3
3630,591,20260612,33,309000.0,177500,12
3631,897,20240607,33,309000.0,177500,12
3632,274,20260108,33,659000.0,152500,8
3633,307,20250710,33,659000.0,152500,8
3634,60,20240719,33,959000.0,133410,4
3635,610,20240122,33,959000.0,133410,4
3636,536,20260223,33,469000.0,111123,4
3637,1185,20240107,33,469000.0,111123,4
3638,16,20260314,33,869000.0,17500,1
3639,1058,20260206,33,449999.0,92500,1
3640,1205,20250801,33,449999.0,92500,1
3641,858,20250503,33,998000.0,42500,4
3642,1254,20260714,33,998000.0,42500,4
3643,77,20240327,33,808000.0,97500,8
3644,332,20240809,33,518000.0,102500,10
3645,197,20250216,33,558000.0,102500,9
3646,278,20250806,33,558000.0,102500,9
3647,127,20240720,33,819000.0,87500,4
3648,452,20250724,33,1669000.0,167500,5
3649,96,20240808,33,519000.0,162500,6
3650,579,20240605,33,519000.0,162500,6
3651,6,20240508,33,268000.0,162500,14
3652,184,20260526,33,318000.0,222500,12
3653,753,20240926,33,318000.0,222500,12
3654,130,20240611,33,218000.0,182500,13
3655,446,20260812,33,289000.0,132500,7
3656,754,20240124,33,359000.0,142500,11
3657,144,20250511,33,249000.0,167500,7
3658,596,20240711,33,249000.0,167500,7
3659,871,20260527,33,669000.0,2500,9
3660,1059,20250124,33,1258000.0,62500,4
3661,935,20250511,33,878000.0,92500,6
3662,1060,20260821,33,588000.0,127500,10
3663,935,20260316,33,598000.0,92500,6
3664,1061,20240508,33,468000.0,92500,10
3665,470,20261017,33,698000.0,92500,8
3666,1305,20250706,33,698000.0,92500,8
3667,1062,20261125,33,828000.0,157500,7
3668,523,20241226,33,558000.0,62500,10
3669,1063,20260203,33,558000.0,62500,10
3670,922,20241013,33,648000.0,67500,9
3671,919,20260206,33,328000.0,102500,13
3672,1064,20260713,33,328000.0,102500,13
3673,1003,20250103,33,438000.0,97500,14
3674,550,20260617,33,928000.0,77500,7
3675,922,20261220,33,538000.0,92500,9
3676,621,20240918,33,958000.0,52500,8
3677,621,20260226,33,928000.0,77500,8
3678,675,20240420,33,618000.0,87500,7
3679,919,20260730,33,328000.0,97500,13
3680,1064,20240520,33,328000.0,97500,13
3681,576,20260114,33,318000.0,97500,14
3682,937,20250618,33,318000.0,97500,14
3683,621,20240319,33,878000.0,92500,8
3684,1060,20261120,33,688000.0,107500,10
3685,1065,20250523,33,488000.0,102500,14
3686,373,20260828,33,229000.0,167500,13
3687,309,20240306,33,189999.0,137500,17
3688,373,20241013,33,199000.0,2500,13
3689,539,20240502,33,379000.0,137500,7
3690,539,20250708,33,399000.0,22500,7
3691,1066,20260930,33,285000.0,187500,10
3692,1166,20240104,33,285000.0,187500,10
3693,86,20250215,33,199000.0,112500,14
3694,53,20240906,33,385000.0,142500,5
3695,53,20250328,33,399000.0,62500,5
3696,86,20240606,33,229000.0,2500,14
3697,1067,20260416,33,1799000.0,78554,3
3698,821,20261010,33,699000.0,72500,7
3699,1068,20261118,33,1799000.0,82415,4
3700,858,20260904,33,999000.0,92909,4
3701,1254,20241130,33,999000.0,92909,4
3702,132,20240601,33,529000.0,53823,3
3703,451,20260118,33,1999000.0,92500,3
3704,165,20260413,33,559000.0,62500,6
3705,409,20260318,33,559000.0,62500,6
3706,717,20260127,33,1740000.0,72500,5
3707,437,20261121,33,859000.0,96831,8
3708,1069,20250615,33,499000.0,112500,15
3709,1122,20240222,33,499000.0,112500,15
3710,484,20251218,33,599000.0,142500,9
3711,1130,20241210,33,599000.0,142500,9
3712,343,20240101,33,1199000.0,32500,2
3713,714,20240615,33,1199000.0,32500,2
3714,317,20241112,33,1899000.0,64490,7
3715,1025,20260822,33,1699000.0,138902,5
3716,27,20260616,33,539000.0,137500,6
3717,163,20240929,33,539000.0,137500,6
3718,27,20250107,33,539000.0,122500,6
3719,163,20260618,33,539000.0,122500,6
3720,233,20240719,33,599000.0,17500,5
3721,262,20240519,33,599000.0,17500,5
3722,1070,20241101,33,479000.0,76558,5
3723,12,20261220,33,729000.0,27500,5
3724,226,20241225,33,729000.0,27500,5
3725,18,20241102,33,499000.0,158601,7
3726,167,20241128,33,499000.0,158601,7
3727,1071,20241129,33,2599000.0,33398,2
3728,7,20250531,33,759000.0,87500,5
3729,329,20251231,33,2099000.0,45136,4
3730,214,20260712,33,499000.0,107500,6
3731,667,20260204,33,499000.0,107500,6
3732,141,20260223,33,929000.0,82500,5
3733,322,20240121,33,929000.0,82500,5
3734,38,20260528,33,1359000.0,23751,4
3735,321,20240625,33,1359000.0,23751,4
3736,1015,20240122,33,749000.0,27500,2
3737,165,20260416,33,539000.0,37500,6
3738,409,20260817,33,539000.0,37500,6
3739,1072,20250701,33,2499000.0,54934,2
3740,397,20240906,33,899000.0,162500,10
3741,914,20251022,33,3499000.0,17500,1
3742,145,20260809,33,359000.0,2500,12
3743,269,20240505,33,359000.0,2500,12
3744,866,20250902,33,1599000.0,107216,6
3745,360,20261006,33,999000.0,142500,3
3746,1073,20240213,33,999000.0,142500,3
3747,408,20250701,33,529000.0,52500,4
3748,520,20250310,33,529000.0,52500,4
3749,4,20261119,33,649000.0,97500,4
3750,69,20260304,33,649000.0,97500,4
3751,427,20241222,33,219999.0,132500,8
3752,589,20240909,33,339999.0,37500,3
3753,308,20260223,33,199000.0,147500,14
3754,928,20251221,33,519999.0,142500,4
3755,1074,20260106,33,519999.0,142500,4
3756,144,20260618,33,299000.0,57500,7
3757,596,20240502,33,299000.0,57500,7
3758,234,20251115,33,419000.0,132500,8
3759,401,20240522,33,419000.0,132500,8
3760,616,20260929,33,459000.0,17500,3
3761,666,20260726,33,459000.0,17500,3
3762,168,20250525,33,495000.0,62500,4
3763,537,20240226,33,495000.0,62500,4
3764,119,20240211,33,899000.0,77500,3
3765,351,20260331,33,899000.0,77500,3
3766,254,20241208,33,385000.0,97500,7
3767,789,20241127,33,385000.0,97500,7
3768,329,20241206,33,1999000.0,70606,4
3769,329,20241206,33,1999000.0,87500,4
3770,898,20260428,33,545000.0,72500,6
3771,1047,20240630,33,545000.0,72500,6
3772,597,20260910,33,1799000.0,2500,1
3773,551,20250606,33,575000.0,97500,9
3774,575,20240630,33,575000.0,97500,9
3775,1075,20240907,33,2099000.0,67500,6
3776,524,20240517,33,499000.0,18081,2
3777,464,20260120,33,2099000.0,77500,6
3778,114,20250329,33,399000.0,82500,6
3779,592,20260601,33,399000.0,82500,6
3780,304,20240327,33,335000.0,37500,10
3781,1076,20241019,33,335000.0,37500,10
3782,254,20240401,33,385000.0,97500,7
3783,789,20240726,33,385000.0,97500,7
3784,89,20240704,33,869000.0,31358,3
3785,21,20240604,33,899000.0,47500,2
3786,1077,20241019,33,539000.0,2500,1
3787,347,20250616,33,475000.0,302810,14
3788,1239,20240609,33,475000.0,302810,14
3789,113,20260430,33,659000.0,62500,4
3790,91,20240604,33,399000.0,102500,7
3791,151,20240522,33,399000.0,102500,7
3792,976,20250715,33,195000.0,287500,18
3793,221,20240204,33,399000.0,227500,11
3794,962,20240811,33,399000.0,227500,11
3795,1078,20251029,33,485000.0,97500,7
3796,1079,20250127,33,385000.0,42500,7
3797,914,20250211,33,2899000.0,7500,1
3798,73,20241023,33,499000.0,22500,4
3799,477,20241118,33,499000.0,22500,4
3800,11,20240208,33,759000.0,97500,3
3801,251,20250519,33,759000.0,97500,3
3802,491,20260122,33,799000.0,144480,13
3803,126,20240827,33,289000.0,87500,8
3804,1129,20251117,33,289000.0,87500,8
3805,24,20260109,33,529000.0,82500,3
3806,1034,20260923,33,529000.0,82500,3
3807,700,20250501,33,939000.0,12492,1
3808,452,20260203,33,2099000.0,82487,5
3809,242,20250914,33,999000.0,65558,7
3810,49,20260105,33,759000.0,147500,3
3811,27,20241024,33,599000.0,74562,6
3812,163,20261211,33,599000.0,74562,6
3813,27,20260102,33,629000.0,42287,6
3814,163,20260927,33,629000.0,42287,6
3815,1068,20241030,33,1599000.0,66453,4
3816,589,20251025,33,399000.0,21585,3
3817,170,20260617,33,397000.0,102500,9
3818,1207,20260301,33,397000.0,102500,9
3819,337,20251008,33,320000.0,82500,5
3820,526,20240727,33,320000.0,82500,5
3821,145,20250602,33,350000.0,207500,12
3822,269,20240317,33,350000.0,207500,12
3823,314,20241203,33,410000.0,47500,8
3824,695,20260512,33,410000.0,47500,8
3825,169,20260701,33,350000.0,92500,6
3826,650,20260317,33,350000.0,92500,6
3827,91,20250725,33,370000.0,92500,7
3828,151,20250227,33,370000.0,92500,7
3829,279,20251103,33,490000.0,157500,8
3830,611,20261105,33,490000.0,157500,8
3831,701,20260714,33,370000.0,157500,11
3832,956,20240407,33,370000.0,157500,11
3833,1045,20241026,33,135000.0,212500,19
3834,33,20260116,33,459000.0,202500,11
3835,67,20240930,33,679000.0,100849,4
3836,284,20240917,33,850000.0,12500,1
3837,786,20260724,33,450000.0,27500,11
3838,1080,20241127,33,450000.0,27500,11
3839,659,20240424,33,959000.0,17500,7
3840,175,20240924,33,499000.0,90000,9
3841,582,20240112,33,499000.0,90000,9
3842,1081,20240313,33,1190000.0,17500,4
3843,1082,20261012,33,330000.0,17500,15
3844,496,20260523,33,999000.0,72000,3
3845,434,20250209,33,669000.0,99000,6
3846,618,20240626,33,1190000.0,84000,5
3847,1083,20260210,33,2990000.0,26000,1
3848,407,20260803,33,890000.0,100000,8
3849,889,20250203,33,890000.0,100000,8
3850,4,20240926,33,479000.0,44574,4
3851,69,20250430,33,479000.0,44574,4
3852,104,20240228,33,588000.0,107500,4
3853,1084,20251003,33,588000.0,107500,4
3854,144,20260605,33,279000.0,102500,7
3855,596,20240922,33,279000.0,102500,7
3856,602,20240315,33,399000.0,162500,11
3857,1085,20250519,33,559000.0,141170,5
3858,707,20241222,33,799000.0,92500,12
3859,1086,20240602,33,799000.0,92500,12
3860,1121,20250430,33,799000.0,92500,12
3861,1087,20240306,33,659000.0,15941,1
3862,1088,20250114,33,139000.0,297500,22
3863,7,20250210,33,879000.0,97500,5
3864,528,20241003,33,529000.0,237500,8
3865,373,20250906,33,229000.0,84000,13
3866,565,20241109,33,169000.0,48000,13
3867,373,20250702,33,259000.0,109000,13
3868,40,20250405,33,519000.0,112500,7
3869,886,20250202,33,519000.0,112500,7
3870,762,20250326,33,549000.0,92000,6
3871,1089,20250415,33,549000.0,92000,6
3872,43,20260813,33,528000.0,52500,5
3873,974,20251207,33,528000.0,52500,5
3874,1090,20240412,33,528000.0,52500,5
3875,473,20241123,33,599000.0,132500,4
3876,1188,20250823,33,599000.0,132500,4
3877,83,20240902,33,1390000.0,172500,10
3878,181,20261217,33,289000.0,92500,8
3879,822,20240414,33,289000.0,92500,8
3880,117,20251122,33,378000.0,144000,5
3881,72,20260829,33,505000.0,137500,12
3882,1008,20261228,33,505000.0,137500,12
3883,1091,20260919,33,268000.0,107500,9
3884,60,20240601,33,839000.0,53020,4
3885,610,20261124,33,839000.0,53020,4
3886,936,20260814,33,199000.0,267500,18
3887,12,20261104,33,699000.0,67500,5
3888,226,20251230,33,699000.0,67500,5
3889,156,20240314,33,379000.0,37500,6
3890,1092,20260505,33,379000.0,37500,6
3891,1093,20241011,33,599000.0,172500,14
3892,1094,20241006,33,539000.0,112500,7
3893,1234,20260225,33,539000.0,112500,7
3894,694,20251116,33,479000.0,122500,13
3895,16,20260826,33,559000.0,17890,1
3896,65,20241017,33,759000.0,22500,2
3897,4,20260720,33,449000.0,85988,4
3898,69,20260206,33,449000.0,85988,4
3899,235,20241107,33,499000.0,162959,12
3900,191,20251007,33,449000.0,7500,2
3901,522,20261121,33,449000.0,7500,2
3902,1095,20240126,33,619000.0,17970,1
3903,11,20240911,33,459000.0,60250,3
3904,251,20261215,33,459000.0,60250,3
3905,1096,20241019,33,749000.0,2500,1
3906,1097,20250928,33,389000.0,2500,2
3907,218,20240817,33,529000.0,30231,1
3908,1249,20240222,33,529000.0,30231,1
3909,73,20260811,33,399000.0,132309,4
3910,477,20240410,33,399000.0,132309,4
3911,109,20260314,33,389000.0,2500,1
3912,15,20260518,33,469000.0,8574,3
3913,636,20240923,33,469000.0,8574,3
3914,580,20240102,33,469000.0,2500,2
3915,191,20240122,33,469000.0,11096,2
3916,522,20250731,33,469000.0,11096,2
3917,250,20240730,33,539000.0,44939,2
3918,572,20250612,33,539000.0,44939,2
3919,438,20250122,33,469000.0,6061,1
3920,629,20240114,33,469000.0,6061,1
3921,1096,20250602,33,749000.0,2500,1
3922,1098,20250907,33,399000.0,34168,3
3923,1099,20260819,33,539000.0,6053,1
3924,438,20250206,33,589000.0,8509,1
3925,629,20241013,33,589000.0,8509,1
3926,109,20250118,33,449000.0,18860,1
3927,224,20260405,33,619000.0,8176,2
3928,724,20241107,33,989000.0,9443,1
3929,832,20251226,33,499000.0,215675,2
3930,1100,20240212,33,499000.0,215675,2
3931,65,20260123,33,559000.0,14396,2
3932,15,20260919,33,399000.0,90912,3
3933,636,20260525,33,399000.0,90912,3
3934,233,20260103,33,399000.0,70636,5
3935,262,20240523,33,399000.0,70636,5
3936,218,20240727,33,799000.0,14797,1
3937,1249,20251130,33,799000.0,14797,1
3938,1101,20240423,33,479000.0,8069,1
3939,1102,20240623,33,429000.0,12500,1
3940,699,20240927,33,329000.0,182218,5
3941,883,20240303,33,329000.0,182218,5
3942,536,20261004,33,489000.0,74709,4
3943,1185,20260306,33,489000.0,74709,4
3944,224,20240812,33,579000.0,27010,2
3945,702,20240609,33,569000.0,28499,3
3946,1099,20261125,33,589000.0,9584,1
3947,147,20250115,33,519000.0,145675,3
3948,831,20241113,33,519000.0,145675,3
3949,9,20251208,33,639000.0,16080,1
3950,89,20250331,33,679000.0,50721,3
3951,16,20241209,33,789000.0,3528,1
3952,536,20261129,33,429000.0,112706,4
3953,1185,20250217,33,429000.0,112706,4
3954,438,20240812,33,579000.0,14031,1
3955,629,20241006,33,579000.0,14031,1
3956,47,20261128,33,879000.0,12500,1
3957,1103,20251229,33,689000.0,15357,2
3958,9,20250912,33,589000.0,4504,1
3959,21,20260901,33,789000.0,22500,2
3960,350,20250726,33,769000.0,39939,2
3961,9,20250503,33,559000.0,10655,1
3962,293,20261004,33,479000.0,122900,5
3963,478,20260725,33,479000.0,122900,5
3964,218,20260222,33,619000.0,3037,1
3965,1249,20250522,33,619000.0,3037,1
3966,438,20250208,33,589000.0,11629,1
3967,629,20260210,33,589000.0,11629,1
3968,1099,20251025,33,579000.0,91132,1
3969,1104,20240510,33,850000.0,112500,8
3970,457,20241007,33,1850000.0,99927,3
3971,305,20250223,33,865000.0,65000,7
3972,430,20250928,33,149000.0,172500,14
3973,64,20260318,33,839000.0,22500,3
3974,1266,20241213,33,839000.0,22500,3
3975,302,20250304,33,249000.0,162500,10
3976,607,20250630,33,899000.0,162500,7
3977,35,20260728,33,859000.0,82500,3
3978,533,20250205,33,859000.0,82500,3
3979,550,20261206,33,849000.0,112500,7
3980,274,20251026,33,699000.0,167500,8
3981,307,20260119,33,699000.0,167500,8
3982,620,20260817,33,739000.0,172500,6
3983,1271,20250928,33,739000.0,172500,6
3984,451,20260528,33,1949000.0,92500,3
3985,89,20240327,33,669000.0,102500,3
3986,297,20250529,33,479000.0,167500,9
3987,1105,20260930,33,479000.0,167500,9
3988,39,20260510,33,579000.0,157500,7
3989,225,20260704,33,579000.0,157500,7
3990,607,20250326,33,699000.0,162500,7
3991,1106,20241206,33,829000.0,61216,2
3992,217,20250224,33,499000.0,30470,7
3993,1107,20250115,33,299000.0,86856,11
3994,111,20240105,33,659000.0,38780,3
3995,483,20251009,33,499000.0,121888,7
3996,527,20261024,33,499000.0,121888,7
3997,50,20241111,33,459000.0,120518,8
3998,105,20250614,33,459000.0,120518,8
3999,143,20241220,33,629000.0,129742,6
4000,1108,20261122,33,599000.0,95544,5
4001,1109,20251023,33,859000.0,169602,4
4002,702,20240506,33,659000.0,41571,3
4003,133,20241214,33,819000.0,92500,3
4004,336,20261203,33,819000.0,92500,3
4005,113,20260111,33,599000.0,65497,4
4006,35,20251228,33,759000.0,97236,3
4007,533,20240831,33,759000.0,97236,3
4008,343,20240109,33,1300000.0,23627,2
4009,714,20251212,33,1300000.0,23627,2
4010,350,20260425,33,659000.0,17639,2
4011,738,20240326,33,1290000.0,47500,4
4012,773,20240927,33,1290000.0,47500,4
4013,1110,20250527,33,1380000.0,52500,8
4014,1111,20261109,33,1995000.0,47500,4
4015,867,20240509,33,2890000.0,72500,3
4016,39,20260417,33,599000.0,132500,7
4017,225,20260208,33,599000.0,132500,7
4018,616,20261027,33,479000.0,62500,3
4019,666,20260501,33,479000.0,62500,3
4020,1112,20260725,33,68000.0,147500,14
4021,18,20260619,33,425000.0,192500,7
4022,167,20250417,33,425000.0,192500,7
4023,581,20241203,33,290000.0,301822,6
4024,1113,20241114,33,290000.0,301822,6
4025,1114,20261114,33,169000.0,217500,18
4026,320,20251221,33,984000.0,37500,2
4027,609,20240522,33,984000.0,37500,2
4028,43,20251018,33,284000.0,232500,5
4029,974,20261214,33,284000.0,232500,5
4030,1090,20250415,33,284000.0,232500,5
4031,908,20241228,33,196000.0,297500,14
4032,141,20251011,33,876000.0,82500,5
4033,322,20240727,33,876000.0,82500,5
4034,1115,20261224,33,275000.0,212500,11
4035,238,20250702,33,559000.0,262500,9
4036,1116,20240919,33,559000.0,262500,9
4037,771,20260204,33,159000.0,137500,11
4038,928,20240101,33,459000.0,102500,4
4039,1074,20240527,33,459000.0,102500,4
4040,1117,20260525,33,189000.0,162500,10
4041,281,20260912,33,619000.0,122500,4
4042,45,20250527,33,555000.0,192500,7
4043,1118,20250920,33,146000.0,112500,13
4044,638,20260829,33,300000.0,142500,4
4045,316,20251014,33,729000.0,82500,5
4046,871,20250410,33,739000.0,2500,9
4047,1119,20260202,33,2990000.0,31000,1
4048,1120,20261016,33,799000.0,61385,2
4049,826,20260717,33,329000.0,103980,7
4050,1175,20260304,33,329000.0,103980,7
4051,1120,20260618,33,859000.0,26368,2
4052,621,20251105,33,729000.0,146447,8
4053,509,20261005,33,999000.0,158629,6
4054,130,20241007,33,279000.0,132500,13
4055,146,20260704,33,369999.0,152500,8
4056,858,20241119,33,899999.0,87500,4
4057,1254,20260301,33,899999.0,87500,4
4058,91,20261221,33,279999.0,2500,7
4059,151,20240705,33,279999.0,2500,7
4060,1021,20260703,33,1790000.0,22500,1
4061,673,20250625,33,439000.0,117500,4
4062,73,20260615,33,429000.0,17500,4
4063,477,20250930,33,429000.0,17500,4
4064,362,20250311,33,679000.0,82500,4
4065,360,20240731,33,1650000.0,22500,3
4066,1073,20260328,33,1650000.0,22500,3
4067,300,20260819,33,1598000.0,92500,6
4068,707,20260817,33,1128000.0,132500,12
4069,1086,20260705,33,1128000.0,132500,12
4070,1121,20260919,33,1128000.0,132500,12
4071,707,20260703,33,1159000.0,72500,12
4072,1086,20250224,33,1159000.0,72500,12
4073,1121,20241114,33,1159000.0,72500,12
4074,1069,20240706,33,558000.0,97500,15
4075,1122,20240610,33,558000.0,97500,15
4076,639,20240508,33,898000.0,97500,7
4077,437,20241030,33,688000.0,92500,8
4078,1123,20260705,33,328000.0,242500,12
4079,1124,20260710,33,678000.0,72500,7
4080,454,20261125,33,1598000.0,52500,5
4081,437,20240530,33,688000.0,102500,8
4082,1125,20250815,33,878000.0,97500,10
4083,223,20240216,33,1598000.0,67500,4
4084,1168,20260728,33,1598000.0,67500,4
4085,243,20251021,33,698000.0,97500,9
4086,1126,20240818,33,1128000.0,82500,9
4087,1251,20260928,33,1128000.0,82500,9
4088,1127,20240613,33,1518000.0,37500,6
4089,8,20251224,33,289000.0,137500,12
4090,293,20260330,33,839000.0,57500,5
4091,478,20261225,33,839000.0,57500,5
4092,704,20240519,33,435000.0,82500,8
4093,1103,20250203,33,659000.0,92500,2
4094,197,20240509,33,599000.0,12500,9
4095,278,20260911,33,599000.0,12500,9
4096,138,20260204,33,739000.0,62500,4
4097,328,20250321,33,739000.0,62500,4
4098,87,20240129,33,499000.0,42500,7
4099,387,20260309,33,499000.0,42500,7
4100,14,20241015,33,1039000.0,117500,4
4101,456,20260903,33,1039000.0,117500,4
4102,690,20240409,33,439000.0,82500,7
4103,758,20250225,33,439000.0,82500,7
4104,1214,20251004,33,439000.0,82500,7
4105,704,20251124,33,499000.0,117500,8
4106,1128,20251206,33,669000.0,7500,1
4107,42,20240118,33,699000.0,102500,8
4108,880,20250415,33,449000.0,122500,7
4109,1304,20251223,33,449000.0,122500,7
4110,832,20261027,33,569000.0,62500,2
4111,1100,20250222,33,569000.0,62500,2
4112,1079,20250114,33,379000.0,52500,7
4113,183,20250522,33,249000.0,97500,13
4114,38,20240423,33,899000.0,67500,4
4115,321,20260501,33,899000.0,67500,4
4116,953,20250525,33,269000.0,127500,14
4117,7,20260430,33,949000.0,57500,5
4118,318,20260902,33,329000.0,157500,12
4119,1027,20250905,33,329000.0,157500,12
4120,126,20250413,33,339000.0,62500,8
4121,1129,20240402,33,339000.0,62500,8
4122,168,20250507,33,399000.0,152500,4
4123,537,20260201,33,399000.0,152500,4
4124,616,20260915,33,459000.0,32500,3
4125,666,20250423,33,459000.0,32500,3
4126,484,20260526,33,479000.0,207500,9
4127,1130,20240615,33,479000.0,207500,9
4128,752,20240519,33,239000.0,102500,10
4129,144,20240403,33,339000.0,102500,7
4130,596,20250729,33,339000.0,102500,7
4131,27,20261024,33,429000.0,152500,6
4132,163,20250828,33,429000.0,152500,6
4133,428,20250806,33,469000.0,82500,8
4134,504,20260326,33,469000.0,82500,8
4135,315,20250815,33,619000.0,102500,5
4136,759,20251116,33,619000.0,102500,5
4137,64,20260820,33,759000.0,22500,3
4138,1266,20260913,33,759000.0,22500,3
4139,21,20261211,33,939000.0,32500,2
4140,245,20250321,33,639000.0,84853,5
4141,1085,20240824,33,599000.0,125959,5
4142,157,20261203,33,349000.0,152500,11
4143,1044,20260531,33,349000.0,152500,11
4144,1066,20260204,33,279000.0,75355,10
4145,1166,20260725,33,279000.0,75355,10
4146,306,20241224,33,1099000.0,87500,4
4147,604,20251007,33,1099000.0,87500,4
4148,40,20251120,33,459000.0,67500,7
4149,886,20250406,33,459000.0,67500,7
4150,1131,20240410,33,899000.0,157500,6
4151,1294,20251122,33,899000.0,157500,6
4152,220,20260910,33,1599000.0,62500,3
4153,36,20260207,33,739000.0,2500,6
4154,316,20240924,33,729000.0,87500,5
4155,1132,20260601,33,129000.0,227500,21
4156,936,20250211,33,159000.0,202500,18
4157,1133,20261126,33,790000.0,57,1
4158,632,20250412,33,1250000.0,67500,7
4159,25,20240915,33,299000.0,142500,8
4160,418,20250523,33,299000.0,142500,8
4161,846,20241104,33,299000.0,142500,8
4162,153,20250916,33,339000.0,227500,7
4163,1269,20240419,33,339000.0,227500,7
4164,1134,20251109,33,1290000.0,97263,4
4165,87,20260111,33,399000.0,92500,7
4166,387,20260625,33,399000.0,92500,7
4167,407,20240924,33,799000.0,182500,8
4168,889,20261121,33,799000.0,182500,8
4169,38,20260728,33,789000.0,162500,4
4170,321,20260321,33,789000.0,162500,4
4171,281,20240413,33,559000.0,202500,4
4172,430,20240719,33,139000.0,192500,14
4173,771,20260617,33,235000.0,2500,11
4174,253,20260112,33,355000.0,72500,6
4175,760,20260713,33,355000.0,72500,6
4176,168,20250819,33,475000.0,82500,4
4177,537,20261124,33,475000.0,82500,4
4178,103,20251118,33,375000.0,2500,5
4179,931,20260708,33,375000.0,2500,5
4180,709,20260226,33,659000.0,117500,8
4181,1135,20250202,33,1199000.0,162500,10
4182,170,20250819,33,399000.0,172500,9
4183,1207,20240426,33,399000.0,172500,9
4184,1136,20241227,33,649000.0,107500,11
4185,374,20240722,33,899000.0,152500,6
4186,693,20250319,33,899000.0,107500,5
4187,1262,20251227,33,899000.0,107500,5
4188,197,20260510,33,579000.0,207500,9
4189,278,20260517,33,579000.0,207500,9
4190,1137,20260205,33,319000.0,187500,10
4191,614,20241227,33,919000.0,12500,1
4192,627,20250129,33,919000.0,12500,1
4193,1138,20240904,33,299000.0,72500,7
4194,1190,20260702,33,299000.0,72500,7
4195,1139,20260130,33,3490000.0,72500,4
4196,11,20251017,33,649000.0,92500,3
4197,251,20241221,33,649000.0,92500,3
4198,161,20240828,33,409000.0,57500,3
4199,16,20240816,33,879000.0,7500,1
4200,12,20250912,33,459000.0,102500,5
4201,226,20260719,33,459000.0,102500,5
4202,315,20260504,33,619000.0,61718,5
4203,759,20250612,33,619000.0,61718,5
4204,16,20240923,33,879000.0,6895,1
4205,337,20240807,33,359000.0,88147,5
4206,526,20250714,33,359000.0,88147,5
4207,304,20261109,33,269000.0,33143,10
4208,1076,20261126,33,269000.0,33143,10
4209,11,20250116,33,899000.0,87500,3
4210,251,20240208,33,899000.0,87500,3
4211,612,20250304,33,1189000.0,15199,2
4212,787,20261223,33,1189000.0,15199,2
4213,224,20260301,33,859000.0,17500,2
4214,141,20240201,33,939000.0,142500,5
4215,322,20260802,33,939000.0,142500,5
4216,228,20250614,33,349000.0,73795,5
4217,381,20240415,33,349000.0,73795,5
4218,876,20250426,33,1509000.0,14000,1
4219,876,20240724,33,1489000.0,12000,1
4220,201,20260414,33,1250000.0,18000,6
4221,1142,20240329,33,1250000.0,18000,6
4222,1140,20261031,33,519000.0,168000,8
4223,1126,20261208,33,1090000.0,46800,9
4224,1251,20260614,33,1090000.0,46800,9
4225,412,20240522,33,1590000.0,21100,3
4226,363,20240725,33,2990000.0,53500,3
4227,1141,20250523,33,519000.0,151000,11
4228,201,20240105,33,990000.0,98000,6
4229,1142,20240729,33,990000.0,98000,6
4230,837,20240129,33,219000.0,170000,15
4231,384,20240706,33,719000.0,87000,9
4232,245,20250608,33,820000.0,112000,5
4233,643,20260803,33,299000.0,213000,11
4234,1143,20240605,33,299000.0,213000,11
4235,1144,20240320,33,3190000.0,24000,2
4236,249,20251021,33,2450000.0,33000,3
4237,1145,20250917,33,549000.0,86000,9
4238,1242,20240819,33,549000.0,86000,9
4239,623,20240608,33,1199000.0,52000,2
4240,281,20241209,33,819000.0,32000,4
4241,1088,20240723,33,138000.0,152500,22
4242,613,20260921,33,358000.0,87500,6
4243,241,20260417,33,799000.0,52500,6
4244,437,20241031,33,699000.0,82500,8
4245,243,20251031,33,649000.0,92500,9
4246,1146,20250203,33,599000.0,72500,16
4247,1299,20240415,33,599000.0,72500,16
4248,672,20241207,33,999000.0,122500,3
4249,721,20260912,33,999000.0,122500,3
4250,607,20260809,33,859000.0,92500,7
4251,1147,20240218,33,599999.0,132500,11
4252,375,20240724,33,619999.0,8442,2
4253,214,20260301,33,399000.0,167500,6
4254,667,20240818,33,399000.0,167500,6
4255,263,20260601,33,695000.0,147500,11
4256,329,20251226,33,1599000.0,72500,4
4257,194,20241010,33,1199000.0,82500,6
4258,259,20241002,33,1199000.0,82500,6
4259,220,20250308,33,1590000.0,37000,3
4260,129,20250924,33,679000.0,137500,7
4261,484,20240803,33,574000.0,167500,9
4262,1130,20240406,33,574000.0,167500,9
4263,12,20260812,33,459000.0,182500,5
4264,226,20241230,33,459000.0,182500,5
4265,19,20261004,33,429000.0,72500,6
4266,352,20250909,33,429000.0,72500,6
4267,1148,20250131,33,599000.0,57500,2
4268,62,20250402,33,339000.0,87500,5
4269,12,20241113,33,419000.0,222500,5
4270,226,20250116,33,419000.0,222500,5
4271,316,20240521,33,759000.0,127500,5
4272,16,20250401,33,849000.0,23123,1
4273,100,20250515,33,635000.0,117500,7
4274,1149,20241118,33,539000.0,132500,10
4275,613,20260926,33,415000.0,12500,6
4276,136,20240924,33,325000.0,97500,9
4277,144,20250501,33,299000.0,102500,7
4278,596,20260527,33,299000.0,102500,7
4279,1150,20251109,33,1890000.0,52500,7
4280,166,20240114,33,419000.0,92500,5
4281,166,20260930,33,409000.0,137500,5
4282,57,20251205,33,409000.0,182500,4
4283,43,20240603,33,395000.0,97500,5
4284,974,20240410,33,395000.0,97500,5
4285,1090,20250725,33,395000.0,97500,5
4286,279,20261202,33,569000.0,122500,8
4287,611,20250912,33,569000.0,122500,8
4288,159,20261011,33,699000.0,107500,3
4289,279,20250409,33,499000.0,162500,8
4290,611,20241216,33,499000.0,162500,8
4291,668,20240821,33,389000.0,152500,6
4292,91,20250206,33,379000.0,27500,7
4293,151,20241216,33,379000.0,27500,7
4294,36,20240128,33,649000.0,132500,6
4295,89,20240915,33,689000.0,182500,3
4296,437,20250911,33,999000.0,97500,8
4297,52,20260525,33,305000.0,167500,8
4298,913,20250626,33,305000.0,167500,8
4299,1151,20250328,33,359000.0,92500,5
4300,302,20251127,33,289000.0,157500,10
4301,1152,20250207,33,589000.0,72500,5
4302,73,20261015,33,709000.0,79000,4
4303,477,20261225,33,709000.0,79000,4
4304,97,20260601,33,599000.0,152500,9
4305,1009,20250728,33,599000.0,152500,9
4306,85,20250226,33,649000.0,162500,6
4307,372,20250702,33,539000.0,212500,9
4308,429,20250412,33,539000.0,212500,9
4309,104,20240420,33,499000.0,97051,4
4310,1084,20240601,33,499000.0,97051,4
4311,195,20260705,33,315000.0,110000,13
4312,216,20260131,33,315000.0,110000,13
4313,224,20251220,33,539000.0,12500,2
4314,25,20260529,33,479000.0,122500,8
4315,418,20251112,33,479000.0,122500,8
4316,846,20260207,33,479000.0,122500,8
4317,315,20241005,33,469000.0,17500,5
4318,759,20241228,33,469000.0,17500,5
4319,1153,20250823,33,349000.0,147500,4
4320,96,20241020,33,379000.0,47500,6
4321,579,20260520,33,379000.0,47500,6
4322,13,20240313,33,599000.0,122500,6
4323,282,20240915,33,599000.0,122500,6
4324,39,20241221,33,629000.0,72500,7
4325,225,20250724,33,629000.0,72500,7
4326,91,20250726,33,299000.0,52500,7
4327,151,20260327,33,299000.0,52500,7
4328,634,20261229,33,359000.0,72500,6
4329,419,20250322,33,699000.0,152500,11
4330,102,20260221,33,198000.0,87500,8
4331,782,20260627,33,88000.0,2500,23
4332,1038,20260801,33,168000.0,267500,20
4333,1154,20260614,33,289000.0,237500,9
4334,46,20260718,33,699000.0,127500,4
4335,100,20250928,33,579000.0,212500,7
4336,12,20260714,33,699000.0,67500,5
4337,226,20250614,33,699000.0,67500,5
4338,214,20240428,33,529000.0,97500,6
4339,667,20240306,33,529000.0,97500,6
4340,1155,20240901,33,1650000.0,32500,2
4341,181,20240226,33,308000.0,77500,8
4342,822,20261203,33,308000.0,77500,8
4343,1156,20250607,33,369000.0,150000,12
4344,1157,20250227,33,329000.0,90000,7
4345,12,20250129,33,770000.0,47500,5
4346,226,20250325,33,770000.0,47500,5
4347,878,20260811,33,419000.0,67500,3
4348,58,20260201,33,839000.0,142500,6
4349,168,20250318,33,389000.0,40334,4
4350,537,20260824,33,389000.0,40334,4
4351,11,20260610,33,649000.0,81847,3
4352,251,20250617,33,649000.0,81847,3
4353,452,20240605,33,1669000.0,167500,5
4354,12,20240329,33,729000.0,84113,5
4355,226,20240720,33,729000.0,84113,5
4356,534,20260906,33,498000.0,1400000,9
4357,814,20250406,33,498000.0,1400000,9
4358,208,20251209,33,1390000.0,77500,6
4359,368,20250329,33,1390000.0,77500,6
4360,914,20250114,33,3350000.0,12500,1
4361,1158,20250204,33,799000.0,2500,12
4362,266,20250704,33,599000.0,127500,6
4363,1159,20260724,33,559000.0,187500,10
4364,310,20261009,33,459000.0,127500,10
4365,479,20260904,33,459000.0,127500,10
4366,845,20251022,33,259000.0,297500,20
4367,7,20260621,33,829000.0,7500,5
4368,123,20250320,33,479000.0,7500,6
4369,1160,20240221,33,519000.0,12500,13
4370,1260,20241124,33,519000.0,12500,13
4371,850,20260208,33,179000.0,12500,16
4372,229,20250512,33,479000.0,2500,14
4373,293,20240504,33,399000.0,7500,5
4374,478,20240722,33,399000.0,7500,5
4375,235,20260206,33,459000.0,12500,12
4376,1161,20251004,33,439000.0,12500,9
4377,1318,20261110,33,439000.0,12500,9
4378,158,20250812,33,169000.0,2500,17
4379,1162,20241227,33,379000.0,2500,8
4380,1224,20241226,33,379000.0,2500,8
4381,700,20240224,33,899000.0,2500,1
4382,33,20241018,33,369000.0,197500,11
4383,333,20261210,33,758000.0,100000,3
4384,84,20260421,33,669000.0,97500,5
4385,341,20260223,33,669000.0,97500,5
4386,405,20240910,33,759000.0,97500,8
4387,60,20250506,33,839000.0,142500,4
4388,610,20260911,33,839000.0,142500,4
4389,138,20250726,33,459000.0,97500,4
4390,328,20260508,33,459000.0,97500,4
4391,316,20260919,33,799000.0,97500,5
4392,88,20260818,33,789000.0,97500,5
4393,1163,20240812,33,359000.0,97500,5
4394,127,20240412,33,799000.0,97500,4
4395,141,20260827,33,799000.0,97500,5
4396,322,20261207,33,799000.0,97500,5
4397,114,20260106,33,348000.0,80000,6
4398,592,20240820,33,348000.0,80000,6
4399,754,20240815,33,319000.0,197500,11
4400,712,20261003,33,1490000.0,137500,5
4401,191,20250605,33,749000.0,42500,2
4402,522,20240113,33,749000.0,42500,2
4403,39,20250320,33,545000.0,127500,7
4404,225,20241205,33,545000.0,127500,7
4405,124,20250820,33,498000.0,60000,4
4406,349,20240605,33,498000.0,60000,4
4407,1169,20251017,33,498000.0,60000,4
4408,123,20260929,33,498000.0,100,6
4409,191,20260308,33,749000.0,42500,2
4410,522,20250505,33,749000.0,42500,2
4411,325,20260414,33,959000.0,39883,1
4412,599,20260809,33,959000.0,39883,1
4413,1164,20241222,33,699000.0,162500,14
4414,1165,20251217,33,429000.0,92500,8
4415,234,20241227,33,379000.0,62500,8
4416,401,20240108,33,379000.0,62500,8
4417,1066,20250416,33,319000.0,102500,10
4418,1166,20240620,33,319000.0,102500,10
4419,320,20240405,33,1029000.0,37500,2
4420,609,20251104,33,1029000.0,37500,2
4421,608,20250830,33,539000.0,160094,10
4422,1223,20250418,33,539000.0,160094,10
4423,42,20250905,33,599000.0,172500,8
4424,12,20251119,33,699000.0,37500,5
4425,226,20260616,33,699000.0,37500,5
4426,1127,20240419,33,1299000.0,52500,6
4427,1167,20251210,33,555000.0,92500,6
4428,142,20260822,33,729000.0,52500,3
4429,437,20260520,33,799000.0,2500,8
4430,49,20251010,33,949000.0,32500,3
4431,59,20241214,33,679000.0,97500,7
4432,223,20250407,33,849000.0,87500,4
4433,1168,20260603,33,849000.0,87500,4
4434,223,20240902,33,1270000.0,32500,4
4435,1168,20260308,33,1270000.0,32500,4
4436,680,20260519,33,338000.0,162500,13
4437,843,20261226,33,338000.0,162500,13
4438,64,20261209,33,759000.0,62500,3
4439,1266,20260326,33,759000.0,62500,3
4440,316,20250529,33,799000.0,97500,5
4441,138,20240813,33,459000.0,77500,4
4442,328,20250731,33,459000.0,77500,4
4443,277,20250520,33,398000.0,207500,10
4444,43,20240603,33,429000.0,37500,5
4445,974,20240420,33,429000.0,37500,5
4446,1090,20250427,33,429000.0,37500,5
4447,124,20260318,33,1250000.0,67500,4
4448,349,20240930,33,1250000.0,67500,4
4449,1169,20240603,33,1250000.0,67500,4
4450,36,20261108,33,695000.0,2500,6
4451,13,20241210,33,599000.0,2500,6
4452,282,20260104,33,599000.0,2500,6
4453,160,20250722,33,1459000.0,72500,6
4454,1170,20241020,33,319000.0,49850,5
4455,1308,20251006,33,319000.0,49850,5
4456,271,20241203,33,529000.0,117500,5
4457,688,20250327,33,529000.0,117500,5
4458,194,20241209,33,955000.0,102500,6
4459,259,20251217,33,955000.0,102500,6
4460,4,20250922,33,385000.0,152500,4
4461,69,20260203,33,385000.0,152500,4
4462,1171,20240325,33,999000.0,62500,6
4463,1258,20260106,33,999000.0,62500,6
4464,1172,20251021,33,399000.0,157500,7
4465,1173,20240814,33,889000.0,37500,6
4466,1174,20240418,33,469000.0,112500,16
4467,826,20240514,33,519000.0,137500,7
4468,1175,20260726,33,519000.0,137500,7
4469,1176,20241017,33,2880000.0,32500,1
4470,407,20260401,33,1488000.0,132500,8
4471,889,20261118,33,1488000.0,132500,8
4472,154,20250128,33,219000.0,61000,9
4473,1177,20240127,33,319000.0,24000,3
4474,1178,20240113,33,159000.0,152000,15
4475,98,20250707,33,649000.0,117500,7
4476,1179,20260721,33,399000.0,177500,11
4477,118,20250320,33,559000.0,167500,9
4478,1180,20240811,33,229000.0,167500,8
4479,126,20240121,33,289000.0,47500,8
4480,1129,20250411,33,289000.0,47500,8
4481,169,20251014,33,369000.0,72500,6
4482,650,20250909,33,369000.0,72500,6
4483,1151,20260218,33,349000.0,87500,5
4484,400,20250402,33,319000.0,172500,8
4485,1181,20251001,33,319000.0,172500,8
4486,400,20251024,33,299000.0,107500,8
4487,1181,20260818,33,299000.0,107500,8
4488,864,20240628,33,378000.0,85153,10
4489,1001,20250621,33,378000.0,85153,10
4490,221,20250610,33,349000.0,187500,11
4491,962,20240122,33,349000.0,187500,11
4492,144,20250730,33,299000.0,77500,7
4493,596,20260201,33,299000.0,77500,7
4494,1182,20260710,33,2690000.0,57500,4
4495,183,20261110,33,149000.0,212500,13
4496,867,20260114,33,2990000.0,22500,3
4497,1183,20251102,33,2890000.0,12500,2
4498,184,20250928,33,265000.0,167500,12
4499,753,20261020,33,265000.0,167500,12
4500,60,20240531,33,919000.0,52500,4
4501,610,20240113,33,919000.0,52500,4
4502,38,20251215,33,899000.0,72500,4
4503,321,20260624,33,899000.0,72500,4
4504,551,20240905,33,529000.0,72500,9
4505,575,20250121,33,529000.0,72500,9
4506,11,20250314,33,649000.0,72500,3
4507,251,20241026,33,649000.0,72500,3
4508,104,20251221,33,559000.0,37500,4
4509,1084,20250417,33,559000.0,37500,4
4510,119,20261003,33,729000.0,22500,3
4511,351,20250924,33,729000.0,22500,3
4512,168,20250224,33,459000.0,32500,4
4513,537,20260813,33,459000.0,32500,4
4514,1030,20260830,33,259000.0,157500,11
4515,1307,20240124,33,259000.0,157500,11
4516,41,20250621,33,799000.0,90000,7
4517,360,20260215,33,1490000.0,62000,3
4518,1073,20250929,33,1490000.0,62000,3
4519,365,20250623,33,879000.0,102500,4
4520,642,20260621,33,879000.0,102500,4
4521,1184,20250224,33,599000.0,162500,9
4522,1301,20250428,33,599000.0,162500,9
4523,408,20261025,33,599000.0,87500,4
4524,520,20240605,33,599000.0,87500,4
4525,6,20240221,33,299000.0,212500,14
4526,166,20240830,33,389000.0,117500,5
4527,102,20260212,33,209000.0,142500,8
4528,581,20250223,33,339000.0,112500,6
4529,1113,20250228,33,339000.0,112500,6
4530,37,20240320,33,786000.0,92500,5
4531,89,20251125,33,789000.0,17500,3
4532,147,20241219,33,479000.0,22500,3
4533,831,20241019,33,479000.0,22500,3
4534,536,20251217,33,559000.0,7500,4
4535,1185,20250612,33,559000.0,7500,4
4536,293,20250424,33,399000.0,232500,5
4537,478,20250421,33,399000.0,232500,5
4538,832,20240125,33,499000.0,7500,2
4539,1100,20250306,33,499000.0,7500,2
4540,1186,20241112,33,189000.0,310041,18
4541,1187,20250929,33,1099000.0,52500,2
4542,473,20241223,33,599000.0,68726,4
4543,1188,20251120,33,599000.0,68726,4
4544,305,20241209,33,859000.0,117500,7
4545,80,20250712,33,399000.0,192500,9
4546,704,20251212,33,369000.0,152500,8
4547,473,20250716,33,469000.0,107500,4
4548,1188,20250314,33,469000.0,107500,4
4549,1189,20261110,33,1660000.0,2500,5
4550,324,20240522,33,1199000.0,47500,3
4551,455,20260517,33,1199000.0,47500,3
4552,168,20241218,33,439000.0,77500,4
4553,537,20261013,33,439000.0,77500,4
4554,1138,20250412,33,349000.0,82500,7
4555,1190,20260526,33,349000.0,82500,7
4556,690,20260707,33,399000.0,117500,7
4557,758,20261217,33,399000.0,117500,7
4558,1214,20260420,33,399000.0,117500,7
4559,516,20260527,33,399000.0,37500,4
4560,1191,20240221,33,399000.0,37500,4
4561,87,20261008,33,479000.0,77500,7
4562,387,20260324,33,479000.0,77500,7
4563,114,20240925,33,349000.0,62500,6
4564,592,20240405,33,349000.0,62500,6
4565,613,20240929,33,379000.0,82500,6
4566,87,20240512,33,499000.0,177500,7
4567,387,20260716,33,499000.0,177500,7
4568,279,20240329,33,469000.0,117500,8
4569,611,20251115,33,469000.0,117500,8
4570,141,20260403,33,799000.0,167500,5
4571,322,20240105,33,799000.0,167500,5
4572,903,20241222,33,339000.0,137500,9
4573,40,20240722,33,459000.0,177500,7
4574,886,20250415,33,459000.0,177500,7
4575,589,20250408,33,379000.0,22500,3
4576,12,20250511,33,679000.0,67500,5
4577,226,20251202,33,679000.0,67500,5
4578,362,20260416,33,699000.0,52500,4
4579,166,20240303,33,379000.0,102500,5
4580,616,20240826,33,449000.0,27500,3
4581,666,20250623,33,449000.0,27500,3
4582,87,20240716,33,479000.0,142500,7
4583,387,20260219,33,479000.0,142500,7
4584,279,20240130,33,449000.0,172500,8
4585,611,20251027,33,449000.0,172500,8
4586,482,20261222,33,379000.0,102500,8
4587,15,20261216,33,449000.0,72500,3
4588,636,20250822,33,449000.0,72500,3
4589,616,20261014,33,449000.0,102500,3
4590,666,20250911,33,449000.0,102500,3
4591,492,20261205,33,299000.0,167500,9
4592,1316,20240317,33,299000.0,167500,9
4593,1170,20251229,33,319000.0,62500,5
4594,1308,20260324,33,319000.0,62500,5
4595,443,20251208,33,579000.0,62500,3
4596,1192,20240924,33,279000.0,92500,7
4597,605,20260203,33,349000.0,172500,9
4598,998,20250807,33,349000.0,172500,9
4599,334,20250222,33,749000.0,122500,4
4600,1070,20260519,33,499000.0,82500,5
4601,1193,20261217,33,499000.0,32500,4
4602,516,20250118,33,379000.0,117500,4
4603,1191,20260313,33,379000.0,117500,4
4604,54,20250524,33,249000.0,127500,9
4605,12,20250305,33,649000.0,137500,5
4606,226,20250731,33,649000.0,137500,5
4607,1194,20260728,33,319000.0,62500,5
4608,169,20261115,33,399000.0,147500,6
4609,650,20250811,33,399000.0,147500,6
4610,440,20260308,33,289000.0,217500,10
4611,594,20250106,33,289000.0,217500,10
4612,234,20260716,33,479000.0,127500,8
4613,401,20261125,33,479000.0,127500,8
4614,114,20261108,33,349000.0,62500,6
4615,592,20240519,33,349000.0,62500,6
4616,181,20240307,33,319000.0,142500,8
4617,822,20261011,33,319000.0,142500,8
4618,1195,20240917,33,349000.0,152500,6
4619,1310,20260831,33,349000.0,152500,6
4620,17,20250918,33,499000.0,162500,6
4621,110,20250801,33,499000.0,162500,6
4622,1196,20261018,33,279000.0,132500,5
4623,589,20250930,33,349000.0,47500,3
4624,485,20250213,33,559000.0,107500,8
4625,567,20260412,33,559000.0,107500,8
4626,253,20240422,33,329000.0,72500,6
4627,760,20250914,33,329000.0,72500,6
4628,150,20260331,33,319000.0,52500,7
4629,1197,20260419,33,319000.0,52500,7
4630,99,20240707,33,299000.0,167500,12
4631,1198,20241003,33,359000.0,42500,3
4632,99,20240412,33,299000.0,157500,12
4633,1199,20240416,33,879000.0,62500,6
4634,127,20260126,33,859000.0,75755,4
4635,20,20240621,33,1150000.0,82233,3
4636,134,20260925,33,1150000.0,82233,3
4637,38,20251222,33,1050000.0,62375,4
4638,321,20260410,33,1050000.0,62375,4
4639,89,20240812,33,889000.0,47500,3
4640,1200,20240513,33,889000.0,274492,5
4641,1235,20261126,33,889000.0,274492,5
4642,470,20240402,33,599000.0,2500,8
4643,1305,20240315,33,599000.0,2500,8
4644,702,20260125,33,678000.0,2500,3
4645,17,20240701,33,508000.0,2500,6
4646,110,20251217,33,508000.0,2500,6
4647,68,20250403,33,659000.0,175111,5
4648,1201,20250918,33,2150000.0,2500,1
4649,1202,20250212,33,14790000.0,2500,1
4650,138,20240725,33,819000.0,77500,4
4651,328,20251103,33,819000.0,77500,4
4652,529,20261009,33,419000.0,137500,9
4653,1203,20260117,33,739000.0,122500,7
4654,174,20240929,33,689000.0,27500,4
4655,566,20250113,33,689000.0,27500,4
4656,20,20250917,33,998000.0,51587,3
4657,134,20251025,33,998000.0,51587,3
4658,37,20261115,33,899000.0,78346,5
4659,12,20251110,33,698000.0,97904,5
4660,226,20250627,33,698000.0,97904,5
4661,87,20260102,33,439000.0,167500,7
4662,387,20240331,33,439000.0,167500,7
4663,10,20250420,33,249000.0,172500,12
4664,949,20251226,33,249000.0,172500,12
4665,766,20250617,33,439000.0,152500,14
4666,992,20251128,33,439000.0,152500,14
4667,710,20260529,33,429000.0,192500,15
4668,492,20240325,33,258000.0,82500,9
4669,1316,20250814,33,258000.0,82500,9
4670,253,20260420,33,358000.0,48234,6
4671,760,20240317,33,358000.0,48234,6
4672,702,20241125,33,738000.0,70155,3
4673,238,20250117,33,589000.0,122500,9
4674,1116,20250111,33,589000.0,122500,9
4675,260,20241206,33,739000.0,128386,6
4676,184,20250227,33,359000.0,197500,12
4677,753,20240622,33,359000.0,197500,12
4678,162,20250209,33,349000.0,217500,13
4679,237,20240322,33,349000.0,217500,13
4680,493,20240121,33,349000.0,217500,13
4681,257,20251121,33,519000.0,62500,6
4682,379,20261006,33,519000.0,62500,6
4683,91,20250201,33,358000.0,167500,7
4684,151,20241125,33,358000.0,167500,7
4685,1030,20240812,33,299000.0,97500,11
4686,1307,20260219,33,299000.0,97500,11
4687,122,20260612,33,688000.0,112500,9
4688,124,20250313,33,708000.0,92500,4
4689,349,20240810,33,708000.0,92500,4
4690,1169,20250523,33,708000.0,92500,4
4691,310,20250908,33,399000.0,257500,10
4692,479,20261201,33,399000.0,257500,10
4693,68,20260816,33,628000.0,162500,5
4694,1204,20250826,33,379000.0,97500,8
4695,524,20261031,33,479000.0,28451,2
4696,40,20240531,33,568000.0,37370,7
4697,886,20240707,33,568000.0,37370,7
4698,701,20260817,33,369000.0,142500,11
4699,956,20251106,33,369000.0,142500,11
4700,145,20250929,33,359000.0,122500,12
4701,269,20240729,33,359000.0,122500,12
4702,654,20241204,33,319000.0,182500,13
4703,1303,20240216,33,319000.0,182500,13
4704,1058,20260330,33,628000.0,16849,1
4705,1205,20260901,33,628000.0,16849,1
4706,608,20261216,33,568000.0,145612,10
4707,1223,20260416,33,568000.0,145612,10
4708,1206,20260809,33,699000.0,97500,8
4709,35,20250820,33,998000.0,68907,3
4710,533,20240618,33,998000.0,68907,3
4711,32,20260418,33,799000.0,72500,9
4712,794,20261122,33,690000.0,167500,8
4713,170,20260306,33,289000.0,157500,9
4714,1207,20260816,33,289000.0,157500,9
4715,1208,20260325,33,1690000.0,64415,6
4716,12,20241207,33,419000.0,127500,5
4717,226,20240217,33,419000.0,127500,5
4718,14,20241229,33,905000.0,147084,4
4719,456,20251225,33,905000.0,147084,4
4720,238,20240517,33,479000.0,2500,9
4721,1116,20241220,33,479000.0,2500,9
4722,57,20261229,33,479999.0,97500,4
4723,396,20260321,33,799000.0,97500,5
4724,1053,20251212,33,799000.0,97500,5
4725,492,20240228,33,249000.0,2500,9
4726,1316,20260209,33,249000.0,2500,9
4727,87,20250123,33,455000.0,2500,7
4728,387,20260425,33,455000.0,2500,7
4729,754,20260518,33,365000.0,2500,11
4730,347,20241204,33,445000.0,2500,14
4731,1239,20260126,33,445000.0,2500,14
4732,87,20250818,33,485000.0,2500,7
4733,387,20250311,33,485000.0,2500,7
4734,18,20250111,33,495000.0,112500,7
4735,167,20250125,33,495000.0,112500,7
4736,133,20250425,33,959000.0,73586,3
4737,336,20260331,33,959000.0,73586,3
4738,716,20240423,33,1490000.0,82500,5
4739,785,20260212,33,1490000.0,102500,8
4740,571,20240620,33,1290000.0,67500,11
4741,1209,20240118,33,459000.0,167500,12
4742,1273,20240822,33,459000.0,167500,12
4743,498,20251223,33,625000.0,167500,5
4744,12,20241007,33,639000.0,77500,5
4745,226,20260410,33,639000.0,77500,5
4746,738,20250221,33,1350000.0,15537,4
4747,773,20241010,33,1350000.0,15537,4
4748,1210,20250807,33,429000.0,62500,9
4749,690,20250913,33,299000.0,2500,7
4750,758,20240808,33,299000.0,2500,7
4751,1214,20240109,33,299000.0,2500,7
4752,446,20260411,33,299000.0,2500,7
4753,157,20250109,33,259000.0,2500,11
4754,1044,20250617,33,259000.0,2500,11
4755,230,20251202,33,319000.0,2500,8
4756,1211,20260411,33,319000.0,2500,8
4757,15,20260215,33,469000.0,2500,3
4758,636,20260728,33,469000.0,2500,3
4759,536,20250322,33,449000.0,2500,4
4760,1185,20251110,33,449000.0,2500,4
4761,488,20241209,33,699000.0,2500,11
4762,1212,20250228,33,699000.0,2500,11
4763,1213,20250916,33,239000.0,2500,11
4764,158,20241101,33,199000.0,2500,17
4765,90,20240527,33,379000.0,2500,4
4766,942,20260428,33,379000.0,2500,4
4767,539,20260101,33,439000.0,2500,7
4768,87,20250329,33,599000.0,2500,7
4769,387,20260726,33,599000.0,2500,7
4770,832,20240202,33,439000.0,2500,2
4771,1100,20260910,33,439000.0,2500,2
4772,690,20250125,33,579000.0,2500,7
4773,758,20241222,33,579000.0,2500,7
4774,1214,20250726,33,579000.0,2500,7
4775,125,20250408,33,359000.0,2500,7
4776,196,20260718,33,359000.0,2500,7
4777,668,20240408,33,369000.0,2500,6
4778,1215,20240527,33,199000.0,2500,14
4779,1216,20250723,33,339000.0,2500,13
4780,895,20251227,33,299000.0,2500,11
4781,896,20260928,33,399000.0,2500,9
4782,169,20241029,33,379000.0,2500,6
4783,650,20240104,33,379000.0,2500,6
4784,77,20260216,33,559000.0,2500,8
4785,550,20240416,33,659000.0,87500,7
4786,419,20240315,33,649000.0,72500,11
4787,39,20261129,33,525000.0,160000,7
4788,225,20250930,33,525000.0,160000,7
4789,754,20251125,33,329000.0,170000,11
4790,404,20240313,33,259000.0,250000,13
4791,651,20250705,33,259000.0,250000,13
4792,1217,20260903,33,1990000.0,48794,7
4793,403,20240405,33,169000.0,197500,12
4794,1218,20260602,33,2999000.0,35296,2
4795,14,20241003,33,939000.0,84156,4
4796,456,20240915,33,939000.0,84156,4
4797,343,20240215,33,1350000.0,34143,2
4798,714,20241211,33,1350000.0,34143,2
4799,451,20260426,33,2150000.0,47500,3
4800,315,20260613,33,456000.0,132500,5
4801,759,20261212,33,456000.0,132500,5
4802,1219,20240820,33,979000.0,27468,1
4803,1220,20240220,33,339000.0,162500,13
4804,214,20251026,33,399000.0,96959,6
4805,667,20250326,33,399000.0,96959,6
4806,1111,20241216,33,1799000.0,92500,4
4807,52,20251010,33,269000.0,117500,8
4808,913,20260527,33,269000.0,117500,8
4809,254,20250805,33,339000.0,112347,7
4810,789,20240901,33,339000.0,112347,7
4811,10,20250703,33,259000.0,167423,12
4812,949,20251228,33,259000.0,167423,12
4813,137,20250930,33,349000.0,97935,4
4814,1192,20250806,33,229000.0,148593,7
4815,96,20240813,33,319000.0,83936,6
4816,579,20260406,33,319000.0,83936,6
4817,231,20250316,33,319000.0,41886,5
4818,1221,20250215,33,319000.0,41886,5
4819,902,20260324,33,259000.0,56752,6
4820,593,20240902,33,279000.0,115917,8
4821,96,20250805,33,339000.0,164769,6
4822,579,20250514,33,339000.0,164769,6
4823,551,20260908,33,419000.0,240361,9
4824,575,20250703,33,419000.0,240361,9
4825,646,20240426,33,189000.0,218054,12
4826,96,20240722,33,339000.0,112110,6
4827,579,20241216,33,339000.0,112110,6
4828,73,20241114,33,459000.0,56074,4
4829,477,20260728,33,459000.0,56074,4
4830,492,20250503,33,269000.0,172432,9
4831,1316,20240416,33,269000.0,172432,9
4832,1222,20251015,33,259000.0,106286,6
4833,699,20240620,33,419000.0,68794,5
4834,883,20250602,33,419000.0,68794,5
4835,895,20260815,33,259000.0,150605,11
4836,699,20260323,33,459000.0,68823,5
4837,883,20250611,33,459000.0,68823,5
4838,704,20241115,33,349000.0,92811,8
4839,126,20261126,33,289000.0,135696,8
4840,1129,20250513,33,289000.0,135696,8
4841,186,20240921,33,239000.0,129287,11
4842,424,20260626,33,239000.0,129287,11
4843,1107,20250205,33,259000.0,163234,11
4844,304,20260913,33,269000.0,109761,10
4845,1076,20250824,33,269000.0,109761,10
4846,211,20260809,33,229000.0,250422,12
4847,231,20240805,33,339000.0,109496,5
4848,1221,20241125,33,339000.0,109496,5
4849,141,20240704,33,879000.0,69556,5
4850,322,20240727,33,879000.0,69556,5
4851,608,20241014,33,499000.0,279074,10
4852,1223,20240328,33,499000.0,279074,10
4853,673,20260929,33,499000.0,43220,4
4854,880,20240515,33,319000.0,97921,7
4855,1304,20240606,33,319000.0,97921,7
4856,60,20260304,33,799000.0,143206,4
4857,610,20260708,33,799000.0,143206,4
4858,12,20240603,33,549000.0,116720,5
4859,226,20240807,33,549000.0,116720,5
4860,697,20241117,33,349000.0,65200,5
4861,723,20251121,33,349000.0,65200,5
4862,397,20260420,33,579000.0,265202,10
4863,896,20250526,33,369000.0,159797,9
4864,474,20240327,33,419000.0,127260,7
4865,697,20241001,33,349000.0,103200,5
4866,723,20240520,33,349000.0,103200,5
4867,1162,20250916,33,269000.0,192213,8
4868,1224,20260704,33,269000.0,192213,8
4869,55,20241218,33,349000.0,43447,3
4870,1041,20261025,33,359000.0,77835,9
4871,637,20250116,33,389000.0,155497,7
4872,1115,20250419,33,289000.0,219251,11
4873,293,20260716,33,389000.0,223692,5
4874,478,20240130,33,389000.0,223692,5
4875,100,20260710,33,599000.0,80686,7
4876,230,20250816,33,269000.0,270916,8
4877,1211,20250507,33,269000.0,270916,8
4878,808,20250509,33,299000.0,44084,6
4879,1225,20250122,33,299000.0,44084,6
4880,944,20260522,33,399000.0,192264,12
4881,1226,20260414,33,399000.0,192264,12
4882,127,20250921,33,819000.0,174676,4
4883,293,20260727,33,399000.0,80053,5
4884,478,20240130,33,399000.0,80053,5
4885,230,20250914,33,299000.0,253961,8
4886,1211,20260317,33,299000.0,253961,8
4887,217,20241207,33,349000.0,154864,7
4888,1227,20260927,33,249000.0,191156,9
4889,1228,20240831,33,329000.0,116535,7
4890,96,20240808,33,319000.0,64270,6
4891,579,20250107,33,319000.0,64270,6
4892,217,20250614,33,409000.0,93013,7
4893,1162,20240802,33,279000.0,261289,8
4894,1224,20250101,33,279000.0,261289,8
4895,63,20240423,33,419000.0,225509,7
4896,1228,20240125,33,319000.0,178441,7
4897,1228,20260722,33,329000.0,54266,7
4898,1229,20250902,33,289000.0,154831,9
4899,25,20260507,33,439000.0,114164,8
4900,418,20261023,33,439000.0,114164,8
4901,846,20260616,33,439000.0,114164,8
4902,53,20260211,33,429000.0,97500,5
4903,141,20250320,33,1099000.0,82500,5
4904,322,20240120,33,1099000.0,82500,5
4905,1230,20260316,33,499000.0,12500,3
4906,589,20240507,33,359000.0,32500,3
4907,549,20241223,33,319000.0,92500,10
4908,1231,20260530,33,319000.0,92500,10
4909,56,20261126,33,549000.0,52500,2
4910,219,20260705,33,549000.0,52500,2
4911,318,20250524,33,369000.0,72500,12
4912,1027,20250319,33,369000.0,72500,12
4913,382,20260217,33,689000.0,102500,7
4914,1124,20240908,33,679000.0,57500,7
4915,564,20261120,33,499000.0,27500,12
4916,281,20250224,33,569000.0,52500,4
4917,39,20240301,33,659000.0,87500,7
4918,225,20250801,33,659000.0,87500,7
4919,528,20250801,33,549000.0,117500,8
4920,148,20251001,33,479000.0,202500,11
4921,765,20240420,33,479000.0,202500,11
4922,89,20250505,33,699000.0,47500,3
4923,145,20240203,33,379000.0,92500,12
4924,269,20240730,33,379000.0,92500,12
4925,157,20240504,33,239000.0,277500,11
4926,1044,20260612,33,239000.0,277500,11
4927,80,20241126,33,379000.0,87500,9
4928,144,20250215,33,279000.0,77500,7
4929,596,20260722,33,279000.0,77500,7
4930,362,20251025,33,719000.0,57500,4
4931,613,20261224,33,399000.0,2500,6
4932,370,20250825,33,599000.0,42500,8
4933,551,20240126,33,549000.0,122500,9
4934,575,20251030,33,549000.0,122500,9
4935,482,20250806,33,389000.0,77500,8
4936,191,20261203,33,459000.0,32500,2
4937,522,20250114,33,459000.0,32500,2
4938,234,20250103,33,479000.0,152500,8
4939,401,20240727,33,479000.0,152500,8
4940,20,20261102,33,949000.0,76502,3
4941,134,20240125,33,949000.0,76502,3
4942,372,20250629,33,659000.0,162500,9
4943,429,20241001,33,659000.0,162500,9
4944,157,20260523,33,269000.0,2500,11
4945,1044,20240809,33,269000.0,2500,11
4946,150,20261126,33,239000.0,102500,7
4947,1197,20260524,33,239000.0,102500,7
4948,12,20240805,33,419999.0,182500,5
4949,226,20240420,33,419999.0,182500,5
4950,122,20260326,33,699000.0,2500,9
4951,156,20251208,33,259000.0,107500,6
4952,1092,20240526,33,259000.0,107500,6
4953,8,20250705,33,229000.0,102500,12
4954,918,20240513,33,699000.0,137500,4
4955,680,20250408,33,299000.0,197500,13
4956,843,20260513,33,299000.0,197500,13
4957,141,20250331,33,869000.0,82500,5
4958,322,20261220,33,869000.0,82500,5
4959,12,20261025,33,399999.0,2500,5
4960,226,20261126,33,399999.0,2500,5
4961,337,20250404,33,369999.0,52500,5
4962,526,20240518,33,369999.0,52500,5
4963,1232,20250909,33,379999.0,122500,5
4964,45,20251110,33,599999.0,237500,7
4965,587,20260818,33,339000.0,72500,5
4966,1233,20250821,33,339000.0,72500,5
4967,318,20250818,33,259000.0,2500,12
4968,1027,20240111,33,259000.0,2500,12
4969,928,20241122,33,519000.0,132500,4
4970,1074,20250113,33,519000.0,132500,4
4971,2,20240818,33,379999.0,62500,3
4972,1247,20250909,33,379999.0,62500,3
4973,613,20260203,33,379999.0,72500,6
4974,587,20240218,33,299999.0,112500,5
4975,1233,20250326,33,299999.0,112500,5
4976,214,20250505,33,479000.0,2500,6
4977,667,20250210,33,479000.0,2500,6
4978,510,20261210,33,199999.0,152500,13
4979,214,20240623,33,389000.0,102500,6
4980,667,20250424,33,389000.0,102500,6
4981,43,20240810,33,449999.0,132500,5
4982,974,20240925,33,449999.0,132500,5
4983,1090,20260320,33,449999.0,132500,5
4984,1094,20260611,33,429999.0,107500,7
4985,1234,20260619,33,429999.0,107500,7
4986,252,20260707,33,259000.0,2500,9
4987,894,20241113,33,259000.0,2500,9
4988,135,20250119,33,429999.0,187500,7
4989,698,20250917,33,429999.0,187500,7
4990,1200,20261213,33,1079000.0,87500,5
4991,1235,20251004,33,1079000.0,87500,5
4992,748,20251204,33,529000.0,172500,9
4993,1236,20241031,33,529000.0,172500,9
4994,1237,20260421,33,359000.0,22500,13
4995,392,20250525,33,399000.0,22500,13
4996,1238,20240611,33,449000.0,20,1
4997,607,20260107,33,919000.0,77500,7
4998,347,20241206,33,519000.0,242500,14
4999,1239,20260720,33,519000.0,242500,14
5000,314,20250613,33,749000.0,137500,8
5001,695,20240203,33,749000.0,137500,8
5002,452,20260924,33,1890000.0,87500,5
5003,324,20241118,33,1390000.0,37500,3
5004,455,20241212,33,1390000.0,37500,3
5005,89,20251221,33,799000.0,52500,3
5006,704,20240901,33,499000.0,112500,8
5007,92,20251108,33,629000.0,132500,7
5008,64,20260703,33,509000.0,82500,3
5009,1266,20251223,33,509000.0,82500,3
5010,1240,20260930,33,3890000.0,30000,6
5011,13,20240512,33,419000.0,103503,6
5012,282,20260628,33,419000.0,103503,6
5013,180,20240218,33,279000.0,155290,10
5014,656,20261223,33,279000.0,155290,10
5015,864,20240731,33,329000.0,249331,10
5016,1001,20240428,33,329000.0,249331,10
5017,27,20260505,33,429000.0,127972,6
5018,163,20260130,33,429000.0,127972,6
5019,1172,20251109,33,419000.0,139137,7
5020,92,20260613,33,599000.0,187409,7
5021,252,20241006,33,199000.0,142500,9
5022,894,20250227,33,199000.0,142500,9
5023,27,20241228,33,589000.0,157500,6
5024,163,20261017,33,589000.0,157500,6
5025,1134,20241109,33,1490000.0,38300,4
5026,93,20260208,33,2650000.0,74901,3
5027,1104,20261222,33,659000.0,121000,8
5028,77,20240928,33,699000.0,107500,8
5029,528,20261126,33,529000.0,202500,8
5030,340,20261105,33,1099000.0,77500,4
5031,344,20241208,33,1099000.0,77500,4
5032,1241,20241211,33,2949000.0,14000,1
5033,1145,20240820,33,399000.0,197500,9
5034,1242,20260916,33,399000.0,197500,9
5035,748,20250729,33,459000.0,172500,9
5036,1236,20250219,33,459000.0,172500,9
5037,1243,20260623,33,909000.0,142000,11
5038,1244,20240923,33,115000.0,282500,15
5039,395,20260923,33,489000.0,57500,6
5040,776,20260113,33,489000.0,57500,6
5041,221,20260629,33,369000.0,167500,11
5042,962,20250318,33,369000.0,167500,11
5043,613,20250713,33,359000.0,48758,6
5044,89,20240316,33,799000.0,22500,3
5045,72,20240903,33,489000.0,177500,12
5046,1008,20250802,33,489000.0,177500,12
5047,162,20241108,33,469000.0,187500,13
5048,237,20250729,33,469000.0,187500,13
5049,493,20241208,33,469000.0,187500,13
5050,72,20251215,33,479000.0,177500,12
5051,1008,20260910,33,479000.0,177500,12
5052,264,20251226,33,365000.0,192500,16
5053,963,20250923,33,359000.0,172500,13
5054,1245,20250202,33,359000.0,172500,13
5055,663,20251214,33,365000.0,157500,12
5056,1246,20260712,33,365000.0,157500,12
5057,408,20241018,33,555000.0,22500,4
5058,520,20240223,33,555000.0,22500,4
5059,139,20260909,33,339000.0,147500,10
5060,77,20250421,33,559000.0,187500,8
5061,584,20240122,33,268000.0,2500,11
5062,431,20261118,33,199000.0,117500,8
5063,168,20251125,33,449000.0,67500,4
5064,537,20240608,33,449000.0,67500,4
5065,280,20260628,33,548000.0,117500,5
5066,257,20250613,33,529000.0,152500,6
5067,379,20240410,33,529000.0,152500,6
5068,2,20241208,33,529000.0,182500,3
5069,1247,20250801,33,529000.0,182500,3
5070,1217,20260228,33,1890000.0,117106,7
5071,1124,20260424,33,659000.0,119060,7
5072,1248,20240504,33,559000.0,72696,5
5073,218,20260608,33,499000.0,20711,1
5074,1249,20251030,33,499000.0,20711,1
5075,340,20250517,33,729000.0,111093,4
5076,344,20240621,33,729000.0,111093,4
5077,535,20260605,33,609000.0,87500,6
5078,854,20240429,33,609000.0,87500,6
5079,50,20240929,33,499000.0,102500,8
5080,105,20260701,33,499000.0,102500,8
5081,1250,20260525,33,529000.0,117161,11
5082,127,20260507,33,859000.0,63332,4
5083,271,20240917,33,599000.0,30951,5
5084,688,20241004,33,599000.0,30951,5
5085,14,20240402,33,1030000.0,37328,4
5086,456,20260816,33,1030000.0,37328,4
5087,88,20260402,33,829000.0,112873,5
5088,509,20240507,33,999000.0,113068,6
5089,324,20250615,33,1050000.0,35053,3
5090,455,20260211,33,1050000.0,35053,3
5091,20,20240615,33,1150000.0,48379,3
5092,134,20260410,33,1150000.0,48379,3
5093,35,20240823,33,959000.0,42273,3
5094,533,20261121,33,959000.0,42273,3
5095,304,20240709,33,279000.0,92500,10
5096,1076,20251018,33,279000.0,92500,10
5097,73,20250904,33,599000.0,32500,4
5098,477,20240911,33,599000.0,32500,4
5099,194,20260830,33,828000.0,221152,6
5100,259,20261215,33,828000.0,221152,6
5101,83,20251010,33,1250000.0,182816,10
5102,48,20240415,33,699000.0,62500,2
5103,308,20240710,33,179000.0,272500,14
5104,1126,20260929,33,969000.0,149717,9
5105,1251,20240623,33,969000.0,149717,9
5106,404,20250926,33,369000.0,174114,13
5107,651,20240325,33,369000.0,174114,13
5108,1252,20260805,33,1490000.0,50000,3
5109,89,20251228,33,839000.0,47500,3
5110,38,20261103,33,1088000.0,52500,4
5111,321,20261126,33,1088000.0,52500,4
5112,440,20261116,33,269000.0,130000,10
5113,594,20240310,33,269000.0,130000,10
5114,52,20240602,33,279000.0,2500,8
5115,913,20260203,33,279000.0,2500,8
5116,536,20240927,33,389000.0,173108,4
5117,1185,20250624,33,389000.0,173108,4
5118,50,20250724,33,428000.0,242500,8
5119,105,20240528,33,428000.0,242500,8
5120,124,20240110,33,799000.0,12500,4
5121,349,20251005,33,799000.0,12500,4
5122,1169,20240302,33,799000.0,12500,4
5123,1161,20260212,33,339000.0,102500,9
5124,1318,20250611,33,339000.0,102500,9
5125,43,20250320,33,399000.0,102500,5
5126,974,20240117,33,399000.0,102500,5
5127,1090,20250103,33,399000.0,102500,5
5128,1253,20251114,33,269000.0,32500,14
5129,1070,20260626,33,469000.0,67500,5
5130,88,20250805,33,639000.0,137500,5
5131,211,20240911,33,219000.0,220066,12
5132,1117,20250331,33,229000.0,140224,10
5133,56,20251004,33,599000.0,32500,2
5134,219,20250714,33,599000.0,32500,2
5135,43,20250616,33,529000.0,57500,5
5136,974,20241115,33,529000.0,57500,5
5137,1090,20240807,33,529000.0,57500,5
5138,127,20251129,33,848000.0,121000,4
5139,37,20240201,33,798000.0,78000,5
5140,48,20251215,33,818000.0,59000,2
5141,159,20260123,33,778000.0,60000,3
5142,47,20261105,33,898000.0,16500,1
5143,127,20250212,33,818000.0,119000,4
5144,127,20260407,33,878000.0,65000,4
5145,58,20240621,33,818000.0,140000,6
5146,49,20260724,33,998000.0,52000,3
5147,521,20251207,33,538000.0,70000,7
5148,885,20260902,33,538000.0,70000,7
5149,159,20260221,33,738000.0,2023,3
5150,127,20240511,33,898000.0,110000,4
5151,587,20251024,33,338000.0,32500,5
5152,1233,20241224,33,338000.0,32500,5
5153,221,20260129,33,335000.0,142500,11
5154,962,20240613,33,335000.0,142500,11
5155,40,20251217,33,475000.0,142500,7
5156,886,20250302,33,475000.0,142500,7
5157,10,20251107,33,255000.0,122500,12
5158,949,20250502,33,255000.0,122500,12
5159,43,20240731,33,448000.0,72500,5
5160,974,20260204,33,448000.0,72500,5
5161,1090,20240605,33,448000.0,72500,5
5162,858,20250310,33,1059000.0,82500,4
5163,1254,20260421,33,1059000.0,82500,4
5164,133,20251006,33,819000.0,92500,3
5165,336,20241107,33,819000.0,92500,3
5166,524,20240506,33,478000.0,27500,2
5167,147,20250111,33,495000.0,12500,3
5168,831,20240812,33,495000.0,12500,3
5169,1255,20261106,33,98000.0,257500,33
5170,1256,20250511,33,398000.0,227500,17
5171,77,20250417,33,698000.0,134000,8
5172,77,20250419,33,678000.0,130000,8
5173,77,20240804,33,728000.0,84000,8
5174,245,20240714,33,898000.0,58000,5
5175,260,20240719,33,768000.0,84000,6
5176,398,20241231,33,1198000.0,73000,3
5177,1257,20251219,33,1198000.0,73000,3
5178,1171,20250203,33,1058000.0,50000,6
5179,1258,20250812,33,1058000.0,50000,6
5180,119,20240801,33,1238000.0,65000,3
5181,351,20241206,33,1238000.0,65000,3
5182,340,20260816,33,728000.0,90000,4
5183,344,20240428,33,728000.0,90000,4
5184,350,20260415,33,778000.0,79000,2
5185,343,20260421,33,1198000.0,90000,2
5186,714,20260516,33,1198000.0,90000,2
5187,20,20260802,33,1098000.0,50000,3
5188,134,20250205,33,1098000.0,50000,3
5189,350,20260601,33,918000.0,21000,2
5190,1152,20250719,33,528000.0,57000,5
5191,343,20250227,33,1098000.0,27000,2
5192,714,20240427,33,1098000.0,27000,2
5193,343,20250102,33,1198000.0,70000,2
5194,714,20250921,33,1198000.0,70000,2
5195,85,20240527,33,648000.0,100000,6
5196,343,20240529,33,1048000.0,44000,2
5197,714,20260326,33,1048000.0,44000,2
5198,350,20240912,33,998000.0,40000,2
5199,446,20240322,33,259000.0,162500,7
5200,540,20240116,33,189000.0,142500,31
5201,87,20260619,33,469000.0,87500,7
5202,387,20240711,33,469000.0,87500,7
5203,589,20251223,33,359000.0,32500,3
5204,375,20261220,33,559000.0,37500,2
5205,186,20260830,33,209000.0,127500,11
5206,424,20260808,33,209000.0,127500,11
5207,1259,20250619,33,239000.0,272500,15
5208,1160,20241208,33,389000.0,127500,13
5209,1260,20250129,33,389000.0,127500,13
5210,874,20260731,33,999000.0,147500,9
5211,1028,20240914,33,999000.0,147500,9
5212,778,20240222,33,419000.0,162500,12
5213,1261,20251012,33,419000.0,162500,12
5214,1282,20240927,33,419000.0,162500,12
5215,693,20240719,33,1390000.0,57500,5
5216,1262,20250130,33,1390000.0,57500,5
5217,1263,20250112,33,519000.0,117500,13
5218,165,20251106,33,469000.0,37500,6
5219,409,20250618,33,469000.0,37500,6
5220,279,20260711,33,529000.0,132500,8
5221,611,20250201,33,529000.0,132500,8
5222,826,20260516,33,399000.0,227500,7
5223,1175,20250714,33,399000.0,227500,7
5224,214,20240708,33,699000.0,42500,6
5225,667,20240723,33,699000.0,42500,6
5226,1264,20260825,33,1499000.0,62500,3
5227,482,20240213,33,399000.0,142500,8
5228,880,20260930,33,349000.0,92500,7
5229,1304,20261015,33,349000.0,92500,7
5230,147,20251001,33,519000.0,12500,3
5231,831,20260920,33,519000.0,12500,3
5232,1124,20251201,33,899000.0,62500,7
5233,324,20251213,33,1259000.0,97500,3
5234,455,20250928,33,1259000.0,97500,3
5235,1265,20260314,33,255000.0,70000,15
5236,64,20241106,33,669000.0,72500,3
5237,1266,20260527,33,669000.0,72500,3
5238,68,20260506,33,709000.0,192500,5
5239,791,20240930,33,459000.0,97298,3
5240,273,20250614,33,1150000.0,135690,11
5241,340,20240117,33,1178000.0,48972,4
5242,344,20251218,33,1178000.0,48972,4
5243,64,20261119,33,499000.0,88326,3
5244,1266,20250414,33,499000.0,88326,3
5245,20,20260321,33,1008000.0,55018,3
5246,134,20250708,33,1008000.0,55018,3
5247,1267,20240402,33,319000.0,122500,12
5248,1268,20260531,33,389000.0,127500,7
5249,130,20250731,33,299000.0,142500,13
5250,668,20250922,33,419000.0,62500,6
5251,165,20260331,33,459000.0,2500,6
5252,409,20250806,33,459000.0,2500,6
5253,43,20260425,33,419000.0,2500,5
5254,974,20260421,33,419000.0,2500,5
5255,1090,20241123,33,419000.0,2500,5
5256,334,20251230,33,835000.0,78701,4
5257,405,20240910,33,779000.0,97500,8
5258,55,20250724,33,419000.0,77500,3
5259,227,20250627,33,459000.0,52757,6
5260,67,20260430,33,659000.0,162500,4
5261,634,20240429,33,369000.0,162500,6
5262,155,20260901,33,419000.0,97500,8
5263,168,20260401,33,379000.0,70221,4
5264,537,20250528,33,379000.0,70221,4
5265,67,20260905,33,669000.0,129091,4
5266,42,20240406,33,599000.0,172500,8
5267,153,20260520,33,529000.0,147500,7
5268,1269,20240913,33,529000.0,147500,7
5269,14,20240507,33,739000.0,2500,4
5270,456,20240226,33,739000.0,2500,4
5271,281,20250804,33,669000.0,162500,4
5272,443,20250709,33,520000.0,107500,3
5273,1270,20251224,33,499000.0,2500,4
5274,536,20251014,33,409000.0,157500,4
5275,1185,20240606,33,409000.0,157500,4
5276,619,20240325,33,139000.0,112500,13
5277,673,20241117,33,500000.0,172500,4
5278,153,20241104,33,450000.0,192500,7
5279,1269,20241010,33,450000.0,192500,7
5280,323,20261201,33,329000.0,82500,6
5281,964,20260929,33,329000.0,82500,6
5282,620,20240513,33,1080000.0,86464,6
5283,1271,20250905,33,1080000.0,86464,6
5284,12,20251010,33,779000.0,81562,5
5285,226,20240816,33,779000.0,81562,5
5286,316,20260924,33,689000.0,144603,5
5287,1272,20240428,33,199000.0,185127,8
5288,1209,20260726,33,599000.0,151900,12
5289,1273,20241119,33,599000.0,151900,12
5290,1010,20260709,33,1790000.0,98400,7
5291,202,20240607,33,890000.0,96000,5
5292,740,20240826,33,890000.0,96000,5
5293,334,20250130,33,869000.0,35731,4
5294,181,20241115,33,355000.0,92500,8
5295,822,20241104,33,355000.0,92500,8
5296,1274,20240905,33,635000.0,2500,7
5297,20,20250621,33,1050000.0,22500,3
5298,134,20251201,33,1050000.0,22500,3
5299,589,20250128,33,399000.0,62500,3
5300,38,20251013,33,899000.0,162500,4
5301,321,20261014,33,899000.0,162500,4
5302,16,20250209,33,849000.0,37500,1
5303,143,20260926,33,599000.0,122500,6
5304,1275,20240121,33,729000.0,67500,7
5305,1108,20240603,33,659000.0,157500,5
5306,1276,20260516,33,2280000.0,112500,5
5307,616,20250712,33,429000.0,109606,3
5308,666,20240712,33,429000.0,109606,3
5309,1277,20250202,33,339000.0,45043,4
5310,11,20241006,33,799000.0,27500,3
5311,251,20260906,33,799000.0,27500,3
5312,1278,20261030,33,2490000.0,82500,4
5313,359,20250416,33,1090000.0,97500,9
5314,558,20240531,33,666000.0,182500,10
5315,806,20260312,33,666000.0,182500,10
5316,28,20250706,33,1190000.0,132500,7
5317,1069,20251230,33,429000.0,117500,15
5318,1122,20250527,33,429000.0,117500,15
5319,1279,20261009,33,125000.0,117500,13
5320,1280,20240619,33,79000.0,237500,23
5321,630,20260429,33,129000.0,192500,17
5322,1281,20260304,33,119000.0,297500,33
5323,85,20240504,33,559000.0,237500,6
5324,558,20240623,33,480000.0,97500,10
5325,806,20250518,33,480000.0,97500,10
5326,33,20251211,33,429000.0,122500,11
5327,492,20240415,33,279000.0,77500,9
5328,1316,20250611,33,279000.0,77500,9
5329,279,20240207,33,569000.0,122500,8
5330,611,20250129,33,569000.0,122500,8
5331,281,20260709,33,749000.0,82500,4
5332,148,20250421,33,699000.0,202500,11
5333,765,20251222,33,699000.0,202500,11
5334,673,20241110,33,459000.0,71247,4
5335,390,20241230,33,2890000.0,97500,5
5336,115,20240629,33,439000.0,167500,8
5337,881,20260103,33,439000.0,167500,8
5338,430,20260525,33,179000.0,147500,14
5339,195,20260920,33,249000.0,297500,13
5340,216,20251022,33,249000.0,297500,13
5341,22,20240831,33,1790000.0,28920,4
5342,159,20241108,33,819000.0,38210,3
5343,18,20240316,33,419000.0,112500,7
5344,167,20240918,33,419000.0,112500,7
5345,85,20240818,33,699000.0,62781,6
5346,1056,20251203,33,1390000.0,72500,9
5347,64,20251007,33,765000.0,33245,3
5348,1266,20260126,33,765000.0,33245,3
5349,778,20260421,33,298000.0,132500,12
5350,1261,20260528,33,298000.0,132500,12
5351,1282,20250530,33,298000.0,132500,12
5352,995,20250317,33,758000.0,100,6
5353,42,20250805,33,728000.0,120000,8
5354,95,20240918,33,599000.0,32500,2
5355,1117,20260118,33,268000.0,130000,10
5356,126,20260329,33,328000.0,67500,8
5357,1129,20260928,33,328000.0,67500,8
5358,299,20260516,33,598000.0,2500,5
5359,144,20250830,33,318000.0,112500,7
5360,596,20260628,33,318000.0,112500,7
5361,101,20250606,33,548000.0,8000,3
5362,1283,20261102,33,548000.0,8000,3
5363,17,20240610,33,528000.0,100,6
5364,110,20240105,33,528000.0,100,6
5365,1284,20240720,33,348000.0,80000,8
5366,568,20250219,33,678000.0,100,6
5367,568,20261101,33,698000.0,97500,6
5368,340,20260805,33,788000.0,99000,4
5369,344,20260121,33,788000.0,99000,4
5370,340,20260807,33,758000.0,100,4
5371,344,20250107,33,758000.0,100,4
5372,139,20250306,33,418000.0,170000,10
5373,89,20251120,33,738000.0,2500,3
5374,47,20240427,33,788000.0,17500,1
5375,333,20250810,33,878000.0,77500,3
5376,133,20261205,33,988000.0,37500,3
5377,336,20240814,33,988000.0,37500,3
5378,83,20241213,33,1350000.0,137500,10
5379,194,20240520,33,848000.0,37500,6
5380,259,20240722,33,848000.0,37500,6
5381,1285,20260930,33,1190000.0,90000,7
5382,1286,20260510,33,148000.0,157500,16
5383,534,20260424,33,538000.0,140000,9
5384,814,20260921,33,538000.0,140000,9
5385,214,20241108,33,668000.0,107500,6
5386,667,20240516,33,668000.0,107500,6
5387,638,20241216,33,388000.0,2500,4
5388,1138,20240621,33,398000.0,117500,7
5389,1190,20240319,33,398000.0,117500,7
5390,141,20260905,33,1050000.0,2500,5
5391,322,20250722,33,1050000.0,2500,5
5392,316,20260512,33,798000.0,52500,5
5393,138,20240226,33,518000.0,90000,4
5394,328,20241228,33,518000.0,90000,4
5395,194,20240513,33,848000.0,2500,6
5396,259,20240114,33,848000.0,2500,6
5397,250,20241009,33,758000.0,47500,2
5398,572,20260316,33,758000.0,47500,2
5399,116,20240506,33,498000.0,2500,3
5400,1287,20240805,33,498000.0,2500,3
5401,661,20260114,33,678000.0,102500,7
5402,1288,20251110,33,678000.0,102500,7
5403,1163,20260923,33,398000.0,47500,5
5404,1289,20240916,33,288000.0,117500,8
5405,1290,20240408,33,2799000.0,22600,1
5406,157,20240630,33,219000.0,297500,11
5407,1044,20240617,33,219000.0,297500,11
5408,1248,20240820,33,529000.0,97500,5
5409,12,20260813,33,599000.0,97500,5
5410,226,20250416,33,599000.0,97500,5
5411,89,20251109,33,629000.0,72500,3
5412,59,20250115,33,699000.0,97500,7
5413,375,20240907,33,509000.0,97500,2
5414,7,20241114,33,659000.0,97500,5
5415,676,20240711,33,1250000.0,152500,5
5416,729,20260725,33,1250000.0,152500,5
5417,1291,20250823,33,459000.0,52500,4
5418,746,20250829,33,329000.0,202500,5
5419,836,20260203,33,329000.0,202500,5
5420,589,20260603,33,359000.0,37500,3
5421,1094,20260917,33,529000.0,97500,7
5422,1234,20250520,33,529000.0,97500,7
5423,12,20240305,33,539000.0,97500,5
5424,226,20240809,33,539000.0,97500,5
5425,103,20250410,33,299000.0,97500,5
5426,931,20240312,33,299000.0,97500,5
5427,117,20260606,33,389000.0,92500,5
5428,37,20250418,33,949000.0,54473,5
5429,12,20251016,33,629000.0,58000,5
5430,226,20240119,33,629000.0,58000,5
5431,138,20250605,33,589000.0,92500,4
5432,328,20260222,33,589000.0,92500,4
5433,1292,20250218,33,428000.0,167500,13
5434,214,20241229,33,389000.0,130000,6
5435,667,20250611,33,389000.0,130000,6
5436,366,20260306,33,1080000.0,17500,5
5437,406,20250318,33,1080000.0,17500,5
5438,1293,20240921,33,369000.0,92500,4
5439,39,20251011,33,645000.0,137500,7
5440,225,20250523,33,645000.0,137500,7
5441,94,20250410,33,1690000.0,32500,2
5442,726,20241230,33,1650000.0,82500,3
5443,726,20250507,33,1699000.0,62500,3
5444,726,20250625,33,1590000.0,62500,3
5445,1131,20251223,33,1590000.0,47500,6
5446,1294,20260421,33,1590000.0,47500,6
5447,618,20241026,33,1590000.0,32500,5
5448,640,20240622,33,1699000.0,87500,4
5449,363,20251007,33,3099000.0,42500,3
5450,1182,20240124,33,1999000.0,62500,4
5451,1295,20251231,33,2880000.0,82500,5
5452,1108,20240107,33,659000.0,158321,5
5453,95,20261026,33,519000.0,57500,2
5454,581,20260527,33,339000.0,122500,6
5455,1113,20240614,33,339000.0,122500,6
5456,581,20250303,33,399000.0,66041,6
5457,1113,20240524,33,399000.0,66041,6
5458,228,20260721,33,349000.0,52500,5
5459,381,20250523,33,349000.0,52500,5
5460,114,20260625,33,369000.0,82500,6
5461,592,20251006,33,369000.0,82500,6
5462,12,20240316,33,459000.0,102500,5
5463,226,20260403,33,459000.0,102500,5
5464,143,20261127,33,599000.0,123910,6
5465,431,20250719,33,199000.0,92500,8
5466,114,20250908,33,328000.0,72500,6
5467,592,20250115,33,328000.0,72500,6
5468,70,20260427,33,487000.0,207500,8
5469,1007,20241029,33,487000.0,207500,8
5470,2,20260125,33,418000.0,62500,3
5471,1247,20240612,33,418000.0,62500,3
5472,221,20240410,33,348000.0,167500,11
5473,962,20260616,33,348000.0,167500,11
5474,267,20260221,33,538000.0,82500,3
5475,531,20250102,33,538000.0,82500,3
5476,40,20251227,33,377000.0,267500,7
5477,886,20250106,33,377000.0,267500,7
5478,898,20260511,33,368000.0,177500,6
5479,1047,20241006,33,368000.0,177500,6
5480,48,20241111,33,700000.0,17500,2
5481,452,20260326,33,1599000.0,67500,5
5482,135,20240530,33,425000.0,82500,7
5483,698,20261005,33,425000.0,82500,7
5484,699,20251030,33,545000.0,2500,5
5485,883,20250210,33,545000.0,2500,5
5486,202,20241013,33,790000.0,2500,5
5487,740,20260705,33,790000.0,2500,5
5488,122,20250506,33,855000.0,2500,9
5489,1118,20261029,33,129000.0,2500,13
5490,539,20260107,33,435000.0,102500,7
5491,1136,20240510,33,518000.0,147500,11
5492,608,20260923,33,498000.0,147500,10
5493,1223,20250512,33,498000.0,147500,10
5494,318,20250913,33,218000.0,207500,12
5495,1027,20260607,33,218000.0,207500,12
5496,680,20241219,33,298000.0,222500,13
5497,843,20240927,33,298000.0,222500,13
5498,148,20250307,33,478000.0,187500,11
5499,765,20260108,33,478000.0,187500,11
5500,126,20250416,33,228000.0,17500,8
5501,1129,20250522,33,228000.0,17500,8
5502,982,20240224,33,198000.0,227500,14
5503,195,20240206,33,278000.0,2500,13
5504,216,20260618,33,278000.0,2500,13
5505,591,20240224,33,288000.0,137500,12
5506,897,20250607,33,288000.0,137500,12
5507,1296,20260703,33,489000.0,137500,7
5508,21,20250407,33,899000.0,2500,2
5509,536,20251127,33,419000.0,2500,4
5510,1185,20251216,33,419000.0,2500,4
5511,1293,20261027,33,389000.0,2500,4
5512,895,20260101,33,299000.0,2500,11
5513,1297,20260915,33,299000.0,2500,6
5514,918,20240730,33,729000.0,27500,4
5515,536,20260123,33,419000.0,2500,4
5516,1185,20250311,33,419000.0,2500,4
5517,254,20240324,33,369000.0,2500,7
5518,789,20260217,33,369000.0,2500,7
5519,893,20260413,33,279000.0,2500,13
5520,180,20250405,33,399000.0,2500,10
5521,656,20240625,33,399000.0,2500,10
5522,169,20241107,33,479000.0,2500,6
5523,650,20240704,33,479000.0,2500,6
5524,536,20240902,33,399000.0,2500,4
5525,1185,20261013,33,399000.0,2500,4
5526,38,20250118,33,1090000.0,2500,4
5527,321,20261201,33,1090000.0,2500,4
5528,946,20241011,33,1199000.0,2500,7
5529,126,20260906,33,215000.0,12500,8
5530,1129,20260914,33,215000.0,12500,8
5531,195,20241026,33,265000.0,22500,13
5532,216,20260619,33,265000.0,22500,13
5533,8,20260523,33,195000.0,142500,12
5534,1298,20250430,33,325000.0,82500,11
5535,327,20250311,33,639000.0,187500,4
5536,1146,20260316,33,429000.0,187500,16
5537,1299,20240629,33,429000.0,187500,16
5538,443,20260601,33,569000.0,51000,3
5539,340,20260526,33,699000.0,82500,4
5540,344,20251124,33,699000.0,82500,4
5541,1069,20241205,33,549000.0,117500,15
5542,1122,20250505,33,549000.0,117500,15
5543,1265,20250509,33,259000.0,132500,15
5544,1292,20251230,33,425000.0,227500,13
5545,62,20250331,33,399000.0,147500,5
5546,57,20240414,33,469000.0,127500,4
5547,169,20251219,33,389000.0,87500,6
5548,650,20250314,33,389000.0,87500,6
5549,16,20251012,33,869000.0,17214,1
5550,408,20250523,33,839000.0,77500,4
5551,520,20240907,33,839000.0,77500,4
5552,4,20260822,33,549000.0,141654,4
5553,69,20240216,33,549000.0,141654,4
5554,137,20260528,33,399000.0,38361,4
5555,100,20261014,33,829000.0,142500,7
5556,98,20260213,33,669000.0,137500,7
5557,57,20260603,33,385000.0,67500,4
5558,44,20240304,33,299000.0,83000,11
5559,1300,20241115,33,100.0,2500,6
5560,12,20260509,33,589000.0,197500,5
5561,226,20260218,33,589000.0,197500,5
5562,405,20240129,33,749000.0,137500,8
5563,643,20250312,33,329000.0,97500,11
5564,1143,20260201,33,329000.0,97500,11
5565,37,20260105,33,899000.0,52500,5
5566,29,20261206,33,1099000.0,47500,2
5567,466,20250326,33,459000.0,147500,8
5568,157,20250924,33,299000.0,127500,11
5569,1044,20261212,33,299000.0,127500,11
5570,1152,20240820,33,529000.0,112500,5
5571,48,20240718,33,759000.0,37500,2
5572,1184,20251104,33,478000.0,177500,9
5573,1301,20250702,33,478000.0,177500,9
5574,1302,20260725,33,658000.0,147500,12
5575,1060,20240406,33,658000.0,152500,10
5576,470,20240218,33,638000.0,82500,8
5577,1305,20260614,33,638000.0,82500,8
5578,175,20250605,33,438000.0,202500,9
5579,582,20240209,33,438000.0,202500,9
5580,234,20260702,33,428000.0,112500,8
5581,401,20250706,33,428000.0,112500,8
5582,747,20251106,33,698000.0,157500,12
5583,168,20260208,33,398000.0,97500,4
5584,537,20240729,33,398000.0,97500,4
5585,64,20250308,33,688000.0,77500,3
5586,1266,20251207,33,688000.0,77500,3
5587,405,20250718,33,698000.0,102500,8
5588,211,20240526,33,229000.0,207500,12
5589,539,20241008,33,368000.0,82500,7
5590,12,20260124,33,589000.0,122500,5
5591,226,20261210,33,589000.0,122500,5
5592,699,20250509,33,589000.0,62500,5
5593,883,20250212,33,589000.0,62500,5
5594,222,20240929,33,329000.0,187500,14
5595,495,20250402,33,329000.0,187500,14
5596,197,20240215,33,679000.0,52500,9
5597,278,20241106,33,679000.0,52500,9
5598,654,20250715,33,279000.0,287500,13
5599,1303,20241126,33,279000.0,287500,13
5600,778,20240111,33,479000.0,92500,12
5601,1261,20260626,33,479000.0,92500,12
5602,1282,20261207,33,479000.0,92500,12
5603,84,20240108,33,759000.0,82500,5
5604,341,20260910,33,759000.0,82500,5
5605,45,20250719,33,689000.0,102500,7
5606,1056,20240929,33,1349000.0,187500,9
5607,39,20260729,33,609000.0,77500,7
5608,225,20260619,33,609000.0,77500,7
5609,519,20240510,33,359000.0,297500,10
5610,340,20251224,33,1189000.0,42500,4
5611,344,20250925,33,1189000.0,42500,4
5612,709,20240423,33,699000.0,102500,8
5613,602,20250615,33,399000.0,170000,11
5614,1172,20261110,33,378000.0,115384,7
5615,73,20240202,33,545000.0,77500,4
5616,477,20240512,33,545000.0,77500,4
5617,305,20260708,33,758000.0,63392,7
5618,365,20260901,33,899000.0,87500,4
5619,642,20240126,33,899000.0,87500,4
5620,407,20250823,33,885000.0,2500,8
5621,889,20250628,33,885000.0,2500,8
5622,224,20240118,33,929000.0,22500,2
5623,168,20260722,33,355000.0,102500,4
5624,537,20241015,33,355000.0,102500,4
5625,880,20261116,33,249000.0,2500,7
5626,1304,20260327,33,249000.0,2500,7
5627,125,20240417,33,289000.0,92500,7
5628,196,20260830,33,289000.0,92500,7
5629,768,20260805,33,269000.0,132500,10
5630,780,20260107,33,269000.0,132500,10
5631,310,20241119,33,625000.0,167500,10
5632,479,20260516,33,625000.0,167500,10
5633,616,20260104,33,399000.0,62500,3
5634,666,20260303,33,399000.0,62500,3
5635,144,20241015,33,275000.0,102500,7
5636,596,20261126,33,275000.0,102500,7
5637,53,20260610,33,485000.0,82500,5
5638,244,20240212,33,899000.0,142500,3
5639,735,20240109,33,899000.0,142500,3
5640,810,20240702,33,639000.0,72500,9
5641,984,20260613,33,639000.0,72500,9
5642,507,20261212,33,599000.0,187500,8
5643,49,20260519,33,899000.0,77500,3
5644,46,20250616,33,799000.0,87500,4
5645,618,20260926,33,1199000.0,97500,5
5646,528,20251024,33,659000.0,142500,8
5647,470,20260811,33,499000.0,157500,8
5648,1305,20240309,33,499000.0,157500,8
5649,21,20241027,33,899000.0,77500,2
5650,60,20240127,33,799000.0,132500,4
5651,610,20260718,33,799000.0,132500,4
5652,280,20251015,33,779000.0,82500,5
5653,279,20250706,33,499000.0,87500,8
5654,611,20240415,33,499000.0,87500,8
5655,640,20250808,33,1197000.0,77500,4
5656,906,20250725,33,449000.0,97500,8
5657,1306,20260320,33,258000.0,182500,16
5658,306,20250925,33,1180000.0,62500,4
5659,604,20261031,33,1180000.0,62500,4
5660,33,20260719,33,498000.0,197500,11
5661,1030,20251020,33,319000.0,92500,11
5662,1307,20260604,33,319000.0,92500,11
5663,1170,20241116,33,249000.0,130000,5
5664,1308,20250404,33,249000.0,130000,5
5665,702,20250801,33,529000.0,95851,3
5666,348,20260526,33,339000.0,142500,9
5667,1309,20260123,33,339000.0,142500,9
5668,1057,20240608,33,1190000.0,92500,10
5669,785,20250408,33,1790000.0,97500,8
5670,85,20260924,33,785000.0,112500,6
5671,434,20240828,33,849000.0,77500,6
5672,43,20260724,33,419000.0,87500,5
5673,974,20260821,33,419000.0,87500,5
5674,1090,20260816,33,419000.0,87500,5
5675,616,20260514,33,445000.0,72500,3
5676,666,20251011,33,445000.0,72500,3
5677,1195,20241122,33,299000.0,112500,6
5678,1310,20260514,33,299000.0,112500,6
5679,404,20250612,33,299000.0,147500,13
5680,651,20260528,33,299000.0,147500,13
5681,452,20241129,33,1699000.0,177500,5
5682,687,20261023,33,659000.0,192500,6
5683,86,20261210,33,239000.0,162500,14
5684,1311,20260531,33,479000.0,217500,13
5685,1162,20241215,33,269000.0,162500,8
5686,1224,20240622,33,269000.0,162500,8
5687,880,20240425,33,279000.0,162500,7
5688,1304,20241226,33,279000.0,162500,7
5689,195,20240316,33,279000.0,272500,13
5690,216,20260125,33,279000.0,272500,13
5691,485,20240312,33,559000.0,102500,8
5692,567,20250327,33,559000.0,102500,8
5693,561,20260629,33,449000.0,177500,10
5694,324,20250101,33,1070000.0,53110,3
5695,455,20260405,33,1070000.0,53110,3
5696,14,20251031,33,799000.0,209957,4
5697,456,20261113,33,799000.0,209957,4
5698,114,20240419,33,348000.0,62500,6
5699,592,20240221,33,348000.0,62500,6
5700,35,20250411,33,959000.0,39275,3
5701,533,20260328,33,959000.0,39275,3
5702,1312,20260225,33,399999.0,57500,6
5703,128,20250709,33,199999.0,137500,10
5704,168,20260717,33,379000.0,112168,4
5705,537,20240915,33,379000.0,112168,4
5706,20,20240305,33,1050000.0,112523,3
5707,134,20240611,33,1050000.0,112523,3
5708,16,20240208,33,879000.0,7500,1
5709,1125,20251026,33,699000.0,244361,10
5710,1313,20241115,33,179000.0,97500,14
5711,680,20241225,33,329000.0,197500,13
5712,843,20240925,33,329000.0,197500,13
5713,314,20241119,33,519000.0,97500,8
5714,695,20241121,33,519000.0,97500,8
5715,1314,20240913,33,159000.0,217500,12
5716,717,20240718,33,1399000.0,2500,5
5717,1132,20250901,33,89000.0,181478,21
5718,197,20260623,33,578000.0,110084,9
5719,278,20240612,33,578000.0,110084,9
5720,40,20250906,33,485000.0,78381,7
5721,886,20240415,33,485000.0,78381,7
5722,126,20251129,33,235000.0,152500,8
5723,1129,20241229,33,235000.0,152500,8
5724,1315,20261110,33,449000.0,97500,5
5725,24,20251021,33,559000.0,2500,3
5726,1034,20251129,33,559000.0,2500,3
5727,147,20260116,33,439000.0,2500,3
5728,831,20260818,33,439000.0,2500,3
5729,697,20260718,33,499000.0,2500,5
5730,723,20240727,33,499000.0,2500,5
5731,440,20261225,33,349000.0,2500,10
5732,594,20250505,33,349000.0,2500,10
5733,80,20251203,33,419000.0,2500,9
5734,551,20250516,33,499000.0,2500,9
5735,575,20251027,33,499000.0,2500,9
5736,488,20240808,33,699000.0,2500,11
5737,1212,20250310,33,699000.0,2500,11
5738,510,20241006,33,179000.0,2500,13
5739,395,20250607,33,359000.0,2500,6
5740,776,20251028,33,359000.0,2500,6
5741,898,20261112,33,419000.0,2500,6
5742,1047,20260101,33,419000.0,2500,6
5743,832,20241213,33,479000.0,2500,2
5744,1100,20260203,33,479000.0,2500,2
5745,195,20260722,33,339000.0,2500,13
5746,216,20240701,33,339000.0,2500,13
5747,492,20250522,33,339000.0,2500,9
5748,1316,20240716,33,339000.0,2500,9
5749,536,20250115,33,469000.0,2500,4
5750,1185,20260404,33,469000.0,2500,4
5751,1317,20261026,33,179000.0,2500,7
5752,400,20240710,33,379000.0,2500,8
5753,1181,20250608,33,379000.0,2500,8
5754,1161,20261125,33,249000.0,177500,9
5755,1318,20261229,33,249000.0,177500,9
5756,113,20241015,33,659000.0,77500,4
5757,76,20240414,33,1090000.0,82500,4
5758,1319,20241108,33,1090000.0,82500,4
5759,174,20261214,33,619000.0,62500,4
5760,566,20241102,33,619000.0,62500,4
5761,1315,20260331,33,409000.0,112500,5
5762,1320,20240205,33,219000.0,222500,17
5763,12,20260605,33,658000.0,102500,5
5764,226,20261114,33,658000.0,102500,5
5765,492,20261126,33,210000.0,187500,9
5766,1316,20261108,33,210000.0,187500,9
5767,1026,20240204,33,5190000.0,32500,2
5768,1321,20250411,33,578000.0,161294,11
5769,206,20260615,33,3150000.0,2500,1
5770,681,20240717,33,1399000.0,27500,2
5771,1322,20260206,33,1399000.0,27500,2
5772,1323,20240828,33,399000.0,192500,10
5773,102,20241020,33,219000.0,42500,8
5774,1021,20260710,33,2490000.0,2500,1
5775,1324,20250412,33,255000.0,40000,6
5776,781,20250101,33,199000.0,162500,17
5777,699,20261110,33,458000.0,22500,5
5778,883,20241111,33,458000.0,22500,5
5779,168,20260127,33,368000.0,67500,4
5780,537,20250326,33,368000.0,67500,4
5781,238,20260216,33,529000.0,2500,9
5782,1116,20260626,33,529000.0,2500,9
5783,1119,20250321,33,3190000.0,16000,1
5784,934,20260814,33,138000.0,2500,20
5785,1325,20240320,33,285000.0,2500,15
5786,234,20261106,33,399000.0,67500,8
5787,401,20240517,33,399000.0,67500,8
5788,505,20251013,33,2090000.0,83000,5
5789,52,20260430,33,329000.0,137500,8
5790,913,20250705,33,329000.0,137500,8
5791,59,20240314,33,649000.0,147500,7
5792,581,20240219,33,339000.0,112500,6
5793,1113,20261030,33,339000.0,112500,6
5794,127,20250122,33,979000.0,117500,4
5795,11,20250119,33,639000.0,2500,3
5796,251,20241025,33,639000.0,2500,3
5797,11,20241204,33,639000.0,112500,3
5798,251,20250418,33,639000.0,112500,3
5799,1326,20250907,33,369000.0,2500,8
5800,779,20260819,33,2990000.0,45000,2
5801,445,20260302,33,279000.0,82500,12
5802,1327,20240113,33,1450000.0,42000,5
5803,1330,20250324,33,1450000.0,42000,5
5804,694,20240622,33,449000.0,2500,13
5805,919,20250817,33,369000.0,2500,13
5806,1064,20260720,33,369000.0,2500,13
5807,1328,20240925,33,599000.0,2500,11
5808,576,20250909,33,399000.0,2500,14
5809,937,20260211,33,399000.0,2500,14
5810,917,20260514,33,379000.0,2500,13
5811,1329,20250609,33,1790000.0,41579,3
5812,1327,20260606,33,929000.0,123444,5
5813,1330,20251102,33,929000.0,123444,5
5814,1331,20240626,33,1790000.0,54429,2
5815,16,20240915,33,869000.0,22500,1
5816,87,20240916,33,470000.0,127500,7
5817,387,20251004,33,470000.0,127500,7
5818,553,20240321,33,319000.0,162500,11
5819,2,20261218,33,345000.0,82500,3
5820,1247,20240508,33,345000.0,82500,3
5821,81,20250215,33,759000.0,92500,8
5822,550,20241110,33,799000.0,132500,7
5823,972,20250330,33,319000.0,162500,14
5824,1332,20250906,33,319000.0,162500,14
5825,50,20260617,33,559000.0,82500,8
5826,105,20260621,33,559000.0,82500,8
5827,1204,20261029,33,379000.0,102500,8
5828,135,20240819,33,349000.0,97500,7
5829,698,20250902,33,349000.0,97500,7
5830,1333,20251230,33,529000.0,12500,13
5831,771,20260822,33,225000.0,97500,11
5832,603,20260531,33,185000.0,222500,16
5833,768,20241113,33,315000.0,92500,10
5834,780,20250605,33,315000.0,92500,10
5835,337,20251216,33,299000.0,2500,5
5836,526,20261215,33,299000.0,2500,5
