web_scraper_order,web_scraper_start_url,pagination,data,data2,rating,data3,data4,price,data12,data17
"1786479718-1","https://www.one2car.com/%E0%B8%A3%E0%B8%96-%E0%B8%AA%E0%B8%B3%E0%B8%AB%E0%B8%A3%E0%B8%B1%E0%B8%9A-%E0%B8%82%E0%B8%B2%E0%B8%A2?type=used&page_number=51&page_size=26","","2007 Toyota CAMRY 2.4 (ปี 06-12) G Sedan","2007 Toyota Camry 2.4 (ปี 06-12) G Sedan ผ่อน 6,xxx.- ยอดเจริญยนต์ - รับปิดบัญชี - ...","Toyota CAMRY","150 - 155K กม.","ปทุมธานี","288,000 บาท","มือสอง","เกียร์อัตโนมัติ"
"1786479718-2","https://www.one2car.com/%E0%B8%A3%E0%B8%96-%E0%B8%AA%E0%B8%B3%E0%B8%AB%E0%B8%A3%E0%B8%B1%E0%B8%9A-%E0%B8%82%E0%B8%B2%E0%B8%A2?type=used&page_number=51&page_size=26","","2008 Honda City 1.5 (ปี 08-14) S Sedan","2008 Honda City 1.5 (ปี 08-14) S Sedan ยอดเจริญยนต์ - รับปิดบัญชี - รับรีไฟแนนท์ - ...","Honda City","110 - 115K กม.","ปทุมธานี","158,000 บาท","มือสอง","เกียร์อัตโนมัติ"
"1786479718-3","https://www.one2car.com/%E0%B8%A3%E0%B8%96-%E0%B8%AA%E0%B8%B3%E0%B8%AB%E0%B8%A3%E0%B8%B1%E0%B8%9A-%E0%B8%82%E0%B8%B2%E0%B8%A2?type=used&page_number=51&page_size=26","","2019 Hyundai H-1 2.5 (ปี 18-24) Elite Van","Hyundai h1 2.5 elite 2019 สีน้ำตาล เดิมๆ รถสวย สภาพพร้อมใช้ เครื่องเกียร์สมบูรณ์ จอ ...","Hyundai H-1","130 - 135K กม.","กรุงเทพมหานคร","669,000 บาท","มือสอง","เกียร์อัตโนมัติ"
"1786479718-4","https://www.one2car.com/%E0%B8%A3%E0%B8%96-%E0%B8%AA%E0%B8%B3%E0%B8%AB%E0%B8%A3%E0%B8%B1%E0%B8%9A-%E0%B8%82%E0%B8%B2%E0%B8%A2?type=used&page_number=51&page_size=26","","2022 Honda ACCORD 2.0 (ปี 19-23) Hybrid TECH Sedan","รถเก๋งระดับผู้บริหาร ผ่อนเริ่ม 14,xxx-./เดือน เครดิตดีฟรีดาวน์* รับประกัน 5 ปี ...","Honda ACCORD","140 - 145K กม.","สมุทรปราการ","849,000 บาท","มือสอง","เกียร์อัตโนมัติ"
"1786479718-5","https://www.one2car.com/%E0%B8%A3%E0%B8%96-%E0%B8%AA%E0%B8%B3%E0%B8%AB%E0%B8%A3%E0%B8%B1%E0%B8%9A-%E0%B8%82%E0%B8%B2%E0%B8%A2?type=used&page_number=51&page_size=26","","2020 Mitsubishi TRITON 2.4 Double Cab (ปี 18-23) GLS Picku...","รถกระบะ ผ่อนเริ่ม 9,xxx-./เดือน เครดิตดีฟรีดาวน์* รับประกัน 5 ปี มีรถให้ใช้ระหว่างซ่อม ...","Mitsubishi TRITON","180 - 185K กม.","กรุงเทพมหานคร","519,000 บาท","มือสอง","เกียร์ธรรมดา"
"1786479718-6","https://www.one2car.com/%E0%B8%A3%E0%B8%96-%E0%B8%AA%E0%B8%B3%E0%B8%AB%E0%B8%A3%E0%B8%B1%E0%B8%9A-%E0%B8%82%E0%B8%B2%E0%B8%A2?type=used&page_number=51&page_size=26","","2025 Isuzu D-MAX 2.2 Space Cab (ปี 19-26) L Pickup","รถปีใหม่ ไมล์น้อยผ่อนเริ่ม 10,xxx-./เดือน เครดิตดีฟรีดาวน์* รับประกัน 5 ปี ...","Isuzu D-MAX","20 - 25K กม.","ชลบุรี","589,000 บาท","มือสอง","เกียร์ธรรมดา"
"1786479718-7","https://www.one2car.com/%E0%B8%A3%E0%B8%96-%E0%B8%AA%E0%B8%B3%E0%B8%AB%E0%B8%A3%E0%B8%B1%E0%B8%9A-%E0%B8%82%E0%B8%B2%E0%B8%A2?type=used&page_number=51&page_size=26","","2022 Honda City 1.0 (ปี 19-26) V Sedan","รถเล็ก ผ่อนเริ่ม 6,xxx-./เดือน เครดิตดีฟรีดาวน์* รับประกัน 5 ปี มีรถให้ใช้ระหว่างซ่อม ...","Honda City","75 - 80K กม.","กรุงเทพมหานคร","379,000 บาท","มือสอง","เกียร์อัตโนมัติ"
"1786479718-8","https://www.one2car.com/%E0%B8%A3%E0%B8%96-%E0%B8%AA%E0%B8%B3%E0%B8%AB%E0%B8%A3%E0%B8%B1%E0%B8%9A-%E0%B8%82%E0%B8%B2%E0%B8%A2?type=used&page_number=51&page_size=26","","2024 Mazda 2 1.3 (ปี 15-25) S Sports Leather Hatchback","ออกรถ 55 บาท ผ่อนเพียง 7,XXX **-. /เดือน ราคาพิเศษ 429,000 ราคากลาง : 430,000 ...","Mazda 2","27629 กม.","กรุงเทพมหานคร","429,000 บาท","มือสอง","เกียร์อัตโนมัติ"
"1786479718-9","https://www.one2car.com/%E0%B8%A3%E0%B8%96-%E0%B8%AA%E0%B8%B3%E0%B8%AB%E0%B8%A3%E0%B8%B1%E0%B8%9A-%E0%B8%82%E0%B8%B2%E0%B8%A2?type=used&page_number=51&page_size=26","","2021 Toyota FORTUNER 2.4 (ปี 15-25) Legender SUV","รถ PPV ผ่อนเริ่ม 15,xxx-./เดือน เครดิตดีฟรีดาวน์* รับประกัน 5 ปี มีรถให้ใช้ระหว่างซ่อม ...","Toyota FORTUNER","155 - 160K กม.","ชลบุรี","899,000 บาท","มือสอง","เกียร์อัตโนมัติ"
"1786479718-10","https://www.one2car.com/%E0%B8%A3%E0%B8%96-%E0%B8%AA%E0%B8%B3%E0%B8%AB%E0%B8%A3%E0%B8%B1%E0%B8%9A-%E0%B8%82%E0%B8%B2%E0%B8%A2?type=used&page_number=51&page_size=26","","2022 Isuzu MU-X 1.9 (ปี 20-26) Active SUV","🔸 CARS X คัดมาให้แล้วรถสวยคุณภาพดี ISUZU MU-X 1.9 ACTIVE สีขาว เกียร์ AT ปี 2022 เลขไมล์ ...","Isuzu MU-X","85 - 90K กม.","กรุงเทพมหานคร","859,000 บาท","มือสอง","เกียร์อัตโนมัติ"
"1786479718-11","https://www.one2car.com/%E0%B8%A3%E0%B8%96-%E0%B8%AA%E0%B8%B3%E0%B8%AB%E0%B8%A3%E0%B8%B1%E0%B8%9A-%E0%B8%82%E0%B8%B2%E0%B8%A2?type=used&page_number=51&page_size=26","","2020 Honda CIVIC 1.5 FC (ปี 16-20) Turbo RS Sedan","ออกรถ 55 บาท ผ่อนเพียง 10,XXX **-. /เดือน ราคาพิเศษ 609,000 ราคากลาง : 665,000 ...","Honda CIVIC","127424 กม.","สมุทรปราการ","609,000 บาท","มือสอง","เกียร์อัตโนมัติ"
"1786479718-12","https://www.one2car.com/%E0%B8%A3%E0%B8%96-%E0%B8%AA%E0%B8%B3%E0%B8%AB%E0%B8%A3%E0%B8%B1%E0%B8%9A-%E0%B8%82%E0%B8%B2%E0%B8%A2?type=used&page_number=51&page_size=26","","2020 Toyota CAMRY 2.0 (ปี 18-24) G Sedan","🔸 CARS X คัดมาให้แล้วรถสวยคุณภาพดี TOYOTA CAMRY 2.0 G สีบรอนซ์ เกียร์ AT ปี 2020 เลขไมล์ ...","Toyota CAMRY","170 - 175K กม.","กรุงเทพมหานคร","659,000 บาท","มือสอง","เกียร์อัตโนมัติ"
"1786479718-13","https://www.one2car.com/%E0%B8%A3%E0%B8%96-%E0%B8%AA%E0%B8%B3%E0%B8%AB%E0%B8%A3%E0%B8%B1%E0%B8%9A-%E0%B8%82%E0%B8%B2%E0%B8%A2?type=used&page_number=51&page_size=26","","2017 BMW 320d 2.0 F30 (ปี 11-16) Luxury Sedan","ออกรถ 55 บาท ผ่อนเพียง 9,XXX **-. /เดือน ราคาพิเศษ 559,000 ราคากลาง : 650,000 ...","BMW 320d","87401 กม.","กรุงเทพมหานคร","559,000 บาท","มือสอง","เกียร์อัตโนมัติ"
"1786479718-14","https://www.one2car.com/%E0%B8%A3%E0%B8%96-%E0%B8%AA%E0%B8%B3%E0%B8%AB%E0%B8%A3%E0%B8%B1%E0%B8%9A-%E0%B8%82%E0%B8%B2%E0%B8%A2?type=used&page_number=51&page_size=26","","2020 Toyota VIOS 1.5 (ปี 17-22) High Sedan","รถเก๋งเล็ก ผ่อนเริ่ม 7,xxx-./เดือน เครดิตดีฟรีดาวน์* รับประกัน 5 ปี มีรถให้ใช้ระหว่างซ่อม ...","Toyota VIOS","65 - 70K กม.","กรุงเทพมหานคร","399,000 บาท","มือสอง","เกียร์อัตโนมัติ"
"1786479718-15","https://www.one2car.com/%E0%B8%A3%E0%B8%96-%E0%B8%AA%E0%B8%B3%E0%B8%AB%E0%B8%A3%E0%B8%B1%E0%B8%9A-%E0%B8%82%E0%B8%B2%E0%B8%A2?type=used&page_number=51&page_size=26","","2017 Honda ACCORD 2.0 (ปี 13-19) E Sedan","ออกรถ 55 บาท ผ่อนเพียง 9,XXX **-. /เดือน ราคาพิเศษ 579,000 ราคากลาง : 570,000 ...","Honda ACCORD","123965 กม.","สมุทรปราการ","579,000 บาท","มือสอง","เกียร์อัตโนมัติ"
"1786479718-16","https://www.one2car.com/%E0%B8%A3%E0%B8%96-%E0%B8%AA%E0%B8%B3%E0%B8%AB%E0%B8%A3%E0%B8%B1%E0%B8%9A-%E0%B8%82%E0%B8%B2%E0%B8%A2?type=used&page_number=51&page_size=26","","2024 Toyota YARIS 1.2 (ปี 17-25) Smart Hatchback","🙏 สวัสดีครับ ทาง HAPPY CAR ยินดีต้อนรับลูกค้าทุกๆ ท่าน 👨‍👩‍👦🙂 ✋ เชิญดูข้อมูลรถยนต์ต่างๆ ...","Toyota YARIS","55000 กม.","กรุงเทพมหานคร","459,000 บาท","มือสอง","เกียร์อัตโนมัติ"
"1786479718-17","https://www.one2car.com/%E0%B8%A3%E0%B8%96-%E0%B8%AA%E0%B8%B3%E0%B8%AB%E0%B8%A3%E0%B8%B1%E0%B8%9A-%E0%B8%82%E0%B8%B2%E0%B8%A2?type=used&page_number=51&page_size=26","","2017 Mazda 2 1.3 (ปี 15-25) High Plus Sedan","ขาย MAZDA 2 HighPlus สีขาวมุก เบาะหนังสีดำ เกียร์ออโต้ ปี 2017 จอLCD พวงมาลัยมัลติฟังชั่น ...","Mazda 2","115 - 120K กม.","ราชบุรี","256,000 บาท","มือสอง","เกียร์อัตโนมัติ"
"1786479718-18","https://www.one2car.com/%E0%B8%A3%E0%B8%96-%E0%B8%AA%E0%B8%B3%E0%B8%AB%E0%B8%A3%E0%B8%B1%E0%B8%9A-%E0%B8%82%E0%B8%B2%E0%B8%A2?type=used&page_number=51&page_size=26","","2020 Mercedes-Benz C200 1.5 W205 (ปี 14-22) AMG Dynamic Co...","Benz C200 Coupe amg Dynamic w205 รถมือเดียวออกห้าง เช็คศูนย์ตลอด ☆ พวงมาลัยมัลติฟังก์ชั่น ...","Mercedes-Benz C200","70 - 75K กม.","กรุงเทพมหานคร","","","เกียร์อัตโนมัติ"
"1786479718-19","https://www.one2car.com/%E0%B8%A3%E0%B8%96-%E0%B8%AA%E0%B8%B3%E0%B8%AB%E0%B8%A3%E0%B8%B1%E0%B8%9A-%E0%B8%82%E0%B8%B2%E0%B8%A2?type=used&page_number=51&page_size=26","","2020 Honda CR-V 2.4 (ปี 17-21) E SUV","HONDA CR-V 2.4 E AT 2020 ออกรถ 0 บาท รหัสรถ 5D132 Line: ID @BBCAR05 คลิ๊กที่ลิงก์ เพื่อดู ...","Honda CR-V","130 - 135K กม.","สมุทรสาคร","","","เกียร์อัตโนมัติ"
"1786479718-20","https://www.one2car.com/%E0%B8%A3%E0%B8%96-%E0%B8%AA%E0%B8%B3%E0%B8%AB%E0%B8%A3%E0%B8%B1%E0%B8%9A-%E0%B8%82%E0%B8%B2%E0%B8%A2?type=used&page_number=51&page_size=26","","2020 Toyota HILUX REVO 2.4 Double Cab Z Edition J Plus Pic...","TOYOTA HILUX REVO 2.4 ENTRY Z EDITION DOUBLE CAB DOUBLE CAB AT 2020 ออกรถ 0 บาท รหัสรถ ...","Toyota HILUX REVO","185 - 190K กม.","สมุทรสาคร","","","เกียร์อัตโนมัติ"
"1786479722-21","https://www.one2car.com/%E0%B8%A3%E0%B8%96-%E0%B8%AA%E0%B8%B3%E0%B8%AB%E0%B8%A3%E0%B8%B1%E0%B8%9A-%E0%B8%82%E0%B8%B2%E0%B8%A2?type=used&page_number=51&page_size=26","https://www.one2car.com/%E0%B8%A3%E0%B8%96-%E0%B8%AA%E0%B8%B3%E0%B8%AB%E0%B8%A3%E0%B8%B1%E0%B8%9A-%E0%B8%82%E0%B8%B2%E0%B8%A2?type=used&page_number=52&page_size=26","2023 Aion Y Plus (ปี 23-29) 490 Elite SUV - 0.0","⭐️ฟรีดาวน์ ออกรถ 0 บาท ฟรี ทำสัญญาถึงหน้าบ้าน ⭐️ฟรี ! ขนส่งถึงบ้าน ...","","0 - 5K กม.","กรุงเทพมหานคร","475,000 บาท","มือสอง","เกียร์อัตโนมัติ"
"1786479722-22","https://www.one2car.com/%E0%B8%A3%E0%B8%96-%E0%B8%AA%E0%B8%B3%E0%B8%AB%E0%B8%A3%E0%B8%B1%E0%B8%9A-%E0%B8%82%E0%B8%B2%E0%B8%A2?type=used&page_number=51&page_size=26","https://www.one2car.com/%E0%B8%A3%E0%B8%96-%E0%B8%AA%E0%B8%B3%E0%B8%AB%E0%B8%A3%E0%B8%B1%E0%B8%9A-%E0%B8%82%E0%B8%B2%E0%B8%A2?type=used&page_number=52&page_size=26","2023 Toyota YARIS 1.2 (ปี 17-25) Sport Hatchback","⭐️ฟรีดาวน์ ออกรถ 0 บาท ฟรี ทำสัญญาถึงหน้าบ้าน ⭐️ฟรี ! ขนส่งถึงบ้าน ...","Toyota YARIS","45 - 50K กม.","กรุงเทพมหานคร","398,000 บาท","มือสอง","เกียร์อัตโนมัติ"
"1786479722-23","https://www.one2car.com/%E0%B8%A3%E0%B8%96-%E0%B8%AA%E0%B8%B3%E0%B8%AB%E0%B8%A3%E0%B8%B1%E0%B8%9A-%E0%B8%82%E0%B8%B2%E0%B8%A2?type=used&page_number=51&page_size=26","https://www.one2car.com/%E0%B8%A3%E0%B8%96-%E0%B8%AA%E0%B8%B3%E0%B8%AB%E0%B8%A3%E0%B8%B1%E0%B8%9A-%E0%B8%82%E0%B8%B2%E0%B8%A2?type=used&page_number=52&page_size=26","2020 Mazda CX-8 2.5 (ปี 19-26) SP SUV","MAZDA CX8 2.5 SP 2020 รถสวยไมล์แท้ 90,000 กว่ากิโลเมตร ประหยัดเป็นล้าน!!! รถ 7ที่นั่ง ...","","95 - 100K กม.","กรุงเทพมหานคร","","","เกียร์อัตโนมัติ"
"1786479722-24","https://www.one2car.com/%E0%B8%A3%E0%B8%96-%E0%B8%AA%E0%B8%B3%E0%B8%AB%E0%B8%A3%E0%B8%B1%E0%B8%9A-%E0%B8%82%E0%B8%B2%E0%B8%A2?type=used&page_number=51&page_size=26","https://www.one2car.com/%E0%B8%A3%E0%B8%96-%E0%B8%AA%E0%B8%B3%E0%B8%AB%E0%B8%A3%E0%B8%B1%E0%B8%9A-%E0%B8%82%E0%B8%B2%E0%B8%A2?type=used&page_number=52&page_size=26","2015 Honda MOBILIO 1.5 (ปี 14-17) V Wagon","⭐️ฟรีดาวน์ ออกรถ 0 บาท ฟรี ทำสัญญาถึงหน้าบ้าน ⭐️ฟรี ! ขนส่งถึงบ้าน ...","Honda MOBILIO","145 - 150K กม.","กรุงเทพมหานคร","219,000 บาท","มือสอง","เกียร์อัตโนมัติ"
"1786479722-25","https://www.one2car.com/%E0%B8%A3%E0%B8%96-%E0%B8%AA%E0%B8%B3%E0%B8%AB%E0%B8%A3%E0%B8%B1%E0%B8%9A-%E0%B8%82%E0%B8%B2%E0%B8%A2?type=used&page_number=51&page_size=26","https://www.one2car.com/%E0%B8%A3%E0%B8%96-%E0%B8%AA%E0%B8%B3%E0%B8%AB%E0%B8%A3%E0%B8%B1%E0%B8%9A-%E0%B8%82%E0%B8%B2%E0%B8%A2?type=used&page_number=52&page_size=26","2018 Suzuki Ciaz 1.2 (ปี 15-25) GL Sedan","⭐️ฟรีดาวน์ ออกรถ 0 บาท ฟรี ทำสัญญาถึงหน้าบ้าน ⭐️ฟรี ! ขนส่งถึงบ้าน ...","Suzuki Ciaz","0 - 5K กม.","กรุงเทพมหานคร","168,000 บาท","มือสอง","เกียร์อัตโนมัติ"
"1786479722-26","https://www.one2car.com/%E0%B8%A3%E0%B8%96-%E0%B8%AA%E0%B8%B3%E0%B8%AB%E0%B8%A3%E0%B8%B1%E0%B8%9A-%E0%B8%82%E0%B8%B2%E0%B8%A2?type=used&page_number=51&page_size=26","https://www.one2car.com/%E0%B8%A3%E0%B8%96-%E0%B8%AA%E0%B8%B3%E0%B8%AB%E0%B8%A3%E0%B8%B1%E0%B8%9A-%E0%B8%82%E0%B8%B2%E0%B8%A2?type=used&page_number=52&page_size=26","2024 Mitsubishi ATTRAGE 1.2 (ปี 19-26) Active Sedan","⭐️ฟรีดาวน์ ออกรถ 0 บาท ฟรี ทำสัญญาถึงหน้าบ้าน ⭐️ฟรี ! ขนส่งถึงบ้าน ...","Mitsubishi ATTRAGE","10 - 15K กม.","กรุงเทพมหานคร","333,000 บาท","มือสอง","เกียร์อัตโนมัติ"
"1786479722-27","https://www.one2car.com/%E0%B8%A3%E0%B8%96-%E0%B8%AA%E0%B8%B3%E0%B8%AB%E0%B8%A3%E0%B8%B1%E0%B8%9A-%E0%B8%82%E0%B8%B2%E0%B8%A2?type=used&page_number=51&page_size=26","https://www.one2car.com/%E0%B8%A3%E0%B8%96-%E0%B8%AA%E0%B8%B3%E0%B8%AB%E0%B8%A3%E0%B8%B1%E0%B8%9A-%E0%B8%82%E0%B8%B2%E0%B8%A2?type=used&page_number=52&page_size=26","2018 Ford RANGER 2.0 Double Cab (ปี 15-21) WildTrak Hi-Rid...","⭐️ฟรีดาวน์ ออกรถ 0 บาท ฟรี ทำสัญญาถึงหน้าบ้าน ⭐️ฟรี ! ขนส่งถึงบ้าน ...","Ford RANGER","175 - 180K กม.","กรุงเทพมหานคร","369,000 บาท","มือสอง","เกียร์อัตโนมัติ"
"1786479722-28","https://www.one2car.com/%E0%B8%A3%E0%B8%96-%E0%B8%AA%E0%B8%B3%E0%B8%AB%E0%B8%A3%E0%B8%B1%E0%B8%9A-%E0%B8%82%E0%B8%B2%E0%B8%A2?type=used&page_number=51&page_size=26","https://www.one2car.com/%E0%B8%A3%E0%B8%96-%E0%B8%AA%E0%B8%B3%E0%B8%AB%E0%B8%A3%E0%B8%B1%E0%B8%9A-%E0%B8%82%E0%B8%B2%E0%B8%A2?type=used&page_number=52&page_size=26","2021 Mazda 2 1.3 (ปี 15-25) S Sports Hatchback","⭐️ฟรีดาวน์ ออกรถ 0 บาท ฟรี ทำสัญญาถึงหน้าบ้าน ⭐️ฟรี ! ขนส่งถึงบ้าน ...","Mazda 2","195 - 200K กม.","กรุงเทพมหานคร","299,000 บาท","มือสอง","เกียร์อัตโนมัติ"
"1786479722-29","https://www.one2car.com/%E0%B8%A3%E0%B8%96-%E0%B8%AA%E0%B8%B3%E0%B8%AB%E0%B8%A3%E0%B8%B1%E0%B8%9A-%E0%B8%82%E0%B8%B2%E0%B8%A2?type=used&page_number=51&page_size=26","https://www.one2car.com/%E0%B8%A3%E0%B8%96-%E0%B8%AA%E0%B8%B3%E0%B8%AB%E0%B8%A3%E0%B8%B1%E0%B8%9A-%E0%B8%82%E0%B8%B2%E0%B8%A2?type=used&page_number=52&page_size=26","2021 MG MG5 1.5 (ปี 21-26) X Sedan - 5","⭐️ฟรีดาวน์ ออกรถ 0 บาท ฟรี ทำสัญญาถึงหน้าบ้าน ⭐️ฟรี ! ขนส่งถึงบ้าน ...","MG MG5","45 - 50K กม.","กรุงเทพมหานคร","355,000 บาท","มือสอง","เกียร์อัตโนมัติ"
"1786479722-30","https://www.one2car.com/%E0%B8%A3%E0%B8%96-%E0%B8%AA%E0%B8%B3%E0%B8%AB%E0%B8%A3%E0%B8%B1%E0%B8%9A-%E0%B8%82%E0%B8%B2%E0%B8%A2?type=used&page_number=51&page_size=26","https://www.one2car.com/%E0%B8%A3%E0%B8%96-%E0%B8%AA%E0%B8%B3%E0%B8%AB%E0%B8%A3%E0%B8%B1%E0%B8%9A-%E0%B8%82%E0%B8%B2%E0%B8%A2?type=used&page_number=52&page_size=26","2021 Audi Q3 1.4 (ปี 19-25) 35 TFSI S line SUV","AUDI Q3 1.4 35 TFSI S line ปี2021 รถมือเดียวออก เช็คศูนย์ตลอด บอดี้เดิมทั้งคัน ☆ ...","","90 - 95K กม.","กรุงเทพมหานคร","","","เกียร์อัตโนมัติ"
"1786479722-31","https://www.one2car.com/%E0%B8%A3%E0%B8%96-%E0%B8%AA%E0%B8%B3%E0%B8%AB%E0%B8%A3%E0%B8%B1%E0%B8%9A-%E0%B8%82%E0%B8%B2%E0%B8%A2?type=used&page_number=51&page_size=26","https://www.one2car.com/%E0%B8%A3%E0%B8%96-%E0%B8%AA%E0%B8%B3%E0%B8%AB%E0%B8%A3%E0%B8%B1%E0%B8%9A-%E0%B8%82%E0%B8%B2%E0%B8%A2?type=used&page_number=52&page_size=26","2021 Honda City 1.0 (ปี 20-26) S+ Hatchback - ( 20-25) S  ...","⭐️ฟรีดาวน์ ออกรถ 0 บาท ฟรี ทำสัญญาถึงหน้าบ้าน ⭐️ฟรี ! ขนส่งถึงบ้าน ...","Honda City","75 - 80K กม.","กรุงเทพมหานคร","358,000 บาท","มือสอง","เกียร์อัตโนมัติ"
"1786479722-32","https://www.one2car.com/%E0%B8%A3%E0%B8%96-%E0%B8%AA%E0%B8%B3%E0%B8%AB%E0%B8%A3%E0%B8%B1%E0%B8%9A-%E0%B8%82%E0%B8%B2%E0%B8%A2?type=used&page_number=51&page_size=26","https://www.one2car.com/%E0%B8%A3%E0%B8%96-%E0%B8%AA%E0%B8%B3%E0%B8%AB%E0%B8%A3%E0%B8%B1%E0%B8%9A-%E0%B8%82%E0%B8%B2%E0%B8%A2?type=used&page_number=52&page_size=26","2012 Honda Brio 1.2 (ปี 11-16) V Hatchback","⭐️ฟรีดาวน์ ออกรถ 0 บาท ฟรี ทำสัญญาถึงหน้าบ้าน ⭐️ฟรี ! ขนส่งถึงบ้าน ...","Honda Brio","165 - 170K กม.","กรุงเทพมหานคร","159,000 บาท","มือสอง","เกียร์อัตโนมัติ"
"1786479722-33","https://www.one2car.com/%E0%B8%A3%E0%B8%96-%E0%B8%AA%E0%B8%B3%E0%B8%AB%E0%B8%A3%E0%B8%B1%E0%B8%9A-%E0%B8%82%E0%B8%B2%E0%B8%A2?type=used&page_number=51&page_size=26","https://www.one2car.com/%E0%B8%A3%E0%B8%96-%E0%B8%AA%E0%B8%B3%E0%B8%AB%E0%B8%A3%E0%B8%B1%E0%B8%9A-%E0%B8%82%E0%B8%B2%E0%B8%A2?type=used&page_number=52&page_size=26","2023 MG MG5 1.5 (ปี 21-26) D+ Sedan - 5 D","⭐️ฟรีดาวน์ ออกรถ 0 บาท ฟรี ทำสัญญาถึงหน้าบ้าน ⭐️ฟรี ! ขนส่งถึงบ้าน ...","MG MG5","35 - 40K กม.","กรุงเทพมหานคร","369,000 บาท","มือสอง","เกียร์อัตโนมัติ"
"1786479722-34","https://www.one2car.com/%E0%B8%A3%E0%B8%96-%E0%B8%AA%E0%B8%B3%E0%B8%AB%E0%B8%A3%E0%B8%B1%E0%B8%9A-%E0%B8%82%E0%B8%B2%E0%B8%A2?type=used&page_number=51&page_size=26","https://www.one2car.com/%E0%B8%A3%E0%B8%96-%E0%B8%AA%E0%B8%B3%E0%B8%AB%E0%B8%A3%E0%B8%B1%E0%B8%9A-%E0%B8%82%E0%B8%B2%E0%B8%A2?type=used&page_number=52&page_size=26","2018 Toyota HILUX REVO 2.4 Double Cab E Plus Prerunner Pic...","⭐️ฟรีดาวน์ ออกรถ 0 บาท ฟรี ทำสัญญาถึงหน้าบ้าน ⭐️ฟรี ! ขนส่งถึงบ้าน ...","Toyota HILUX REVO","205 - 210K กม.","กรุงเทพมหานคร","428,000 บาท","มือสอง","เกียร์อัตโนมัติ"
"1786479722-35","https://www.one2car.com/%E0%B8%A3%E0%B8%96-%E0%B8%AA%E0%B8%B3%E0%B8%AB%E0%B8%A3%E0%B8%B1%E0%B8%9A-%E0%B8%82%E0%B8%B2%E0%B8%A2?type=used&page_number=51&page_size=26","https://www.one2car.com/%E0%B8%A3%E0%B8%96-%E0%B8%AA%E0%B8%B3%E0%B8%AB%E0%B8%A3%E0%B8%B1%E0%B8%9A-%E0%B8%82%E0%B8%B2%E0%B8%A2?type=used&page_number=52&page_size=26","2018 MG MG3 1.5 (ปี 18-22) D Hatchback - 3","⭐️ฟรีดาวน์ ออกรถ 0 บาท ฟรี ทำสัญญาถึงหน้าบ้าน ⭐️ฟรี ! ขนส่งถึงบ้าน ...","","105 - 110K กม.","กรุงเทพมหานคร","155,000 บาท","มือสอง","เกียร์อัตโนมัติ"
"1786479722-36","https://www.one2car.com/%E0%B8%A3%E0%B8%96-%E0%B8%AA%E0%B8%B3%E0%B8%AB%E0%B8%A3%E0%B8%B1%E0%B8%9A-%E0%B8%82%E0%B8%B2%E0%B8%A2?type=used&page_number=51&page_size=26","https://www.one2car.com/%E0%B8%A3%E0%B8%96-%E0%B8%AA%E0%B8%B3%E0%B8%AB%E0%B8%A3%E0%B8%B1%E0%B8%9A-%E0%B8%82%E0%B8%B2%E0%B8%A2?type=used&page_number=52&page_size=26","2022 MG ZS 1.5 (ปี 17-25) X+ SUV - X","⭐️ฟรีดาวน์ ออกรถ 0 บาท ฟรี ทำสัญญาถึงหน้าบ้าน ⭐️ฟรี ! ขนส่งถึงบ้าน ...","","135 - 140K กม.","กรุงเทพมหานคร","290,000 บาท","มือสอง","เกียร์อัตโนมัติ"
"1786479722-37","https://www.one2car.com/%E0%B8%A3%E0%B8%96-%E0%B8%AA%E0%B8%B3%E0%B8%AB%E0%B8%A3%E0%B8%B1%E0%B8%9A-%E0%B8%82%E0%B8%B2%E0%B8%A2?type=used&page_number=51&page_size=26","https://www.one2car.com/%E0%B8%A3%E0%B8%96-%E0%B8%AA%E0%B8%B3%E0%B8%AB%E0%B8%A3%E0%B8%B1%E0%B8%9A-%E0%B8%82%E0%B8%B2%E0%B8%A2?type=used&page_number=52&page_size=26","2019 Honda ACCORD 1.5 (ปี 19-23) Turbo EL Sedan","⭐️ฟรีดาวน์ ออกรถ 0 บาท ฟรี ทำสัญญาถึงหน้าบ้าน ⭐️ฟรี ! ขนส่งถึงบ้าน ...","Honda ACCORD","0 - 5K กม.","กรุงเทพมหานคร","550,000 บาท","มือสอง","เกียร์อัตโนมัติ"
"1786479722-38","https://www.one2car.com/%E0%B8%A3%E0%B8%96-%E0%B8%AA%E0%B8%B3%E0%B8%AB%E0%B8%A3%E0%B8%B1%E0%B8%9A-%E0%B8%82%E0%B8%B2%E0%B8%A2?type=used&page_number=51&page_size=26","https://www.one2car.com/%E0%B8%A3%E0%B8%96-%E0%B8%AA%E0%B8%B3%E0%B8%AB%E0%B8%A3%E0%B8%B1%E0%B8%9A-%E0%B8%82%E0%B8%B2%E0%B8%A2?type=used&page_number=52&page_size=26","2020 Toyota HILUX REVO 2.8 Double Cab G Pickup - 4WD","⭐️ฟรีดาวน์ ออกรถ 0 บาท ฟรี ทำสัญญาถึงหน้าบ้าน ⭐️ฟรี ! ขนส่งถึงบ้าน ...","Toyota HILUX REVO","120 - 125K กม.","กรุงเทพมหานคร","759,000 บาท","มือสอง","เกียร์อัตโนมัติ"
"1786479722-39","https://www.one2car.com/%E0%B8%A3%E0%B8%96-%E0%B8%AA%E0%B8%B3%E0%B8%AB%E0%B8%A3%E0%B8%B1%E0%B8%9A-%E0%B8%82%E0%B8%B2%E0%B8%A2?type=used&page_number=51&page_size=26","https://www.one2car.com/%E0%B8%A3%E0%B8%96-%E0%B8%AA%E0%B8%B3%E0%B8%AB%E0%B8%A3%E0%B8%B1%E0%B8%9A-%E0%B8%82%E0%B8%B2%E0%B8%A2?type=used&page_number=52&page_size=26","2014 Toyota Corolla Altis 1.8 (ปี 14-18) G Sedan","⭐️ฟรีดาวน์ ออกรถ 0 บาท ฟรี ทำสัญญาถึงหน้าบ้าน ⭐️ฟรี ! ขนส่งถึงบ้าน ...","Toyota Corolla Altis","0 - 5K กม.","กรุงเทพมหานคร","299,000 บาท","มือสอง","เกียร์อัตโนมัติ"
"1786479722-40","https://www.one2car.com/%E0%B8%A3%E0%B8%96-%E0%B8%AA%E0%B8%B3%E0%B8%AB%E0%B8%A3%E0%B8%B1%E0%B8%9A-%E0%B8%82%E0%B8%B2%E0%B8%A2?type=used&page_number=51&page_size=26","https://www.one2car.com/%E0%B8%A3%E0%B8%96-%E0%B8%AA%E0%B8%B3%E0%B8%AB%E0%B8%A3%E0%B8%B1%E0%B8%9A-%E0%B8%82%E0%B8%B2%E0%B8%A2?type=used&page_number=52&page_size=26","2020 Toyota Corolla Altis 1.8 (ปี 19-25) Hybrid Mid Sedan ...","⭐️ฟรีดาวน์ ออกรถ 0 บาท ฟรี ทำสัญญาถึงหน้าบ้าน ⭐️ฟรี ! ขนส่งถึงบ้าน ...","Toyota Corolla Altis","180 - 185K กม.","กรุงเทพมหานคร","389,000 บาท","มือสอง","เกียร์อัตโนมัติ"
"1786479722-41","https://www.one2car.com/%E0%B8%A3%E0%B8%96-%E0%B8%AA%E0%B8%B3%E0%B8%AB%E0%B8%A3%E0%B8%B1%E0%B8%9A-%E0%B8%82%E0%B8%B2%E0%B8%A2?type=used&page_number=51&page_size=26","https://www.one2car.com/%E0%B8%A3%E0%B8%96-%E0%B8%AA%E0%B8%B3%E0%B8%AB%E0%B8%A3%E0%B8%B1%E0%B8%9A-%E0%B8%82%E0%B8%B2%E0%B8%A2?type=used&page_number=52&page_size=26","2017 Toyota VIOS 1.5 (ปี 17-22) E Sedan","⭐️ฟรีดาวน์ ออกรถ 0 บาท ฟรี ทำสัญญาถึงหน้าบ้าน ⭐️ฟรี ! ขนส่งถึงบ้าน ...","Toyota VIOS","275 - 280K กม.","กรุงเทพมหานคร","235,000 บาท","มือสอง","เกียร์อัตโนมัติ"
"1786479722-42","https://www.one2car.com/%E0%B8%A3%E0%B8%96-%E0%B8%AA%E0%B8%B3%E0%B8%AB%E0%B8%A3%E0%B8%B1%E0%B8%9A-%E0%B8%82%E0%B8%B2%E0%B8%A2?type=used&page_number=51&page_size=26","https://www.one2car.com/%E0%B8%A3%E0%B8%96-%E0%B8%AA%E0%B8%B3%E0%B8%AB%E0%B8%A3%E0%B8%B1%E0%B8%9A-%E0%B8%82%E0%B8%B2%E0%B8%A2?type=used&page_number=52&page_size=26","2020 Nissan ALMERA 1.0 (ปี 19-25) EL Sedan","⭐️ฟรีดาวน์ ออกรถ 0 บาท ฟรี ทำสัญญาถึงหน้าบ้าน ⭐️ฟรี ! ขนส่งถึงบ้าน ...","Nissan ALMERA","175 - 180K กม.","กรุงเทพมหานคร","267,000 บาท","มือสอง","เกียร์อัตโนมัติ"
"1786479722-43","https://www.one2car.com/%E0%B8%A3%E0%B8%96-%E0%B8%AA%E0%B8%B3%E0%B8%AB%E0%B8%A3%E0%B8%B1%E0%B8%9A-%E0%B8%82%E0%B8%B2%E0%B8%A2?type=used&page_number=51&page_size=26","https://www.one2car.com/%E0%B8%A3%E0%B8%96-%E0%B8%AA%E0%B8%B3%E0%B8%AB%E0%B8%A3%E0%B8%B1%E0%B8%9A-%E0%B8%82%E0%B8%B2%E0%B8%A2?type=used&page_number=52&page_size=26","2017 Toyota SIENTA 1.5 (ปี 16-23) G Wagon","⭐️ฟรีดาวน์ ออกรถ 0 บาท ฟรี ทำสัญญาถึงหน้าบ้าน ⭐️ฟรี ! ขนส่งถึงบ้าน ...","Toyota SIENTA","70 - 75K กม.","กรุงเทพมหานคร","345,000 บาท","มือสอง","เกียร์อัตโนมัติ"
"1786479722-44","https://www.one2car.com/%E0%B8%A3%E0%B8%96-%E0%B8%AA%E0%B8%B3%E0%B8%AB%E0%B8%A3%E0%B8%B1%E0%B8%9A-%E0%B8%82%E0%B8%B2%E0%B8%A2?type=used&page_number=51&page_size=26","https://www.one2car.com/%E0%B8%A3%E0%B8%96-%E0%B8%AA%E0%B8%B3%E0%B8%AB%E0%B8%A3%E0%B8%B1%E0%B8%9A-%E0%B8%82%E0%B8%B2%E0%B8%A2?type=used&page_number=52&page_size=26","2017 Suzuki Ciaz 1.2 (ปี 15-25) GL Sedan","⭐️ฟรีดาวน์ ออกรถ 0 บาท ฟรี ทำสัญญาถึงหน้าบ้าน ⭐️ฟรี ! ขนส่งถึงบ้าน ...","Suzuki Ciaz","170 - 175K กม.","กรุงเทพมหานคร","189,000 บาท","มือสอง","เกียร์อัตโนมัติ"
"1786479722-45","https://www.one2car.com/%E0%B8%A3%E0%B8%96-%E0%B8%AA%E0%B8%B3%E0%B8%AB%E0%B8%A3%E0%B8%B1%E0%B8%9A-%E0%B8%82%E0%B8%B2%E0%B8%A2?type=used&page_number=51&page_size=26","https://www.one2car.com/%E0%B8%A3%E0%B8%96-%E0%B8%AA%E0%B8%B3%E0%B8%AB%E0%B8%A3%E0%B8%B1%E0%B8%9A-%E0%B8%82%E0%B8%B2%E0%B8%A2?type=used&page_number=52&page_size=26","2018 MG ZS 1.5 (ปี 17-25) X SUV","⭐️ฟรีดาวน์ ออกรถ 0 บาท ฟรี ทำสัญญาถึงหน้าบ้าน ⭐️ฟรี ! ขนส่งถึงบ้าน ...","","135 - 140K กม.","กรุงเทพมหานคร","239,000 บาท","มือสอง","เกียร์อัตโนมัติ"
"1786479726-46","https://www.one2car.com/%E0%B8%A3%E0%B8%96-%E0%B8%AA%E0%B8%B3%E0%B8%AB%E0%B8%A3%E0%B8%B1%E0%B8%9A-%E0%B8%82%E0%B8%B2%E0%B8%A2?type=used&page_number=51&page_size=26","https://www.one2car.com/%E0%B8%A3%E0%B8%96-%E0%B8%AA%E0%B8%B3%E0%B8%AB%E0%B8%A3%E0%B8%B1%E0%B8%9A-%E0%B8%82%E0%B8%B2%E0%B8%A2?type=used&page_number=53&page_size=26","2020 Toyota Corolla Altis 1.6 (ปี 19-25) G Sedan","⭐️ฟรีดาวน์ ออกรถ 0 บาท ฟรี ทำสัญญาถึงหน้าบ้าน ⭐️ฟรี ! ขนส่งถึงบ้าน ...","Toyota Corolla Altis","295 - 300K กม.","กรุงเทพมหานคร","333,000 บาท","มือสอง","เกียร์อัตโนมัติ"
"1786479726-47","https://www.one2car.com/%E0%B8%A3%E0%B8%96-%E0%B8%AA%E0%B8%B3%E0%B8%AB%E0%B8%A3%E0%B8%B1%E0%B8%9A-%E0%B8%82%E0%B8%B2%E0%B8%A2?type=used&page_number=51&page_size=26","https://www.one2car.com/%E0%B8%A3%E0%B8%96-%E0%B8%AA%E0%B8%B3%E0%B8%AB%E0%B8%A3%E0%B8%B1%E0%B8%9A-%E0%B8%82%E0%B8%B2%E0%B8%A2?type=used&page_number=53&page_size=26","2017 Toyota INNOVA 2.8 (ปี 16-22) Crysta V Wagon","✨ 0% 12เดือน หรือ ขับฟรี 60วัน ✨ ดอกเบี้ยพิเศษเริ่มต้นที่ 2.49% ✅ ไม่เคยมีเครดิต ✅ ติดค้ำ ...","Toyota INNOVA","220 - 225K กม.","กรุงเทพมหานคร","","","เกียร์อัตโนมัติ"
"1786479726-48","https://www.one2car.com/%E0%B8%A3%E0%B8%96-%E0%B8%AA%E0%B8%B3%E0%B8%AB%E0%B8%A3%E0%B8%B1%E0%B8%9A-%E0%B8%82%E0%B8%B2%E0%B8%A2?type=used&page_number=51&page_size=26","https://www.one2car.com/%E0%B8%A3%E0%B8%96-%E0%B8%AA%E0%B8%B3%E0%B8%AB%E0%B8%A3%E0%B8%B1%E0%B8%9A-%E0%B8%82%E0%B8%B2%E0%B8%A2?type=used&page_number=53&page_size=26","2023 Toyota YARIS 1.2 (ปี 17-25) Sport Hatchback","⭐️ฟรีดาวน์ ออกรถ 0 บาท ฟรี ทำสัญญาถึงหน้าบ้าน ⭐️ฟรี ! ขนส่งถึงบ้าน ...","Toyota YARIS","9944 กม.","กรุงเทพมหานคร","398,000 บาท","มือสอง","เกียร์อัตโนมัติ"
"1786479726-49","https://www.one2car.com/%E0%B8%A3%E0%B8%96-%E0%B8%AA%E0%B8%B3%E0%B8%AB%E0%B8%A3%E0%B8%B1%E0%B8%9A-%E0%B8%82%E0%B8%B2%E0%B8%A2?type=used&page_number=51&page_size=26","https://www.one2car.com/%E0%B8%A3%E0%B8%96-%E0%B8%AA%E0%B8%B3%E0%B8%AB%E0%B8%A3%E0%B8%B1%E0%B8%9A-%E0%B8%82%E0%B8%B2%E0%B8%A2?type=used&page_number=53&page_size=26","2022 Nissan Navara 2.5 Single Cab SL Pickup","💥พิเศษ! ติดตั้งหลังคาอลูมิเนียม ขนของได้จุใจ📌รถสวยคัดพิเศษ มีใบเซอร์คุณภาพเกรด5A+(เชิญปรึก ...","","28000 กม.","กรุงเทพมหานคร","","","เกียร์ธรรมดา"
"1786479726-50","https://www.one2car.com/%E0%B8%A3%E0%B8%96-%E0%B8%AA%E0%B8%B3%E0%B8%AB%E0%B8%A3%E0%B8%B1%E0%B8%9A-%E0%B8%82%E0%B8%B2%E0%B8%A2?type=used&page_number=51&page_size=26","https://www.one2car.com/%E0%B8%A3%E0%B8%96-%E0%B8%AA%E0%B8%B3%E0%B8%AB%E0%B8%A3%E0%B8%B1%E0%B8%9A-%E0%B8%82%E0%B8%B2%E0%B8%A2?type=used&page_number=53&page_size=26","2021 Hyundai H-1 2.5 (ปี 18-24) Deluxe Van","Hyundai H1 Deluxe 2.5 ดีเซล ตัว minor change รถสวยไม่เคยมีอุบัติเหตุ วิ่งเพียง 70,000 ...","Hyundai H-1","75 - 80K กม.","กรุงเทพมหานคร","","","เกียร์อัตโนมัติ"
"1786479726-51","https://www.one2car.com/%E0%B8%A3%E0%B8%96-%E0%B8%AA%E0%B8%B3%E0%B8%AB%E0%B8%A3%E0%B8%B1%E0%B8%9A-%E0%B8%82%E0%B8%B2%E0%B8%A2?type=used&page_number=51&page_size=26","https://www.one2car.com/%E0%B8%A3%E0%B8%96-%E0%B8%AA%E0%B8%B3%E0%B8%AB%E0%B8%A3%E0%B8%B1%E0%B8%9A-%E0%B8%82%E0%B8%B2%E0%B8%A2?type=used&page_number=53&page_size=26","2020 Mitsubishi PAJERO SPORT 2.4 (ปี 19-25) GT Premium SUV...","MITSUBISHI PAJERO 2.4 GT PREMIUM 2WD AT 2020 ออกรถ 0 บาท จัดได้ 599,000 บ. Line:@bbcar04 ...","Mitsubishi PAJERO SPORT","215 - 220K กม.","กรุงเทพมหานคร","","","เกียร์อัตโนมัติ"
"1786479726-52","https://www.one2car.com/%E0%B8%A3%E0%B8%96-%E0%B8%AA%E0%B8%B3%E0%B8%AB%E0%B8%A3%E0%B8%B1%E0%B8%9A-%E0%B8%82%E0%B8%B2%E0%B8%A2?type=used&page_number=51&page_size=26","https://www.one2car.com/%E0%B8%A3%E0%B8%96-%E0%B8%AA%E0%B8%B3%E0%B8%AB%E0%B8%A3%E0%B8%B1%E0%B8%9A-%E0%B8%82%E0%B8%B2%E0%B8%A2?type=used&page_number=53&page_size=26","2016 Honda City 1.5 (ปี 14-18) SV Sedan","ขาย Honda City 1.5SV TOP สีเทาดำ เบาะหนังสีดำ เกียร์ออโต้ ปี 2016 ...","Honda City","195 - 200K กม.","ราชบุรี","290,000 บาท","มือสอง","เกียร์อัตโนมัติ"
"1786479726-53","https://www.one2car.com/%E0%B8%A3%E0%B8%96-%E0%B8%AA%E0%B8%B3%E0%B8%AB%E0%B8%A3%E0%B8%B1%E0%B8%9A-%E0%B8%82%E0%B8%B2%E0%B8%A2?type=used&page_number=51&page_size=26","https://www.one2car.com/%E0%B8%A3%E0%B8%96-%E0%B8%AA%E0%B8%B3%E0%B8%AB%E0%B8%A3%E0%B8%B1%E0%B8%9A-%E0%B8%82%E0%B8%B2%E0%B8%A2?type=used&page_number=53&page_size=26","2021 Toyota YARIS 1.2 (ปี 17-25) Sport Premium Hatchback  ...","ขาย TOYOTA YARIS PREMIUM TOP เกียร์ออโต้ สีขาวมุก หลังคาดำ เบาะหนังสีดำ ปี 2021 ...","Toyota YARIS","90 - 95K กม.","ราชบุรี","399,000 บาท","มือสอง","เกียร์อัตโนมัติ"
"1786479726-54","https://www.one2car.com/%E0%B8%A3%E0%B8%96-%E0%B8%AA%E0%B8%B3%E0%B8%AB%E0%B8%A3%E0%B8%B1%E0%B8%9A-%E0%B8%82%E0%B8%B2%E0%B8%A2?type=used&page_number=51&page_size=26","https://www.one2car.com/%E0%B8%A3%E0%B8%96-%E0%B8%AA%E0%B8%B3%E0%B8%AB%E0%B8%A3%E0%B8%B1%E0%B8%9A-%E0%B8%82%E0%B8%B2%E0%B8%A2?type=used&page_number=53&page_size=26","2019 Mazda 2 1.3 (ปี 15-25) High Connect Sedan","ขาย MAZDA 2 High Connect เกียร์ออโต้ สีขาวมุก เบาะหนังสีดำ ปี 2019 จอLCD ...","Mazda 2","115 - 120K กม.","ราชบุรี","297,000 บาท","มือสอง","เกียร์อัตโนมัติ"
"1786479726-55","https://www.one2car.com/%E0%B8%A3%E0%B8%96-%E0%B8%AA%E0%B8%B3%E0%B8%AB%E0%B8%A3%E0%B8%B1%E0%B8%9A-%E0%B8%82%E0%B8%B2%E0%B8%A2?type=used&page_number=51&page_size=26","https://www.one2car.com/%E0%B8%A3%E0%B8%96-%E0%B8%AA%E0%B8%B3%E0%B8%AB%E0%B8%A3%E0%B8%B1%E0%B8%9A-%E0%B8%82%E0%B8%B2%E0%B8%A2?type=used&page_number=53&page_size=26","2025 Mercedes-Benz GLA200 1.3 W247 (ปี 20-27) AMG Dynamic ...","Youtube : BENZ NK CHANNAL Instagram : @Benznk_Official Official Line @Benz_NK ( add line ...","","34000 กม.","กรุงเทพมหานคร","1,790,000 บาท","มือสอง","เกียร์อัตโนมัติ"
"1786479726-56","https://www.one2car.com/%E0%B8%A3%E0%B8%96-%E0%B8%AA%E0%B8%B3%E0%B8%AB%E0%B8%A3%E0%B8%B1%E0%B8%9A-%E0%B8%82%E0%B8%B2%E0%B8%A2?type=used&page_number=51&page_size=26","https://www.one2car.com/%E0%B8%A3%E0%B8%96-%E0%B8%AA%E0%B8%B3%E0%B8%AB%E0%B8%A3%E0%B8%B1%E0%B8%9A-%E0%B8%82%E0%B8%B2%E0%B8%A2?type=used&page_number=53&page_size=26","2020 Honda ACCORD 1.5 (ปี 19-23) Turbo EL Sedan","ขาย Honda Accord 1.5Tutbo สีขาวมุก เบาะหนังสีดำ เกียร์ออโต้ ปี 2020 เบาะคู่หน้าปรับไฟฟ้า ...","Honda ACCORD","100 - 105K กม.","ราชบุรี","699,000 บาท","มือสอง","เกียร์อัตโนมัติ"
"1786479726-57","https://www.one2car.com/%E0%B8%A3%E0%B8%96-%E0%B8%AA%E0%B8%B3%E0%B8%AB%E0%B8%A3%E0%B8%B1%E0%B8%9A-%E0%B8%82%E0%B8%B2%E0%B8%A2?type=used&page_number=51&page_size=26","https://www.one2car.com/%E0%B8%A3%E0%B8%96-%E0%B8%AA%E0%B8%B3%E0%B8%AB%E0%B8%A3%E0%B8%B1%E0%B8%9A-%E0%B8%82%E0%B8%B2%E0%B8%A2?type=used&page_number=53&page_size=26","2022 Honda ACCORD 1.5 (ปี 19-23) EL Sedan","ฟรีดาวน์ 0.บาท รถสวยสภาพดีแบบนี้หายาก รถเจ้าของเดียวไมล์แท้100% รถครบสัญญาสภาพดี ...","Honda ACCORD","158050 กม.","กรุงเทพมหานคร","","","เกียร์อัตโนมัติ"
"1786479726-58","https://www.one2car.com/%E0%B8%A3%E0%B8%96-%E0%B8%AA%E0%B8%B3%E0%B8%AB%E0%B8%A3%E0%B8%B1%E0%B8%9A-%E0%B8%82%E0%B8%B2%E0%B8%A2?type=used&page_number=51&page_size=26","https://www.one2car.com/%E0%B8%A3%E0%B8%96-%E0%B8%AA%E0%B8%B3%E0%B8%AB%E0%B8%A3%E0%B8%B1%E0%B8%9A-%E0%B8%82%E0%B8%B2%E0%B8%A2?type=used&page_number=53&page_size=26","2017 Toyota Corolla Altis 1.8 (ปี 14-18) Esport Option Sed...","1.8 ESport Option ไมล์น้อย สภาพดี ไม่มีชน ไม่มีอุบัติเหตุ ไม่เคยติดแก๊ส ใหม่มากๆ รุ่นท๊อป ...","Toyota Corolla Altis","130000 กม.","กรุงเทพมหานคร","399,000 บาท","มือสอง","เกียร์อัตโนมัติ"
"1786479726-59","https://www.one2car.com/%E0%B8%A3%E0%B8%96-%E0%B8%AA%E0%B8%B3%E0%B8%AB%E0%B8%A3%E0%B8%B1%E0%B8%9A-%E0%B8%82%E0%B8%B2%E0%B8%A2?type=used&page_number=51&page_size=26","https://www.one2car.com/%E0%B8%A3%E0%B8%96-%E0%B8%AA%E0%B8%B3%E0%B8%AB%E0%B8%A3%E0%B8%B1%E0%B8%9A-%E0%B8%82%E0%B8%B2%E0%B8%A2?type=used&page_number=53&page_size=26","2021 Toyota CAMRY 2.0 (ปี 18-24) G Sedan","CAMRY 2.0 G วิ่งน้อย 75,000 กม.แท้ รถมือเดียว สภาพดี ไม่มีอุบัติเหตุ ใหม่มากๆ ปี2021แท้ ...","Toyota CAMRY","75000 กม.","กรุงเทพมหานคร","699,000 บาท","มือสอง","เกียร์อัตโนมัติ"
"1786479731-60","https://www.one2car.com/%E0%B8%A3%E0%B8%96-%E0%B8%AA%E0%B8%B3%E0%B8%AB%E0%B8%A3%E0%B8%B1%E0%B8%9A-%E0%B8%82%E0%B8%B2%E0%B8%A2?type=used&page_number=51&page_size=26","https://www.one2car.com/%E0%B8%A3%E0%B8%96-%E0%B8%AA%E0%B8%B3%E0%B8%AB%E0%B8%A3%E0%B8%B1%E0%B8%9A-%E0%B8%82%E0%B8%B2%E0%B8%A2?type=used&page_number=54&page_size=26","2016 Mercedes-Benz GLA250 2.0 W156 (ปี 14-20) AMG Dynamic ...","Mercedes-Benz GLA 250 2.0 W156 SUV ปี2016 💥 𝕡𝕣𝕠𝕞𝕠𝕥𝕚𝕠𝕟 💥 🔥 ลดเหลือเพียง 539,000 บาท ...","Mercedes-Benz GLA250","170 - 175K กม.","กรุงเทพมหานคร","","","เกียร์อัตโนมัติ"
"1786479731-61","https://www.one2car.com/%E0%B8%A3%E0%B8%96-%E0%B8%AA%E0%B8%B3%E0%B8%AB%E0%B8%A3%E0%B8%B1%E0%B8%9A-%E0%B8%82%E0%B8%B2%E0%B8%A2?type=used&page_number=51&page_size=26","https://www.one2car.com/%E0%B8%A3%E0%B8%96-%E0%B8%AA%E0%B8%B3%E0%B8%AB%E0%B8%A3%E0%B8%B1%E0%B8%9A-%E0%B8%82%E0%B8%B2%E0%B8%A2?type=used&page_number=54&page_size=26","2025 Toyota Corolla Cross 1.8 (ปี 20-26) HEV Premium SUV -...","✅Contact LINE @sitauto (มี@) | 36,xxx km โฉมล่าสุด ไฮบริด พรีเมี่ยม มือเดียว ...","","37274 กม.","กรุงเทพมหานคร","","","เกียร์อัตโนมัติ"
"1786479731-62","https://www.one2car.com/%E0%B8%A3%E0%B8%96-%E0%B8%AA%E0%B8%B3%E0%B8%AB%E0%B8%A3%E0%B8%B1%E0%B8%9A-%E0%B8%82%E0%B8%B2%E0%B8%A2?type=used&page_number=51&page_size=26","https://www.one2car.com/%E0%B8%A3%E0%B8%96-%E0%B8%AA%E0%B8%B3%E0%B8%AB%E0%B8%A3%E0%B8%B1%E0%B8%9A-%E0%B8%82%E0%B8%B2%E0%B8%A2?type=used&page_number=54&page_size=26","2023 Mazda CX-8 2.5 (ปี 19-26) SP Exclusive SUV","MAZDA CX-8 2.5 SP EXCLUSIVE AT 2023 ออกรถ 0 บาท รหัสรถ 5D151 Line: ID @BBCAR05 ...","","115 - 120K กม.","สมุทรสาคร","","","เกียร์อัตโนมัติ"
"1786479731-63","https://www.one2car.com/%E0%B8%A3%E0%B8%96-%E0%B8%AA%E0%B8%B3%E0%B8%AB%E0%B8%A3%E0%B8%B1%E0%B8%9A-%E0%B8%82%E0%B8%B2%E0%B8%A2?type=used&page_number=51&page_size=26","https://www.one2car.com/%E0%B8%A3%E0%B8%96-%E0%B8%AA%E0%B8%B3%E0%B8%AB%E0%B8%A3%E0%B8%B1%E0%B8%9A-%E0%B8%82%E0%B8%B2%E0%B8%A2?type=used&page_number=54&page_size=26","2015 Toyota ALPHARD 2.5 (ปี 15-23) S C-Package Van - S C P...","TOYOTA ALPHARD 2.5 SC PACKAGE 2015 ออกรถ 0 บาท จัดได้ 1,029,000 บ. Line:@698epmtg ...","Toyota ALPHARD","344000 กม.","กรุงเทพมหานคร","","","เกียร์อัตโนมัติ"
"1786479731-64","https://www.one2car.com/%E0%B8%A3%E0%B8%96-%E0%B8%AA%E0%B8%B3%E0%B8%AB%E0%B8%A3%E0%B8%B1%E0%B8%9A-%E0%B8%82%E0%B8%B2%E0%B8%A2?type=used&page_number=51&page_size=26","https://www.one2car.com/%E0%B8%A3%E0%B8%96-%E0%B8%AA%E0%B8%B3%E0%B8%AB%E0%B8%A3%E0%B8%B1%E0%B8%9A-%E0%B8%82%E0%B8%B2%E0%B8%A2?type=used&page_number=54&page_size=26","2020 Toyota Corolla Altis 1.6 (ปี 19-25) G Sedan - CVT","✅Contact LINE @sitauto (มี@) | 103,xxx km ฟรีดาวน์ โฉมไมเนอร์เชนจ์ กดปุ่มสตาร์ทแล้ว ...","Toyota Corolla Altis","103720 กม.","กรุงเทพมหานคร","","","เกียร์อัตโนมัติ"
"1786479731-65","https://www.one2car.com/%E0%B8%A3%E0%B8%96-%E0%B8%AA%E0%B8%B3%E0%B8%AB%E0%B8%A3%E0%B8%B1%E0%B8%9A-%E0%B8%82%E0%B8%B2%E0%B8%A2?type=used&page_number=51&page_size=26","https://www.one2car.com/%E0%B8%A3%E0%B8%96-%E0%B8%AA%E0%B8%B3%E0%B8%AB%E0%B8%A3%E0%B8%B1%E0%B8%9A-%E0%B8%82%E0%B8%B2%E0%B8%A2?type=used&page_number=54&page_size=26","2019 Toyota CAMRY 2.0 (ปี 18-24) G Sedan - AT","✅Contact LINE @sitauto (มี@) | มือเดียว รถสวย สภาพดี พึ่งเช็คระยะ ประวัติครบ พร้อมใช้งาน ...","Toyota CAMRY","115330 กม.","กรุงเทพมหานคร","","","เกียร์อัตโนมัติ"
"1786479731-66","https://www.one2car.com/%E0%B8%A3%E0%B8%96-%E0%B8%AA%E0%B8%B3%E0%B8%AB%E0%B8%A3%E0%B8%B1%E0%B8%9A-%E0%B8%82%E0%B8%B2%E0%B8%A2?type=used&page_number=51&page_size=26","https://www.one2car.com/%E0%B8%A3%E0%B8%96-%E0%B8%AA%E0%B8%B3%E0%B8%AB%E0%B8%A3%E0%B8%B1%E0%B8%9A-%E0%B8%82%E0%B8%B2%E0%B8%A2?type=used&page_number=54&page_size=26","2022 Toyota Corolla Altis 1.6 (ปี 19-25) G Sedan","ผ่านการรับรองตรวจสภาพ ที่ได้มาตรฐาน และการยอมรับ กว่า 344 จุด รับประกันศูนย์สูงสุด 5 ปี ...","Toyota Corolla Altis","70 - 75K กม.","ปทุมธานี","459,000 บาท","มือสอง","เกียร์อัตโนมัติ"
"1786479731-67","https://www.one2car.com/%E0%B8%A3%E0%B8%96-%E0%B8%AA%E0%B8%B3%E0%B8%AB%E0%B8%A3%E0%B8%B1%E0%B8%9A-%E0%B8%82%E0%B8%B2%E0%B8%A2?type=used&page_number=51&page_size=26","https://www.one2car.com/%E0%B8%A3%E0%B8%96-%E0%B8%AA%E0%B8%B3%E0%B8%AB%E0%B8%A3%E0%B8%B1%E0%B8%9A-%E0%B8%82%E0%B8%B2%E0%B8%A2?type=used&page_number=54&page_size=26","2023 Toyota Corolla Cross 1.8 (ปี 20-26) Hybrid Premium Sa...","ผ่านการรับรองตรวจสภาพ ที่ได้มาตรฐาน และการยอมรับ กว่า 344 จุด รับประกันศูนย์สูงสุด 5 ปี ...","","50 - 55K กม.","ปทุมธานี","859,000 บาท","มือสอง","เกียร์อัตโนมัติ"
"1786479731-68","https://www.one2car.com/%E0%B8%A3%E0%B8%96-%E0%B8%AA%E0%B8%B3%E0%B8%AB%E0%B8%A3%E0%B8%B1%E0%B8%9A-%E0%B8%82%E0%B8%B2%E0%B8%A2?type=used&page_number=51&page_size=26","https://www.one2car.com/%E0%B8%A3%E0%B8%96-%E0%B8%AA%E0%B8%B3%E0%B8%AB%E0%B8%A3%E0%B8%B1%E0%B8%9A-%E0%B8%82%E0%B8%B2%E0%B8%A2?type=used&page_number=54&page_size=26","2022 Toyota Corolla Cross 1.8 (ปี 20-26) Sport SUV","ราคาคุ้มที่สุดเมื่อเทียบคุณภาพ มั่นใจผ่านการรับรองตรวจสภาพ ที่ได้มาตรฐาน และการยอมรับ ...","","95 - 100K กม.","ปทุมธานี","639,000 บาท","มือสอง","เกียร์อัตโนมัติ"
"1786479731-69","https://www.one2car.com/%E0%B8%A3%E0%B8%96-%E0%B8%AA%E0%B8%B3%E0%B8%AB%E0%B8%A3%E0%B8%B1%E0%B8%9A-%E0%B8%82%E0%B8%B2%E0%B8%A2?type=used&page_number=51&page_size=26","https://www.one2car.com/%E0%B8%A3%E0%B8%96-%E0%B8%AA%E0%B8%B3%E0%B8%AB%E0%B8%A3%E0%B8%B1%E0%B8%9A-%E0%B8%82%E0%B8%B2%E0%B8%A2?type=used&page_number=54&page_size=26","2016 Honda CIVIC 1.5 FC (ปี 16-20) Turbo RS Sedan","📃เอกสารครบ✅ออกรถแค่ 5 บาทเท่านั้น . HONDA CIVIC 1.5 TURBO RS ปี2016 . 🚗รถสวย รถบ้าน100% ...","Honda CIVIC","233811 กม.","ชลบุรี","435,000 บาท","มือสอง","เกียร์อัตโนมัติ"
"1786479731-70","https://www.one2car.com/%E0%B8%A3%E0%B8%96-%E0%B8%AA%E0%B8%B3%E0%B8%AB%E0%B8%A3%E0%B8%B1%E0%B8%9A-%E0%B8%82%E0%B8%B2%E0%B8%A2?type=used&page_number=51&page_size=26","https://www.one2car.com/%E0%B8%A3%E0%B8%96-%E0%B8%AA%E0%B8%B3%E0%B8%AB%E0%B8%A3%E0%B8%B1%E0%B8%9A-%E0%B8%82%E0%B8%B2%E0%B8%A2?type=used&page_number=54&page_size=26","2018 Honda HR-V 1.8 (ปี 14-18) RS SUV","ผ่านการรับรองตรวจสภาพ ที่ได้มาตรฐาน และการยอมรับ กว่า 344 จุด รับประกันศูนย์สูงสุด 2 ปี ...","Honda HR-V","90 - 95K กม.","ปทุมธานี","499,000 บาท","มือสอง","เกียร์อัตโนมัติ"
"1786479731-71","https://www.one2car.com/%E0%B8%A3%E0%B8%96-%E0%B8%AA%E0%B8%B3%E0%B8%AB%E0%B8%A3%E0%B8%B1%E0%B8%9A-%E0%B8%82%E0%B8%B2%E0%B8%A2?type=used&page_number=51&page_size=26","https://www.one2car.com/%E0%B8%A3%E0%B8%96-%E0%B8%AA%E0%B8%B3%E0%B8%AB%E0%B8%A3%E0%B8%B1%E0%B8%9A-%E0%B8%82%E0%B8%B2%E0%B8%A2?type=used&page_number=54&page_size=26","2023 Toyota FORTUNER 2.4 (ปี 15-25) Leader V SUV","ราคาคุ้มที่สุดเมื่อเทียบคุณภาพ มั่นใจผ่านการรับรองตรวจสภาพ ที่ได้มาตรฐาน และการยอมรับ ...","Toyota FORTUNER","35 - 40K กม.","ปทุมธานี","1,059,000 บาท","มือสอง","เกียร์อัตโนมัติ"
"1786479736-72","https://www.one2car.com/%E0%B8%A3%E0%B8%96-%E0%B8%AA%E0%B8%B3%E0%B8%AB%E0%B8%A3%E0%B8%B1%E0%B8%9A-%E0%B8%82%E0%B8%B2%E0%B8%A2?type=used&page_number=51&page_size=26","https://www.one2car.com/%E0%B8%A3%E0%B8%96-%E0%B8%AA%E0%B8%B3%E0%B8%AB%E0%B8%A3%E0%B8%B1%E0%B8%9A-%E0%B8%82%E0%B8%B2%E0%B8%A2?type=used&page_number=55&page_size=26","2024 Mercedes-Benz C220 2.0 W206 (ปี 22-30) d AMG Line Sed...","2024 Benz C220d Amg Line W206 สีดำ Mileage : 41,xxx Km เครื่องยนต์ดีเซลรหัส OM 654 M 4 ...","","40 - 45K กม.","กรุงเทพมหานคร","","","เกียร์อัตโนมัติ"
"1786479736-73","https://www.one2car.com/%E0%B8%A3%E0%B8%96-%E0%B8%AA%E0%B8%B3%E0%B8%AB%E0%B8%A3%E0%B8%B1%E0%B8%9A-%E0%B8%82%E0%B8%B2%E0%B8%A2?type=used&page_number=51&page_size=26","https://www.one2car.com/%E0%B8%A3%E0%B8%96-%E0%B8%AA%E0%B8%B3%E0%B8%AB%E0%B8%A3%E0%B8%B1%E0%B8%9A-%E0%B8%82%E0%B8%B2%E0%B8%A2?type=used&page_number=55&page_size=26","2022 Toyota FORTUNER 2.8 (ปี 15-25) GR Sport SUV - 4WD","2022 Toyota Fortuner 2.8 GR Sport 4WD สีขาว ดำ Mileage : 53,xxx Km - Warranty ศูนย์ หมด ...","Toyota FORTUNER","50 - 55K กม.","กรุงเทพมหานคร","","","เกียร์อัตโนมัติ"
"1786479736-74","https://www.one2car.com/%E0%B8%A3%E0%B8%96-%E0%B8%AA%E0%B8%B3%E0%B8%AB%E0%B8%A3%E0%B8%B1%E0%B8%9A-%E0%B8%82%E0%B8%B2%E0%B8%A2?type=used&page_number=51&page_size=26","https://www.one2car.com/%E0%B8%A3%E0%B8%96-%E0%B8%AA%E0%B8%B3%E0%B8%AB%E0%B8%A3%E0%B8%B1%E0%B8%9A-%E0%B8%82%E0%B8%B2%E0%B8%A2?type=used&page_number=55&page_size=26","2013 Toyota YARIS 1.5 (ปี 06-13) G Hatchback","⚡ ดอกเบี้ยถูกเริ่ม 2.59% ⚡ ผ่อนสบายๆนาน 84 เดือน ✅ มีบริการไฟแนนซ์เซ็นเอกสารถึงที่ ✅ ...","Toyota YARIS","326036 กม.","กรุงเทพมหานคร","","","เกียร์อัตโนมัติ"
"1786479736-75","https://www.one2car.com/%E0%B8%A3%E0%B8%96-%E0%B8%AA%E0%B8%B3%E0%B8%AB%E0%B8%A3%E0%B8%B1%E0%B8%9A-%E0%B8%82%E0%B8%B2%E0%B8%A2?type=used&page_number=51&page_size=26","https://www.one2car.com/%E0%B8%A3%E0%B8%96-%E0%B8%AA%E0%B8%B3%E0%B8%AB%E0%B8%A3%E0%B8%B1%E0%B8%9A-%E0%B8%82%E0%B8%B2%E0%B8%A2?type=used&page_number=55&page_size=26","2019 Chevrolet TRAILBLAZER 2.5 (ปี 12-16) LT SUV","CHEVROLET TRAILBLAZER 2.5 LT AT 2019 (ขายสดเท่านั้น) รหัสรถ 2B617 Line ID : @bbcar02 ...","Chevrolet TRAILBLAZER","165 - 170K กม.","กรุงเทพมหานคร","","","เกียร์อัตโนมัติ"
"1786479736-76","https://www.one2car.com/%E0%B8%A3%E0%B8%96-%E0%B8%AA%E0%B8%B3%E0%B8%AB%E0%B8%A3%E0%B8%B1%E0%B8%9A-%E0%B8%82%E0%B8%B2%E0%B8%A2?type=used&page_number=51&page_size=26","https://www.one2car.com/%E0%B8%A3%E0%B8%96-%E0%B8%AA%E0%B8%B3%E0%B8%AB%E0%B8%A3%E0%B8%B1%E0%B8%9A-%E0%B8%82%E0%B8%B2%E0%B8%A2?type=used&page_number=55&page_size=26","2015 Subaru XV 2.0 (ปี 12-16) SUV - AWD","📍BBsmartcar สาขา 1 สี่แยกมไหสวรรย์ SUBARU XV 2.0 I AWD AT 2015 💸price 239,000 บาท *** ...","Subaru XV","125 - 130K กม.","กรุงเทพมหานคร","","","เกียร์อัตโนมัติ"
"1786479736-77","https://www.one2car.com/%E0%B8%A3%E0%B8%96-%E0%B8%AA%E0%B8%B3%E0%B8%AB%E0%B8%A3%E0%B8%B1%E0%B8%9A-%E0%B8%82%E0%B8%B2%E0%B8%A2?type=used&page_number=51&page_size=26","https://www.one2car.com/%E0%B8%A3%E0%B8%96-%E0%B8%AA%E0%B8%B3%E0%B8%AB%E0%B8%A3%E0%B8%B1%E0%B8%9A-%E0%B8%82%E0%B8%B2%E0%B8%A2?type=used&page_number=55&page_size=26","2018 Honda CIVIC 1.5 FK (ปี 17-21) Turbo Hatchback","Honda Civic 1.5 Turbo Hatchback (FK) 2018 รถบ้าน ทะเบียนแผ่นเดียว เช็คศูนย์ทุกระยะ ...","Honda CIVIC","220 - 225K กม.","นครสวรรค์","","","เกียร์อัตโนมัติ"
"1786479736-78","https://www.one2car.com/%E0%B8%A3%E0%B8%96-%E0%B8%AA%E0%B8%B3%E0%B8%AB%E0%B8%A3%E0%B8%B1%E0%B8%9A-%E0%B8%82%E0%B8%B2%E0%B8%A2?type=used&page_number=51&page_size=26","https://www.one2car.com/%E0%B8%A3%E0%B8%96-%E0%B8%AA%E0%B8%B3%E0%B8%AB%E0%B8%A3%E0%B8%B1%E0%B8%9A-%E0%B8%82%E0%B8%B2%E0%B8%A2?type=used&page_number=55&page_size=26","2016 Hyundai H-1 2.5 (ปี 08-17) Deluxe Van","💯 รถสวยคัดเกรด พร้อมใช้งาน 💯 ดูแลให้ทั้งภายในและภายนอก ❌ไม่ชน ❌ไม่สวม ❌ไม่ย้อม ❌ไม่ซาก ...","Hyundai H-1","205 - 210K กม.","กรุงเทพมหานคร","599,000 บาท","มือสอง","เกียร์อัตโนมัติ"
"1786479736-79","https://www.one2car.com/%E0%B8%A3%E0%B8%96-%E0%B8%AA%E0%B8%B3%E0%B8%AB%E0%B8%A3%E0%B8%B1%E0%B8%9A-%E0%B8%82%E0%B8%B2%E0%B8%A2?type=used&page_number=51&page_size=26","https://www.one2car.com/%E0%B8%A3%E0%B8%96-%E0%B8%AA%E0%B8%B3%E0%B8%AB%E0%B8%A3%E0%B8%B1%E0%B8%9A-%E0%B8%82%E0%B8%B2%E0%B8%A2?type=used&page_number=55&page_size=26","2023 Toyota YARIS 1.2 (ปี 17-25) Premium S Hatchback","💯 รถสวยคัดเกรด พร้อมใช้งาน 💯 ดูแลให้ทั้งภายในและภายนอก ❌ไม่ชน ❌ไม่สวม ❌ไม่ย้อม ❌ไม่ซาก ...","Toyota YARIS","100 - 105K กม.","กรุงเทพมหานคร","469,000 บาท","มือสอง","เกียร์อัตโนมัติ"
"1786479736-80","https://www.one2car.com/%E0%B8%A3%E0%B8%96-%E0%B8%AA%E0%B8%B3%E0%B8%AB%E0%B8%A3%E0%B8%B1%E0%B8%9A-%E0%B8%82%E0%B8%B2%E0%B8%A2?type=used&page_number=51&page_size=26","https://www.one2car.com/%E0%B8%A3%E0%B8%96-%E0%B8%AA%E0%B8%B3%E0%B8%AB%E0%B8%A3%E0%B8%B1%E0%B8%9A-%E0%B8%82%E0%B8%B2%E0%B8%A2?type=used&page_number=55&page_size=26","2020 Honda HR-V 1.8 (ปี 14-18) RS SUV","มั่นใจ คุณภาพ มาตรฐานฮอนด้า Honda Certified Used Car ผ่านการตรวจสอบ200 รายการ ...","Honda HR-V","90 - 95K กม.","กรุงเทพมหานคร","","","เกียร์อัตโนมัติ"
"1786479736-81","https://www.one2car.com/%E0%B8%A3%E0%B8%96-%E0%B8%AA%E0%B8%B3%E0%B8%AB%E0%B8%A3%E0%B8%B1%E0%B8%9A-%E0%B8%82%E0%B8%B2%E0%B8%A2?type=used&page_number=51&page_size=26","https://www.one2car.com/%E0%B8%A3%E0%B8%96-%E0%B8%AA%E0%B8%B3%E0%B8%AB%E0%B8%A3%E0%B8%B1%E0%B8%9A-%E0%B8%82%E0%B8%B2%E0%B8%A2?type=used&page_number=55&page_size=26","2018 Mercedes-Benz E300 2.0 W238 (ปี 17-24) AMG Dynamic Co...","2018 Benz E300 Coupe AMG W238 สีดำ Mileage : 91,xxx Km - กระจกมองข้างพร้อมไฟเลี้ยว (แบบ ...","Mercedes-Benz E300","90 - 95K กม.","กรุงเทพมหานคร","","","เกียร์อัตโนมัติ"
"1786479736-82","https://www.one2car.com/%E0%B8%A3%E0%B8%96-%E0%B8%AA%E0%B8%B3%E0%B8%AB%E0%B8%A3%E0%B8%B1%E0%B8%9A-%E0%B8%82%E0%B8%B2%E0%B8%A2?type=used&page_number=51&page_size=26","https://www.one2car.com/%E0%B8%A3%E0%B8%96-%E0%B8%AA%E0%B8%B3%E0%B8%AB%E0%B8%A3%E0%B8%B1%E0%B8%9A-%E0%B8%82%E0%B8%B2%E0%B8%A2?type=used&page_number=55&page_size=26","2017 Honda CR-V 2.4 (ปี 17-21) E SUV","💯 รถสวยคัดเกรด พร้อมใช้งาน 💯 ดูแลให้ทั้งภายในและภายนอก ❌ไม่ชน ❌ไม่สวม ❌ไม่ย้อม ❌ไม่ซาก ...","Honda CR-V","75 - 80K กม.","กรุงเทพมหานคร","549,000 บาท","มือสอง","เกียร์อัตโนมัติ"
"1786479736-83","https://www.one2car.com/%E0%B8%A3%E0%B8%96-%E0%B8%AA%E0%B8%B3%E0%B8%AB%E0%B8%A3%E0%B8%B1%E0%B8%9A-%E0%B8%82%E0%B8%B2%E0%B8%A2?type=used&page_number=51&page_size=26","https://www.one2car.com/%E0%B8%A3%E0%B8%96-%E0%B8%AA%E0%B8%B3%E0%B8%AB%E0%B8%A3%E0%B8%B1%E0%B8%9A-%E0%B8%82%E0%B8%B2%E0%B8%A2?type=used&page_number=55&page_size=26","2019 Honda CIVIC 1.8 FC (ปี 16-20) EL Sedan","💯 รถสวยคัดเกรด พร้อมใช้งาน 💯 ดูแลให้ทั้งภายในและภายนอก ❌ไม่ชน ❌ไม่สวม ❌ไม่ย้อม ❌ไม่ซาก ...","Honda CIVIC","210 - 215K กม.","กรุงเทพมหานคร","479,000 บาท","มือสอง","เกียร์อัตโนมัติ"
"1786479736-84","https://www.one2car.com/%E0%B8%A3%E0%B8%96-%E0%B8%AA%E0%B8%B3%E0%B8%AB%E0%B8%A3%E0%B8%B1%E0%B8%9A-%E0%B8%82%E0%B8%B2%E0%B8%A2?type=used&page_number=51&page_size=26","https://www.one2car.com/%E0%B8%A3%E0%B8%96-%E0%B8%AA%E0%B8%B3%E0%B8%AB%E0%B8%A3%E0%B8%B1%E0%B8%9A-%E0%B8%82%E0%B8%B2%E0%B8%A2?type=used&page_number=55&page_size=26","2019 Isuzu MU-X 3.0 (ปี 13-19) DVD SUV - 4WD","💯 รถสวยคัดเกรด พร้อมใช้งาน 💯 ดูแลให้ทั้งภายในและภายนอก ❌ไม่ชน ❌ไม่สวม ❌ไม่ย้อม ❌ไม่ซาก ...","Isuzu MU-X","170 - 175K กม.","กรุงเทพมหานคร","699,000 บาท","มือสอง","เกียร์อัตโนมัติ"
"1786479736-85","https://www.one2car.com/%E0%B8%A3%E0%B8%96-%E0%B8%AA%E0%B8%B3%E0%B8%AB%E0%B8%A3%E0%B8%B1%E0%B8%9A-%E0%B8%82%E0%B8%B2%E0%B8%A2?type=used&page_number=51&page_size=26","https://www.one2car.com/%E0%B8%A3%E0%B8%96-%E0%B8%AA%E0%B8%B3%E0%B8%AB%E0%B8%A3%E0%B8%B1%E0%B8%9A-%E0%B8%82%E0%B8%B2%E0%B8%A2?type=used&page_number=55&page_size=26","2020 Toyota VELLFIRE 2.5 (ปี 15-23) ZG Edition Van","💯 รถสวยคัดเกรด พร้อมใช้งาน 💯 ดูแลให้ทั้งภายในและภายนอก ❌ไม่ชน ❌ไม่สวม ❌ไม่ย้อม ❌ไม่ซาก ...","Toyota VELLFIRE","55 - 60K กม.","กรุงเทพมหานคร","1,859,000 บาท","มือสอง","เกียร์อัตโนมัติ"
"1786479736-86","https://www.one2car.com/%E0%B8%A3%E0%B8%96-%E0%B8%AA%E0%B8%B3%E0%B8%AB%E0%B8%A3%E0%B8%B1%E0%B8%9A-%E0%B8%82%E0%B8%B2%E0%B8%A2?type=used&page_number=51&page_size=26","https://www.one2car.com/%E0%B8%A3%E0%B8%96-%E0%B8%AA%E0%B8%B3%E0%B8%AB%E0%B8%A3%E0%B8%B1%E0%B8%9A-%E0%B8%82%E0%B8%B2%E0%B8%A2?type=used&page_number=55&page_size=26","2017 Honda ACCORD 2.0 (ปี 13-19) EL Sedan","💯 รถสวยคัดเกรด พร้อมใช้งาน 💯 ดูแลให้ทั้งภายในและภายนอก ❌ไม่ชน ❌ไม่สวม ❌ไม่ย้อม ❌ไม่ซาก ...","Honda ACCORD","145 - 150K กม.","กรุงเทพมหานคร","469,000 บาท","มือสอง","เกียร์อัตโนมัติ"
"1786479736-87","https://www.one2car.com/%E0%B8%A3%E0%B8%96-%E0%B8%AA%E0%B8%B3%E0%B8%AB%E0%B8%A3%E0%B8%B1%E0%B8%9A-%E0%B8%82%E0%B8%B2%E0%B8%A2?type=used&page_number=51&page_size=26","https://www.one2car.com/%E0%B8%A3%E0%B8%96-%E0%B8%AA%E0%B8%B3%E0%B8%AB%E0%B8%A3%E0%B8%B1%E0%B8%9A-%E0%B8%82%E0%B8%B2%E0%B8%A2?type=used&page_number=55&page_size=26","2025 Honda CIVIC 2.0 FE (ปี 21-26) e:HEV RS Sedan - e HEV ...","👉JAK AUTO รับซื้อ-ขาย แลกเปลี่ยนรถยนต์ทุกรุ่น ทุกยี่ห้อ✨ 💥รถคุณภาพเกรดA รถบ้าน มือเดียว ...","Honda CIVIC","15 - 20K กม.","กรุงเทพมหานคร","899,000 บาท","มือสอง","เกียร์อัตโนมัติ"
"1786479736-88","https://www.one2car.com/%E0%B8%A3%E0%B8%96-%E0%B8%AA%E0%B8%B3%E0%B8%AB%E0%B8%A3%E0%B8%B1%E0%B8%9A-%E0%B8%82%E0%B8%B2%E0%B8%A2?type=used&page_number=51&page_size=26","https://www.one2car.com/%E0%B8%A3%E0%B8%96-%E0%B8%AA%E0%B8%B3%E0%B8%AB%E0%B8%A3%E0%B8%B1%E0%B8%9A-%E0%B8%82%E0%B8%B2%E0%B8%A2?type=used&page_number=55&page_size=26","2018 Isuzu MU-X 1.9 (ปี 13-19) DVD SUV","👉JAK AUTO รับซื้อ-ขาย แลกเปลี่ยนรถยนต์ทุกรุ่น ทุกยี่ห้อ✨ 💥รถคุณภาพเกรดA รถบ้าน มือเดียว ...","Isuzu MU-X","40 - 45K กม.","กรุงเทพมหานคร","629,000 บาท","มือสอง","เกียร์อัตโนมัติ"
"1786479736-89","https://www.one2car.com/%E0%B8%A3%E0%B8%96-%E0%B8%AA%E0%B8%B3%E0%B8%AB%E0%B8%A3%E0%B8%B1%E0%B8%9A-%E0%B8%82%E0%B8%B2%E0%B8%A2?type=used&page_number=51&page_size=26","https://www.one2car.com/%E0%B8%A3%E0%B8%96-%E0%B8%AA%E0%B8%B3%E0%B8%AB%E0%B8%A3%E0%B8%B1%E0%B8%9A-%E0%B8%82%E0%B8%B2%E0%B8%A2?type=used&page_number=55&page_size=26","2025 Honda HR-V 1.5 (ปี 22-28) e:HEV EL SUV - e HEV EL","👉JAK AUTO รับซื้อ-ขาย แลกเปลี่ยนรถยนต์ทุกรุ่น ทุกยี่ห้อ✨ 💥รถคุณภาพเกรดA รถบ้าน มือเดียว ...","Honda HR-V","14698 กม.","กรุงเทพมหานคร","819,000 บาท","มือสอง","เกียร์อัตโนมัติ"
"1786479736-90","https://www.one2car.com/%E0%B8%A3%E0%B8%96-%E0%B8%AA%E0%B8%B3%E0%B8%AB%E0%B8%A3%E0%B8%B1%E0%B8%9A-%E0%B8%82%E0%B8%B2%E0%B8%A2?type=used&page_number=51&page_size=26","https://www.one2car.com/%E0%B8%A3%E0%B8%96-%E0%B8%AA%E0%B8%B3%E0%B8%AB%E0%B8%A3%E0%B8%B1%E0%B8%9A-%E0%B8%82%E0%B8%B2%E0%B8%A2?type=used&page_number=55&page_size=26","2025 Toyota FORTUNER 2.4 (ปี 15-25) Leader G SUV","👉JAK AUTO รับซื้อ-ขาย แลกเปลี่ยนรถยนต์ทุกรุ่น ทุกยี่ห้อ✨ 💥รถคุณภาพเกรดA รถบ้าน มือเดียว ...","Toyota FORTUNER","25 - 30K กม.","กรุงเทพมหานคร","1,099,000 บาท","มือสอง","เกียร์อัตโนมัติ"
"1786479736-91","https://www.one2car.com/%E0%B8%A3%E0%B8%96-%E0%B8%AA%E0%B8%B3%E0%B8%AB%E0%B8%A3%E0%B8%B1%E0%B8%9A-%E0%B8%82%E0%B8%B2%E0%B8%A2?type=used&page_number=51&page_size=26","https://www.one2car.com/%E0%B8%A3%E0%B8%96-%E0%B8%AA%E0%B8%B3%E0%B8%AB%E0%B8%A3%E0%B8%B1%E0%B8%9A-%E0%B8%82%E0%B8%B2%E0%B8%A2?type=used&page_number=55&page_size=26","2022 MG MG5 1.5 (ปี 21-26) X Sedan - 5","⚡ ดอกเบี้ยถูกเริ่ม 2.59% ⚡ ผ่อนสบายๆนาน 84 เดือน ✅ มีบริการไฟแนนซ์เซ็นเอกสารถึงที่ ✅ ...","MG MG5","40 - 45K กม.","กรุงเทพมหานคร","","","เกียร์อัตโนมัติ"
"1786479736-92","https://www.one2car.com/%E0%B8%A3%E0%B8%96-%E0%B8%AA%E0%B8%B3%E0%B8%AB%E0%B8%A3%E0%B8%B1%E0%B8%9A-%E0%B8%82%E0%B8%B2%E0%B8%A2?type=used&page_number=51&page_size=26","https://www.one2car.com/%E0%B8%A3%E0%B8%96-%E0%B8%AA%E0%B8%B3%E0%B8%AB%E0%B8%A3%E0%B8%B1%E0%B8%9A-%E0%B8%82%E0%B8%B2%E0%B8%A2?type=used&page_number=55&page_size=26","2014 Toyota HILUX VIGO 2.5 Champ Double Cab (ปี 11-15) E P...","⚡ ดอกเบี้ยถูกเริ่ม 2.59% ⚡ ผ่อนสบายๆนาน 84 เดือน ✅ มีบริการไฟแนนซ์เซ็นเอกสารถึงที่ ✅ ...","Toyota HILUX VIGO","170 - 175K กม.","กรุงเทพมหานคร","","","เกียร์ธรรมดา"
"1786479736-93","https://www.one2car.com/%E0%B8%A3%E0%B8%96-%E0%B8%AA%E0%B8%B3%E0%B8%AB%E0%B8%A3%E0%B8%B1%E0%B8%9A-%E0%B8%82%E0%B8%B2%E0%B8%A2?type=used&page_number=51&page_size=26","https://www.one2car.com/%E0%B8%A3%E0%B8%96-%E0%B8%AA%E0%B8%B3%E0%B8%AB%E0%B8%A3%E0%B8%B1%E0%B8%9A-%E0%B8%82%E0%B8%B2%E0%B8%A2?type=used&page_number=55&page_size=26","2021 Honda City 1.0 (ปี 20-26) SV Hatchback - ( 20-25)","⚡ ดอกเบี้ยถูกเริ่ม 2.59% ⚡ ผ่อนสบายๆนาน 84 เดือน ✅ มีบริการไฟแนนซ์เซ็นเอกสารถึงที่ ✅ ...","Honda City","65 - 70K กม.","กรุงเทพมหานคร","","","เกียร์อัตโนมัติ"
"1786479736-94","https://www.one2car.com/%E0%B8%A3%E0%B8%96-%E0%B8%AA%E0%B8%B3%E0%B8%AB%E0%B8%A3%E0%B8%B1%E0%B8%9A-%E0%B8%82%E0%B8%B2%E0%B8%A2?type=used&page_number=51&page_size=26","https://www.one2car.com/%E0%B8%A3%E0%B8%96-%E0%B8%AA%E0%B8%B3%E0%B8%AB%E0%B8%A3%E0%B8%B1%E0%B8%9A-%E0%B8%82%E0%B8%B2%E0%B8%A2?type=used&page_number=55&page_size=26","2023 Honda HR-V 1.5 (ปี 22-28) e:HEV RS SUV - e HEV RS","มั่นใจ คุณภาพ มาตรฐานฮอนด้า Honda Certified Used Car ผ่านการตรวจสอบ200 รายการ ...","Honda HR-V","50 - 55K กม.","กรุงเทพมหานคร","","","เกียร์อัตโนมัติ"
"1786479736-95","https://www.one2car.com/%E0%B8%A3%E0%B8%96-%E0%B8%AA%E0%B8%B3%E0%B8%AB%E0%B8%A3%E0%B8%B1%E0%B8%9A-%E0%B8%82%E0%B8%B2%E0%B8%A2?type=used&page_number=51&page_size=26","https://www.one2car.com/%E0%B8%A3%E0%B8%96-%E0%B8%AA%E0%B8%B3%E0%B8%AB%E0%B8%A3%E0%B8%B1%E0%B8%9A-%E0%B8%82%E0%B8%B2%E0%B8%A2?type=used&page_number=55&page_size=26","2013 Mitsubishi PAJERO SPORT 2.5 (ปี 08-15) GT SUV - 4WD  ...","⚡ ดอกเบี้ยถูกเริ่ม 2.59% ⚡ ผ่อนสบายๆนาน 84 เดือน ✅ มีบริการไฟแนนซ์เซ็นเอกสารถึงที่ ✅ ...","Mitsubishi PAJERO SPORT","185 - 190K กม.","กรุงเทพมหานคร","","","เกียร์อัตโนมัติ"
"1786479740-96","https://www.one2car.com/%E0%B8%A3%E0%B8%96-%E0%B8%AA%E0%B8%B3%E0%B8%AB%E0%B8%A3%E0%B8%B1%E0%B8%9A-%E0%B8%82%E0%B8%B2%E0%B8%A2?type=used&page_number=51&page_size=26","https://www.one2car.com/%E0%B8%A3%E0%B8%96-%E0%B8%AA%E0%B8%B3%E0%B8%AB%E0%B8%A3%E0%B8%B1%E0%B8%9A-%E0%B8%82%E0%B8%B2%E0%B8%A2?type=used&page_number=56&page_size=26","2013 Toyota FORTUNER 3.0 (ปี 12-15) TRD Sportivo SUV - 4WD...","Toyota Fortuner 3.0 TRD SPORTIVO 4WD ปี 2013 ไมล์น้อย ราคา 528,000 บาท","Toyota FORTUNER","79375 กม.","กรุงเทพมหานคร","528,000 บาท","มือสอง","เกียร์อัตโนมัติ"
"1786479740-97","https://www.one2car.com/%E0%B8%A3%E0%B8%96-%E0%B8%AA%E0%B8%B3%E0%B8%AB%E0%B8%A3%E0%B8%B1%E0%B8%9A-%E0%B8%82%E0%B8%B2%E0%B8%A2?type=used&page_number=51&page_size=26","https://www.one2car.com/%E0%B8%A3%E0%B8%96-%E0%B8%AA%E0%B8%B3%E0%B8%AB%E0%B8%A3%E0%B8%B1%E0%B8%9A-%E0%B8%82%E0%B8%B2%E0%B8%A2?type=used&page_number=56&page_size=26","2013 Isuzu D-MAX 2.5 Space Cab (ปี 11-17) Hi-Lander X-Seri...","Isuzu D-MAX 2.5 Z X-Series Hi-Lander Space Cab MT. 2013 ราคา 299,000 บาท เครดิตดีฟรีดาวน์ ...","Isuzu D-MAX","250 - 255K กม.","นนทบุรี","299,000 บาท","มือสอง","เกียร์ธรรมดา"
"1786479740-98","https://www.one2car.com/%E0%B8%A3%E0%B8%96-%E0%B8%AA%E0%B8%B3%E0%B8%AB%E0%B8%A3%E0%B8%B1%E0%B8%9A-%E0%B8%82%E0%B8%B2%E0%B8%A2?type=used&page_number=51&page_size=26","https://www.one2car.com/%E0%B8%A3%E0%B8%96-%E0%B8%AA%E0%B8%B3%E0%B8%AB%E0%B8%A3%E0%B8%B1%E0%B8%9A-%E0%B8%82%E0%B8%B2%E0%B8%A2?type=used&page_number=56&page_size=26","2012 Mini Clubman 1.6 R55 Cooper S Hatchback","MINI Clubman Cooper S LCI R55 2012 Pepper White ตัวท็อป Option เต็ม แต่งไปกว่า 4 แสน เต็ม ...","","160 - 165K กม.","กรุงเทพมหานคร","650,000 บาท","มือสอง","เกียร์ธรรมดา"
"1786479740-99","https://www.one2car.com/%E0%B8%A3%E0%B8%96-%E0%B8%AA%E0%B8%B3%E0%B8%AB%E0%B8%A3%E0%B8%B1%E0%B8%9A-%E0%B8%82%E0%B8%B2%E0%B8%A2?type=used&page_number=51&page_size=26","https://www.one2car.com/%E0%B8%A3%E0%B8%96-%E0%B8%AA%E0%B8%B3%E0%B8%AB%E0%B8%A3%E0%B8%B1%E0%B8%9A-%E0%B8%82%E0%B8%B2%E0%B8%A2?type=used&page_number=56&page_size=26","2015 BMW 320i 2.0 F30 (ปี 11-16) Sedan","BMW 320I MODERN LINE F30 2013 รถบ้าน มือเดียว สภาพดี Brand : BMW Model : 320I Grade : 2.0 ...","BMW 320i","75 - 80K กม.","กรุงเทพมหานคร","438,000 บาท","มือสอง","เกียร์อัตโนมัติ"
"1786479740-100","https://www.one2car.com/%E0%B8%A3%E0%B8%96-%E0%B8%AA%E0%B8%B3%E0%B8%AB%E0%B8%A3%E0%B8%B1%E0%B8%9A-%E0%B8%82%E0%B8%B2%E0%B8%A2?type=used&page_number=51&page_size=26","https://www.one2car.com/%E0%B8%A3%E0%B8%96-%E0%B8%AA%E0%B8%B3%E0%B8%AB%E0%B8%A3%E0%B8%B1%E0%B8%9A-%E0%B8%82%E0%B8%B2%E0%B8%A2?type=used&page_number=56&page_size=26","2010 Toyota Corolla Altis 1.8 (ปี 08-13) G Sedan","TOYOTA ALTIS 1.8G เกียร์ออโต้ ปี 2010 สีดำ ราคา 209,000 บาท ไมล์ 135,xxx Km. ...","Toyota Corolla Altis","135 - 140K กม.","กรุงเทพมหานคร","209,000 บาท","มือสอง","เกียร์อัตโนมัติ"
"1786479740-101","https://www.one2car.com/%E0%B8%A3%E0%B8%96-%E0%B8%AA%E0%B8%B3%E0%B8%AB%E0%B8%A3%E0%B8%B1%E0%B8%9A-%E0%B8%82%E0%B8%B2%E0%B8%A2?type=used&page_number=51&page_size=26","https://www.one2car.com/%E0%B8%A3%E0%B8%96-%E0%B8%AA%E0%B8%B3%E0%B8%AB%E0%B8%A3%E0%B8%B1%E0%B8%9A-%E0%B8%82%E0%B8%B2%E0%B8%A2?type=used&page_number=56&page_size=26","2022 Mercedes-Benz GLA200 1.3 W247 (ปี 20-27) AMG Dynamic ...","Mercedes Benz GLA200 AMG ปี 2022 สีขาว 🔥 ราคาเพียง 1,129,000 บาทเท่านั้น 👉🏻ไมล์เพียง ...","","70 - 75K กม.","กรุงเทพมหานคร","1,129,000 บาท","มือสอง","เกียร์อัตโนมัติ"
"1786479740-102","https://www.one2car.com/%E0%B8%A3%E0%B8%96-%E0%B8%AA%E0%B8%B3%E0%B8%AB%E0%B8%A3%E0%B8%B1%E0%B8%9A-%E0%B8%82%E0%B8%B2%E0%B8%A2?type=used&page_number=51&page_size=26","https://www.one2car.com/%E0%B8%A3%E0%B8%96-%E0%B8%AA%E0%B8%B3%E0%B8%AB%E0%B8%A3%E0%B8%B1%E0%B8%9A-%E0%B8%82%E0%B8%B2%E0%B8%A2?type=used&page_number=56&page_size=26","2017 Toyota FORTUNER 2.8 (ปี 15-25) TRD Sportivo SUV - 4WD...","TOYOTA Fortuner 2.8TRD 4WD 2017 สีขาว *ทะเบียนสลับคืน 829,000 ดีเซล ขับ4 รถมือเดียว ไมล์ ...","Toyota FORTUNER","110 - 115K กม.","กรุงเทพมหานคร","829,000 บาท","มือสอง","เกียร์อัตโนมัติ"
"1786479740-103","https://www.one2car.com/%E0%B8%A3%E0%B8%96-%E0%B8%AA%E0%B8%B3%E0%B8%AB%E0%B8%A3%E0%B8%B1%E0%B8%9A-%E0%B8%82%E0%B8%B2%E0%B8%A2?type=used&page_number=51&page_size=26","https://www.one2car.com/%E0%B8%A3%E0%B8%96-%E0%B8%AA%E0%B8%B3%E0%B8%AB%E0%B8%A3%E0%B8%B1%E0%B8%9A-%E0%B8%82%E0%B8%B2%E0%B8%A2?type=used&page_number=56&page_size=26","2022 Honda CIVIC 1.5 FE (ปี 21-26) RS Sedan - CVT","✅Contact LINE @sitauto (มี@) | รุ่นท็อปRS เบนซิน มือเดียว รถสวย พึ่งเช็คระยะ ประวัติครบ ...","Honda CIVIC","113256 กม.","กรุงเทพมหานคร","","","เกียร์อัตโนมัติ"
"1786479748-104","https://www.one2car.com/%E0%B8%A3%E0%B8%96-%E0%B8%AA%E0%B8%B3%E0%B8%AB%E0%B8%A3%E0%B8%B1%E0%B8%9A-%E0%B8%82%E0%B8%B2%E0%B8%A2?type=used&page_number=51&page_size=26","https://www.one2car.com/%E0%B8%A3%E0%B8%96-%E0%B8%AA%E0%B8%B3%E0%B8%AB%E0%B8%A3%E0%B8%B1%E0%B8%9A-%E0%B8%82%E0%B8%B2%E0%B8%A2?type=used&page_number=57&page_size=26","2023 Toyota Yaris Ativ 1.2 (ปี 22-28) Premium Luxury Sedan...","✅Contact LINE @sitauto (มี@) | 31,xxxkm โฉมล่าสุด รุ่นท็อป ภายในแดง มือเดียว รถสวย ...","Toyota Yaris Ativ","31217 กม.","กรุงเทพมหานคร","","","เกียร์อัตโนมัติ"
"1786479748-105","https://www.one2car.com/%E0%B8%A3%E0%B8%96-%E0%B8%AA%E0%B8%B3%E0%B8%AB%E0%B8%A3%E0%B8%B1%E0%B8%9A-%E0%B8%82%E0%B8%B2%E0%B8%A2?type=used&page_number=51&page_size=26","https://www.one2car.com/%E0%B8%A3%E0%B8%96-%E0%B8%AA%E0%B8%B3%E0%B8%AB%E0%B8%A3%E0%B8%B1%E0%B8%9A-%E0%B8%82%E0%B8%B2%E0%B8%A2?type=used&page_number=57&page_size=26","2024 Honda City 1.5 (ปี 20-26) e:HEV RS Hatchback - e HEV ...","✅Contact LINE @sitauto (มี@) | 36,xxx km e:HEV RS วารันตี-10/2027 โฉมล่าสุด รุ่นท็อป ...","Honda City","36818 กม.","กรุงเทพมหานคร","","","เกียร์อัตโนมัติ"
"1786479748-106","https://www.one2car.com/%E0%B8%A3%E0%B8%96-%E0%B8%AA%E0%B8%B3%E0%B8%AB%E0%B8%A3%E0%B8%B1%E0%B8%9A-%E0%B8%82%E0%B8%B2%E0%B8%A2?type=used&page_number=51&page_size=26","https://www.one2car.com/%E0%B8%A3%E0%B8%96-%E0%B8%AA%E0%B8%B3%E0%B8%AB%E0%B8%A3%E0%B8%B1%E0%B8%9A-%E0%B8%82%E0%B8%B2%E0%B8%A2?type=used&page_number=57&page_size=26","2017 Honda City 1.5 (ปี 14-18) S Sedan","Honda City รถบ้าน มือเดียว ไม่เคยมีอุบัติเหตุ สนใจสอบถามได้ครับ","Honda City","110 - 115K กม.","กรุงเทพมหานคร","269,000 บาท","มือสอง","เกียร์อัตโนมัติ"
"1786479748-107","https://www.one2car.com/%E0%B8%A3%E0%B8%96-%E0%B8%AA%E0%B8%B3%E0%B8%AB%E0%B8%A3%E0%B8%B1%E0%B8%9A-%E0%B8%82%E0%B8%B2%E0%B8%A2?type=used&page_number=51&page_size=26","https://www.one2car.com/%E0%B8%A3%E0%B8%96-%E0%B8%AA%E0%B8%B3%E0%B8%AB%E0%B8%A3%E0%B8%B1%E0%B8%9A-%E0%B8%82%E0%B8%B2%E0%B8%A2?type=used&page_number=57&page_size=26","2019 Mini Countryman 2.0 F60 Cooper S Hatchback","MINI COOPER 2.0 S AT 2019 ออกรถ 0 บาท จัดได้ 579,000 บ. Line:@bbcar04 📍BBsmartcar สาขา 4 ...","","85 - 90K กม.","กรุงเทพมหานคร","","","เกียร์อัตโนมัติ"
"1786479748-108","https://www.one2car.com/%E0%B8%A3%E0%B8%96-%E0%B8%AA%E0%B8%B3%E0%B8%AB%E0%B8%A3%E0%B8%B1%E0%B8%9A-%E0%B8%82%E0%B8%B2%E0%B8%A2?type=used&page_number=51&page_size=26","https://www.one2car.com/%E0%B8%A3%E0%B8%96-%E0%B8%AA%E0%B8%B3%E0%B8%AB%E0%B8%A3%E0%B8%B1%E0%B8%9A-%E0%B8%82%E0%B8%B2%E0%B8%A2?type=used&page_number=57&page_size=26","2023 Ford RANGER 2.0 Double Cab (ปี 22-28) Stormtrak Hi-Ri...","✅Contact LINE @sitauto (มี@) | 26,xxxkm โฉมล่าสุด Stormtrak วารันตี-2028 มือเดียว ...","Ford RANGER","26632 กม.","กรุงเทพมหานคร","","","เกียร์อัตโนมัติ"
"1786479748-109","https://www.one2car.com/%E0%B8%A3%E0%B8%96-%E0%B8%AA%E0%B8%B3%E0%B8%AB%E0%B8%A3%E0%B8%B1%E0%B8%9A-%E0%B8%82%E0%B8%B2%E0%B8%A2?type=used&page_number=51&page_size=26","https://www.one2car.com/%E0%B8%A3%E0%B8%96-%E0%B8%AA%E0%B8%B3%E0%B8%AB%E0%B8%A3%E0%B8%B1%E0%B8%9A-%E0%B8%82%E0%B8%B2%E0%B8%A2?type=used&page_number=57&page_size=26","2020 Toyota FORTUNER 2.4 (ปี 15-25) Legender SUV - AT","✅Contact LINE @sitauto (มี@) | LEGENDER ภายในดำแดง มือเดียว รถสวย พึ่งเช็คระยะ ประวัติครบ ...","Toyota FORTUNER","99311 กม.","กรุงเทพมหานคร","","","เกียร์อัตโนมัติ"
"1786479748-110","https://www.one2car.com/%E0%B8%A3%E0%B8%96-%E0%B8%AA%E0%B8%B3%E0%B8%AB%E0%B8%A3%E0%B8%B1%E0%B8%9A-%E0%B8%82%E0%B8%B2%E0%B8%A2?type=used&page_number=51&page_size=26","https://www.one2car.com/%E0%B8%A3%E0%B8%96-%E0%B8%AA%E0%B8%B3%E0%B8%AB%E0%B8%A3%E0%B8%B1%E0%B8%9A-%E0%B8%82%E0%B8%B2%E0%B8%A2?type=used&page_number=57&page_size=26","2018 Toyota VELLFIRE 2.5 (ปี 15-23) ZG Edition Van","Toyota Vellfire 2.5 Z G Edition ปี 2018 สีดำ ✅ ราคาสุดพิเศษ 1,488,000 บาท - ...","Toyota VELLFIRE","140 - 145K กม.","กรุงเทพมหานคร","1,488,000 บาท","มือสอง","เกียร์อัตโนมัติ"
"1786479748-111","https://www.one2car.com/%E0%B8%A3%E0%B8%96-%E0%B8%AA%E0%B8%B3%E0%B8%AB%E0%B8%A3%E0%B8%B1%E0%B8%9A-%E0%B8%82%E0%B8%B2%E0%B8%A2?type=used&page_number=51&page_size=26","https://www.one2car.com/%E0%B8%A3%E0%B8%96-%E0%B8%AA%E0%B8%B3%E0%B8%AB%E0%B8%A3%E0%B8%B1%E0%B8%9A-%E0%B8%82%E0%B8%B2%E0%B8%A2?type=used&page_number=57&page_size=26","2020 Honda HR-V 1.8 (ปี 14-18) EL SUV","Honda HR-V 1.8 EL ปี 2020 สีดำ ราคา 489,000 บาท ไมล์ 81,xxx km. เครดิตดี ฟรีดาวน์ ผ่อน ...","Honda HR-V","80 - 85K กม.","กรุงเทพมหานคร","489,000 บาท","มือสอง","เกียร์อัตโนมัติ"
"1786479748-112","https://www.one2car.com/%E0%B8%A3%E0%B8%96-%E0%B8%AA%E0%B8%B3%E0%B8%AB%E0%B8%A3%E0%B8%B1%E0%B8%9A-%E0%B8%82%E0%B8%B2%E0%B8%A2?type=used&page_number=51&page_size=26","https://www.one2car.com/%E0%B8%A3%E0%B8%96-%E0%B8%AA%E0%B8%B3%E0%B8%AB%E0%B8%A3%E0%B8%B1%E0%B8%9A-%E0%B8%82%E0%B8%B2%E0%B8%A2?type=used&page_number=57&page_size=26","2023 Honda City 1.0 (ปี 20-26) SV Hatchback","รถบ้าน มือเดียว ไมล์น้อย ไม่เคยมีอุบัติเหตุ สนใจสอบถามได้ครับ","Honda City","40 - 45K กม.","กรุงเทพมหานคร","429,000 บาท","มือสอง","เกียร์อัตโนมัติ"
"1786479748-113","https://www.one2car.com/%E0%B8%A3%E0%B8%96-%E0%B8%AA%E0%B8%B3%E0%B8%AB%E0%B8%A3%E0%B8%B1%E0%B8%9A-%E0%B8%82%E0%B8%B2%E0%B8%A2?type=used&page_number=51&page_size=26","https://www.one2car.com/%E0%B8%A3%E0%B8%96-%E0%B8%AA%E0%B8%B3%E0%B8%AB%E0%B8%A3%E0%B8%B1%E0%B8%9A-%E0%B8%82%E0%B8%B2%E0%B8%A2?type=used&page_number=57&page_size=26","2026 Honda HR-V 1.5 (ปี 22-28) e:HEV RS SUV - e HEV RS","Honda HRV รุ่นท็อปสุด RS ไมล์แท้ มือเดียว สีขาว ไม่เคยมีอุบัติเหตุ สนใจสอบถามได้ครับ","Honda HR-V","0 - 5K กม.","กรุงเทพมหานคร","949,000 บาท","มือสอง","เกียร์อัตโนมัติ"
"1786479748-114","https://www.one2car.com/%E0%B8%A3%E0%B8%96-%E0%B8%AA%E0%B8%B3%E0%B8%AB%E0%B8%A3%E0%B8%B1%E0%B8%9A-%E0%B8%82%E0%B8%B2%E0%B8%A2?type=used&page_number=51&page_size=26","https://www.one2car.com/%E0%B8%A3%E0%B8%96-%E0%B8%AA%E0%B8%B3%E0%B8%AB%E0%B8%A3%E0%B8%B1%E0%B8%9A-%E0%B8%82%E0%B8%B2%E0%B8%A2?type=used&page_number=57&page_size=26","2020 Isuzu D-MAX 3.0 Cab-4 (ปี 19-26) Hi-Lander M Pickup  ...","อุปกรณ์เสริมและอุปกรณ์ตกแต่ง ABS, AIRBAG กระจกไฟฟ้า กระจกมองข้างปรับไฟฟ้า ...","Isuzu D-MAX","180 - 185K กม.","กรุงเทพมหานคร","579,000 บาท","มือสอง","เกียร์อัตโนมัติ"
"1786479748-115","https://www.one2car.com/%E0%B8%A3%E0%B8%96-%E0%B8%AA%E0%B8%B3%E0%B8%AB%E0%B8%A3%E0%B8%B1%E0%B8%9A-%E0%B8%82%E0%B8%B2%E0%B8%A2?type=used&page_number=51&page_size=26","https://www.one2car.com/%E0%B8%A3%E0%B8%96-%E0%B8%AA%E0%B8%B3%E0%B8%AB%E0%B8%A3%E0%B8%B1%E0%B8%9A-%E0%B8%82%E0%B8%B2%E0%B8%A2?type=used&page_number=57&page_size=26","2019 Toyota FORTUNER 2.8 (ปี 15-25) TRD Sportivo SUV","TOYOTA FORTUNER 2.8TRD 2WD ปี 2019 ราคาพิเศษ 859,000 บาท ⭐️รับประกันเครื่องยนต์ เกียร์ ...","Toyota FORTUNER","230 - 235K กม.","ปทุมธานี","859,000 บาท","มือสอง","เกียร์อัตโนมัติ"
"1786479748-116","https://www.one2car.com/%E0%B8%A3%E0%B8%96-%E0%B8%AA%E0%B8%B3%E0%B8%AB%E0%B8%A3%E0%B8%B1%E0%B8%9A-%E0%B8%82%E0%B8%B2%E0%B8%A2?type=used&page_number=51&page_size=26","https://www.one2car.com/%E0%B8%A3%E0%B8%96-%E0%B8%AA%E0%B8%B3%E0%B8%AB%E0%B8%A3%E0%B8%B1%E0%B8%9A-%E0%B8%82%E0%B8%B2%E0%B8%A2?type=used&page_number=57&page_size=26","2016 Mitsubishi PAJERO SPORT 2.4 (ปี 15-18) GT Premium SUV...","Mitsubishi Pajero 2.4GT Premium 4WD 2016 สีเงิน 519,000 ไมล์ 18x,xxx Km. เครดิตดี ...","Mitsubishi PAJERO SPORT","185 - 190K กม.","กรุงเทพมหานคร","519,000 บาท","มือสอง","เกียร์อัตโนมัติ"
"1786479748-117","https://www.one2car.com/%E0%B8%A3%E0%B8%96-%E0%B8%AA%E0%B8%B3%E0%B8%AB%E0%B8%A3%E0%B8%B1%E0%B8%9A-%E0%B8%82%E0%B8%B2%E0%B8%A2?type=used&page_number=51&page_size=26","https://www.one2car.com/%E0%B8%A3%E0%B8%96-%E0%B8%AA%E0%B8%B3%E0%B8%AB%E0%B8%A3%E0%B8%B1%E0%B8%9A-%E0%B8%82%E0%B8%B2%E0%B8%A2?type=used&page_number=57&page_size=26","2022 Toyota HILUX REVO 2.4 Smart Cab Z Edition Entry Picku...","TOYOTA REVO SMARTCAB 2.4ENTRY Z-EDITION ปี 2022 ราคา 419,000 บาท ⭐️รับประกันเครื่องยนต์ ...","Toyota HILUX REVO","160 - 165K กม.","ปทุมธานี","419,000 บาท","มือสอง","เกียร์อัตโนมัติ"
"1786479748-118","https://www.one2car.com/%E0%B8%A3%E0%B8%96-%E0%B8%AA%E0%B8%B3%E0%B8%AB%E0%B8%A3%E0%B8%B1%E0%B8%9A-%E0%B8%82%E0%B8%B2%E0%B8%A2?type=used&page_number=51&page_size=26","https://www.one2car.com/%E0%B8%A3%E0%B8%96-%E0%B8%AA%E0%B8%B3%E0%B8%AB%E0%B8%A3%E0%B8%B1%E0%B8%9A-%E0%B8%82%E0%B8%B2%E0%B8%A2?type=used&page_number=57&page_size=26","2020 Ford EVEREST 2.0 (ปี 15-22) Titanium Sport SUV","Ford Everest 2.0 TURBO SPORT 2WD 2021 สีดำ 599,000 รถมือเดียว ไมล์ 78,xxx Km. เครดิตดี ...","Ford EVEREST","75 - 80K กม.","กรุงเทพมหานคร","599,000 บาท","มือสอง","เกียร์อัตโนมัติ"
"1786479748-119","https://www.one2car.com/%E0%B8%A3%E0%B8%96-%E0%B8%AA%E0%B8%B3%E0%B8%AB%E0%B8%A3%E0%B8%B1%E0%B8%9A-%E0%B8%82%E0%B8%B2%E0%B8%A2?type=used&page_number=51&page_size=26","https://www.one2car.com/%E0%B8%A3%E0%B8%96-%E0%B8%AA%E0%B8%B3%E0%B8%AB%E0%B8%A3%E0%B8%B1%E0%B8%9A-%E0%B8%82%E0%B8%B2%E0%B8%A2?type=used&page_number=57&page_size=26","2014 Toyota Corolla Altis 1.6 (ปี 14-18) G Sedan","TOYOTA ALTIS 1.6G AT 2014 สีขาว 259,000 ไมล์ 23x,xxx Km. เซอร์วิสศูนย์ เครดิตดี ฟรีดาวน์ ...","Toyota Corolla Altis","235 - 240K กม.","กรุงเทพมหานคร","259,000 บาท","มือสอง","เกียร์อัตโนมัติ"
"1786479748-120","https://www.one2car.com/%E0%B8%A3%E0%B8%96-%E0%B8%AA%E0%B8%B3%E0%B8%AB%E0%B8%A3%E0%B8%B1%E0%B8%9A-%E0%B8%82%E0%B8%B2%E0%B8%A2?type=used&page_number=51&page_size=26","https://www.one2car.com/%E0%B8%A3%E0%B8%96-%E0%B8%AA%E0%B8%B3%E0%B8%AB%E0%B8%A3%E0%B8%B1%E0%B8%9A-%E0%B8%82%E0%B8%B2%E0%B8%A2?type=used&page_number=57&page_size=26","2021 Toyota ALPHARD 2.5 (ปี 15-23) S C-Package Van - AT   ...","2.5 S C-Package ไมล์เเท้ 91,xxx KM (วิ่งน้อยมาก) Model Minorchange 2021 ...","Toyota ALPHARD","91466 กม.","กรุงเทพมหานคร","1,890,000 บาท","มือสอง","เกียร์อัตโนมัติ"
"1786479748-121","https://www.one2car.com/%E0%B8%A3%E0%B8%96-%E0%B8%AA%E0%B8%B3%E0%B8%AB%E0%B8%A3%E0%B8%B1%E0%B8%9A-%E0%B8%82%E0%B8%B2%E0%B8%A2?type=used&page_number=51&page_size=26","https://www.one2car.com/%E0%B8%A3%E0%B8%96-%E0%B8%AA%E0%B8%B3%E0%B8%AB%E0%B8%A3%E0%B8%B1%E0%B8%9A-%E0%B8%82%E0%B8%B2%E0%B8%A2?type=used&page_number=57&page_size=26","2022 Isuzu D-MAX 1.9 Cab-4 (ปี 19-26) X-Series Speed L Pic...","#รถมีทั่วไป หารถถูกใจต้องสะพาน4รถสวย #Isuzu X series Cab4 1.9 #กระบะ 4ประตูเตี้ย 1.9 MT ...","Isuzu D-MAX","25 - 30K กม.","ระยอง","578,000 บาท","มือสอง","เกียร์ธรรมดา"
"1786479748-122","https://www.one2car.com/%E0%B8%A3%E0%B8%96-%E0%B8%AA%E0%B8%B3%E0%B8%AB%E0%B8%A3%E0%B8%B1%E0%B8%9A-%E0%B8%82%E0%B8%B2%E0%B8%A2?type=used&page_number=51&page_size=26","https://www.one2car.com/%E0%B8%A3%E0%B8%96-%E0%B8%AA%E0%B8%B3%E0%B8%AB%E0%B8%A3%E0%B8%B1%E0%B8%9A-%E0%B8%82%E0%B8%B2%E0%B8%A2?type=used&page_number=57&page_size=26","2024 Ford RANGER 2.0 Double Cab (ปี 22-28) Sport Pickup - ...","🔥 กระบะ 4 ประตู ขับ 4 งบไม่ถึง 8 แสน! Ford Ranger Sport 4WD พร้อมลุยทุกงาน 🔥 . 🚙 FORD ...","Ford RANGER","68290 กม.","กรุงเทพมหานคร","749,000 บาท","มือสอง","เกียร์อัตโนมัติ"
"1786479753-123","https://www.one2car.com/%E0%B8%A3%E0%B8%96-%E0%B8%AA%E0%B8%B3%E0%B8%AB%E0%B8%A3%E0%B8%B1%E0%B8%9A-%E0%B8%82%E0%B8%B2%E0%B8%A2?type=used&page_number=51&page_size=26","https://www.one2car.com/%E0%B8%A3%E0%B8%96-%E0%B8%AA%E0%B8%B3%E0%B8%AB%E0%B8%A3%E0%B8%B1%E0%B8%9A-%E0%B8%82%E0%B8%B2%E0%B8%A2?type=used&page_number=58&page_size=26","2023 Isuzu MU-X 1.9 (ปี 20-26) Phantom Collection Ultimate...","🔥 ไมล์ 2 หมื่นกว่า! MU-X 3.0 Ultimate ตัวท็อป เครื่อง 3.0 ราคาเพียง 1.099 ล้าน🔥 . 🚙 ISUZU ...","Isuzu MU-X","63877 กม.","กรุงเทพมหานคร","1,199,000 บาท","มือสอง","เกียร์อัตโนมัติ"
"1786479753-124","https://www.one2car.com/%E0%B8%A3%E0%B8%96-%E0%B8%AA%E0%B8%B3%E0%B8%AB%E0%B8%A3%E0%B8%B1%E0%B8%9A-%E0%B8%82%E0%B8%B2%E0%B8%A2?type=used&page_number=51&page_size=26","https://www.one2car.com/%E0%B8%A3%E0%B8%96-%E0%B8%AA%E0%B8%B3%E0%B8%AB%E0%B8%A3%E0%B8%B1%E0%B8%9A-%E0%B8%82%E0%B8%B2%E0%B8%A2?type=used&page_number=58&page_size=26","2023 Ford EVEREST 2.0 (ปี 22-28) Titanium+ SUV - Titanium ...","🔥🔥 EVEREST TITANIUM PLUS 4WD! สีส้มโดดเด่น ตัวท็อป หายาก 🧡 ปี 2023 ไมล์ 39,004 กม. ...","Ford EVEREST","39004 กม.","กรุงเทพมหานคร","1,359,000 บาท","มือสอง","เกียร์อัตโนมัติ"
"1786479753-125","https://www.one2car.com/%E0%B8%A3%E0%B8%96-%E0%B8%AA%E0%B8%B3%E0%B8%AB%E0%B8%A3%E0%B8%B1%E0%B8%9A-%E0%B8%82%E0%B8%B2%E0%B8%A2?type=used&page_number=51&page_size=26","https://www.one2car.com/%E0%B8%A3%E0%B8%96-%E0%B8%AA%E0%B8%B3%E0%B8%AB%E0%B8%A3%E0%B8%B1%E0%B8%9A-%E0%B8%82%E0%B8%B2%E0%B8%A2?type=used&page_number=58&page_size=26","2022 Toyota YARIS 1.2 (ปี 17-25) Sport Premium Hatchback  ...","🔥🔥 YARIS SPORT PREMIUM! ขาว-ดำ หลังคาดำ สปอร์ตพรีเมียม หล่อมาก 🤍🖤 ปี 2022 ไมล์ 30,257 กม. ...","Toyota YARIS","30257 กม.","กรุงเทพมหานคร","499,000 บาท","มือสอง","เกียร์อัตโนมัติ"
"1786479753-126","https://www.one2car.com/%E0%B8%A3%E0%B8%96-%E0%B8%AA%E0%B8%B3%E0%B8%AB%E0%B8%A3%E0%B8%B1%E0%B8%9A-%E0%B8%82%E0%B8%B2%E0%B8%A2?type=used&page_number=51&page_size=26","https://www.one2car.com/%E0%B8%A3%E0%B8%96-%E0%B8%AA%E0%B8%B3%E0%B8%AB%E0%B8%A3%E0%B8%B1%E0%B8%9A-%E0%B8%82%E0%B8%B2%E0%B8%A2?type=used&page_number=58&page_size=26","2022 Ford EVEREST 2.0 (ปี 22-28) Titanium+ SUV - Titanium ...","🚙 SUV ตัวท็อป ขับดี นุ่ม เทคโนโลยีแน่น นั่งสบายทั้งคัน จากตระกูล Ford Everest รุ่น ...","Ford EVEREST","43246 กม.","กรุงเทพมหานคร","1,299,000 บาท","มือสอง","เกียร์อัตโนมัติ"
"1786479753-127","https://www.one2car.com/%E0%B8%A3%E0%B8%96-%E0%B8%AA%E0%B8%B3%E0%B8%AB%E0%B8%A3%E0%B8%B1%E0%B8%9A-%E0%B8%82%E0%B8%B2%E0%B8%A2?type=used&page_number=51&page_size=26","https://www.one2car.com/%E0%B8%A3%E0%B8%96-%E0%B8%AA%E0%B8%B3%E0%B8%AB%E0%B8%A3%E0%B8%B1%E0%B8%9A-%E0%B8%82%E0%B8%B2%E0%B8%A2?type=used&page_number=58&page_size=26","2024 Toyota FORTUNER 2.8 (ปี 15-25) GR Sport SUV - (Black ...","🚙 Legender เครื่อง 2.8 ตัวแรง ขับ 4WD ตัวท็อปสุดในสายหรู จาก Toyota Fortuner Legender ...","Toyota FORTUNER","28769 กม.","กรุงเทพมหานคร","1,499,000 บาท","มือสอง","เกียร์อัตโนมัติ"
"1786479753-128","https://www.one2car.com/%E0%B8%A3%E0%B8%96-%E0%B8%AA%E0%B8%B3%E0%B8%AB%E0%B8%A3%E0%B8%B1%E0%B8%9A-%E0%B8%82%E0%B8%B2%E0%B8%A2?type=used&page_number=51&page_size=26","https://www.one2car.com/%E0%B8%A3%E0%B8%96-%E0%B8%AA%E0%B8%B3%E0%B8%AB%E0%B8%A3%E0%B8%B1%E0%B8%9A-%E0%B8%82%E0%B8%B2%E0%B8%A2?type=used&page_number=58&page_size=26","2023 Isuzu MU-X 1.9 (ปี 20-26) Elegant SUV","🚙 MU-X Elegant สีแดงสุดโดดเด่น ขับดี นั่งสบาย ราคาพิเศษสุดคุ้ม จากตระกูล Isuzu MU-X รุ่น ...","Isuzu MU-X","26129 กม.","กรุงเทพมหานคร","1,049,000 บาท","มือสอง","เกียร์อัตโนมัติ"
"1786479753-129","https://www.one2car.com/%E0%B8%A3%E0%B8%96-%E0%B8%AA%E0%B8%B3%E0%B8%AB%E0%B8%A3%E0%B8%B1%E0%B8%9A-%E0%B8%82%E0%B8%B2%E0%B8%A2?type=used&page_number=51&page_size=26","https://www.one2car.com/%E0%B8%A3%E0%B8%96-%E0%B8%AA%E0%B8%B3%E0%B8%AB%E0%B8%A3%E0%B8%B1%E0%B8%9A-%E0%B8%82%E0%B8%B2%E0%B8%A2?type=used&page_number=58&page_size=26","2022 Isuzu MU-X 3.0 (ปี 20-26) Ultimate SUV","🔥 ไมล์ 2 หมื่นกว่า! MU-X 3.0 Ultimate ตัวท็อป เครื่อง 3.0 ราคาเพียง 1.099 ล้าน🔥 . 🚙 ISUZU ...","Isuzu MU-X","23389 กม.","กรุงเทพมหานคร","1,099,000 บาท","มือสอง","เกียร์อัตโนมัติ"
"1786479753-130","https://www.one2car.com/%E0%B8%A3%E0%B8%96-%E0%B8%AA%E0%B8%B3%E0%B8%AB%E0%B8%A3%E0%B8%B1%E0%B8%9A-%E0%B8%82%E0%B8%B2%E0%B8%A2?type=used&page_number=51&page_size=26","https://www.one2car.com/%E0%B8%A3%E0%B8%96-%E0%B8%AA%E0%B8%B3%E0%B8%AB%E0%B8%A3%E0%B8%B1%E0%B8%9A-%E0%B8%82%E0%B8%B2%E0%B8%A2?type=used&page_number=58&page_size=26","2018 Honda CIVIC 1.8 FC (ปี 16-20) EL Sedan","🚗✨ Honda Civic FC 1.8 EL สปอร์ตหล่อ ขับดี ราคาคุ้ม ไมล์น้อยกว่าหลายคันในตลาด! ✨🚗 . ✨ ...","Honda CIVIC","77314 กม.","กรุงเทพมหานคร","509,000 บาท","มือสอง","เกียร์อัตโนมัติ"
"1786479753-131","https://www.one2car.com/%E0%B8%A3%E0%B8%96-%E0%B8%AA%E0%B8%B3%E0%B8%AB%E0%B8%A3%E0%B8%B1%E0%B8%9A-%E0%B8%82%E0%B8%B2%E0%B8%A2?type=used&page_number=51&page_size=26","https://www.one2car.com/%E0%B8%A3%E0%B8%96-%E0%B8%AA%E0%B8%B3%E0%B8%AB%E0%B8%A3%E0%B8%B1%E0%B8%9A-%E0%B8%82%E0%B8%B2%E0%B8%A2?type=used&page_number=58&page_size=26","2021 Toyota YARIS 1.2 (ปี 17-25) Sport Premium Hatchback  ...","🔥 ไมล์เพียง 3,461 กม.! Yaris Sport Premium สภาพเหมือนรถใหม่ ราคาสุดคุ้ม🔥 . 🚗 TOYOTA Yaris ...","Toyota YARIS","3461 กม.","กรุงเทพมหานคร","439,000 บาท","มือสอง","เกียร์อัตโนมัติ"
"1786479753-132","https://www.one2car.com/%E0%B8%A3%E0%B8%96-%E0%B8%AA%E0%B8%B3%E0%B8%AB%E0%B8%A3%E0%B8%B1%E0%B8%9A-%E0%B8%82%E0%B8%B2%E0%B8%A2?type=used&page_number=51&page_size=26","https://www.one2car.com/%E0%B8%A3%E0%B8%96-%E0%B8%AA%E0%B8%B3%E0%B8%AB%E0%B8%A3%E0%B8%B1%E0%B8%9A-%E0%B8%82%E0%B8%B2%E0%B8%A2?type=used&page_number=58&page_size=26","2023 Ford EVEREST 2.0 (ปี 22-28) Titanium+ SUV - Titanium ...","🔥🔥 EVEREST TITANIUM PLUS 4WD ตัวท็อปสุด! ขาวหรู แรงจริง ไมล์น้อย 🤍 ปี 2023 ไมล์เพียง ...","Ford EVEREST","31246 กม.","กรุงเทพมหานคร","1,399,000 บาท","มือสอง","เกียร์อัตโนมัติ"
"1786479753-133","https://www.one2car.com/%E0%B8%A3%E0%B8%96-%E0%B8%AA%E0%B8%B3%E0%B8%AB%E0%B8%A3%E0%B8%B1%E0%B8%9A-%E0%B8%82%E0%B8%B2%E0%B8%A2?type=used&page_number=51&page_size=26","https://www.one2car.com/%E0%B8%A3%E0%B8%96-%E0%B8%AA%E0%B8%B3%E0%B8%AB%E0%B8%A3%E0%B8%B1%E0%B8%9A-%E0%B8%82%E0%B8%B2%E0%B8%A2?type=used&page_number=58&page_size=26","2024 Toyota FORTUNER 2.4 (ปี 15-25) Legender SUV","🚙 Legender ไมล์น้อย สีขาว-ดำสุดหรู รุ่นยอดนิยมของ Fortuner จากตระกูล Toyota Fortuner ...","Toyota FORTUNER","32348 กม.","กรุงเทพมหานคร","1,359,000 บาท","มือสอง","เกียร์อัตโนมัติ"
"1786479753-134","https://www.one2car.com/%E0%B8%A3%E0%B8%96-%E0%B8%AA%E0%B8%B3%E0%B8%AB%E0%B8%A3%E0%B8%B1%E0%B8%9A-%E0%B8%82%E0%B8%B2%E0%B8%A2?type=used&page_number=51&page_size=26","https://www.one2car.com/%E0%B8%A3%E0%B8%96-%E0%B8%AA%E0%B8%B3%E0%B8%AB%E0%B8%A3%E0%B8%B1%E0%B8%9A-%E0%B8%82%E0%B8%B2%E0%B8%A2?type=used&page_number=58&page_size=26","2024 Isuzu MU-X 3.0 (ปี 20-26) RS SUV","🚙🔥 MU-X RS 4WD ตัวท็อปสายลุย สปอร์ตเต็มพิกัด พร้อมทุกเส้นทาง🔥🚙 . ✨*ISUZU MU-X 3.0 RS 4WD ...","Isuzu MU-X","38107 กม.","กรุงเทพมหานคร","1,499,000 บาท","มือสอง","เกียร์อัตโนมัติ"
"1786479753-135","https://www.one2car.com/%E0%B8%A3%E0%B8%96-%E0%B8%AA%E0%B8%B3%E0%B8%AB%E0%B8%A3%E0%B8%B1%E0%B8%9A-%E0%B8%82%E0%B8%B2%E0%B8%A2?type=used&page_number=51&page_size=26","https://www.one2car.com/%E0%B8%A3%E0%B8%96-%E0%B8%AA%E0%B8%B3%E0%B8%AB%E0%B8%A3%E0%B8%B1%E0%B8%9A-%E0%B8%82%E0%B8%B2%E0%B8%A2?type=used&page_number=58&page_size=26","2023 Ford EVEREST 2.0 (ปี 22-28) WildTrak SUV - 4WD","🚙🔥 Ford Everest Wildtrak 4WD ตัวท็อปสายลุย หล่อ ดุดัน พร้อมทุกการผจญภัย 🔥🚙 . ✨ FORD ...","Ford EVEREST","43349 กม.","กรุงเทพมหานคร","1,399,000 บาท","มือสอง","เกียร์อัตโนมัติ"
"1786479753-136","https://www.one2car.com/%E0%B8%A3%E0%B8%96-%E0%B8%AA%E0%B8%B3%E0%B8%AB%E0%B8%A3%E0%B8%B1%E0%B8%9A-%E0%B8%82%E0%B8%B2%E0%B8%A2?type=used&page_number=51&page_size=26","https://www.one2car.com/%E0%B8%A3%E0%B8%96-%E0%B8%AA%E0%B8%B3%E0%B8%AB%E0%B8%A3%E0%B8%B1%E0%B8%9A-%E0%B8%82%E0%B8%B2%E0%B8%A2?type=used&page_number=58&page_size=26","2020 Toyota YARIS 1.2 (ปี 17-25) Mid Hatchback","🚙 Yaris 5 ประตู ขับง่าย ประหยัดน้ำมัน เหมาะเป็นรถคันแรก จากตระกูล Toyota Yaris ...","Toyota YARIS","76035 กม.","กรุงเทพมหานคร","399,000 บาท","มือสอง","เกียร์อัตโนมัติ"
"1786479753-137","https://www.one2car.com/%E0%B8%A3%E0%B8%96-%E0%B8%AA%E0%B8%B3%E0%B8%AB%E0%B8%A3%E0%B8%B1%E0%B8%9A-%E0%B8%82%E0%B8%B2%E0%B8%A2?type=used&page_number=51&page_size=26","https://www.one2car.com/%E0%B8%A3%E0%B8%96-%E0%B8%AA%E0%B8%B3%E0%B8%AB%E0%B8%A3%E0%B8%B1%E0%B8%9A-%E0%B8%82%E0%B8%B2%E0%B8%A2?type=used&page_number=58&page_size=26","2025 GWM Tank 300 2.4 (ปี 23-29) Ultra SUV - 4WD","🔥 Tank 300 Ultra 4WD ไมล์ไม่ถึงหมื่น! หล่อ ดุดัน พร้อมลุยทุกเส้นทาง 🔥 . 🚙 GWM Tank 300 ...","","9944 กม.","กรุงเทพมหานคร","1,149,000 บาท","มือสอง","เกียร์อัตโนมัติ"
"1786479753-138","https://www.one2car.com/%E0%B8%A3%E0%B8%96-%E0%B8%AA%E0%B8%B3%E0%B8%AB%E0%B8%A3%E0%B8%B1%E0%B8%9A-%E0%B8%82%E0%B8%B2%E0%B8%A2?type=used&page_number=51&page_size=26","https://www.one2car.com/%E0%B8%A3%E0%B8%96-%E0%B8%AA%E0%B8%B3%E0%B8%AB%E0%B8%A3%E0%B8%B1%E0%B8%9A-%E0%B8%82%E0%B8%B2%E0%B8%A2?type=used&page_number=58&page_size=26","2025 Toyota FORTUNER 2.4 (ปี 15-25) Leader V SUV","🔥 ใหม่กว่าก็ป้ายแดง! Fortuner Leader Euro5 ปี 2025 ไมล์ 1 หมื่นโล สวยเหมือนออกศูนย์ 🔥 . 🚙 ...","Toyota FORTUNER","12409 กม.","กรุงเทพมหานคร","1,339,000 บาท","มือสอง","เกียร์อัตโนมัติ"
"1786479753-139","https://www.one2car.com/%E0%B8%A3%E0%B8%96-%E0%B8%AA%E0%B8%B3%E0%B8%AB%E0%B8%A3%E0%B8%B1%E0%B8%9A-%E0%B8%82%E0%B8%B2%E0%B8%A2?type=used&page_number=51&page_size=26","https://www.one2car.com/%E0%B8%A3%E0%B8%96-%E0%B8%AA%E0%B8%B3%E0%B8%AB%E0%B8%A3%E0%B8%B1%E0%B8%9A-%E0%B8%82%E0%B8%B2%E0%B8%A2?type=used&page_number=58&page_size=26","2023 Toyota FORTUNER 2.4 (ปี 15-25) Legender SUV","🚙 PPV พรีเมียม ดีไซน์หรูสปอร์ต รุ่นยอดนิยม ขับดี นั่งสบาย จากตระกูล Toyota Fortuner ...","Toyota FORTUNER","64296 กม.","กรุงเทพมหานคร","1,349,000 บาท","มือสอง","เกียร์อัตโนมัติ"
"1786479753-140","https://www.one2car.com/%E0%B8%A3%E0%B8%96-%E0%B8%AA%E0%B8%B3%E0%B8%AB%E0%B8%A3%E0%B8%B1%E0%B8%9A-%E0%B8%82%E0%B8%B2%E0%B8%A2?type=used&page_number=51&page_size=26","https://www.one2car.com/%E0%B8%A3%E0%B8%96-%E0%B8%AA%E0%B8%B3%E0%B8%AB%E0%B8%A3%E0%B8%B1%E0%B8%9A-%E0%B8%82%E0%B8%B2%E0%B8%A2?type=used&page_number=58&page_size=26","2025 Ford EVEREST 2.0 (ปี 22-28) Titanium+ SUV - Titanium ...","🔥🔥 EVEREST BI-TURBO TITANIUM PLUS 4WD! ขาวหรู ใหม่กริ๊บ ไมล์ 4 พัน 🤍 ปี 2025 ไมล์เพียง ...","Ford EVEREST","4099 กม.","กรุงเทพมหานคร","1,599,000 บาท","มือสอง","เกียร์อัตโนมัติ"
"1786479753-141","https://www.one2car.com/%E0%B8%A3%E0%B8%96-%E0%B8%AA%E0%B8%B3%E0%B8%AB%E0%B8%A3%E0%B8%B1%E0%B8%9A-%E0%B8%82%E0%B8%B2%E0%B8%A2?type=used&page_number=51&page_size=26","https://www.one2car.com/%E0%B8%A3%E0%B8%96-%E0%B8%AA%E0%B8%B3%E0%B8%AB%E0%B8%A3%E0%B8%B1%E0%B8%9A-%E0%B8%82%E0%B8%B2%E0%B8%A2?type=used&page_number=58&page_size=26","2023 Ford EVEREST 2.0 (ปี 22-28) Sport SUV","🔥 Everest Sport Pack A พร้อมกล้อง 360° หล่อ ดุดัน ขับดี คุ้มเกินราคา! 🔥 . 🚙 FORD Everest ...","Ford EVEREST","46489 กม.","กรุงเทพมหานคร","1,279,000 บาท","มือสอง","เกียร์อัตโนมัติ"
"1786479753-142","https://www.one2car.com/%E0%B8%A3%E0%B8%96-%E0%B8%AA%E0%B8%B3%E0%B8%AB%E0%B8%A3%E0%B8%B1%E0%B8%9A-%E0%B8%82%E0%B8%B2%E0%B8%A2?type=used&page_number=51&page_size=26","https://www.one2car.com/%E0%B8%A3%E0%B8%96-%E0%B8%AA%E0%B8%B3%E0%B8%AB%E0%B8%A3%E0%B8%B1%E0%B8%9A-%E0%B8%82%E0%B8%B2%E0%B8%A2?type=used&page_number=58&page_size=26","2023 Isuzu MU-X 1.9 (ปี 20-26) Ultimate SUV","🔥🔥 MU-X G2 1.9 ULTIMATE! ขาวหรู ตัวท็อป ปีใหม่จด 2023 ไมล์น้อย 🤍 ปี 2022 (จด 2023) ไมล์ ...","Isuzu MU-X","29490 กม.","กรุงเทพมหานคร","1,099,000 บาท","มือสอง","เกียร์อัตโนมัติ"
"1786479753-143","https://www.one2car.com/%E0%B8%A3%E0%B8%96-%E0%B8%AA%E0%B8%B3%E0%B8%AB%E0%B8%A3%E0%B8%B1%E0%B8%9A-%E0%B8%82%E0%B8%B2%E0%B8%A2?type=used&page_number=51&page_size=26","https://www.one2car.com/%E0%B8%A3%E0%B8%96-%E0%B8%AA%E0%B8%B3%E0%B8%AB%E0%B8%A3%E0%B8%B1%E0%B8%9A-%E0%B8%82%E0%B8%B2%E0%B8%A2?type=used&page_number=58&page_size=26","2024 Toyota FORTUNER 2.4 (ปี 15-25) Legender SUV - 4WD","🚙 Legender 4WD รุ่นหรู ขับดี ลุยได้ ตัวจบสายครอบครัว จากตระกูล Toyota Fortuner Legender ...","Toyota FORTUNER","46185 กม.","กรุงเทพมหานคร","1,399,000 บาท","มือสอง","เกียร์อัตโนมัติ"
"1786479753-144","https://www.one2car.com/%E0%B8%A3%E0%B8%96-%E0%B8%AA%E0%B8%B3%E0%B8%AB%E0%B8%A3%E0%B8%B1%E0%B8%9A-%E0%B8%82%E0%B8%B2%E0%B8%A2?type=used&page_number=51&page_size=26","https://www.one2car.com/%E0%B8%A3%E0%B8%96-%E0%B8%AA%E0%B8%B3%E0%B8%AB%E0%B8%A3%E0%B8%B1%E0%B8%9A-%E0%B8%82%E0%B8%B2%E0%B8%A2?type=used&page_number=58&page_size=26","2023 Ford EVEREST 2.0 (ปี 22-28) WildTrak SUV - 4WD","🚙 Everest Wildtrak ตัวลุยสายพรีเมียม ดุดัน เท่ ครบทุกฟังก์ชัน จากตระกูล Ford Everest ...","Ford EVEREST","43349 กม.","กรุงเทพมหานคร","1,399,000 บาท","มือสอง","เกียร์อัตโนมัติ"
"1786479753-145","https://www.one2car.com/%E0%B8%A3%E0%B8%96-%E0%B8%AA%E0%B8%B3%E0%B8%AB%E0%B8%A3%E0%B8%B1%E0%B8%9A-%E0%B8%82%E0%B8%B2%E0%B8%A2?type=used&page_number=51&page_size=26","https://www.one2car.com/%E0%B8%A3%E0%B8%96-%E0%B8%AA%E0%B8%B3%E0%B8%AB%E0%B8%A3%E0%B8%B1%E0%B8%9A-%E0%B8%82%E0%B8%B2%E0%B8%A2?type=used&page_number=58&page_size=26","2025 Ford EVEREST 2.0 (ปี 22-28) Sport Special Edition SUV...","🚙 SUV รุ่นพิเศษ Sport Special Edition ดีไซน์เข้ม เท่ ไม่เหมือนใคร จากตระกูล Ford Everest ...","Ford EVEREST","19826 กม.","กรุงเทพมหานคร","1,299,000 บาท","มือสอง","เกียร์อัตโนมัติ"
"1786479753-146","https://www.one2car.com/%E0%B8%A3%E0%B8%96-%E0%B8%AA%E0%B8%B3%E0%B8%AB%E0%B8%A3%E0%B8%B1%E0%B8%9A-%E0%B8%82%E0%B8%B2%E0%B8%A2?type=used&page_number=51&page_size=26","https://www.one2car.com/%E0%B8%A3%E0%B8%96-%E0%B8%AA%E0%B8%B3%E0%B8%AB%E0%B8%A3%E0%B8%B1%E0%B8%9A-%E0%B8%82%E0%B8%B2%E0%B8%A2?type=used&page_number=58&page_size=26","2022 Toyota FORTUNER 2.8 (ปี 15-25) GR Sport SUV - 4WD","🚙🔥 Fortuner GR Sport ตัวท็อป 4WD สมรรถนะเร้าใจ ไมล์น้อย พร้อมครอบครอง🔥🚙 . ✨ TOYOTA ...","Toyota FORTUNER","36673 กม.","กรุงเทพมหานคร","1,449,000 บาท","มือสอง","เกียร์อัตโนมัติ"
"1786479753-147","https://www.one2car.com/%E0%B8%A3%E0%B8%96-%E0%B8%AA%E0%B8%B3%E0%B8%AB%E0%B8%A3%E0%B8%B1%E0%B8%9A-%E0%B8%82%E0%B8%B2%E0%B8%A2?type=used&page_number=51&page_size=26","https://www.one2car.com/%E0%B8%A3%E0%B8%96-%E0%B8%AA%E0%B8%B3%E0%B8%AB%E0%B8%A3%E0%B8%B1%E0%B8%9A-%E0%B8%82%E0%B8%B2%E0%B8%A2?type=used&page_number=58&page_size=26","2022 Honda City 1.0 (ปี 20-26) RS Hatchback","""ขายด่วน CITY 1.0 RS Hatchback รถบ้านเจ้าของมือเดียว ไมล์แท้ 30,000.-KM"" ...","Honda City","30000 กม.","กรุงเทพมหานคร","459,000 บาท","มือสอง","เกียร์อัตโนมัติ"
"1786479759-148","https://www.one2car.com/%E0%B8%A3%E0%B8%96-%E0%B8%AA%E0%B8%B3%E0%B8%AB%E0%B8%A3%E0%B8%B1%E0%B8%9A-%E0%B8%82%E0%B8%B2%E0%B8%A2?type=used&page_number=51&page_size=26","https://www.one2car.com/%E0%B8%A3%E0%B8%96-%E0%B8%AA%E0%B8%B3%E0%B8%AB%E0%B8%A3%E0%B8%B1%E0%B8%9A-%E0%B8%82%E0%B8%B2%E0%B8%A2?type=used&page_number=59&page_size=26","2024 Isuzu D-MAX 3.0 Spark (ปี 19-26) S Pickup","เพลาลอยของใหม่+คอกสูง รถกระบะพร้อมใช้งาน คอกสูง ล้อแม็ก เพลาลอย จัดทรงหล่อๆ ...","Isuzu D-MAX","80 - 85K กม.","กรุงเทพมหานคร","569,000 บาท","มือสอง","เกียร์ธรรมดา"
"1786479759-149","https://www.one2car.com/%E0%B8%A3%E0%B8%96-%E0%B8%AA%E0%B8%B3%E0%B8%AB%E0%B8%A3%E0%B8%B1%E0%B8%9A-%E0%B8%82%E0%B8%B2%E0%B8%A2?type=used&page_number=51&page_size=26","https://www.one2car.com/%E0%B8%A3%E0%B8%96-%E0%B8%AA%E0%B8%B3%E0%B8%AB%E0%B8%A3%E0%B8%B1%E0%B8%9A-%E0%B8%82%E0%B8%B2%E0%B8%A2?type=used&page_number=59&page_size=26","2013 Mercedes-Benz E250 1.8 W212 (ปี 10-16) Avantgarde CGI...","📍BBsmartcar สาขา 1 สี่แยกมไหสวรรย์ MERCEDES-BENZ E-CLASS E250 1.8 CGI W212 2013 💸price ...","","75 - 80K กม.","กรุงเทพมหานคร","","","เกียร์อัตโนมัติ"
"1786479759-150","https://www.one2car.com/%E0%B8%A3%E0%B8%96-%E0%B8%AA%E0%B8%B3%E0%B8%AB%E0%B8%A3%E0%B8%B1%E0%B8%9A-%E0%B8%82%E0%B8%B2%E0%B8%A2?type=used&page_number=51&page_size=26","https://www.one2car.com/%E0%B8%A3%E0%B8%96-%E0%B8%AA%E0%B8%B3%E0%B8%AB%E0%B8%A3%E0%B8%B1%E0%B8%9A-%E0%B8%82%E0%B8%B2%E0%B8%A2?type=used&page_number=59&page_size=26","2020 Mitsubishi TRITON 2.4 Double Cab (ปี 18-23) Athlete G...","🔥 ขาย Mitsubishi Triton Double Cab 2.4 GT Premium Athlete 2WD (AT) ปี 2020 🔥 ""รถบ้าน ...","Mitsubishi TRITON","10 - 15K กม.","ชลบุรี","","","เกียร์อัตโนมัติ"
"1786479759-151","https://www.one2car.com/%E0%B8%A3%E0%B8%96-%E0%B8%AA%E0%B8%B3%E0%B8%AB%E0%B8%A3%E0%B8%B1%E0%B8%9A-%E0%B8%82%E0%B8%B2%E0%B8%A2?type=used&page_number=51&page_size=26","https://www.one2car.com/%E0%B8%A3%E0%B8%96-%E0%B8%AA%E0%B8%B3%E0%B8%AB%E0%B8%A3%E0%B8%B1%E0%B8%9A-%E0%B8%82%E0%B8%B2%E0%B8%A2?type=used&page_number=59&page_size=26","2017 Toyota INNOVA 2.8 (ปี 16-22) Crysta G Wagon","TOYOTA INNOVA 2.8 G CRYSTA AT 2017 ออกรถ 0 บาท จัดได้ 479,000 บ. Line:@bbcar04 ...","Toyota INNOVA","265 - 270K กม.","กรุงเทพมหานคร","","","เกียร์อัตโนมัติ"
"1786479759-152","https://www.one2car.com/%E0%B8%A3%E0%B8%96-%E0%B8%AA%E0%B8%B3%E0%B8%AB%E0%B8%A3%E0%B8%B1%E0%B8%9A-%E0%B8%82%E0%B8%B2%E0%B8%A2?type=used&page_number=51&page_size=26","https://www.one2car.com/%E0%B8%A3%E0%B8%96-%E0%B8%AA%E0%B8%B3%E0%B8%AB%E0%B8%A3%E0%B8%B1%E0%B8%9A-%E0%B8%82%E0%B8%B2%E0%B8%A2?type=used&page_number=59&page_size=26","2022 Ford EVEREST 2.0 (ปี 22-28) Titanium+ SUV - Titanium ...","FORD EVEREST 2.0 BI-TURBO TITANIUM PLUS 4WD AT 2022 ออกรถ 0 บาท จัดได้ 749,000 บ. ...","Ford EVEREST","180 - 185K กม.","กรุงเทพมหานคร","","","เกียร์อัตโนมัติ"
"1786479759-153","https://www.one2car.com/%E0%B8%A3%E0%B8%96-%E0%B8%AA%E0%B8%B3%E0%B8%AB%E0%B8%A3%E0%B8%B1%E0%B8%9A-%E0%B8%82%E0%B8%B2%E0%B8%A2?type=used&page_number=51&page_size=26","https://www.one2car.com/%E0%B8%A3%E0%B8%96-%E0%B8%AA%E0%B8%B3%E0%B8%AB%E0%B8%A3%E0%B8%B1%E0%B8%9A-%E0%B8%82%E0%B8%B2%E0%B8%A2?type=used&page_number=59&page_size=26","2014 Ford RANGER 3.2 Double Cab (ปี 12-15) WildTrak Pickup...","FORD RANGER 3.2 WILDTRAK DOUBLE CAB 4WD HI-RIDER DOUBLE CAB AT 2014 ออกรถ 0 บาท รหัสรถ ...","Ford RANGER","308000 กม.","สมุทรสาคร","","","เกียร์อัตโนมัติ"
"1786479759-154","https://www.one2car.com/%E0%B8%A3%E0%B8%96-%E0%B8%AA%E0%B8%B3%E0%B8%AB%E0%B8%A3%E0%B8%B1%E0%B8%9A-%E0%B8%82%E0%B8%B2%E0%B8%A2?type=used&page_number=51&page_size=26","https://www.one2car.com/%E0%B8%A3%E0%B8%96-%E0%B8%AA%E0%B8%B3%E0%B8%AB%E0%B8%A3%E0%B8%B1%E0%B8%9A-%E0%B8%82%E0%B8%B2%E0%B8%A2?type=used&page_number=59&page_size=26","2018 Honda JAZZ 1.5 (ปี 14-22) RS Hatchback","⚡ ดอกเบี้ยถูกเริ่ม 2.59% ⚡ ผ่อนสบายๆนาน 84 เดือน ✅ มีบริการไฟแนนซ์เซ็นเอกสารถึงที่ ✅ ...","Honda JAZZ","115 - 120K กม.","กรุงเทพมหานคร","","","เกียร์อัตโนมัติ"
"1786479759-155","https://www.one2car.com/%E0%B8%A3%E0%B8%96-%E0%B8%AA%E0%B8%B3%E0%B8%AB%E0%B8%A3%E0%B8%B1%E0%B8%9A-%E0%B8%82%E0%B8%B2%E0%B8%A2?type=used&page_number=51&page_size=26","https://www.one2car.com/%E0%B8%A3%E0%B8%96-%E0%B8%AA%E0%B8%B3%E0%B8%AB%E0%B8%A3%E0%B8%B1%E0%B8%9A-%E0%B8%82%E0%B8%B2%E0%B8%A2?type=used&page_number=59&page_size=26","2014 Isuzu D-MAX 2.5 Cab-4 (ปี 11-17) Hi-Lander Z Pickup  ...","⚡ ดอกเบี้ยถูกเริ่ม 2.59% ⚡ ผ่อนสบายๆนาน 84 เดือน ✅ มีบริการไฟแนนซ์เซ็นเอกสารถึงที่ ✅ ...","Isuzu D-MAX","170 - 175K กม.","กรุงเทพมหานคร","","","เกียร์ธรรมดา"
"1786479759-156","https://www.one2car.com/%E0%B8%A3%E0%B8%96-%E0%B8%AA%E0%B8%B3%E0%B8%AB%E0%B8%A3%E0%B8%B1%E0%B8%9A-%E0%B8%82%E0%B8%B2%E0%B8%A2?type=used&page_number=51&page_size=26","https://www.one2car.com/%E0%B8%A3%E0%B8%96-%E0%B8%AA%E0%B8%B3%E0%B8%AB%E0%B8%A3%E0%B8%B1%E0%B8%9A-%E0%B8%82%E0%B8%B2%E0%B8%A2?type=used&page_number=59&page_size=26","2020 Mercedes-Benz E350 2.0 W213 (ปี 16-23) e AMG Dynamic ...","🚘โปรโมชั่นพิเศษขับฟรี 3 เดือน 🚘ดอกเบี้ย 2.49% 🚘ราคาถูกที่สุดในเว็บ สวยเหมือนรถป้ายแดง ...","Mercedes-Benz E350","0 - 5K กม.","กรุงเทพมหานคร","","","เกียร์อัตโนมัติ"
"1786479759-157","https://www.one2car.com/%E0%B8%A3%E0%B8%96-%E0%B8%AA%E0%B8%B3%E0%B8%AB%E0%B8%A3%E0%B8%B1%E0%B8%9A-%E0%B8%82%E0%B8%B2%E0%B8%A2?type=used&page_number=51&page_size=26","https://www.one2car.com/%E0%B8%A3%E0%B8%96-%E0%B8%AA%E0%B8%B3%E0%B8%AB%E0%B8%A3%E0%B8%B1%E0%B8%9A-%E0%B8%82%E0%B8%B2%E0%B8%A2?type=used&page_number=59&page_size=26","2016 Honda BR-V 1.5 (ปี 16-20) SV SUV","⚡ ดอกเบี้ยถูกเริ่ม 2.59% ⚡ ผ่อนสบายๆนาน 84 เดือน ✅ มีบริการไฟแนนซ์เซ็นเอกสารถึงที่ ✅ ...","","120 - 125K กม.","กรุงเทพมหานคร","","","เกียร์อัตโนมัติ"
"1786479759-158","https://www.one2car.com/%E0%B8%A3%E0%B8%96-%E0%B8%AA%E0%B8%B3%E0%B8%AB%E0%B8%A3%E0%B8%B1%E0%B8%9A-%E0%B8%82%E0%B8%B2%E0%B8%A2?type=used&page_number=51&page_size=26","https://www.one2car.com/%E0%B8%A3%E0%B8%96-%E0%B8%AA%E0%B8%B3%E0%B8%AB%E0%B8%A3%E0%B8%B1%E0%B8%9A-%E0%B8%82%E0%B8%B2%E0%B8%A2?type=used&page_number=59&page_size=26","2021 Toyota HILUX REVO 2.4 Double Cab Z Edition Entry Pick...","Toyota HILUX REVO 2.4 Entry Z-Edition Double Cab 2021 ออกรถ 1 บาท ผ่อน 8,xxx ตลอดสัญญา!! ...","Toyota HILUX REVO","82909 กม.","ชลบุรี","","","เกียร์ธรรมดา"
"1786479759-159","https://www.one2car.com/%E0%B8%A3%E0%B8%96-%E0%B8%AA%E0%B8%B3%E0%B8%AB%E0%B8%A3%E0%B8%B1%E0%B8%9A-%E0%B8%82%E0%B8%B2%E0%B8%A2?type=used&page_number=51&page_size=26","https://www.one2car.com/%E0%B8%A3%E0%B8%96-%E0%B8%AA%E0%B8%B3%E0%B8%AB%E0%B8%A3%E0%B8%B1%E0%B8%9A-%E0%B8%82%E0%B8%B2%E0%B8%A2?type=used&page_number=59&page_size=26","2017 Hyundai H-1 2.5 (ปี 08-17) Elite Van","2017 Hyundai H1 แต่งVIP ราคา 599,000 บาท รถสวย สภาพเดิมๆ ขับดี เครื่องดี ภายในสวย ...","Hyundai H-1","168929 กม.","กรุงเทพมหานคร","599,000 บาท","มือสอง","เกียร์อัตโนมัติ"
"1786479759-160","https://www.one2car.com/%E0%B8%A3%E0%B8%96-%E0%B8%AA%E0%B8%B3%E0%B8%AB%E0%B8%A3%E0%B8%B1%E0%B8%9A-%E0%B8%82%E0%B8%B2%E0%B8%A2?type=used&page_number=51&page_size=26","https://www.one2car.com/%E0%B8%A3%E0%B8%96-%E0%B8%AA%E0%B8%B3%E0%B8%AB%E0%B8%A3%E0%B8%B1%E0%B8%9A-%E0%B8%82%E0%B8%B2%E0%B8%A2?type=used&page_number=59&page_size=26","2021 Mazda 2 1.3 (ปี 15-25) S Sports Leather Hatchback","2021 Mazda2 1.3S leather ราคา 299,000 บาท รถสวย สภาพเดิมๆ มือเดียว เซอร์วิสศูนย์ทุกระยะ ...","Mazda 2","100 - 105K กม.","กรุงเทพมหานคร","299,000 บาท","มือสอง","เกียร์อัตโนมัติ"
"1786479759-161","https://www.one2car.com/%E0%B8%A3%E0%B8%96-%E0%B8%AA%E0%B8%B3%E0%B8%AB%E0%B8%A3%E0%B8%B1%E0%B8%9A-%E0%B8%82%E0%B8%B2%E0%B8%A2?type=used&page_number=51&page_size=26","https://www.one2car.com/%E0%B8%A3%E0%B8%96-%E0%B8%AA%E0%B8%B3%E0%B8%AB%E0%B8%A3%E0%B8%B1%E0%B8%9A-%E0%B8%82%E0%B8%B2%E0%B8%A2?type=used&page_number=59&page_size=26","2022 Ford EVEREST 2.0 (ปี 15-22) Titanium Sport SUV","✅ รถมือหนึ่งออกห้าง รถบ้านแท้ 📌 ไม่ใช่รถเช่า รถยึด รถประมูล ✅ ขับดีมากๆ ...","Ford EVEREST","45 - 50K กม.","กรุงเทพมหานคร","729,000 บาท","มือสอง","เกียร์อัตโนมัติ"
"1786479759-162","https://www.one2car.com/%E0%B8%A3%E0%B8%96-%E0%B8%AA%E0%B8%B3%E0%B8%AB%E0%B8%A3%E0%B8%B1%E0%B8%9A-%E0%B8%82%E0%B8%B2%E0%B8%A2?type=used&page_number=51&page_size=26","https://www.one2car.com/%E0%B8%A3%E0%B8%96-%E0%B8%AA%E0%B8%B3%E0%B8%AB%E0%B8%A3%E0%B8%B1%E0%B8%9A-%E0%B8%82%E0%B8%B2%E0%B8%A2?type=used&page_number=59&page_size=26","2015 Isuzu MU-X 3.0 (ปี 13-19) DVD SUV","✅ รถบ้านแท้ 📌 ไม่ใช่รถเช่า รถยึด รถประมูล ✅ ขับดีมากๆ เจ้าของดูแลรักษาอย่างดี ...","Isuzu MU-X","185 - 190K กม.","กรุงเทพมหานคร","459,000 บาท","มือสอง","เกียร์อัตโนมัติ"
"1786479759-163","https://www.one2car.com/%E0%B8%A3%E0%B8%96-%E0%B8%AA%E0%B8%B3%E0%B8%AB%E0%B8%A3%E0%B8%B1%E0%B8%9A-%E0%B8%82%E0%B8%B2%E0%B8%A2?type=used&page_number=51&page_size=26","https://www.one2car.com/%E0%B8%A3%E0%B8%96-%E0%B8%AA%E0%B8%B3%E0%B8%AB%E0%B8%A3%E0%B8%B1%E0%B8%9A-%E0%B8%82%E0%B8%B2%E0%B8%A2?type=used&page_number=59&page_size=26","2022 Toyota FORTUNER 2.4 (ปี 15-25) Legender SUV - 4WD","✅ รถมือหนึ่งออกห้าง รถบ้านแท้ 📌 ไม่ใช่รถเช่า รถยึด รถประมูล ✅ ขับดีมากๆ ...","Toyota FORTUNER","30 - 35K กม.","กรุงเทพมหานคร","1,099,000 บาท","มือสอง","เกียร์อัตโนมัติ"
"1786479759-164","https://www.one2car.com/%E0%B8%A3%E0%B8%96-%E0%B8%AA%E0%B8%B3%E0%B8%AB%E0%B8%A3%E0%B8%B1%E0%B8%9A-%E0%B8%82%E0%B8%B2%E0%B8%A2?type=used&page_number=51&page_size=26","https://www.one2car.com/%E0%B8%A3%E0%B8%96-%E0%B8%AA%E0%B8%B3%E0%B8%AB%E0%B8%A3%E0%B8%B1%E0%B8%9A-%E0%B8%82%E0%B8%B2%E0%B8%A2?type=used&page_number=59&page_size=26","2019 Honda CIVIC 1.5 FK (ปี 17-21) Turbo Hatchback","✅ รถมือหนึ่งออกห้าง รถบ้านแท้ 📌 ไม่ใช่รถเช่า รถยึด รถประมูล ✅ ขับดีมากๆ ...","Honda CIVIC","85 - 90K กม.","กรุงเทพมหานคร","659,000 บาท","มือสอง","เกียร์อัตโนมัติ"
"1786479763-165","https://www.one2car.com/%E0%B8%A3%E0%B8%96-%E0%B8%AA%E0%B8%B3%E0%B8%AB%E0%B8%A3%E0%B8%B1%E0%B8%9A-%E0%B8%82%E0%B8%B2%E0%B8%A2?type=used&page_number=51&page_size=26","https://www.one2car.com/%E0%B8%A3%E0%B8%96-%E0%B8%AA%E0%B8%B3%E0%B8%AB%E0%B8%A3%E0%B8%B1%E0%B8%9A-%E0%B8%82%E0%B8%B2%E0%B8%A2?type=used&page_number=60&page_size=26","2019 Toyota CAMRY 2.5 (ปี 18-24) G Sedan","✅ รถบ้านแท้ 📌 ไม่ใช่รถเช่า รถยึด รถประมูล ✅ ขับดีมากๆ เจ้าของดูแลรักษาอย่างดี ...","Toyota CAMRY","100 - 105K กม.","กรุงเทพมหานคร","699,000 บาท","มือสอง","เกียร์อัตโนมัติ"
"1786479763-166","https://www.one2car.com/%E0%B8%A3%E0%B8%96-%E0%B8%AA%E0%B8%B3%E0%B8%AB%E0%B8%A3%E0%B8%B1%E0%B8%9A-%E0%B8%82%E0%B8%B2%E0%B8%A2?type=used&page_number=51&page_size=26","https://www.one2car.com/%E0%B8%A3%E0%B8%96-%E0%B8%AA%E0%B8%B3%E0%B8%AB%E0%B8%A3%E0%B8%B1%E0%B8%9A-%E0%B8%82%E0%B8%B2%E0%B8%A2?type=used&page_number=60&page_size=26","2017 Mercedes-Benz E220 2.0 W213 (ปี 16-23) d AMG Dynamic ...","✅ รถบ้านแท้ 📌 ไม่ใช่รถเช่า รถยึด รถประมูล ✅ ขับดีมากๆ เจ้าของดูแลรักษาอย่างดี ...","Mercedes-Benz E220","110 - 115K กม.","กรุงเทพมหานคร","1,059,000 บาท","มือสอง","เกียร์อัตโนมัติ"
"1786479763-167","https://www.one2car.com/%E0%B8%A3%E0%B8%96-%E0%B8%AA%E0%B8%B3%E0%B8%AB%E0%B8%A3%E0%B8%B1%E0%B8%9A-%E0%B8%82%E0%B8%B2%E0%B8%A2?type=used&page_number=51&page_size=26","https://www.one2car.com/%E0%B8%A3%E0%B8%96-%E0%B8%AA%E0%B8%B3%E0%B8%AB%E0%B8%A3%E0%B8%B1%E0%B8%9A-%E0%B8%82%E0%B8%B2%E0%B8%A2?type=used&page_number=60&page_size=26","2022 Honda CR-V 2.4 (ปี 17-21) ES SUV - AWD","✅ Warranty ศูนย์ ✅ รถมือหนึ่งออกห้าง รถบ้านแท้ 📌 ไม่ใช่รถเช่า รถยึด รถประมูล ✅ ขับดีมากๆ ...","Honda CR-V","45 - 50K กม.","กรุงเทพมหานคร","759,000 บาท","มือสอง","เกียร์อัตโนมัติ"
"1786479763-168","https://www.one2car.com/%E0%B8%A3%E0%B8%96-%E0%B8%AA%E0%B8%B3%E0%B8%AB%E0%B8%A3%E0%B8%B1%E0%B8%9A-%E0%B8%82%E0%B8%B2%E0%B8%A2?type=used&page_number=51&page_size=26","https://www.one2car.com/%E0%B8%A3%E0%B8%96-%E0%B8%AA%E0%B8%B3%E0%B8%AB%E0%B8%A3%E0%B8%B1%E0%B8%9A-%E0%B8%82%E0%B8%B2%E0%B8%A2?type=used&page_number=60&page_size=26","2019 Honda ACCORD 1.5 (ปี 19-23) Turbo EL Sedan","✅ รถบ้านแท้ 📌 ไม่ใช่รถเช่า รถยึด รถประมูล ✅ ขับดีมากๆ เจ้าของดูแลรักษาอย่างดี ...","Honda ACCORD","115 - 120K กม.","กรุงเทพมหานคร","649,000 บาท","มือสอง","เกียร์อัตโนมัติ"
"1786479763-169","https://www.one2car.com/%E0%B8%A3%E0%B8%96-%E0%B8%AA%E0%B8%B3%E0%B8%AB%E0%B8%A3%E0%B8%B1%E0%B8%9A-%E0%B8%82%E0%B8%B2%E0%B8%A2?type=used&page_number=51&page_size=26","https://www.one2car.com/%E0%B8%A3%E0%B8%96-%E0%B8%AA%E0%B8%B3%E0%B8%AB%E0%B8%A3%E0%B8%B1%E0%B8%9A-%E0%B8%82%E0%B8%B2%E0%B8%A2?type=used&page_number=60&page_size=26","2018 Ford RANGER 2.2 Double Cab (ปี 15-21) WildTrak Hi-Rid...","✅ รถมือหนึ่งออกห้าง รถบ้านแท้ 📌 ไม่ใช่รถเช่า รถยึด รถประมูล ✅ ขับดีมากๆ ...","Ford RANGER","125 - 130K กม.","กรุงเทพมหานคร","399,000 บาท","มือสอง","เกียร์อัตโนมัติ"
"1786479763-170","https://www.one2car.com/%E0%B8%A3%E0%B8%96-%E0%B8%AA%E0%B8%B3%E0%B8%AB%E0%B8%A3%E0%B8%B1%E0%B8%9A-%E0%B8%82%E0%B8%B2%E0%B8%A2?type=used&page_number=51&page_size=26","https://www.one2car.com/%E0%B8%A3%E0%B8%96-%E0%B8%AA%E0%B8%B3%E0%B8%AB%E0%B8%A3%E0%B8%B1%E0%B8%9A-%E0%B8%82%E0%B8%B2%E0%B8%A2?type=used&page_number=60&page_size=26","2021 Toyota HILUX REVO 2.4 Double Cab Prerunner High Picku...","✅ รถมือหนึ่งออกห้าง รถบ้านแท้ 📌 ไม่ใช่รถเช่า รถยึด รถประมูล ✅ ขับดีมากๆ ...","Toyota HILUX REVO","65 - 70K กม.","กรุงเทพมหานคร","629,000 บาท","มือสอง","เกียร์อัตโนมัติ"
"1786479763-171","https://www.one2car.com/%E0%B8%A3%E0%B8%96-%E0%B8%AA%E0%B8%B3%E0%B8%AB%E0%B8%A3%E0%B8%B1%E0%B8%9A-%E0%B8%82%E0%B8%B2%E0%B8%A2?type=used&page_number=51&page_size=26","https://www.one2car.com/%E0%B8%A3%E0%B8%96-%E0%B8%AA%E0%B8%B3%E0%B8%AB%E0%B8%A3%E0%B8%B1%E0%B8%9A-%E0%B8%82%E0%B8%B2%E0%B8%A2?type=used&page_number=60&page_size=26","2023 Honda City 1.0 (ปี 19-26) RS Sedan","✅ รถมือหนึ่งออกห้าง รถบ้านแท้ 📌 ไม่ใช่รถเช่า รถยึด รถประมูล ✅ ขับดีมากๆ ...","Honda City","15 - 20K กม.","กรุงเทพมหานคร","479,000 บาท","มือสอง","เกียร์อัตโนมัติ"
"1786479763-172","https://www.one2car.com/%E0%B8%A3%E0%B8%96-%E0%B8%AA%E0%B8%B3%E0%B8%AB%E0%B8%A3%E0%B8%B1%E0%B8%9A-%E0%B8%82%E0%B8%B2%E0%B8%A2?type=used&page_number=51&page_size=26","https://www.one2car.com/%E0%B8%A3%E0%B8%96-%E0%B8%AA%E0%B8%B3%E0%B8%AB%E0%B8%A3%E0%B8%B1%E0%B8%9A-%E0%B8%82%E0%B8%B2%E0%B8%A2?type=used&page_number=60&page_size=26","2019 Mazda 2 1.3 (ปี 15-25) High Connect Sedan","✅ รถมือหนึ่งออกห้าง รถบ้านแท้ 📌 ไม่ใช่รถเช่า รถยึด รถประมูล ✅ ขับดีมากๆ ...","Mazda 2","75 - 80K กม.","กรุงเทพมหานคร","279,000 บาท","มือสอง","เกียร์อัตโนมัติ"
"1786479763-173","https://www.one2car.com/%E0%B8%A3%E0%B8%96-%E0%B8%AA%E0%B8%B3%E0%B8%AB%E0%B8%A3%E0%B8%B1%E0%B8%9A-%E0%B8%82%E0%B8%B2%E0%B8%A2?type=used&page_number=51&page_size=26","https://www.one2car.com/%E0%B8%A3%E0%B8%96-%E0%B8%AA%E0%B8%B3%E0%B8%AB%E0%B8%A3%E0%B8%B1%E0%B8%9A-%E0%B8%82%E0%B8%B2%E0%B8%A2?type=used&page_number=60&page_size=26","2023 Toyota Yaris Ativ 1.2 (ปี 22-28) Sport Sedan","✅ Warranty 2027 ✅ รถมือหนึ่งออกห้าง รถบ้านแท้ 📌 ไม่ใช่รถเช่า รถยึด รถประมูล ✅ ขับดีมากๆ ...","Toyota Yaris Ativ","55 - 60K กม.","กรุงเทพมหานคร","429,000 บาท","มือสอง","เกียร์อัตโนมัติ"
"1786479763-174","https://www.one2car.com/%E0%B8%A3%E0%B8%96-%E0%B8%AA%E0%B8%B3%E0%B8%AB%E0%B8%A3%E0%B8%B1%E0%B8%9A-%E0%B8%82%E0%B8%B2%E0%B8%A2?type=used&page_number=51&page_size=26","https://www.one2car.com/%E0%B8%A3%E0%B8%96-%E0%B8%AA%E0%B8%B3%E0%B8%AB%E0%B8%A3%E0%B8%B1%E0%B8%9A-%E0%B8%82%E0%B8%B2%E0%B8%A2?type=used&page_number=60&page_size=26","2016 Honda HR-V 1.8 (ปี 14-18) E Limited SUV","✅ รถมือหนึ่งออกห้าง รถบ้านแท้ 📌 ไม่ใช่รถเช่า รถยึด รถประมูล ✅ ขับดีมากๆ ...","Honda HR-V","120 - 125K กม.","กรุงเทพมหานคร","359,000 บาท","มือสอง","เกียร์อัตโนมัติ"
"1786479763-175","https://www.one2car.com/%E0%B8%A3%E0%B8%96-%E0%B8%AA%E0%B8%B3%E0%B8%AB%E0%B8%A3%E0%B8%B1%E0%B8%9A-%E0%B8%82%E0%B8%B2%E0%B8%A2?type=used&page_number=51&page_size=26","https://www.one2car.com/%E0%B8%A3%E0%B8%96-%E0%B8%AA%E0%B8%B3%E0%B8%AB%E0%B8%A3%E0%B8%B1%E0%B8%9A-%E0%B8%82%E0%B8%B2%E0%B8%A2?type=used&page_number=60&page_size=26","2024 Toyota Corolla Cross 1.8 (ปี 20-26) Sport SUV","✅ สวยสภาพป้ายแดง ✅ รถมือหนึ่งออกห้าง รถบ้านแท้ 📌 ไม่ใช่รถเช่า รถยึด รถประมูล ✅ ขับดีมากๆ ...","","15 - 20K กม.","กรุงเทพมหานคร","699,000 บาท","มือสอง","เกียร์อัตโนมัติ"
"1786479763-176","https://www.one2car.com/%E0%B8%A3%E0%B8%96-%E0%B8%AA%E0%B8%B3%E0%B8%AB%E0%B8%A3%E0%B8%B1%E0%B8%9A-%E0%B8%82%E0%B8%B2%E0%B8%A2?type=used&page_number=51&page_size=26","https://www.one2car.com/%E0%B8%A3%E0%B8%96-%E0%B8%AA%E0%B8%B3%E0%B8%AB%E0%B8%A3%E0%B8%B1%E0%B8%9A-%E0%B8%82%E0%B8%B2%E0%B8%A2?type=used&page_number=60&page_size=26","2024 BMW X7 3.0 G07 (ปี 19-26) xDrive40d M Sport SUV - 4WD...","#Bmw X7 xDrive40d M sport ปี 2024 Warp ใสกันรอยไว้ทั้งคัน ยางรันแฟลตใหม่ 4 เส้น ✅Bsi ...","","52000 กม.","กรุงเทพมหานคร","3,890,000 บาท","มือสอง","เกียร์อัตโนมัติ"
"1786479763-177","https://www.one2car.com/%E0%B8%A3%E0%B8%96-%E0%B8%AA%E0%B8%B3%E0%B8%AB%E0%B8%A3%E0%B8%B1%E0%B8%9A-%E0%B8%82%E0%B8%B2%E0%B8%A2?type=used&page_number=51&page_size=26","https://www.one2car.com/%E0%B8%A3%E0%B8%96-%E0%B8%AA%E0%B8%B3%E0%B8%AB%E0%B8%A3%E0%B8%B1%E0%B8%9A-%E0%B8%82%E0%B8%B2%E0%B8%A2?type=used&page_number=60&page_size=26","2020 Honda City 1.0 (ปี 19-26) SV Sedan","🚗 Honda City 1.0 Turbo SV (รุ่นรองท็อป) ปี 63 ____________________________________ ✨ ...","Honda City","80 - 85K กม.","เชียงใหม่","395,000 บาท","มือสอง","เกียร์อัตโนมัติ"
"1786479763-178","https://www.one2car.com/%E0%B8%A3%E0%B8%96-%E0%B8%AA%E0%B8%B3%E0%B8%AB%E0%B8%A3%E0%B8%B1%E0%B8%9A-%E0%B8%82%E0%B8%B2%E0%B8%A2?type=used&page_number=51&page_size=26","https://www.one2car.com/%E0%B8%A3%E0%B8%96-%E0%B8%AA%E0%B8%B3%E0%B8%AB%E0%B8%A3%E0%B8%B1%E0%B8%9A-%E0%B8%82%E0%B8%B2%E0%B8%A2?type=used&page_number=60&page_size=26","2021 BMW X3 2.0 G01 (ปี 18-23) xDrive20d M Sport SUV - AWD...","Bmw x3 xDrive20d M sport ปี 2022 ไมล์ 63,000 km. -Bsi 21/7/2026 หรือ 100,000 โล -Warranty ...","BMW X3","65000 กม.","กรุงเทพมหานคร","1,580,000 บาท","มือสอง","เกียร์อัตโนมัติ"
"1786479763-179","https://www.one2car.com/%E0%B8%A3%E0%B8%96-%E0%B8%AA%E0%B8%B3%E0%B8%AB%E0%B8%A3%E0%B8%B1%E0%B8%9A-%E0%B8%82%E0%B8%B2%E0%B8%A2?type=used&page_number=51&page_size=26","https://www.one2car.com/%E0%B8%A3%E0%B8%96-%E0%B8%AA%E0%B8%B3%E0%B8%AB%E0%B8%A3%E0%B8%B1%E0%B8%9A-%E0%B8%82%E0%B8%B2%E0%B8%A2?type=used&page_number=60&page_size=26","2013 Suzuki SWIFT 1.2 (ปี 12-17) GLX Hatchback","Suzuki Swift 1.25 GLX AT 2013 ✨️ รถบ้านรุ่น Top สุด GLX ✨️ น๊อตเดิมทั้งคัน ไม่เคยชน ...","Suzuki SWIFT","190 - 195K กม.","กรุงเทพมหานคร","169,000 บาท","มือสอง","เกียร์อัตโนมัติ"
"1786479763-180","https://www.one2car.com/%E0%B8%A3%E0%B8%96-%E0%B8%AA%E0%B8%B3%E0%B8%AB%E0%B8%A3%E0%B8%B1%E0%B8%9A-%E0%B8%82%E0%B8%B2%E0%B8%A2?type=used&page_number=51&page_size=26","https://www.one2car.com/%E0%B8%A3%E0%B8%96-%E0%B8%AA%E0%B8%B3%E0%B8%AB%E0%B8%A3%E0%B8%B1%E0%B8%9A-%E0%B8%82%E0%B8%B2%E0%B8%A2?type=used&page_number=60&page_size=26","2020 BMW 320d 2.0 F34 (ปี 13-16) Gran Turismo M Sport Seda...","เข้าใหม่ 320d GT Sport ปี 2020 - ไมล์น้อย 81,xxx km. - เครื่องดีเซล **BSI ฟรีค่าอะไหล่ฟรี ...","BMW 320d","81000 กม.","กรุงเทพมหานคร","890,000 บาท","มือสอง","เกียร์อัตโนมัติ"
"1786479763-181","https://www.one2car.com/%E0%B8%A3%E0%B8%96-%E0%B8%AA%E0%B8%B3%E0%B8%AB%E0%B8%A3%E0%B8%B1%E0%B8%9A-%E0%B8%82%E0%B8%B2%E0%B8%A2?type=used&page_number=51&page_size=26","https://www.one2car.com/%E0%B8%A3%E0%B8%96-%E0%B8%AA%E0%B8%B3%E0%B8%AB%E0%B8%A3%E0%B8%B1%E0%B8%9A-%E0%B8%82%E0%B8%B2%E0%B8%A2?type=used&page_number=60&page_size=26","2015 Toyota YARIS 1.2 (ปี 13-17) J Hatchback","Toyota Yaris AT 2015 🇯🇵 ✨️รถปี 2015 จดทะเบียน 2015 แท้✨️ เครื่องเบนซิน 1.2 AT ไม่เคยแก๊ส ...","Toyota YARIS","105 - 110K กม.","กรุงเทพมหานคร","189,000 บาท","มือสอง","เกียร์อัตโนมัติ"
"1786479763-182","https://www.one2car.com/%E0%B8%A3%E0%B8%96-%E0%B8%AA%E0%B8%B3%E0%B8%AB%E0%B8%A3%E0%B8%B1%E0%B8%9A-%E0%B8%82%E0%B8%B2%E0%B8%A2?type=used&page_number=51&page_size=26","https://www.one2car.com/%E0%B8%A3%E0%B8%96-%E0%B8%AA%E0%B8%B3%E0%B8%AB%E0%B8%A3%E0%B8%B1%E0%B8%9A-%E0%B8%82%E0%B8%B2%E0%B8%A2?type=used&page_number=60&page_size=26","2018 BMW 530e 2.0 G30 (ปี 17-22) M Sport Sedan","BMW 530e M sport ปี 2018 ไมล์ 68,000 km. ✅ BSI ซื้อเพิ่ม ถึง 8/4/2570 -เครื่องยนต์เบนซิน ...","","68000 กม.","กรุงเทพมหานคร","890,000 บาท","มือสอง","เกียร์อัตโนมัติ"
"1786479763-183","https://www.one2car.com/%E0%B8%A3%E0%B8%96-%E0%B8%AA%E0%B8%B3%E0%B8%AB%E0%B8%A3%E0%B8%B1%E0%B8%9A-%E0%B8%82%E0%B8%B2%E0%B8%A2?type=used&page_number=51&page_size=26","https://www.one2car.com/%E0%B8%A3%E0%B8%96-%E0%B8%AA%E0%B8%B3%E0%B8%AB%E0%B8%A3%E0%B8%B1%E0%B8%9A-%E0%B8%82%E0%B8%B2%E0%B8%A2?type=used&page_number=60&page_size=26","2011 Honda JAZZ 1.5 (ปี 08-14) SV Hatchback","Honda Jazz GE ตัว Top SV 2011 👉 สีส้มแท้ ไมล์ 18x,xxx กม. 👉 ตัว Top SV แท้ ทรงสวย ...","Honda JAZZ","180 - 185K กม.","กรุงเทพมหานคร","195,000 บาท","มือสอง","เกียร์อัตโนมัติ"
"1786479768-184","https://www.one2car.com/%E0%B8%A3%E0%B8%96-%E0%B8%AA%E0%B8%B3%E0%B8%AB%E0%B8%A3%E0%B8%B1%E0%B8%9A-%E0%B8%82%E0%B8%B2%E0%B8%A2?type=used&page_number=51&page_size=26","https://www.one2car.com/%E0%B8%A3%E0%B8%96-%E0%B8%AA%E0%B8%B3%E0%B8%AB%E0%B8%A3%E0%B8%B1%E0%B8%9A-%E0%B8%82%E0%B8%B2%E0%B8%A2?type=used&page_number=61&page_size=26","2024 Mercedes-Benz GLA200 1.3 W247 (ปี 20-27) AMG Dynamic ...","Benz GLA 200 AMG Facelift ปี 2024 ไมล์ 24,000 km. Warranty ถึง 15/02/2027 -เบนซิน 4 สูบ ...","","24000 กม.","กรุงเทพมหานคร","1,790,000 บาท","มือสอง","เกียร์อัตโนมัติ"
"1786479768-185","https://www.one2car.com/%E0%B8%A3%E0%B8%96-%E0%B8%AA%E0%B8%B3%E0%B8%AB%E0%B8%A3%E0%B8%B1%E0%B8%9A-%E0%B8%82%E0%B8%B2%E0%B8%A2?type=used&page_number=51&page_size=26","https://www.one2car.com/%E0%B8%A3%E0%B8%96-%E0%B8%AA%E0%B8%B3%E0%B8%AB%E0%B8%A3%E0%B8%B1%E0%B8%9A-%E0%B8%82%E0%B8%B2%E0%B8%A2?type=used&page_number=61&page_size=26","2011 Honda JAZZ 1.5 (ปี 08-14) S Hatchback","Honda Jazz GE 1.5 AT 2011 รถทรงดี บอดี้สวย แต่งครบพร้อมซิ่ง สีดำเงาฉ่ำสวยๆ หน้า-หลังเดิม ...","Honda JAZZ","200 - 205K กม.","กรุงเทพมหานคร","189,000 บาท","มือสอง","เกียร์อัตโนมัติ"
"1786479768-186","https://www.one2car.com/%E0%B8%A3%E0%B8%96-%E0%B8%AA%E0%B8%B3%E0%B8%AB%E0%B8%A3%E0%B8%B1%E0%B8%9A-%E0%B8%82%E0%B8%B2%E0%B8%A2?type=used&page_number=51&page_size=26","https://www.one2car.com/%E0%B8%A3%E0%B8%96-%E0%B8%AA%E0%B8%B3%E0%B8%AB%E0%B8%A3%E0%B8%B1%E0%B8%9A-%E0%B8%82%E0%B8%B2%E0%B8%A2?type=used&page_number=61&page_size=26","2021 BMW 520d 2.0 G30 (ปี 17-22) M Sport Sedan","Bmw 520d M sport ปี 2019 ไมล์ 68,196 -Bsi ถึง 30/10/2026 -Warranty ถึง 30/10/2026 ...","BMW 520d","68000 กม.","กรุงเทพมหานคร","","","เกียร์อัตโนมัติ"
"1786479768-187","https://www.one2car.com/%E0%B8%A3%E0%B8%96-%E0%B8%AA%E0%B8%B3%E0%B8%AB%E0%B8%A3%E0%B8%B1%E0%B8%9A-%E0%B8%82%E0%B8%B2%E0%B8%A2?type=used&page_number=51&page_size=26","https://www.one2car.com/%E0%B8%A3%E0%B8%96-%E0%B8%AA%E0%B8%B3%E0%B8%AB%E0%B8%A3%E0%B8%B1%E0%B8%9A-%E0%B8%82%E0%B8%B2%E0%B8%A2?type=used&page_number=61&page_size=26","2007 Honda CIVIC 1.8 FD (ปี 05-12) S (AS) Sedan","Honda Civic FD 2007 🇯🇵 ชุดแต่งรอบคัน ทำสีแดง Type R แจ้งสีลงเล่มแดงดำเรียบร้อย ล้อ CE28 ...","Honda CIVIC","200 - 205K กม.","กรุงเทพมหานคร","175,000 บาท","มือสอง","เกียร์อัตโนมัติ"
"1786479768-188","https://www.one2car.com/%E0%B8%A3%E0%B8%96-%E0%B8%AA%E0%B8%B3%E0%B8%AB%E0%B8%A3%E0%B8%B1%E0%B8%9A-%E0%B8%82%E0%B8%B2%E0%B8%A2?type=used&page_number=51&page_size=26","https://www.one2car.com/%E0%B8%A3%E0%B8%96-%E0%B8%AA%E0%B8%B3%E0%B8%AB%E0%B8%A3%E0%B8%B1%E0%B8%9A-%E0%B8%82%E0%B8%B2%E0%B8%A2?type=used&page_number=61&page_size=26","2013 Honda JAZZ 1.5 (ปี 08-14) V Hatchback","Honda Jazz GE 1.5 V 2012 🇯🇵 ✨️ออกรถ ธ.ค.2012 จด 2013✨️ เครื่องยนต์เบนซิน L15 เดิมๆ MT ...","Honda JAZZ","170 - 175K กม.","กรุงเทพมหานคร","189,000 บาท","มือสอง","เกียร์อัตโนมัติ"
"1786479768-189","https://www.one2car.com/%E0%B8%A3%E0%B8%96-%E0%B8%AA%E0%B8%B3%E0%B8%AB%E0%B8%A3%E0%B8%B1%E0%B8%9A-%E0%B8%82%E0%B8%B2%E0%B8%A2?type=used&page_number=51&page_size=26","https://www.one2car.com/%E0%B8%A3%E0%B8%96-%E0%B8%AA%E0%B8%B3%E0%B8%AB%E0%B8%A3%E0%B8%B1%E0%B8%9A-%E0%B8%82%E0%B8%B2%E0%B8%A2?type=used&page_number=61&page_size=26","2012 Nissan ALMERA 1.2 (ปี 11-19) E Sedan","Nissan Almera 1.2 E AT 2012 ✨️รถบ้าน ไมล์แท้วิ่งน้อย 65,xxx กม.✨️ เครื่องยนต์เบนซิน 1.2 ...","Nissan ALMERA","65 - 70K กม.","กรุงเทพมหานคร","115,000 บาท","มือสอง","เกียร์อัตโนมัติ"
"1786479768-190","https://www.one2car.com/%E0%B8%A3%E0%B8%96-%E0%B8%AA%E0%B8%B3%E0%B8%AB%E0%B8%A3%E0%B8%B1%E0%B8%9A-%E0%B8%82%E0%B8%B2%E0%B8%A2?type=used&page_number=51&page_size=26","https://www.one2car.com/%E0%B8%A3%E0%B8%96-%E0%B8%AA%E0%B8%B3%E0%B8%AB%E0%B8%A3%E0%B8%B1%E0%B8%9A-%E0%B8%82%E0%B8%B2%E0%B8%A2?type=used&page_number=61&page_size=26","2013 Nissan ALMERA 1.2 (ปี 11-19) ES Sedan","Nissan Almera 1.2 ES AT 2013 ✨️ ไมล์แท้วิ่งน้อย 76,000 กม. ✨️ รถปี ค.ศ. 2013 จด 2013 แท้ ...","Nissan ALMERA","75 - 80K กม.","กรุงเทพมหานคร","124,000 บาท","มือสอง","เกียร์อัตโนมัติ"
"1786479768-191","https://www.one2car.com/%E0%B8%A3%E0%B8%96-%E0%B8%AA%E0%B8%B3%E0%B8%AB%E0%B8%A3%E0%B8%B1%E0%B8%9A-%E0%B8%82%E0%B8%B2%E0%B8%A2?type=used&page_number=51&page_size=26","https://www.one2car.com/%E0%B8%A3%E0%B8%96-%E0%B8%AA%E0%B8%B3%E0%B8%AB%E0%B8%A3%E0%B8%B1%E0%B8%9A-%E0%B8%82%E0%B8%B2%E0%B8%A2?type=used&page_number=61&page_size=26","2005 Honda CIVIC 1.8 FD (ปี 05-12) E Sedan","Honda Civic FD 1.8 E AT 2005 ✨️รถบ้านสวยๆ สภาพดีมากกกกก✨️ เครื่องยนต์เดิมๆ 1.8 เกียร์ AT ...","Honda CIVIC","200 - 205K กม.","กรุงเทพมหานคร","139,000 บาท","มือสอง","เกียร์อัตโนมัติ"
"1786479768-192","https://www.one2car.com/%E0%B8%A3%E0%B8%96-%E0%B8%AA%E0%B8%B3%E0%B8%AB%E0%B8%A3%E0%B8%B1%E0%B8%9A-%E0%B8%82%E0%B8%B2%E0%B8%A2?type=used&page_number=51&page_size=26","https://www.one2car.com/%E0%B8%A3%E0%B8%96-%E0%B8%AA%E0%B8%B3%E0%B8%AB%E0%B8%A3%E0%B8%B1%E0%B8%9A-%E0%B8%82%E0%B8%B2%E0%B8%A2?type=used&page_number=61&page_size=26","2013 Nissan MARCH 1.2 (ปี 10-21) E Hatchback","Nissan March 1.2 E (MNC) MT 2013 🇯🇵 รถสวยมือเดียว ทรงหล่อ พร้อมซิ่ง เครื่องยนต์เบนซิน ...","Nissan MARCH","170 - 175K กม.","กรุงเทพมหานคร","109,000 บาท","มือสอง","เกียร์ธรรมดา"
"1786479768-193","https://www.one2car.com/%E0%B8%A3%E0%B8%96-%E0%B8%AA%E0%B8%B3%E0%B8%AB%E0%B8%A3%E0%B8%B1%E0%B8%9A-%E0%B8%82%E0%B8%B2%E0%B8%A2?type=used&page_number=51&page_size=26","https://www.one2car.com/%E0%B8%A3%E0%B8%96-%E0%B8%AA%E0%B8%B3%E0%B8%AB%E0%B8%A3%E0%B8%B1%E0%B8%9A-%E0%B8%82%E0%B8%B2%E0%B8%A2?type=used&page_number=61&page_size=26","2010 Nissan TEANA 2.0 (ปี 09-13) 200 XL Sedan","Nissan Teana (J32) 200XL 2010 รถปี ค.ศ.2010 จดทะเบียน 2010 แท้ รถสวยสภาพดี หรูหรา ...","Nissan TEANA","190 - 195K กม.","กรุงเทพมหานคร","139,000 บาท","มือสอง","เกียร์อัตโนมัติ"
"1786479768-194","https://www.one2car.com/%E0%B8%A3%E0%B8%96-%E0%B8%AA%E0%B8%B3%E0%B8%AB%E0%B8%A3%E0%B8%B1%E0%B8%9A-%E0%B8%82%E0%B8%B2%E0%B8%A2?type=used&page_number=51&page_size=26","https://www.one2car.com/%E0%B8%A3%E0%B8%96-%E0%B8%AA%E0%B8%B3%E0%B8%AB%E0%B8%A3%E0%B8%B1%E0%B8%9A-%E0%B8%82%E0%B8%B2%E0%B8%A2?type=used&page_number=61&page_size=26","2025 GWM Tank 300 2.4 (ปี 23-29) Ultra SUV","🚩🚩GWM TANK 300 2.4 T Diesel ULTRA 2025 ไมล์ 24,000Km เครื่องยนต์ดีเซล 4 สูบ DOHC 16 วาล์ว ...","","20 - 25K กม.","เชียงใหม่","950,000 บาท","มือสอง","เกียร์อัตโนมัติ"
"1786479768-195","https://www.one2car.com/%E0%B8%A3%E0%B8%96-%E0%B8%AA%E0%B8%B3%E0%B8%AB%E0%B8%A3%E0%B8%B1%E0%B8%9A-%E0%B8%82%E0%B8%B2%E0%B8%A2?type=used&page_number=51&page_size=26","https://www.one2car.com/%E0%B8%A3%E0%B8%96-%E0%B8%AA%E0%B8%B3%E0%B8%AB%E0%B8%A3%E0%B8%B1%E0%B8%9A-%E0%B8%82%E0%B8%B2%E0%B8%A2?type=used&page_number=61&page_size=26","2011 Honda CR-V 2.0 (ปี 06-12) E SUV - AWD","HONDA CR-V 2.0 E 4WD AT 2011 ออกรถ 0 บาท จัดได้ 219,000 บ. Line:@BBCAR1 ...","Honda CR-V","301000 กม.","กรุงเทพมหานคร","","","เกียร์อัตโนมัติ"
"1786479768-196","https://www.one2car.com/%E0%B8%A3%E0%B8%96-%E0%B8%AA%E0%B8%B3%E0%B8%AB%E0%B8%A3%E0%B8%B1%E0%B8%9A-%E0%B8%82%E0%B8%B2%E0%B8%A2?type=used&page_number=51&page_size=26","https://www.one2car.com/%E0%B8%A3%E0%B8%96-%E0%B8%AA%E0%B8%B3%E0%B8%AB%E0%B8%A3%E0%B8%B1%E0%B8%9A-%E0%B8%82%E0%B8%B2%E0%B8%A2?type=used&page_number=61&page_size=26","2022 Toyota FORTUNER 2.4 (ปี 15-25) Legender SUV","TOYOTA FORTUNER 2.4 LEGENDER BLACK TOP AT 2022 ออกรถ 0 บาท รหัสรถ 3B832 Line: @bbcar03 ...","Toyota FORTUNER","120 - 125K กม.","กรุงเทพมหานคร","","","เกียร์อัตโนมัติ"
"1786479768-197","https://www.one2car.com/%E0%B8%A3%E0%B8%96-%E0%B8%AA%E0%B8%B3%E0%B8%AB%E0%B8%A3%E0%B8%B1%E0%B8%9A-%E0%B8%82%E0%B8%B2%E0%B8%A2?type=used&page_number=51&page_size=26","https://www.one2car.com/%E0%B8%A3%E0%B8%96-%E0%B8%AA%E0%B8%B3%E0%B8%AB%E0%B8%A3%E0%B8%B1%E0%B8%9A-%E0%B8%82%E0%B8%B2%E0%B8%A2?type=used&page_number=61&page_size=26","2015 Mazda 2 1.5 (ปี 15-25) XD Sports High Connect Hatchba...","2016 Mazda 2 1.5 XD High Connect (ดีเซล) hatchback รุ่นท็อปสุด 💥 𝕡𝕣𝕠𝕞𝕠𝕥𝕚𝕠𝕟 💥 🔥 ...","Mazda 2","85 - 90K กม.","กรุงเทพมหานคร","","","เกียร์อัตโนมัติ"
"1786479768-198","https://www.one2car.com/%E0%B8%A3%E0%B8%96-%E0%B8%AA%E0%B8%B3%E0%B8%AB%E0%B8%A3%E0%B8%B1%E0%B8%9A-%E0%B8%82%E0%B8%B2%E0%B8%A2?type=used&page_number=51&page_size=26","https://www.one2car.com/%E0%B8%A3%E0%B8%96-%E0%B8%AA%E0%B8%B3%E0%B8%AB%E0%B8%A3%E0%B8%B1%E0%B8%9A-%E0%B8%82%E0%B8%B2%E0%B8%A2?type=used&page_number=61&page_size=26","2019 Toyota FORTUNER 2.4 (ปี 15-25) V SUV","TOYOTA FORTUNER 2.4 V AT 2019 ออกรถ 0 บาท รหัสรถ 5D165 Line: ID @BBCAR05 คลิ๊กที่ลิงก์ ...","Toyota FORTUNER","220 - 225K กม.","สมุทรสาคร","","","เกียร์อัตโนมัติ"
"1786479768-199","https://www.one2car.com/%E0%B8%A3%E0%B8%96-%E0%B8%AA%E0%B8%B3%E0%B8%AB%E0%B8%A3%E0%B8%B1%E0%B8%9A-%E0%B8%82%E0%B8%B2%E0%B8%A2?type=used&page_number=51&page_size=26","https://www.one2car.com/%E0%B8%A3%E0%B8%96-%E0%B8%AA%E0%B8%B3%E0%B8%AB%E0%B8%A3%E0%B8%B1%E0%B8%9A-%E0%B8%82%E0%B8%B2%E0%B8%A2?type=used&page_number=61&page_size=26","2019 Ford RANGER 2.0 Double Cab (ปี 15-21) Hi-Rider Limite...","FORD RANGER 2.0 LIMITED HI-RIDER DOUBLECAB AT 2019 ออกรถ 0 บาท จัดได้ 469,000 บ. ...","Ford RANGER","120 - 125K กม.","กรุงเทพมหานคร","","","เกียร์อัตโนมัติ"
"1786479768-200","https://www.one2car.com/%E0%B8%A3%E0%B8%96-%E0%B8%AA%E0%B8%B3%E0%B8%AB%E0%B8%A3%E0%B8%B1%E0%B8%9A-%E0%B8%82%E0%B8%B2%E0%B8%A2?type=used&page_number=51&page_size=26","https://www.one2car.com/%E0%B8%A3%E0%B8%96-%E0%B8%AA%E0%B8%B3%E0%B8%AB%E0%B8%A3%E0%B8%B1%E0%B8%9A-%E0%B8%82%E0%B8%B2%E0%B8%A2?type=used&page_number=61&page_size=26","2021 Toyota Corolla Cross 1.8 (ปี 20-26) Sport SUV","TOYOTA COROLLA CROSS 1.8 SPORT AT 2021 ออกรถ 0 บาท จัดได้ 579,000 บ. Line:@BBCAR1 ...","","80 - 85K กม.","กรุงเทพมหานคร","","","เกียร์อัตโนมัติ"
"1786479768-201","https://www.one2car.com/%E0%B8%A3%E0%B8%96-%E0%B8%AA%E0%B8%B3%E0%B8%AB%E0%B8%A3%E0%B8%B1%E0%B8%9A-%E0%B8%82%E0%B8%B2%E0%B8%A2?type=used&page_number=51&page_size=26","https://www.one2car.com/%E0%B8%A3%E0%B8%96-%E0%B8%AA%E0%B8%B3%E0%B8%AB%E0%B8%A3%E0%B8%B1%E0%B8%9A-%E0%B8%82%E0%B8%B2%E0%B8%A2?type=used&page_number=61&page_size=26","2016 Toyota CAMRY 2.5 (ปี 12-18) Hybrid Sedan","รถมือสอง ! ⭐️ฟรีดาวน์ ออกรถ 0 บาท 💥มีเล่มพร้อมโอน💥 เบอร์ตรง **** ☎️ คุณบุษบา **** ...","Toyota CAMRY","0 - 5K กม.","กรุงเทพมหานคร","","","เกียร์อัตโนมัติ"
"1786479768-202","https://www.one2car.com/%E0%B8%A3%E0%B8%96-%E0%B8%AA%E0%B8%B3%E0%B8%AB%E0%B8%A3%E0%B8%B1%E0%B8%9A-%E0%B8%82%E0%B8%B2%E0%B8%A2?type=used&page_number=51&page_size=26","https://www.one2car.com/%E0%B8%A3%E0%B8%96-%E0%B8%AA%E0%B8%B3%E0%B8%AB%E0%B8%A3%E0%B8%B1%E0%B8%9A-%E0%B8%82%E0%B8%B2%E0%B8%A2?type=used&page_number=61&page_size=26","2022 Mitsubishi PAJERO SPORT 2.4 (ปี 19-25) GT Premium Eli...","✅Contact LINE @sitauto (มี@) | 87,xxxkm ELITE รุ่นพิเศษ ภายในน้ำตาล มือเดียว รถสวย สภาพดี ...","Mitsubishi PAJERO SPORT","87241 กม.","กรุงเทพมหานคร","","","เกียร์อัตโนมัติ"
"1786479768-203","https://www.one2car.com/%E0%B8%A3%E0%B8%96-%E0%B8%AA%E0%B8%B3%E0%B8%AB%E0%B8%A3%E0%B8%B1%E0%B8%9A-%E0%B8%82%E0%B8%B2%E0%B8%A2?type=used&page_number=51&page_size=26","https://www.one2car.com/%E0%B8%A3%E0%B8%96-%E0%B8%AA%E0%B8%B3%E0%B8%AB%E0%B8%A3%E0%B8%B1%E0%B8%9A-%E0%B8%82%E0%B8%B2%E0%B8%A2?type=used&page_number=61&page_size=26","2022 Ford EVEREST 2.0 (ปี 15-22) Titanium+ SUV - Titanium ...","✅Contact LINE @sitauto (มี@) | 83,xxx km มือเดียว ซันรูฟ ไมเนอร์เชนจ์ ...","Ford EVEREST","83461 กม.","กรุงเทพมหานคร","","","เกียร์อัตโนมัติ"
"1786479768-204","https://www.one2car.com/%E0%B8%A3%E0%B8%96-%E0%B8%AA%E0%B8%B3%E0%B8%AB%E0%B8%A3%E0%B8%B1%E0%B8%9A-%E0%B8%82%E0%B8%B2%E0%B8%A2?type=used&page_number=51&page_size=26","https://www.one2car.com/%E0%B8%A3%E0%B8%96-%E0%B8%AA%E0%B8%B3%E0%B8%AB%E0%B8%A3%E0%B8%B1%E0%B8%9A-%E0%B8%82%E0%B8%B2%E0%B8%A2?type=used&page_number=61&page_size=26","2021 Honda CR-V 1.6 (ปี 17-21) DT EL SUV - AWD AT","✅Contact LINE @sitauto (มี@) | 71,xxx km ไมเนอร์เชนจ์ รุ่นท็อป ดีเซล AWD 7ที่นั่ง ...","Honda CR-V","71965 กม.","กรุงเทพมหานคร","","","เกียร์อัตโนมัติ"
"1786479768-205","https://www.one2car.com/%E0%B8%A3%E0%B8%96-%E0%B8%AA%E0%B8%B3%E0%B8%AB%E0%B8%A3%E0%B8%B1%E0%B8%9A-%E0%B8%82%E0%B8%B2%E0%B8%A2?type=used&page_number=51&page_size=26","https://www.one2car.com/%E0%B8%A3%E0%B8%96-%E0%B8%AA%E0%B8%B3%E0%B8%AB%E0%B8%A3%E0%B8%B1%E0%B8%9A-%E0%B8%82%E0%B8%B2%E0%B8%A2?type=used&page_number=61&page_size=26","2020 Honda City 1.0 (ปี 19-26) V Sedan","🚩🚩HONDA CITY 1.0 TURBO V CVT 2020 ไมล์ 45,000Km เครื่องยนต์เบนซิน 3 สูบ DOHC 12 วาล์ว 988 ...","Honda City","45 - 50K กม.","เชียงใหม่","398,000 บาท","มือสอง","เกียร์อัตโนมัติ"
"1786479768-206","https://www.one2car.com/%E0%B8%A3%E0%B8%96-%E0%B8%AA%E0%B8%B3%E0%B8%AB%E0%B8%A3%E0%B8%B1%E0%B8%9A-%E0%B8%82%E0%B8%B2%E0%B8%A2?type=used&page_number=51&page_size=26","https://www.one2car.com/%E0%B8%A3%E0%B8%96-%E0%B8%AA%E0%B8%B3%E0%B8%AB%E0%B8%A3%E0%B8%B1%E0%B8%9A-%E0%B8%82%E0%B8%B2%E0%B8%A2?type=used&page_number=61&page_size=26","2021 Isuzu MU-X 1.9 (ปี 20-26) Ultimate SUV - AT","✅Contact LINE @sitauto (มี@) | 90,xxxkm รุ่นท็อป 1.9Ultimate มีระบบความปลอดภัยครบ ...","Isuzu MU-X","91259 กม.","กรุงเทพมหานคร","","","เกียร์อัตโนมัติ"
"1786479772-207","https://www.one2car.com/%E0%B8%A3%E0%B8%96-%E0%B8%AA%E0%B8%B3%E0%B8%AB%E0%B8%A3%E0%B8%B1%E0%B8%9A-%E0%B8%82%E0%B8%B2%E0%B8%A2?type=used&page_number=51&page_size=26","https://www.one2car.com/%E0%B8%A3%E0%B8%96-%E0%B8%AA%E0%B8%B3%E0%B8%AB%E0%B8%A3%E0%B8%B1%E0%B8%9A-%E0%B8%82%E0%B8%B2%E0%B8%A2?type=used&page_number=62&page_size=26","2018 Ford RANGER 2.0 Double Cab (ปี 15-21) Raptor Pickup -...","🚩🚩FORD RANGER RAPTOR 2.0 Bi-Turbo 10AT 4x4 2018 เครื่องยนต์ดีเซล EcoBlue TDCi 4 ...","Ford RANGER","135 - 140K กม.","เชียงใหม่","758,000 บาท","มือสอง","เกียร์อัตโนมัติ"
"1786479772-208","https://www.one2car.com/%E0%B8%A3%E0%B8%96-%E0%B8%AA%E0%B8%B3%E0%B8%AB%E0%B8%A3%E0%B8%B1%E0%B8%9A-%E0%B8%82%E0%B8%B2%E0%B8%A2?type=used&page_number=51&page_size=26","https://www.one2car.com/%E0%B8%A3%E0%B8%96-%E0%B8%AA%E0%B8%B3%E0%B8%AB%E0%B8%A3%E0%B8%B1%E0%B8%9A-%E0%B8%82%E0%B8%B2%E0%B8%A2?type=used&page_number=62&page_size=26","2024 GWM Tank 300 2.0 (ปี 23-29) Ultra SUV - 4WD","🚩🚩GWM TANK 300 2.0 HEV ULTRA 4WD 2023 จด 2024 ไมล์ 42,000Km รับประกันคุณภาพจากศูนย์ ...","","40 - 45K กม.","เชียงใหม่","1,090,000 บาท","มือสอง","เกียร์อัตโนมัติ"
"1786479772-209","https://www.one2car.com/%E0%B8%A3%E0%B8%96-%E0%B8%AA%E0%B8%B3%E0%B8%AB%E0%B8%A3%E0%B8%B1%E0%B8%9A-%E0%B8%82%E0%B8%B2%E0%B8%A2?type=used&page_number=51&page_size=26","https://www.one2car.com/%E0%B8%A3%E0%B8%96-%E0%B8%AA%E0%B8%B3%E0%B8%AB%E0%B8%A3%E0%B8%B1%E0%B8%9A-%E0%B8%82%E0%B8%B2%E0%B8%A2?type=used&page_number=62&page_size=26","2025 Toyota Yaris Cross 1.5 (ปี 23-29) HEV Premium Luxury ...","🚩🚩TOYOTA YARIS CROSS 1.5 HEV Premium Luxury 2024 จด 2025 ไมล์ 37,000Km เครื่องยนต์รหัส ...","","35 - 40K กม.","เชียงใหม่","788,000 บาท","มือสอง","เกียร์อัตโนมัติ"
"1786479772-210","https://www.one2car.com/%E0%B8%A3%E0%B8%96-%E0%B8%AA%E0%B8%B3%E0%B8%AB%E0%B8%A3%E0%B8%B1%E0%B8%9A-%E0%B8%82%E0%B8%B2%E0%B8%A2?type=used&page_number=51&page_size=26","https://www.one2car.com/%E0%B8%A3%E0%B8%96-%E0%B8%AA%E0%B8%B3%E0%B8%AB%E0%B8%A3%E0%B8%B1%E0%B8%9A-%E0%B8%82%E0%B8%B2%E0%B8%A2?type=used&page_number=62&page_size=26","2009 Toyota YARIS 1.5 (ปี 06-13) E Limited Hatchback","🔥#YARIS 1.5E ปี2009 ✅ รถบ้านสภาพสวยพร้อมใช้งาน บุ๊คเซอร์วิส+กุญแจสำรองครบ ราคา 139,000 ...","Toyota YARIS","190000 กม.","กรุงเทพมหานคร","139,000 บาท","มือสอง","เกียร์อัตโนมัติ"
"1786479772-211","https://www.one2car.com/%E0%B8%A3%E0%B8%96-%E0%B8%AA%E0%B8%B3%E0%B8%AB%E0%B8%A3%E0%B8%B1%E0%B8%9A-%E0%B8%82%E0%B8%B2%E0%B8%A2?type=used&page_number=51&page_size=26","https://www.one2car.com/%E0%B8%A3%E0%B8%96-%E0%B8%AA%E0%B8%B3%E0%B8%AB%E0%B8%A3%E0%B8%B1%E0%B8%9A-%E0%B8%82%E0%B8%B2%E0%B8%A2?type=used&page_number=62&page_size=26","2026 Toyota Hilux Travo 2.8 Double Cab 4Trek Overland Plus...","🚩🚩TOYOTA HILUX TRAVO 2.8 OVERLAND PLUS 4TREX 6AT 4x4 2025 จด 2026 ไมล์ 6,300Km ...","","5 - 10K กม.","เชียงใหม่","1,280,000 บาท","มือสอง","เกียร์อัตโนมัติ"
"1786479772-212","https://www.one2car.com/%E0%B8%A3%E0%B8%96-%E0%B8%AA%E0%B8%B3%E0%B8%AB%E0%B8%A3%E0%B8%B1%E0%B8%9A-%E0%B8%82%E0%B8%B2%E0%B8%A2?type=used&page_number=51&page_size=26","https://www.one2car.com/%E0%B8%A3%E0%B8%96-%E0%B8%AA%E0%B8%B3%E0%B8%AB%E0%B8%A3%E0%B8%B1%E0%B8%9A-%E0%B8%82%E0%B8%B2%E0%B8%A2?type=used&page_number=62&page_size=26","2019 Mercedes-Benz C250 2.0 W205 (ปี 14-19) AMG Dynamic Co...","🚩🚩MERCEDES-BENZ C250 Coupe 2.0 AMG Dynamic (W250) 2018 จด 2019 ไมล์ 85,000Km เครื่องยนต์ ...","","85 - 90K กม.","เชียงใหม่","1,290,000 บาท","มือสอง","เกียร์อัตโนมัติ"
"1786479772-213","https://www.one2car.com/%E0%B8%A3%E0%B8%96-%E0%B8%AA%E0%B8%B3%E0%B8%AB%E0%B8%A3%E0%B8%B1%E0%B8%9A-%E0%B8%82%E0%B8%B2%E0%B8%A2?type=used&page_number=51&page_size=26","https://www.one2car.com/%E0%B8%A3%E0%B8%96-%E0%B8%AA%E0%B8%B3%E0%B8%AB%E0%B8%A3%E0%B8%B1%E0%B8%9A-%E0%B8%82%E0%B8%B2%E0%B8%A2?type=used&page_number=62&page_size=26","2025 Honda HR-V 1.5 (ปี 22-28) e:HEV E SUV - e HEV E","🚩🚩HONDA HR-V 1.5 e:HEV E MNC 2025 ไมล์ 24,000Km เครื่องยนต์เบนซิน 4 สูบ DOHC 16 วาล์ว 1.5 ...","Honda HR-V","20 - 25K กม.","เชียงใหม่","798,000 บาท","มือสอง","เกียร์อัตโนมัติ"
"1786479772-214","https://www.one2car.com/%E0%B8%A3%E0%B8%96-%E0%B8%AA%E0%B8%B3%E0%B8%AB%E0%B8%A3%E0%B8%B1%E0%B8%9A-%E0%B8%82%E0%B8%B2%E0%B8%A2?type=used&page_number=51&page_size=26","https://www.one2car.com/%E0%B8%A3%E0%B8%96-%E0%B8%AA%E0%B8%B3%E0%B8%AB%E0%B8%A3%E0%B8%B1%E0%B8%9A-%E0%B8%82%E0%B8%B2%E0%B8%A2?type=used&page_number=62&page_size=26","2022 Toyota Corolla Cross 1.8 (ปี 20-26) Hybrid Premium Sa...","🚩🚩TOYOTA COROLLA CROSS 1.8 Hybrid Premium Safety 2021 จด 2022 ไมล์ 91,000Km ...","","90 - 95K กม.","เชียงใหม่","738,000 บาท","มือสอง","เกียร์อัตโนมัติ"
"1786479772-215","https://www.one2car.com/%E0%B8%A3%E0%B8%96-%E0%B8%AA%E0%B8%B3%E0%B8%AB%E0%B8%A3%E0%B8%B1%E0%B8%9A-%E0%B8%82%E0%B8%B2%E0%B8%A2?type=used&page_number=51&page_size=26","https://www.one2car.com/%E0%B8%A3%E0%B8%96-%E0%B8%AA%E0%B8%B3%E0%B8%AB%E0%B8%A3%E0%B8%B1%E0%B8%9A-%E0%B8%82%E0%B8%B2%E0%B8%A2?type=used&page_number=62&page_size=26","2023 Ford RANGER 2.0 Double Cab (ปี 22-28) Stormtrak Hi-Ri...","🚩🚩FORD RANGER STORMTRAK NEXT-GEN 2.0L Bi-Turbo 4x4 10AT DOUBLE CAB 2023 ไมล์ 39,000Km ...","Ford RANGER","35 - 40K กม.","เชียงใหม่","1,050,000 บาท","มือสอง","เกียร์อัตโนมัติ"
"1786479772-216","https://www.one2car.com/%E0%B8%A3%E0%B8%96-%E0%B8%AA%E0%B8%B3%E0%B8%AB%E0%B8%A3%E0%B8%B1%E0%B8%9A-%E0%B8%82%E0%B8%B2%E0%B8%A2?type=used&page_number=51&page_size=26","https://www.one2car.com/%E0%B8%A3%E0%B8%96-%E0%B8%AA%E0%B8%B3%E0%B8%AB%E0%B8%A3%E0%B8%B1%E0%B8%9A-%E0%B8%82%E0%B8%B2%E0%B8%A2?type=used&page_number=62&page_size=26","2022 Isuzu D-MAX 3.0 Cab-4 (ปี 19-26) Vcross M Pickup - 4W...","🚩🚩ISUZU D-MAX V-CROSS 3.0 Ddi M Hi-Lander Double Cab 6AT 4x4 ไมล์ 80,000Km 2022 ...","Isuzu D-MAX","80 - 85K กม.","เชียงใหม่","848,000 บาท","มือสอง","เกียร์อัตโนมัติ"
"1786479772-217","https://www.one2car.com/%E0%B8%A3%E0%B8%96-%E0%B8%AA%E0%B8%B3%E0%B8%AB%E0%B8%A3%E0%B8%B1%E0%B8%9A-%E0%B8%82%E0%B8%B2%E0%B8%A2?type=used&page_number=51&page_size=26","https://www.one2car.com/%E0%B8%A3%E0%B8%96-%E0%B8%AA%E0%B8%B3%E0%B8%AB%E0%B8%A3%E0%B8%B1%E0%B8%9A-%E0%B8%82%E0%B8%B2%E0%B8%A2?type=used&page_number=62&page_size=26","2023 Honda CR-V 2.0 (ปี 23-29) e:HEV RS SUV - e HEV RS AWD...","🚩🚩HONDA CR-V 2.0 e:HEV RS AWD 5 Seats 2023 ไมล์ 77,000Km เครื่องยนต์เบนซิน 4 สูบ DOHC 16 ...","Honda CR-V","75 - 80K กม.","เชียงใหม่","1,250,000 บาท","มือสอง","เกียร์อัตโนมัติ"
"1786479772-218","https://www.one2car.com/%E0%B8%A3%E0%B8%96-%E0%B8%AA%E0%B8%B3%E0%B8%AB%E0%B8%A3%E0%B8%B1%E0%B8%9A-%E0%B8%82%E0%B8%B2%E0%B8%A2?type=used&page_number=51&page_size=26","https://www.one2car.com/%E0%B8%A3%E0%B8%96-%E0%B8%AA%E0%B8%B3%E0%B8%AB%E0%B8%A3%E0%B8%B1%E0%B8%9A-%E0%B8%82%E0%B8%B2%E0%B8%A2?type=used&page_number=62&page_size=26","2025 Isuzu D-MAX 2.2 Space Cab (ปี 19-26) L Pickup","รถปีใหม่ ไมล์น้อยผ่อนเริ่ม 10,xxx-./เดือน เครดิตดีฟรีดาวน์* รับประกัน 5 ปี ...","Isuzu D-MAX","5 - 10K กม.","ชลบุรี","599,000 บาท","มือสอง","เกียร์ธรรมดา"
"1786479772-219","https://www.one2car.com/%E0%B8%A3%E0%B8%96-%E0%B8%AA%E0%B8%B3%E0%B8%AB%E0%B8%A3%E0%B8%B1%E0%B8%9A-%E0%B8%82%E0%B8%B2%E0%B8%A2?type=used&page_number=51&page_size=26","https://www.one2car.com/%E0%B8%A3%E0%B8%96-%E0%B8%AA%E0%B8%B3%E0%B8%AB%E0%B8%A3%E0%B8%B1%E0%B8%9A-%E0%B8%82%E0%B8%B2%E0%B8%A2?type=used&page_number=62&page_size=26","2019 Nissan X-TRAIL 2.5 (ปี 14-20) S SUV","รถ SUV ผ่อนเริ่ม 8,xxx-./เดือน เครดิตดีฟรีดาวน์* รับประกัน 5 ปี มีรถให้ใช้ระหว่างซ่อม ...","Nissan X-TRAIL","120 - 125K กม.","ฉะเชิงเทรา","509,000 บาท","มือสอง","เกียร์อัตโนมัติ"
"1786479772-220","https://www.one2car.com/%E0%B8%A3%E0%B8%96-%E0%B8%AA%E0%B8%B3%E0%B8%AB%E0%B8%A3%E0%B8%B1%E0%B8%9A-%E0%B8%82%E0%B8%B2%E0%B8%A2?type=used&page_number=51&page_size=26","https://www.one2car.com/%E0%B8%A3%E0%B8%96-%E0%B8%AA%E0%B8%B3%E0%B8%AB%E0%B8%A3%E0%B8%B1%E0%B8%9A-%E0%B8%82%E0%B8%B2%E0%B8%A2?type=used&page_number=62&page_size=26","2016 Toyota YARIS 1.2 (ปี 13-17) E Hatchback","ออกรถ 55 บาท ผ่อนเพียง 4,XXX **-. /เดือน ราคาพิเศษ 269,000 ราคากลาง : 240,000 ...","Toyota YARIS","33143 กม.","ระยอง","269,000 บาท","มือสอง","เกียร์อัตโนมัติ"
"1786479772-221","https://www.one2car.com/%E0%B8%A3%E0%B8%96-%E0%B8%AA%E0%B8%B3%E0%B8%AB%E0%B8%A3%E0%B8%B1%E0%B8%9A-%E0%B8%82%E0%B8%B2%E0%B8%A2?type=used&page_number=51&page_size=26","https://www.one2car.com/%E0%B8%A3%E0%B8%96-%E0%B8%AA%E0%B8%B3%E0%B8%AB%E0%B8%A3%E0%B8%B1%E0%B8%9A-%E0%B8%82%E0%B8%B2%E0%B8%A2?type=used&page_number=62&page_size=26","2020 Nissan NP 300 Navara 2.5 Double Cab Calibre V Pickup ...","รถกระบะ ผ่อนเริ่ม 8,xxx-./เดือน เครดิตดีฟรีดาวน์* รับประกัน 5 ปี มีรถให้ใช้ระหว่างซ่อม ...","Nissan NP 300 Navara","130 - 135K กม.","กรุงเทพมหานคร","429,000 บาท","มือสอง","เกียร์อัตโนมัติ"
"1786479772-222","https://www.one2car.com/%E0%B8%A3%E0%B8%96-%E0%B8%AA%E0%B8%B3%E0%B8%AB%E0%B8%A3%E0%B8%B1%E0%B8%9A-%E0%B8%82%E0%B8%B2%E0%B8%A2?type=used&page_number=51&page_size=26","https://www.one2car.com/%E0%B8%A3%E0%B8%96-%E0%B8%AA%E0%B8%B3%E0%B8%AB%E0%B8%A3%E0%B8%B1%E0%B8%9A-%E0%B8%82%E0%B8%B2%E0%B8%A2?type=used&page_number=62&page_size=26","2022 Mazda CX-5 2.0 (ปี 17-26) SP SUV","🔸CARS X คัดมาให้แล้วรถสวยคุณภาพดี MAZDA CX-5 2.0 SP สีแดง เกียร์ AT ปี 2021 เลขไมล์ ...","Mazda CX-5","125 - 130K กม.","กรุงเทพมหานคร","669,000 บาท","มือสอง","เกียร์อัตโนมัติ"
"1786479772-223","https://www.one2car.com/%E0%B8%A3%E0%B8%96-%E0%B8%AA%E0%B8%B3%E0%B8%AB%E0%B8%A3%E0%B8%B1%E0%B8%9A-%E0%B8%82%E0%B8%B2%E0%B8%A2?type=used&page_number=51&page_size=26","https://www.one2car.com/%E0%B8%A3%E0%B8%96-%E0%B8%AA%E0%B8%B3%E0%B8%AB%E0%B8%A3%E0%B8%B1%E0%B8%9A-%E0%B8%82%E0%B8%B2%E0%B8%A2?type=used&page_number=62&page_size=26","2023 Isuzu D-MAX 1.9 Cab-4 (ปี 19-26) Hi-Lander Z Pickup  ...","รถกระบะ ผ่อนเริ่ม 13,xxx-./เดือน เครดิตดีฟรีดาวน์* รับประกัน 5 ปี มีรถให้ใช้ระหว่างซ่อม ...","Isuzu D-MAX","49450 กม.","ปทุมธานี","669,000 บาท","มือสอง","เกียร์อัตโนมัติ"
"1786479772-224","https://www.one2car.com/%E0%B8%A3%E0%B8%96-%E0%B8%AA%E0%B8%B3%E0%B8%AB%E0%B8%A3%E0%B8%B1%E0%B8%9A-%E0%B8%82%E0%B8%B2%E0%B8%A2?type=used&page_number=51&page_size=26","https://www.one2car.com/%E0%B8%A3%E0%B8%96-%E0%B8%AA%E0%B8%B3%E0%B8%AB%E0%B8%A3%E0%B8%B1%E0%B8%9A-%E0%B8%82%E0%B8%B2%E0%B8%A2?type=used&page_number=62&page_size=26","2019 Honda ACCORD 1.5 (ปี 19-23) Turbo EL Sedan","รถเล็กระดับผู้บริหาร ผ่อนเริ่ม 11,xxx-./เดือน เครดิตดีฟรีดาวน์* รับประกัน 5 ปี ...","Honda ACCORD","140 - 145K กม.","ชลบุรี","649,000 บาท","มือสอง","เกียร์อัตโนมัติ"
"1786479772-225","https://www.one2car.com/%E0%B8%A3%E0%B8%96-%E0%B8%AA%E0%B8%B3%E0%B8%AB%E0%B8%A3%E0%B8%B1%E0%B8%9A-%E0%B8%82%E0%B8%B2%E0%B8%A2?type=used&page_number=51&page_size=26","https://www.one2car.com/%E0%B8%A3%E0%B8%96-%E0%B8%AA%E0%B8%B3%E0%B8%AB%E0%B8%A3%E0%B8%B1%E0%B8%9A-%E0%B8%82%E0%B8%B2%E0%B8%A2?type=used&page_number=62&page_size=26","2022 Honda HR-V 1.5 (ปี 22-28) e:HEV RS SUV - e HEV RS","🔸CARS X คัดมาให้แล้วรถสวยคุณภาพดี HONDA HR-V 1.5 e:HEV RS สีเทาดำ เกียร์ AT ปี 2021 ...","Honda HR-V","70 - 75K กม.","กรุงเทพมหานคร","749,000 บาท","มือสอง","เกียร์อัตโนมัติ"
"1786479772-226","https://www.one2car.com/%E0%B8%A3%E0%B8%96-%E0%B8%AA%E0%B8%B3%E0%B8%AB%E0%B8%A3%E0%B8%B1%E0%B8%9A-%E0%B8%82%E0%B8%B2%E0%B8%A2?type=used&page_number=51&page_size=26","https://www.one2car.com/%E0%B8%A3%E0%B8%96-%E0%B8%AA%E0%B8%B3%E0%B8%AB%E0%B8%A3%E0%B8%B1%E0%B8%9A-%E0%B8%82%E0%B8%B2%E0%B8%A2?type=used&page_number=62&page_size=26","2024 Toyota INNOVA 2.0 (ปี 23-29) Zenix HEV Premium Wagon ...","ออกรถ 55 บาท ผ่อนเพียง 18,XXX **-. /เดือน ราคาพิเศษ 1,089,000 ราคากลาง : 1,200,000 ...","Toyota INNOVA","19833 กม.","กรุงเทพมหานคร","1,089,000 บาท","มือสอง","เกียร์อัตโนมัติ"
"1786479777-227","https://www.one2car.com/%E0%B8%A3%E0%B8%96-%E0%B8%AA%E0%B8%B3%E0%B8%AB%E0%B8%A3%E0%B8%B1%E0%B8%9A-%E0%B8%82%E0%B8%B2%E0%B8%A2?type=used&page_number=51&page_size=26","https://www.one2car.com/%E0%B8%A3%E0%B8%96-%E0%B8%AA%E0%B8%B3%E0%B8%AB%E0%B8%A3%E0%B8%B1%E0%B8%9A-%E0%B8%82%E0%B8%B2%E0%B8%A2?type=used&page_number=63&page_size=26","2023 Isuzu D-MAX 1.9 Cab-4 (ปี 19-26) X-Series Speed Picku...","รถกระบะ ผ่อนเริ่ม 11,xxx-./เดือน เครดิตดีฟรีดาวน์* รับประกัน 5 ปี มีรถให้ใช้ระหว่างซ่อม ...","Isuzu D-MAX","20 - 25K กม.","กรุงเทพมหานคร","649,000 บาท","มือสอง","เกียร์ธรรมดา"
"1786479777-228","https://www.one2car.com/%E0%B8%A3%E0%B8%96-%E0%B8%AA%E0%B8%B3%E0%B8%AB%E0%B8%A3%E0%B8%B1%E0%B8%9A-%E0%B8%82%E0%B8%B2%E0%B8%A2?type=used&page_number=51&page_size=26","https://www.one2car.com/%E0%B8%A3%E0%B8%96-%E0%B8%AA%E0%B8%B3%E0%B8%AB%E0%B8%A3%E0%B8%B1%E0%B8%9A-%E0%B8%82%E0%B8%B2%E0%B8%A2?type=used&page_number=63&page_size=26","2021 MG ZS 1.5 (ปี 17-25) X SUV","รถเล็กขวัญใจวัยรุ่น ผ่อนเริ่ม 5,xxx-./เดือน เครดิตดีฟรีดาวน์* รับประกัน 5 เดือน ...","","70 - 75K กม.","ชลบุรี","349,000 บาท","มือสอง","เกียร์อัตโนมัติ"
"1786479777-229","https://www.one2car.com/%E0%B8%A3%E0%B8%96-%E0%B8%AA%E0%B8%B3%E0%B8%AB%E0%B8%A3%E0%B8%B1%E0%B8%9A-%E0%B8%82%E0%B8%B2%E0%B8%A2?type=used&page_number=51&page_size=26","https://www.one2car.com/%E0%B8%A3%E0%B8%96-%E0%B8%AA%E0%B8%B3%E0%B8%AB%E0%B8%A3%E0%B8%B1%E0%B8%9A-%E0%B8%82%E0%B8%B2%E0%B8%A2?type=used&page_number=63&page_size=26","2019 Honda BR-V 1.5 (ปี 16-20) SV SUV","รถ MPV ผ่อนเริ่ม 7,xxx-./เดือน เครดิตดีฟรีดาวน์* รับประกัน 5 ปี มีรถให้ใช้ระหว่างซ่อม ...","","85 - 90K กม.","ชลบุรี","429,000 บาท","มือสอง","เกียร์อัตโนมัติ"
"1786479777-230","https://www.one2car.com/%E0%B8%A3%E0%B8%96-%E0%B8%AA%E0%B8%B3%E0%B8%AB%E0%B8%A3%E0%B8%B1%E0%B8%9A-%E0%B8%82%E0%B8%B2%E0%B8%A2?type=used&page_number=51&page_size=26","https://www.one2car.com/%E0%B8%A3%E0%B8%96-%E0%B8%AA%E0%B8%B3%E0%B8%AB%E0%B8%A3%E0%B8%B1%E0%B8%9A-%E0%B8%82%E0%B8%B2%E0%B8%A2?type=used&page_number=63&page_size=26","2022 Toyota VIOS 1.5 (ปี 17-22) Entry Sedan","รถเล็ก ผ่อนเริ่ม 5,xxx-./เดือน เครดิตดีฟรีดาวน์* รับประกัน 5 ปี มีรถให้ใช้ระหว่างซ่อม ...","Toyota VIOS","75 - 80K กม.","สมุทรปราการ","349,000 บาท","มือสอง","เกียร์อัตโนมัติ"
"1786479777-231","https://www.one2car.com/%E0%B8%A3%E0%B8%96-%E0%B8%AA%E0%B8%B3%E0%B8%AB%E0%B8%A3%E0%B8%B1%E0%B8%9A-%E0%B8%82%E0%B8%B2%E0%B8%A2?type=used&page_number=51&page_size=26","https://www.one2car.com/%E0%B8%A3%E0%B8%96-%E0%B8%AA%E0%B8%B3%E0%B8%AB%E0%B8%A3%E0%B8%B1%E0%B8%9A-%E0%B8%82%E0%B8%B2%E0%B8%A2?type=used&page_number=63&page_size=26","2017 Toyota FORTUNER 2.4 (ปี 15-25) V SUV","🔸CARS X คัดมาให้แล้วรถสวยคุณภาพดี TOYOTA FORTUNER 2.4 V สีบรอนซ์ เกียร์ AT ปี 2017 ...","Toyota FORTUNER","150 - 155K กม.","กรุงเทพมหานคร","789,000 บาท","มือสอง","เกียร์อัตโนมัติ"
"1786479777-232","https://www.one2car.com/%E0%B8%A3%E0%B8%96-%E0%B8%AA%E0%B8%B3%E0%B8%AB%E0%B8%A3%E0%B8%B1%E0%B8%9A-%E0%B8%82%E0%B8%B2%E0%B8%A2?type=used&page_number=51&page_size=26","https://www.one2car.com/%E0%B8%A3%E0%B8%96-%E0%B8%AA%E0%B8%B3%E0%B8%AB%E0%B8%A3%E0%B8%B1%E0%B8%9A-%E0%B8%82%E0%B8%B2%E0%B8%A2?type=used&page_number=63&page_size=26","2019 Mercedes-Benz C220 2.0 W205 (ปี 14-22) d Avantgarde S...","2019 Mercedes-Benz C220 2.0 W205 (ปี 14-22) d Avantgarde Sedan Benz C220d Avantgarde ...","","115 - 120K กม.","กรุงเทพมหานคร","890,000 บาท","มือสอง","เกียร์อัตโนมัติ"
"1786479777-233","https://www.one2car.com/%E0%B8%A3%E0%B8%96-%E0%B8%AA%E0%B8%B3%E0%B8%AB%E0%B8%A3%E0%B8%B1%E0%B8%9A-%E0%B8%82%E0%B8%B2%E0%B8%A2?type=used&page_number=51&page_size=26","https://www.one2car.com/%E0%B8%A3%E0%B8%96-%E0%B8%AA%E0%B8%B3%E0%B8%AB%E0%B8%A3%E0%B8%B1%E0%B8%9A-%E0%B8%82%E0%B8%B2%E0%B8%A2?type=used&page_number=63&page_size=26","2020 BMW 320d 2.0 F34 (ปี 13-16) Gran Turismo Sport Sedan ...","7กฒ6887 BMW 320d 2.0 GT Sport F34 ปี 2020 🚩🚩ราคาเพียง 820,000 ✅ วิ่ง 11x,xxx กม ...","BMW 320d","110 - 115K กม.","กรุงเทพมหานคร","820,000 บาท","มือสอง","เกียร์อัตโนมัติ"
"1786479777-234","https://www.one2car.com/%E0%B8%A3%E0%B8%96-%E0%B8%AA%E0%B8%B3%E0%B8%AB%E0%B8%A3%E0%B8%B1%E0%B8%9A-%E0%B8%82%E0%B8%B2%E0%B8%A2?type=used&page_number=51&page_size=26","https://www.one2car.com/%E0%B8%A3%E0%B8%96-%E0%B8%AA%E0%B8%B3%E0%B8%AB%E0%B8%A3%E0%B8%B1%E0%B8%9A-%E0%B8%82%E0%B8%B2%E0%B8%A2?type=used&page_number=63&page_size=26","2024 Ford EVEREST 2.0 (ปี 22-28) WildTrak SUV - 4WD","5ขข8900 FORD EVEREST, 2.0 BI-TURBO 4WD WILDTRAK ปี 2024 ✅️ ไม่เคยทำสี 🔥 ซื้อโปรแกรม SSP ...","Ford EVEREST","35 - 40K กม.","กรุงเทพมหานคร","1,350,000 บาท","มือสอง","เกียร์อัตโนมัติ"
"1786479777-235","https://www.one2car.com/%E0%B8%A3%E0%B8%96-%E0%B8%AA%E0%B8%B3%E0%B8%AB%E0%B8%A3%E0%B8%B1%E0%B8%9A-%E0%B8%82%E0%B8%B2%E0%B8%A2?type=used&page_number=51&page_size=26","https://www.one2car.com/%E0%B8%A3%E0%B8%96-%E0%B8%AA%E0%B8%B3%E0%B8%AB%E0%B8%A3%E0%B8%B1%E0%B8%9A-%E0%B8%82%E0%B8%B2%E0%B8%A2?type=used&page_number=63&page_size=26","2022 BMW X3 2.0 G01 (ปี 18-23) xDrive20d M Sport SUV","2ขภ5519 #BMW X3 xDrive20d M Performance Edition ปี 2022 ✅️วิ่ง 84,000 km 🔥 BSI วารันตี ...","BMW X3","80 - 85K กม.","กรุงเทพมหานคร","1,550,000 บาท","มือสอง","เกียร์อัตโนมัติ"
"1786479777-236","https://www.one2car.com/%E0%B8%A3%E0%B8%96-%E0%B8%AA%E0%B8%B3%E0%B8%AB%E0%B8%A3%E0%B8%B1%E0%B8%9A-%E0%B8%82%E0%B8%B2%E0%B8%A2?type=used&page_number=51&page_size=26","https://www.one2car.com/%E0%B8%A3%E0%B8%96-%E0%B8%AA%E0%B8%B3%E0%B8%AB%E0%B8%A3%E0%B8%B1%E0%B8%9A-%E0%B8%82%E0%B8%B2%E0%B8%A2?type=used&page_number=63&page_size=26","2018 BMW 320d 2.0 F30 (ปี 11-16) Sedan","2018 BMW 320d 2.0 F30 (ปี 12-19) (Iconic) Sedan ✅ตรวจสภาพรถ INSPECTION ทั้งคัน ทั้งระบบ 💯 ...","BMW 320d","140 - 145K กม.","กรุงเทพมหานคร","650,000 บาท","มือสอง","เกียร์อัตโนมัติ"
"1786479777-237","https://www.one2car.com/%E0%B8%A3%E0%B8%96-%E0%B8%AA%E0%B8%B3%E0%B8%AB%E0%B8%A3%E0%B8%B1%E0%B8%9A-%E0%B8%82%E0%B8%B2%E0%B8%A2?type=used&page_number=51&page_size=26","https://www.one2car.com/%E0%B8%A3%E0%B8%96-%E0%B8%AA%E0%B8%B3%E0%B8%AB%E0%B8%A3%E0%B8%B1%E0%B8%9A-%E0%B8%82%E0%B8%B2%E0%B8%A2?type=used&page_number=63&page_size=26","2021 BMW 320d 2.0 G20 (ปี 19-26) M Sport Sedan","2ขย3314 #Bmw 320d M Sport 2.0 G20 ปี 2021 ✅เลขไมล์เพียง 70,000 km. • เจ้าของเดียว • ...","BMW 320d","70 - 75K กม.","กรุงเทพมหานคร","1,150,000 บาท","มือสอง","เกียร์อัตโนมัติ"
"1786479777-238","https://www.one2car.com/%E0%B8%A3%E0%B8%96-%E0%B8%AA%E0%B8%B3%E0%B8%AB%E0%B8%A3%E0%B8%B1%E0%B8%9A-%E0%B8%82%E0%B8%B2%E0%B8%A2?type=used&page_number=51&page_size=26","https://www.one2car.com/%E0%B8%A3%E0%B8%96-%E0%B8%AA%E0%B8%B3%E0%B8%AB%E0%B8%A3%E0%B8%B1%E0%B8%9A-%E0%B8%82%E0%B8%B2%E0%B8%A2?type=used&page_number=63&page_size=26","2021 BMW X3 2.0 G01 (ปี 18-23) xDrive20d M Sport SUV","#BMW X3 Xdrive20d Msport G01 2021 💥เลขไมล์ 85,000 km 🏷️ราคาเพียง 1,490,000 ...","BMW X3","85 - 90K กม.","กรุงเทพมหานคร","1,490,000 บาท","มือสอง","เกียร์อัตโนมัติ"
"1786479777-239","https://www.one2car.com/%E0%B8%A3%E0%B8%96-%E0%B8%AA%E0%B8%B3%E0%B8%AB%E0%B8%A3%E0%B8%B1%E0%B8%9A-%E0%B8%82%E0%B8%B2%E0%B8%A2?type=used&page_number=51&page_size=26","https://www.one2car.com/%E0%B8%A3%E0%B8%96-%E0%B8%AA%E0%B8%B3%E0%B8%AB%E0%B8%A3%E0%B8%B1%E0%B8%9A-%E0%B8%82%E0%B8%B2%E0%B8%A2?type=used&page_number=63&page_size=26","2022 BMW X1 2.0 F48 (ปี 16-20) sDrive20d M Sport SUV","3ขท 8832 #BMW X1 S Drive 20d M Sport LCI F48 ปี 2022 🔥วิ่ง 87,000 กม 📍BSI 10 ปี 100,000 ...","BMW X1","85 - 90K กม.","กรุงเทพมหานคร","1,050,000 บาท","มือสอง","เกียร์อัตโนมัติ"
"1786479777-240","https://www.one2car.com/%E0%B8%A3%E0%B8%96-%E0%B8%AA%E0%B8%B3%E0%B8%AB%E0%B8%A3%E0%B8%B1%E0%B8%9A-%E0%B8%82%E0%B8%B2%E0%B8%A2?type=used&page_number=51&page_size=26","https://www.one2car.com/%E0%B8%A3%E0%B8%96-%E0%B8%AA%E0%B8%B3%E0%B8%AB%E0%B8%A3%E0%B8%B1%E0%B8%9A-%E0%B8%82%E0%B8%B2%E0%B8%A2?type=used&page_number=63&page_size=26","2018 Toyota Yaris Ativ 1.2 (ปี 17-22) G Sedan","⭐ ดอกเบี้ยพิเศษ 1.99% ⭐ จัดเต็มฟรีดาวน์ออกรถ 0 บาท ⭐ วารันตีศูนย์ TOYOTA ทั่วประเทศ ...","Toyota Yaris Ativ","70 - 75K กม.","กรุงเทพมหานคร","","","เกียร์อัตโนมัติ"
"1786479777-241","https://www.one2car.com/%E0%B8%A3%E0%B8%96-%E0%B8%AA%E0%B8%B3%E0%B8%AB%E0%B8%A3%E0%B8%B1%E0%B8%9A-%E0%B8%82%E0%B8%B2%E0%B8%A2?type=used&page_number=51&page_size=26","https://www.one2car.com/%E0%B8%A3%E0%B8%96-%E0%B8%AA%E0%B8%B3%E0%B8%AB%E0%B8%A3%E0%B8%B1%E0%B8%9A-%E0%B8%82%E0%B8%B2%E0%B8%A2?type=used&page_number=63&page_size=26","2023 Honda HR-V 1.5 (ปี 22-28) e:HEV E SUV - e HEV E","⭐ ดอกเบี้ยพิเศษ 1.99% ⭐ จัดเต็มฟรีดาวน์ออกรถ 0 บาท ⭐ วารันตีศูนย์ HONDA ทั่วประเทศ ...","Honda HR-V","70 - 75K กม.","กรุงเทพมหานคร","","","เกียร์อัตโนมัติ"
"1786479777-242","https://www.one2car.com/%E0%B8%A3%E0%B8%96-%E0%B8%AA%E0%B8%B3%E0%B8%AB%E0%B8%A3%E0%B8%B1%E0%B8%9A-%E0%B8%82%E0%B8%B2%E0%B8%A2?type=used&page_number=51&page_size=26","https://www.one2car.com/%E0%B8%A3%E0%B8%96-%E0%B8%AA%E0%B8%B3%E0%B8%AB%E0%B8%A3%E0%B8%B1%E0%B8%9A-%E0%B8%82%E0%B8%B2%E0%B8%A2?type=used&page_number=63&page_size=26","2019 Toyota FORTUNER 2.8 (ปี 15-25) V SUV","⭐ ดอกเบี้ยพิเศษ 1.99% ⭐ จัดเต็มฟรีดาวน์ออกรถ 0 บาท ⭐ วารันตีศูนย์ TOYOTA ทั่วประเทศ ...","Toyota FORTUNER","165 - 170K กม.","กรุงเทพมหานคร","","","เกียร์อัตโนมัติ"
"1786479777-243","https://www.one2car.com/%E0%B8%A3%E0%B8%96-%E0%B8%AA%E0%B8%B3%E0%B8%AB%E0%B8%A3%E0%B8%B1%E0%B8%9A-%E0%B8%82%E0%B8%B2%E0%B8%A2?type=used&page_number=51&page_size=26","https://www.one2car.com/%E0%B8%A3%E0%B8%96-%E0%B8%AA%E0%B8%B3%E0%B8%AB%E0%B8%A3%E0%B8%B1%E0%B8%9A-%E0%B8%82%E0%B8%B2%E0%B8%A2?type=used&page_number=63&page_size=26","2019 Toyota HILUX REVO 2.4 Double Cab J Plus Prerunner Pic...","⭐ ดอกเบี้ยพิเศษ 1.99% ⭐ จัดเต็มฟรีดาวน์ออกรถ 0 บาท ⭐ วารันตีศูนย์ TOYOTA ทั่วประเทศ ...","Toyota HILUX REVO","70 - 75K กม.","กรุงเทพมหานคร","","","เกียร์ธรรมดา"
"1786479777-244","https://www.one2car.com/%E0%B8%A3%E0%B8%96-%E0%B8%AA%E0%B8%B3%E0%B8%AB%E0%B8%A3%E0%B8%B1%E0%B8%9A-%E0%B8%82%E0%B8%B2%E0%B8%A2?type=used&page_number=51&page_size=26","https://www.one2car.com/%E0%B8%A3%E0%B8%96-%E0%B8%AA%E0%B8%B3%E0%B8%AB%E0%B8%A3%E0%B8%B1%E0%B8%9A-%E0%B8%82%E0%B8%B2%E0%B8%A2?type=used&page_number=63&page_size=26","2019 Ford RANGER 2.2 Open Cab (ปี 15-21) XL Pickup","FORD RANGER 2.2 XL+ CAB HI-RIDER MT 2019 ออกรถ 0 บาท จัดได้ 319,000 บ. Line:@BBCAR1 ...","Ford RANGER","160 - 165K กม.","กรุงเทพมหานคร","","","เกียร์ธรรมดา"
"1786479782-245","https://www.one2car.com/%E0%B8%A3%E0%B8%96-%E0%B8%AA%E0%B8%B3%E0%B8%AB%E0%B8%A3%E0%B8%B1%E0%B8%9A-%E0%B8%82%E0%B8%B2%E0%B8%A2?type=used&page_number=51&page_size=26","https://www.one2car.com/%E0%B8%A3%E0%B8%96-%E0%B8%AA%E0%B8%B3%E0%B8%AB%E0%B8%A3%E0%B8%B1%E0%B8%9A-%E0%B8%82%E0%B8%B2%E0%B8%A2?type=used&page_number=64&page_size=26","2018 Mitsubishi TRITON 2.4 Double Cab (ปี 14-19) GLS Plus ...","⚡ ดอกเบี้ยถูกเริ่ม 2.59% ⚡ ผ่อนสบายๆนาน 84 เดือน ✅ มีบริการไฟแนนซ์เซ็นเอกสารถึงที่ ✅ ...","Mitsubishi TRITON","195 - 200K กม.","กรุงเทพมหานคร","","","เกียร์อัตโนมัติ"
"1786479782-246","https://www.one2car.com/%E0%B8%A3%E0%B8%96-%E0%B8%AA%E0%B8%B3%E0%B8%AB%E0%B8%A3%E0%B8%B1%E0%B8%9A-%E0%B8%82%E0%B8%B2%E0%B8%A2?type=used&page_number=51&page_size=26","https://www.one2car.com/%E0%B8%A3%E0%B8%96-%E0%B8%AA%E0%B8%B3%E0%B8%AB%E0%B8%A3%E0%B8%B1%E0%B8%9A-%E0%B8%82%E0%B8%B2%E0%B8%A2?type=used&page_number=64&page_size=26","2018 Honda JAZZ 1.5 (ปี 14-22) S Hatchback","HONDA JAZZ 1.5 S MNC MT 2018 ออกรถ 0 บาท จัดได้ 339,000 บ. Line:@BBCAR1 ...","Honda JAZZ","145 - 150K กม.","กรุงเทพมหานคร","","","เกียร์อัตโนมัติ"
"1786479782-247","https://www.one2car.com/%E0%B8%A3%E0%B8%96-%E0%B8%AA%E0%B8%B3%E0%B8%AB%E0%B8%A3%E0%B8%B1%E0%B8%9A-%E0%B8%82%E0%B8%B2%E0%B8%A2?type=used&page_number=51&page_size=26","https://www.one2car.com/%E0%B8%A3%E0%B8%96-%E0%B8%AA%E0%B8%B3%E0%B8%AB%E0%B8%A3%E0%B8%B1%E0%B8%9A-%E0%B8%82%E0%B8%B2%E0%B8%A2?type=used&page_number=64&page_size=26","2017 Toyota Corolla Altis 1.6 (ปี 14-18) G Sedan","TOYOTA ALTIS 1.6 G AT 2017 ออกรถ 0 บาท รหัสรถ 2B616 Line : @bbcar02 ...","Toyota Corolla Altis","95 - 100K กม.","กรุงเทพมหานคร","","","เกียร์อัตโนมัติ"
"1786479782-248","https://www.one2car.com/%E0%B8%A3%E0%B8%96-%E0%B8%AA%E0%B8%B3%E0%B8%AB%E0%B8%A3%E0%B8%B1%E0%B8%9A-%E0%B8%82%E0%B8%B2%E0%B8%A2?type=used&page_number=51&page_size=26","https://www.one2car.com/%E0%B8%A3%E0%B8%96-%E0%B8%AA%E0%B8%B3%E0%B8%AB%E0%B8%A3%E0%B8%B1%E0%B8%9A-%E0%B8%82%E0%B8%B2%E0%B8%A2?type=used&page_number=64&page_size=26","2021 Toyota FORTUNER 2.8 (ปี 15-25) Legender SUV - 4WD","📍BBsmartcar สาขา 1 สี่แยกมไหสวรรย์ TOYOTA FORTUNER 2.8 LEGENDER 4WD AT 2021 💸price ...","Toyota FORTUNER","105 - 110K กม.","กรุงเทพมหานคร","","","เกียร์อัตโนมัติ"
"1786479782-249","https://www.one2car.com/%E0%B8%A3%E0%B8%96-%E0%B8%AA%E0%B8%B3%E0%B8%AB%E0%B8%A3%E0%B8%B1%E0%B8%9A-%E0%B8%82%E0%B8%B2%E0%B8%A2?type=used&page_number=51&page_size=26","https://www.one2car.com/%E0%B8%A3%E0%B8%96-%E0%B8%AA%E0%B8%B3%E0%B8%AB%E0%B8%A3%E0%B8%B1%E0%B8%9A-%E0%B8%82%E0%B8%B2%E0%B8%A2?type=used&page_number=64&page_size=26","2009 Mitsubishi PAJERO SPORT 2.5 (ปี 08-15) GLS SUV","MITSUBISHI PAJERO 2.5 GLS AT 2009 ออกรถ 0 บาท (ขายสดเท่านั้น) Line:@BBCAR1 ...","Mitsubishi PAJERO SPORT","321000 กม.","กรุงเทพมหานคร","","","เกียร์อัตโนมัติ"
"1786479782-250","https://www.one2car.com/%E0%B8%A3%E0%B8%96-%E0%B8%AA%E0%B8%B3%E0%B8%AB%E0%B8%A3%E0%B8%B1%E0%B8%9A-%E0%B8%82%E0%B8%B2%E0%B8%A2?type=used&page_number=51&page_size=26","https://www.one2car.com/%E0%B8%A3%E0%B8%96-%E0%B8%AA%E0%B8%B3%E0%B8%AB%E0%B8%A3%E0%B8%B1%E0%B8%9A-%E0%B8%82%E0%B8%B2%E0%B8%A2?type=used&page_number=64&page_size=26","2012 Toyota YARIS 1.5 (ปี 06-13) E Hatchback","รถมือสอง ! ⭐️ฟรีดาวน์ ออกรถ 0 บาท 💥มีเล่มพร้อมโอน💥 เบอร์ตรง **** ☎️ คุณบุษบา **** ...","Toyota YARIS","0 - 5K กม.","กรุงเทพมหานคร","","","เกียร์อัตโนมัติ"
"1786479782-251","https://www.one2car.com/%E0%B8%A3%E0%B8%96-%E0%B8%AA%E0%B8%B3%E0%B8%AB%E0%B8%A3%E0%B8%B1%E0%B8%9A-%E0%B8%82%E0%B8%B2%E0%B8%A2?type=used&page_number=51&page_size=26","https://www.one2car.com/%E0%B8%A3%E0%B8%96-%E0%B8%AA%E0%B8%B3%E0%B8%AB%E0%B8%A3%E0%B8%B1%E0%B8%9A-%E0%B8%82%E0%B8%B2%E0%B8%A2?type=used&page_number=64&page_size=26","2014 Isuzu MU-X 3.0 (ปี 13-19) DVD SUV","⚡ ดอกเบี้ยถูกเริ่ม 2.59% ⚡ ผ่อนสบายๆนาน 84 เดือน ✅ มีบริการไฟแนนซ์เซ็นเอกสารถึงที่ ✅ ...","Isuzu MU-X","190 - 195K กม.","กรุงเทพมหานคร","","","เกียร์อัตโนมัติ"
"1786479782-252","https://www.one2car.com/%E0%B8%A3%E0%B8%96-%E0%B8%AA%E0%B8%B3%E0%B8%AB%E0%B8%A3%E0%B8%B1%E0%B8%9A-%E0%B8%82%E0%B8%B2%E0%B8%A2?type=used&page_number=51&page_size=26","https://www.one2car.com/%E0%B8%A3%E0%B8%96-%E0%B8%AA%E0%B8%B3%E0%B8%AB%E0%B8%A3%E0%B8%B1%E0%B8%9A-%E0%B8%82%E0%B8%B2%E0%B8%A2?type=used&page_number=64&page_size=26","2021 Honda City 1.0 (ปี 20-26) S+ Hatchback - ( 20-25) S  ...","รถมือสอง ! ⭐️ฟรีดาวน์ ออกรถ 0 บาท 💥มีเล่มพร้อมโอน💥 เบอร์ตรง **** ☎️ คุณบุษบา **** ...","Honda City","75 - 80K กม.","กรุงเทพมหานคร","","","เกียร์อัตโนมัติ"
"1786479782-253","https://www.one2car.com/%E0%B8%A3%E0%B8%96-%E0%B8%AA%E0%B8%B3%E0%B8%AB%E0%B8%A3%E0%B8%B1%E0%B8%9A-%E0%B8%82%E0%B8%B2%E0%B8%A2?type=used&page_number=51&page_size=26","https://www.one2car.com/%E0%B8%A3%E0%B8%96-%E0%B8%AA%E0%B8%B3%E0%B8%AB%E0%B8%A3%E0%B8%B1%E0%B8%9A-%E0%B8%82%E0%B8%B2%E0%B8%A2?type=used&page_number=64&page_size=26","2022 Nissan Navara 2.3 Double Cab VL Pickup - 4WD","📌4WD AUTO #NISSAN NAVARA 2.3 DOUBLE CAB VL 4WD ปี 2022 ตัวท็อปสุด ขับเคลื่อน 4 ล้อ ...","","1 กม.","กรุงเทพมหานคร","","","เกียร์อัตโนมัติ"
"1786479782-254","https://www.one2car.com/%E0%B8%A3%E0%B8%96-%E0%B8%AA%E0%B8%B3%E0%B8%AB%E0%B8%A3%E0%B8%B1%E0%B8%9A-%E0%B8%82%E0%B8%B2%E0%B8%A2?type=used&page_number=51&page_size=26","https://www.one2car.com/%E0%B8%A3%E0%B8%96-%E0%B8%AA%E0%B8%B3%E0%B8%AB%E0%B8%A3%E0%B8%B1%E0%B8%9A-%E0%B8%82%E0%B8%B2%E0%B8%A2?type=used&page_number=64&page_size=26","2018 Nissan NP 300 Navara 2.5 Double Cab Calibre V Pickup ...","⚡ ดอกเบี้ยถูกเริ่ม 2.59% ⚡ ผ่อนสบายๆนาน 84 เดือน ✅ มีบริการไฟแนนซ์เซ็นเอกสารถึงที่ ✅ ...","Nissan NP 300 Navara","215 - 220K กม.","กรุงเทพมหานคร","","","เกียร์อัตโนมัติ"
"1786479782-255","https://www.one2car.com/%E0%B8%A3%E0%B8%96-%E0%B8%AA%E0%B8%B3%E0%B8%AB%E0%B8%A3%E0%B8%B1%E0%B8%9A-%E0%B8%82%E0%B8%B2%E0%B8%A2?type=used&page_number=51&page_size=26","https://www.one2car.com/%E0%B8%A3%E0%B8%96-%E0%B8%AA%E0%B8%B3%E0%B8%AB%E0%B8%A3%E0%B8%B1%E0%B8%9A-%E0%B8%82%E0%B8%B2%E0%B8%A2?type=used&page_number=64&page_size=26","2015 Honda HR-V 1.8 (ปี 14-18) E SUV","🚗 HONDA HR-V 1.8 E ปี 2015 สี RUSE BLACK (เทา) รถบ้านมือเดียวป้ายแดงแท้ มีประเภท 1 ...","Honda HR-V","205 - 210K กม.","ชลบุรี","355,000 บาท","มือสอง","เกียร์อัตโนมัติ"
"1786479782-256","https://www.one2car.com/%E0%B8%A3%E0%B8%96-%E0%B8%AA%E0%B8%B3%E0%B8%AB%E0%B8%A3%E0%B8%B1%E0%B8%9A-%E0%B8%82%E0%B8%B2%E0%B8%A2?type=used&page_number=51&page_size=26","https://www.one2car.com/%E0%B8%A3%E0%B8%96-%E0%B8%AA%E0%B8%B3%E0%B8%AB%E0%B8%A3%E0%B8%B1%E0%B8%9A-%E0%B8%82%E0%B8%B2%E0%B8%A2?type=used&page_number=64&page_size=26","2013 Honda ACCORD 2.0 (ปี 13-19) EL Sedan","🚗 HONDA ACCORD G9 2.0 EL ปี 2013 สีขาว เกียร์ออโต้ 🚗 รุ่นซีดานยอดนิยม สภาพสวยเดิม ...","Honda ACCORD","70 - 75K กม.","ชลบุรี","355,000 บาท","มือสอง","เกียร์อัตโนมัติ"
"1786479782-257","https://www.one2car.com/%E0%B8%A3%E0%B8%96-%E0%B8%AA%E0%B8%B3%E0%B8%AB%E0%B8%A3%E0%B8%B1%E0%B8%9A-%E0%B8%82%E0%B8%B2%E0%B8%A2?type=used&page_number=51&page_size=26","https://www.one2car.com/%E0%B8%A3%E0%B8%96-%E0%B8%AA%E0%B8%B3%E0%B8%AB%E0%B8%A3%E0%B8%B1%E0%B8%9A-%E0%B8%82%E0%B8%B2%E0%B8%A2?type=used&page_number=64&page_size=26","2015 Honda CIVIC 1.8 FB (ปี 12-16) S Sedan","HONDA CIVIC FB 1.8 ปี 2015 แท้ เกียร์ออโต้ ✨ รถบ้านมือเดียวป้ายแดง ✨ ไมล์น้อยแค่ 8x,xxx ...","Honda CIVIC","75 - 80K กม.","ชลบุรี","335,000 บาท","มือสอง","เกียร์อัตโนมัติ"
"1786479782-258","https://www.one2car.com/%E0%B8%A3%E0%B8%96-%E0%B8%AA%E0%B8%B3%E0%B8%AB%E0%B8%A3%E0%B8%B1%E0%B8%9A-%E0%B8%82%E0%B8%B2%E0%B8%A2?type=used&page_number=51&page_size=26","https://www.one2car.com/%E0%B8%A3%E0%B8%96-%E0%B8%AA%E0%B8%B3%E0%B8%AB%E0%B8%A3%E0%B8%B1%E0%B8%9A-%E0%B8%82%E0%B8%B2%E0%B8%A2?type=used&page_number=64&page_size=26","2019 Mazda 2 1.3 (ปี 15-25) Sports High Connect Hatchback ...","*** ผ่อนเพียง 6,xxx.-/84 งวด 👉 ดอกเบี้ยเริ่มต้น 2.99 % 👉 ออกง่ายอนุมัติไวภายใน 30 นาที 👉 ...","Mazda 2","0 - 5K กม.","กรุงเทพมหานคร","299,000 บาท","มือสอง","เกียร์อัตโนมัติ"
"1786479782-259","https://www.one2car.com/%E0%B8%A3%E0%B8%96-%E0%B8%AA%E0%B8%B3%E0%B8%AB%E0%B8%A3%E0%B8%B1%E0%B8%9A-%E0%B8%82%E0%B8%B2%E0%B8%A2?type=used&page_number=51&page_size=26","https://www.one2car.com/%E0%B8%A3%E0%B8%96-%E0%B8%AA%E0%B8%B3%E0%B8%AB%E0%B8%A3%E0%B8%B1%E0%B8%9A-%E0%B8%82%E0%B8%B2%E0%B8%A2?type=used&page_number=64&page_size=26","2023 Honda City 1.0 (ปี 19-26) S Sedan - ( 19-24)","Honda City 1.0 Turbo S AT 2022จด23 สีเทา . ✅️ราคาพิเศษ 399,000 บาท ✅️ผ่อน 84 งวด 8,xxx.- ...","Honda City","85 - 90K กม.","กรุงเทพมหานคร","399,000 บาท","มือสอง","เกียร์อัตโนมัติ"
"1786479787-260","https://www.one2car.com/%E0%B8%A3%E0%B8%96-%E0%B8%AA%E0%B8%B3%E0%B8%AB%E0%B8%A3%E0%B8%B1%E0%B8%9A-%E0%B8%82%E0%B8%B2%E0%B8%A2?type=used&page_number=51&page_size=26","https://www.one2car.com/%E0%B8%A3%E0%B8%96-%E0%B8%AA%E0%B8%B3%E0%B8%AB%E0%B8%A3%E0%B8%B1%E0%B8%9A-%E0%B8%82%E0%B8%B2%E0%B8%A2?type=used&page_number=65&page_size=26","2019 Toyota FORTUNER 2.4 (ปี 15-25) V SUV - 4WD","***ผ่อน 15,xxx.- /84 งวด 🔥ดอกเบี้ยเริ่มต้น 2.69%🔥 👍พร้อมรับประกันเครื่องเกียร์นาน2ปี . ...","Toyota FORTUNER","160 - 165K กม.","กรุงเทพมหานคร","878,000 บาท","มือสอง","เกียร์อัตโนมัติ"
"1786479787-261","https://www.one2car.com/%E0%B8%A3%E0%B8%96-%E0%B8%AA%E0%B8%B3%E0%B8%AB%E0%B8%A3%E0%B8%B1%E0%B8%9A-%E0%B8%82%E0%B8%B2%E0%B8%A2?type=used&page_number=51&page_size=26","https://www.one2car.com/%E0%B8%A3%E0%B8%96-%E0%B8%AA%E0%B8%B3%E0%B8%AB%E0%B8%A3%E0%B8%B1%E0%B8%9A-%E0%B8%82%E0%B8%B2%E0%B8%A2?type=used&page_number=65&page_size=26","2024 Toyota Corolla Cross 1.8 (ปี 20-26) HEV Premium Luxur...","Toyota Corolla Cross HEV Premium Luxury โฉมไมเนอร์เชนจ์ สีเทา ปี2024แท้ เลขไมล์เพียง ...","","34373 กม.","กรุงเทพมหานคร","929,000 บาท","มือสอง","เกียร์อัตโนมัติ"
"1786479787-262","https://www.one2car.com/%E0%B8%A3%E0%B8%96-%E0%B8%AA%E0%B8%B3%E0%B8%AB%E0%B8%A3%E0%B8%B1%E0%B8%9A-%E0%B8%82%E0%B8%B2%E0%B8%A2?type=used&page_number=51&page_size=26","https://www.one2car.com/%E0%B8%A3%E0%B8%96-%E0%B8%AA%E0%B8%B3%E0%B8%AB%E0%B8%A3%E0%B8%B1%E0%B8%9A-%E0%B8%82%E0%B8%B2%E0%B8%A2?type=used&page_number=65&page_size=26","2019 Isuzu D-MAX 1.9 Cab-4 (ปี 11-17) Hi-Lander Z Pickup  ...","⚡ ดอกเบี้ยถูกเริ่ม 2.59% ⚡ ผ่อนสบายๆนาน 84 เดือน ✅ มีบริการไฟแนนซ์เซ็นเอกสารถึงที่ ✅ ...","Isuzu D-MAX","145 - 150K กม.","กรุงเทพมหานคร","","","เกียร์อัตโนมัติ"
"1786479787-263","https://www.one2car.com/%E0%B8%A3%E0%B8%96-%E0%B8%AA%E0%B8%B3%E0%B8%AB%E0%B8%A3%E0%B8%B1%E0%B8%9A-%E0%B8%82%E0%B8%B2%E0%B8%A2?type=used&page_number=51&page_size=26","https://www.one2car.com/%E0%B8%A3%E0%B8%96-%E0%B8%AA%E0%B8%B3%E0%B8%AB%E0%B8%A3%E0%B8%B1%E0%B8%9A-%E0%B8%82%E0%B8%B2%E0%B8%A2?type=used&page_number=65&page_size=26","2021 Toyota VIOS 1.5 (ปี 17-22) Mid Sedan","** Vios รถเก๋งเล็ก ประหยัดน้ำมัน ทนสุดๆ ** ล๊อตสุดท้ายแล้ว รีบด่วน ** รถลำดับเดียว ...","Toyota VIOS","80 - 85K กม.","กรุงเทพมหานคร","","","เกียร์อัตโนมัติ"
"1786479787-264","https://www.one2car.com/%E0%B8%A3%E0%B8%96-%E0%B8%AA%E0%B8%B3%E0%B8%AB%E0%B8%A3%E0%B8%B1%E0%B8%9A-%E0%B8%82%E0%B8%B2%E0%B8%A2?type=used&page_number=51&page_size=26","https://www.one2car.com/%E0%B8%A3%E0%B8%96-%E0%B8%AA%E0%B8%B3%E0%B8%AB%E0%B8%A3%E0%B8%B1%E0%B8%9A-%E0%B8%82%E0%B8%B2%E0%B8%A2?type=used&page_number=65&page_size=26","2022 Honda HR-V 1.5 (ปี 22-28) e:HEV EL SUV - e HEV EL CVT...","✅Contact LINE @sitauto (มี@) | 38,xxxkm eHEV EL ไฮบริด รถสวย สภาพดี พึ่งเช็คระยะ ...","Honda HR-V","38976 กม.","กรุงเทพมหานคร","","","เกียร์อัตโนมัติ"
"1786479787-265","https://www.one2car.com/%E0%B8%A3%E0%B8%96-%E0%B8%AA%E0%B8%B3%E0%B8%AB%E0%B8%A3%E0%B8%B1%E0%B8%9A-%E0%B8%82%E0%B8%B2%E0%B8%A2?type=used&page_number=51&page_size=26","https://www.one2car.com/%E0%B8%A3%E0%B8%96-%E0%B8%AA%E0%B8%B3%E0%B8%AB%E0%B8%A3%E0%B8%B1%E0%B8%9A-%E0%B8%82%E0%B8%B2%E0%B8%A2?type=used&page_number=65&page_size=26","2023 Ford RANGER 2.0 Open Cab (ปี 22-28) XL+ Hi-Rider Pick...","“ไมล์ 2 หมื่นกว่า + ไม่เคยบรรทุก + สีเดิมตั้งแต่ป้ายแดง” รถกระบะใช้งานคันนี้ต่างจากรถในตลา ...","Ford RANGER","25 - 30K กม.","กรุงเทพมหานคร","459,000 บาท","มือสอง","เกียร์ธรรมดา"
"1786479787-266","https://www.one2car.com/%E0%B8%A3%E0%B8%96-%E0%B8%AA%E0%B8%B3%E0%B8%AB%E0%B8%A3%E0%B8%B1%E0%B8%9A-%E0%B8%82%E0%B8%B2%E0%B8%A2?type=used&page_number=51&page_size=26","https://www.one2car.com/%E0%B8%A3%E0%B8%96-%E0%B8%AA%E0%B8%B3%E0%B8%AB%E0%B8%A3%E0%B8%B1%E0%B8%9A-%E0%B8%82%E0%B8%B2%E0%B8%A2?type=used&page_number=65&page_size=26","2022 Toyota CAMRY 2.5 (ปี 18-24) Sport Sedan","Toyota Camry 2.5 Sport 2.5 ลิตร 209 แรงม้า เกียร์อัตโนมัติ 8 จังหวะ สีเทา ไมเนอร์เชนจ์ ...","Toyota CAMRY","64595 กม.","กรุงเทพมหานคร","839,000 บาท","มือสอง","เกียร์อัตโนมัติ"
"1786479787-267","https://www.one2car.com/%E0%B8%A3%E0%B8%96-%E0%B8%AA%E0%B8%B3%E0%B8%AB%E0%B8%A3%E0%B8%B1%E0%B8%9A-%E0%B8%82%E0%B8%B2%E0%B8%A2?type=used&page_number=51&page_size=26","https://www.one2car.com/%E0%B8%A3%E0%B8%96-%E0%B8%AA%E0%B8%B3%E0%B8%AB%E0%B8%A3%E0%B8%B1%E0%B8%9A-%E0%B8%82%E0%B8%B2%E0%B8%A2?type=used&page_number=65&page_size=26","2019 Nissan Note 1.2 (ปี 17-22) VL Hatchback","'2019 NISSAN NOTE 1.2( ตัวVL ) 5 ประตู รุ่น TOP สุด #สีดำ FULL OPTION เกียร์ออโต้ ล้อแม็ก ...","","43565 กม.","นนทบุรี","245,000 บาท","มือสอง","เกียร์อัตโนมัติ"
"1786479787-268","https://www.one2car.com/%E0%B8%A3%E0%B8%96-%E0%B8%AA%E0%B8%B3%E0%B8%AB%E0%B8%A3%E0%B8%B1%E0%B8%9A-%E0%B8%82%E0%B8%B2%E0%B8%A2?type=used&page_number=51&page_size=26","https://www.one2car.com/%E0%B8%A3%E0%B8%96-%E0%B8%AA%E0%B8%B3%E0%B8%AB%E0%B8%A3%E0%B8%B1%E0%B8%9A-%E0%B8%82%E0%B8%B2%E0%B8%A2?type=used&page_number=65&page_size=26","2014 Honda CIVIC 1.8 FB (ปี 12-16) E Sedan","'2014 HONDA CIVIC FB 1.8 ตัวE รถสวย สภาพดี ใช้งานน้อย ไมล์วิ่ง 168,xxx km. 255,000✅️✅️ ...","Honda CIVIC","165 - 170K กม.","นนทบุรี","255,000 บาท","มือสอง","เกียร์อัตโนมัติ"
"1786479787-269","https://www.one2car.com/%E0%B8%A3%E0%B8%96-%E0%B8%AA%E0%B8%B3%E0%B8%AB%E0%B8%A3%E0%B8%B1%E0%B8%9A-%E0%B8%82%E0%B8%B2%E0%B8%A2?type=used&page_number=51&page_size=26","https://www.one2car.com/%E0%B8%A3%E0%B8%96-%E0%B8%AA%E0%B8%B3%E0%B8%AB%E0%B8%A3%E0%B8%B1%E0%B8%9A-%E0%B8%82%E0%B8%B2%E0%B8%A2?type=used&page_number=65&page_size=26","2014 Nissan JUKE 1.6 (ปี 10-16) V SUV","'2014 NISSAN JUKE เครื่องยนต์ 1.6 ตัวV ใช้งานน้อย ไมล์วื่ง 67,xxx km. 198,000✅️✅️ ...","Nissan JUKE","65 - 70K กม.","กรุงเทพมหานคร","198,000 บาท","มือสอง","เกียร์อัตโนมัติ"
"1786479787-270","https://www.one2car.com/%E0%B8%A3%E0%B8%96-%E0%B8%AA%E0%B8%B3%E0%B8%AB%E0%B8%A3%E0%B8%B1%E0%B8%9A-%E0%B8%82%E0%B8%B2%E0%B8%A2?type=used&page_number=51&page_size=26","https://www.one2car.com/%E0%B8%A3%E0%B8%96-%E0%B8%AA%E0%B8%B3%E0%B8%AB%E0%B8%A3%E0%B8%B1%E0%B8%9A-%E0%B8%82%E0%B8%B2%E0%B8%A2?type=used&page_number=65&page_size=26","2017 Ford EVEREST 3.2 (ปี 15-22) Titanium+ SUV - Titanium ...","2017 FORD EVEREST 3.2 TITANIUM AUTO 4WD. รถครอบครับ ราคาประหยัด ไมล์วิ่ง 150,000 km. ราคา ...","Ford EVEREST","150 - 155K กม.","นนทบุรี","455,000 บาท","มือสอง","เกียร์อัตโนมัติ"
"1786479787-271","https://www.one2car.com/%E0%B8%A3%E0%B8%96-%E0%B8%AA%E0%B8%B3%E0%B8%AB%E0%B8%A3%E0%B8%B1%E0%B8%9A-%E0%B8%82%E0%B8%B2%E0%B8%A2?type=used&page_number=51&page_size=26","https://www.one2car.com/%E0%B8%A3%E0%B8%96-%E0%B8%AA%E0%B8%B3%E0%B8%AB%E0%B8%A3%E0%B8%B1%E0%B8%9A-%E0%B8%82%E0%B8%B2%E0%B8%A2?type=used&page_number=65&page_size=26","2012 Hyundai H-1 2.5 (ปี 08-17) Maesto Deluxe Van","น่าใช้ สภาพดี ใหม่มาก '2010 จด '2012 HYUNDAI H-1 MAESTO DELUXE ตัวท๊อป ไมล์วิ่ง 120,370 ...","Hyundai H-1","120370 กม.","กรุงเทพมหานคร","395,000 บาท","มือสอง","เกียร์อัตโนมัติ"
"1786479787-272","https://www.one2car.com/%E0%B8%A3%E0%B8%96-%E0%B8%AA%E0%B8%B3%E0%B8%AB%E0%B8%A3%E0%B8%B1%E0%B8%9A-%E0%B8%82%E0%B8%B2%E0%B8%A2?type=used&page_number=51&page_size=26","https://www.one2car.com/%E0%B8%A3%E0%B8%96-%E0%B8%AA%E0%B8%B3%E0%B8%AB%E0%B8%A3%E0%B8%B1%E0%B8%9A-%E0%B8%82%E0%B8%B2%E0%B8%A2?type=used&page_number=65&page_size=26","2018 Honda CIVIC 1.8 FC (ปี 16-20) EL Sedan","2018 HONDA CIVIC 1.8 ตัวEL สภาพดีน่าใช้ รถมือเดียว ไมล์วิ่ง 161,xxx km. ✅️445,000✅️ 📞**** ...","Honda CIVIC","160 - 165K กม.","กรุงเทพมหานคร","445,000 บาท","มือสอง","เกียร์อัตโนมัติ"
"1786479787-273","https://www.one2car.com/%E0%B8%A3%E0%B8%96-%E0%B8%AA%E0%B8%B3%E0%B8%AB%E0%B8%A3%E0%B8%B1%E0%B8%9A-%E0%B8%82%E0%B8%B2%E0%B8%A2?type=used&page_number=51&page_size=26","https://www.one2car.com/%E0%B8%A3%E0%B8%96-%E0%B8%AA%E0%B8%B3%E0%B8%AB%E0%B8%A3%E0%B8%B1%E0%B8%9A-%E0%B8%82%E0%B8%B2%E0%B8%A2?type=used&page_number=65&page_size=26","2017 Honda CR-V 2.0 (ปี 12-16) SE SUV - AWD","2017 HONDA CRV ตัว se เบนซิน เครื่องยนต์ 2.0 AT 4WD รถมือเดียว สภาพดี เครื่อง ...","Honda CR-V","180 - 185K กม.","กรุงเทพมหานคร","395,000 บาท","มือสอง","เกียร์อัตโนมัติ"
"1786479787-274","https://www.one2car.com/%E0%B8%A3%E0%B8%96-%E0%B8%AA%E0%B8%B3%E0%B8%AB%E0%B8%A3%E0%B8%B1%E0%B8%9A-%E0%B8%82%E0%B8%B2%E0%B8%A2?type=used&page_number=51&page_size=26","https://www.one2car.com/%E0%B8%A3%E0%B8%96-%E0%B8%AA%E0%B8%B3%E0%B8%AB%E0%B8%A3%E0%B8%B1%E0%B8%9A-%E0%B8%82%E0%B8%B2%E0%B8%A2?type=used&page_number=65&page_size=26","2010 Isuzu D-MAX 2.5 Space Cab (ปี 07-11) Hi-Lander Super ...","2010 เทา มือเดียวไมล์แท้ รถสวยกริบ ISUZU D MAX HILANDER SPACE CAB 2.5 PLATINUM ...","Isuzu D-MAX","115 - 120K กม.","กรุงเทพมหานคร","235,000 บาท","มือสอง","เกียร์ธรรมดา"
"1786479787-275","https://www.one2car.com/%E0%B8%A3%E0%B8%96-%E0%B8%AA%E0%B8%B3%E0%B8%AB%E0%B8%A3%E0%B8%B1%E0%B8%9A-%E0%B8%82%E0%B8%B2%E0%B8%A2?type=used&page_number=51&page_size=26","https://www.one2car.com/%E0%B8%A3%E0%B8%96-%E0%B8%AA%E0%B8%B3%E0%B8%AB%E0%B8%A3%E0%B8%B1%E0%B8%9A-%E0%B8%82%E0%B8%B2%E0%B8%A2?type=used&page_number=65&page_size=26","2010 Isuzu D-MAX 3.0 Cab-4 (ปี 07-11) Hi-Lander Super Plat...","2010 ISUZU D-MAX HILANDER 4 ประตู 3.0 AUTO ไล์วิ่ง 194,xxx KM. รถบ้าน สภาพดี ...","Isuzu D-MAX","194027 กม.","กรุงเทพมหานคร","275,000 บาท","มือสอง","เกียร์อัตโนมัติ"
"1786479790-276","https://www.one2car.com/%E0%B8%A3%E0%B8%96-%E0%B8%AA%E0%B8%B3%E0%B8%AB%E0%B8%A3%E0%B8%B1%E0%B8%9A-%E0%B8%82%E0%B8%B2%E0%B8%A2?type=used&page_number=51&page_size=26","https://www.one2car.com/%E0%B8%A3%E0%B8%96-%E0%B8%AA%E0%B8%B3%E0%B8%AB%E0%B8%A3%E0%B8%B1%E0%B8%9A-%E0%B8%82%E0%B8%B2%E0%B8%A2?type=used&page_number=66&page_size=26","2017 Toyota SIENTA 1.5 (ปี 16-23) V Wagon","#รถมือเดียวเช็คศูนย์ตลอด ดอกเบี้ยเริ่มต้น 2.89% 👉Toyota SIENTA 1.5 V เกียร์ออโต้ (สีดำ) ...","Toyota SIENTA","121728 กม.","กรุงเทพมหานคร","359,000 บาท","มือสอง","เกียร์อัตโนมัติ"
"1786479790-277","https://www.one2car.com/%E0%B8%A3%E0%B8%96-%E0%B8%AA%E0%B8%B3%E0%B8%AB%E0%B8%A3%E0%B8%B1%E0%B8%9A-%E0%B8%82%E0%B8%B2%E0%B8%A2?type=used&page_number=51&page_size=26","https://www.one2car.com/%E0%B8%A3%E0%B8%96-%E0%B8%AA%E0%B8%B3%E0%B8%AB%E0%B8%A3%E0%B8%B1%E0%B8%9A-%E0%B8%82%E0%B8%B2%E0%B8%A2?type=used&page_number=66&page_size=26","2020 Honda City 1.5 (ปี 14-18) S Sedan","HONDA CITY 1.5 S (MNC) ปี 2019 จดปี 2020 AUTO สภาพป้ายแดง CITY ไมเนอร์เชนจ์ ไฟหน้าLED Day ...","Honda City","115 - 120K กม.","กรุงเทพมหานคร","299,000 บาท","มือสอง","เกียร์อัตโนมัติ"
"1786479790-278","https://www.one2car.com/%E0%B8%A3%E0%B8%96-%E0%B8%AA%E0%B8%B3%E0%B8%AB%E0%B8%A3%E0%B8%B1%E0%B8%9A-%E0%B8%82%E0%B8%B2%E0%B8%A2?type=used&page_number=51&page_size=26","https://www.one2car.com/%E0%B8%A3%E0%B8%96-%E0%B8%AA%E0%B8%B3%E0%B8%AB%E0%B8%A3%E0%B8%B1%E0%B8%9A-%E0%B8%82%E0%B8%B2%E0%B8%A2?type=used&page_number=66&page_size=26","2014 Toyota Corolla Altis 1.8 (ปี 14-18) G Sedan","TOYOTA COROLLA ALTIS 1.8 G ปี 2014 AUTO สภาพนางฟ้า 1.8 G*ภายในโทนดำ ...","Toyota Corolla Altis","120 - 125K กม.","กรุงเทพมหานคร","299,000 บาท","มือสอง","เกียร์อัตโนมัติ"
"1786479790-279","https://www.one2car.com/%E0%B8%A3%E0%B8%96-%E0%B8%AA%E0%B8%B3%E0%B8%AB%E0%B8%A3%E0%B8%B1%E0%B8%9A-%E0%B8%82%E0%B8%B2%E0%B8%A2?type=used&page_number=51&page_size=26","https://www.one2car.com/%E0%B8%A3%E0%B8%96-%E0%B8%AA%E0%B8%B3%E0%B8%AB%E0%B8%A3%E0%B8%B1%E0%B8%9A-%E0%B8%82%E0%B8%B2%E0%B8%A2?type=used&page_number=66&page_size=26","2021 Toyota INNOVA 2.8 (ปี 16-22) Crysta Wagon","TOYOTA INNOVA CRYSTA 2.8 (MNC) ปี 2021 สภาพนางฟ้า ไมเนอร์เชนจ์ 2021 ดีไซน์ภายนอก...ใหม่ ...","Toyota INNOVA","180 - 185K กม.","กรุงเทพมหานคร","549,000 บาท","มือสอง","เกียร์อัตโนมัติ"
"1786479790-280","https://www.one2car.com/%E0%B8%A3%E0%B8%96-%E0%B8%AA%E0%B8%B3%E0%B8%AB%E0%B8%A3%E0%B8%B1%E0%B8%9A-%E0%B8%82%E0%B8%B2%E0%B8%A2?type=used&page_number=51&page_size=26","https://www.one2car.com/%E0%B8%A3%E0%B8%96-%E0%B8%AA%E0%B8%B3%E0%B8%AB%E0%B8%A3%E0%B8%B1%E0%B8%9A-%E0%B8%82%E0%B8%B2%E0%B8%A2?type=used&page_number=66&page_size=26","2013 Honda ACCORD 2.0 (ปี 13-19) EL Navi Sedan","HONDA ACCORD 2.0 EL NAVI ปี 2013 สภาพนางฟ้า ACCORD GEN 9 ที่สุดแห่งยนตรกรรมระดับพรีเมี่ยม ...","Honda ACCORD","170 - 175K กม.","กรุงเทพมหานคร","299,000 บาท","มือสอง","เกียร์อัตโนมัติ"
"1786479790-281","https://www.one2car.com/%E0%B8%A3%E0%B8%96-%E0%B8%AA%E0%B8%B3%E0%B8%AB%E0%B8%A3%E0%B8%B1%E0%B8%9A-%E0%B8%82%E0%B8%B2%E0%B8%A2?type=used&page_number=51&page_size=26","https://www.one2car.com/%E0%B8%A3%E0%B8%96-%E0%B8%AA%E0%B8%B3%E0%B8%AB%E0%B8%A3%E0%B8%B1%E0%B8%9A-%E0%B8%82%E0%B8%B2%E0%B8%A2?type=used&page_number=66&page_size=26","2021 Isuzu D-MAX 1.9 Space Cab (ปี 19-26) S Pickup","ISUZU D-MAX BLUE POWER SPACECAB 1.9 DDI S ปี 2021 AUTO สภาพนางฟ้า ดีเซล 1.9 VGS 150 ...","Isuzu D-MAX","90 - 95K กม.","กรุงเทพมหานคร","419,000 บาท","มือสอง","เกียร์อัตโนมัติ"
"1786479790-282","https://www.one2car.com/%E0%B8%A3%E0%B8%96-%E0%B8%AA%E0%B8%B3%E0%B8%AB%E0%B8%A3%E0%B8%B1%E0%B8%9A-%E0%B8%82%E0%B8%B2%E0%B8%A2?type=used&page_number=51&page_size=26","https://www.one2car.com/%E0%B8%A3%E0%B8%96-%E0%B8%AA%E0%B8%B3%E0%B8%AB%E0%B8%A3%E0%B8%B1%E0%B8%9A-%E0%B8%82%E0%B8%B2%E0%B8%A2?type=used&page_number=66&page_size=26","2013 Honda CIVIC 1.8 FB (ปี 12-16) E Sedan","HONDA CIVIC 1.8 E (โฉมFB) ปี 2013 AUTO เครื่อง i-VTEC 1.8 Lt 141 แรงม้า ขับดี ประหยัด ...","Honda CIVIC","285 - 290K กม.","กรุงเทพมหานคร","239,000 บาท","มือสอง","เกียร์อัตโนมัติ"
"1786479790-283","https://www.one2car.com/%E0%B8%A3%E0%B8%96-%E0%B8%AA%E0%B8%B3%E0%B8%AB%E0%B8%A3%E0%B8%B1%E0%B8%9A-%E0%B8%82%E0%B8%B2%E0%B8%A2?type=used&page_number=51&page_size=26","https://www.one2car.com/%E0%B8%A3%E0%B8%96-%E0%B8%AA%E0%B8%B3%E0%B8%AB%E0%B8%A3%E0%B8%B1%E0%B8%9A-%E0%B8%82%E0%B8%B2%E0%B8%A2?type=used&page_number=66&page_size=26","2018 Honda HR-V 1.8 (ปี 14-18) EL SUV","HONDA HR-V 1.8 EL ปี 2018 สภาพนางฟ้า รุ่นTOP*Panoramic Sunroof/Paddle shift/เบาะไฟฟ้า ...","Honda HR-V","165 - 170K กม.","กรุงเทพมหานคร","389,000 บาท","มือสอง","เกียร์อัตโนมัติ"
"1786479790-284","https://www.one2car.com/%E0%B8%A3%E0%B8%96-%E0%B8%AA%E0%B8%B3%E0%B8%AB%E0%B8%A3%E0%B8%B1%E0%B8%9A-%E0%B8%82%E0%B8%B2%E0%B8%A2?type=used&page_number=51&page_size=26","https://www.one2car.com/%E0%B8%A3%E0%B8%96-%E0%B8%AA%E0%B8%B3%E0%B8%AB%E0%B8%A3%E0%B8%B1%E0%B8%9A-%E0%B8%82%E0%B8%B2%E0%B8%A2?type=used&page_number=66&page_size=26","2013 Toyota Corolla Altis 1.8 (ปี 08-13) G Sedan","TOYOTA COROLLA ALTIS 1.8 G (MNC) ปี 2013 AUTO เครื่อง 4 สูบ 1.8 Lt Dual VVT-i อัตราเร่งดี ...","Toyota Corolla Altis","290 - 295K กม.","กรุงเทพมหานคร","189,000 บาท","มือสอง","เกียร์อัตโนมัติ"
"1786479790-285","https://www.one2car.com/%E0%B8%A3%E0%B8%96-%E0%B8%AA%E0%B8%B3%E0%B8%AB%E0%B8%A3%E0%B8%B1%E0%B8%9A-%E0%B8%82%E0%B8%B2%E0%B8%A2?type=used&page_number=51&page_size=26","https://www.one2car.com/%E0%B8%A3%E0%B8%96-%E0%B8%AA%E0%B8%B3%E0%B8%AB%E0%B8%A3%E0%B8%B1%E0%B8%9A-%E0%B8%82%E0%B8%B2%E0%B8%A2?type=used&page_number=66&page_size=26","2021 Toyota CAMRY 2.0 (ปี 18-24) G Sedan","🚗🎀TOYOTA CAMRY 2.0G A/T ปี 2021🚗🎀 🔑ทะเบียน 2ขจ 1793 กทม ⏱ไมล์ 163,xxx km. ☝🏻รถมือเดียว☝🏻 ...","Toyota CAMRY","160 - 165K กม.","กรุงเทพมหานคร","659,000 บาท","มือสอง","เกียร์อัตโนมัติ"
"1786479795-286","https://www.one2car.com/%E0%B8%A3%E0%B8%96-%E0%B8%AA%E0%B8%B3%E0%B8%AB%E0%B8%A3%E0%B8%B1%E0%B8%9A-%E0%B8%82%E0%B8%B2%E0%B8%A2?type=used&page_number=51&page_size=26","https://www.one2car.com/%E0%B8%A3%E0%B8%96-%E0%B8%AA%E0%B8%B3%E0%B8%AB%E0%B8%A3%E0%B8%B1%E0%B8%9A-%E0%B8%82%E0%B8%B2%E0%B8%A2?type=used&page_number=67&page_size=26","2021 Toyota CAMRY 2.0 (ปี 18-24) G Sedan","🚗🎀TOYOTA CAMRY 2.0G A/T ปี 2021🚗🎀 🔑ทะเบียน 2ขง 7177 กทม ⏱ไมล์ 84,xxx km. ☝🏻รถมือเดียว☝🏻 ...","Toyota CAMRY","80 - 85K กม.","กรุงเทพมหานคร","729,000 บาท","มือสอง","เกียร์อัตโนมัติ"
"1786479795-287","https://www.one2car.com/%E0%B8%A3%E0%B8%96-%E0%B8%AA%E0%B8%B3%E0%B8%AB%E0%B8%A3%E0%B8%B1%E0%B8%9A-%E0%B8%82%E0%B8%B2%E0%B8%A2?type=used&page_number=51&page_size=26","https://www.one2car.com/%E0%B8%A3%E0%B8%96-%E0%B8%AA%E0%B8%B3%E0%B8%AB%E0%B8%A3%E0%B8%B1%E0%B8%9A-%E0%B8%82%E0%B8%B2%E0%B8%A2?type=used&page_number=67&page_size=26","2016 Mercedes-Benz ML250 2.1 W166 (ปี 12-16) CDI BlueEFFIC...","Mercedes-Benz ML 250 BlueTEC (W166) 2016 -เครื่องยนต์ ดีเซล 4 สูบแถวเรียง ขนาด 2.1 ลิตร ...","","125 - 130K กม.","กรุงเทพมหานคร","","","เกียร์อัตโนมัติ"
"1786479795-288","https://www.one2car.com/%E0%B8%A3%E0%B8%96-%E0%B8%AA%E0%B8%B3%E0%B8%AB%E0%B8%A3%E0%B8%B1%E0%B8%9A-%E0%B8%82%E0%B8%B2%E0%B8%A2?type=used&page_number=51&page_size=26","https://www.one2car.com/%E0%B8%A3%E0%B8%96-%E0%B8%AA%E0%B8%B3%E0%B8%AB%E0%B8%A3%E0%B8%B1%E0%B8%9A-%E0%B8%82%E0%B8%B2%E0%B8%A2?type=used&page_number=67&page_size=26","2013 Toyota FORTUNER 3.0 (ปี 12-15) V SUV","⚡ ดอกเบี้ยถูกเริ่ม 2.59% ⚡ ผ่อนสบายๆนาน 84 เดือน ✅ มีบริการไฟแนนซ์เซ็นเอกสารถึงที่ ✅ ...","Toyota FORTUNER","170 - 175K กม.","กรุงเทพมหานคร","","","เกียร์อัตโนมัติ"
"1786479795-289","https://www.one2car.com/%E0%B8%A3%E0%B8%96-%E0%B8%AA%E0%B8%B3%E0%B8%AB%E0%B8%A3%E0%B8%B1%E0%B8%9A-%E0%B8%82%E0%B8%B2%E0%B8%A2?type=used&page_number=51&page_size=26","https://www.one2car.com/%E0%B8%A3%E0%B8%96-%E0%B8%AA%E0%B8%B3%E0%B8%AB%E0%B8%A3%E0%B8%B1%E0%B8%9A-%E0%B8%82%E0%B8%B2%E0%B8%A2?type=used&page_number=67&page_size=26","2018 Honda City 1.5 (ปี 14-18) SV Sedan","❤️HONDA CITY 1.5 SV ปี2018 รุ่นTOP รถออกศูนย์มือเดียว ไมล์แท้ ใช้งานเพียง 120,000 KM ❤️ ...","Honda City","115 - 120K กม.","กรุงเทพมหานคร","349,000 บาท","มือสอง","เกียร์อัตโนมัติ"
"1786479795-290","https://www.one2car.com/%E0%B8%A3%E0%B8%96-%E0%B8%AA%E0%B8%B3%E0%B8%AB%E0%B8%A3%E0%B8%B1%E0%B8%9A-%E0%B8%82%E0%B8%B2%E0%B8%A2?type=used&page_number=51&page_size=26","https://www.one2car.com/%E0%B8%A3%E0%B8%96-%E0%B8%AA%E0%B8%B3%E0%B8%AB%E0%B8%A3%E0%B8%B1%E0%B8%9A-%E0%B8%82%E0%B8%B2%E0%B8%A2?type=used&page_number=67&page_size=26","2021 Honda City 1.0 (ปี 19-26) V Sedan","❤️HONDA CITY 1.0 V ปี2021 รถออกศูนย์มือเดียว ไมล์แท้ 60,000 KM เข้าศูนย์ครบทุกระยะ ...","Honda City","55 - 60K กม.","กรุงเทพมหานคร","369,000 บาท","มือสอง","เกียร์อัตโนมัติ"
"1786479795-291","https://www.one2car.com/%E0%B8%A3%E0%B8%96-%E0%B8%AA%E0%B8%B3%E0%B8%AB%E0%B8%A3%E0%B8%B1%E0%B8%9A-%E0%B8%82%E0%B8%B2%E0%B8%A2?type=used&page_number=51&page_size=26","https://www.one2car.com/%E0%B8%A3%E0%B8%96-%E0%B8%AA%E0%B8%B3%E0%B8%AB%E0%B8%A3%E0%B8%B1%E0%B8%9A-%E0%B8%82%E0%B8%B2%E0%B8%A2?type=used&page_number=67&page_size=26","2020 Toyota SIENTA 1.5 (ปี 16-23) V Wagon","🌈โปรโมชั่นรับส่วนลด 40,000 บาท🌈 จากราคาปกติ 498,000 บาท พิเศษราคา 458,000 บาท ...","Toyota SIENTA","95 - 100K กม.","กรุงเทพมหานคร","458,000 บาท","มือสอง","เกียร์อัตโนมัติ"
"1786479795-292","https://www.one2car.com/%E0%B8%A3%E0%B8%96-%E0%B8%AA%E0%B8%B3%E0%B8%AB%E0%B8%A3%E0%B8%B1%E0%B8%9A-%E0%B8%82%E0%B8%B2%E0%B8%A2?type=used&page_number=51&page_size=26","https://www.one2car.com/%E0%B8%A3%E0%B8%96-%E0%B8%AA%E0%B8%B3%E0%B8%AB%E0%B8%A3%E0%B8%B1%E0%B8%9A-%E0%B8%82%E0%B8%B2%E0%B8%A2?type=used&page_number=67&page_size=26","2012 Mitsubishi PAJERO SPORT 2.5 (ปี 08-15) GT SUV - 4WD  ...","รถสวยสภาพดี เครื่องแน่น พร้อมใช้งาน ราคาพิเศษสุดๆ 📲 สนใจติดต่อ โทร. **** ไก่ Line : ...","Mitsubishi PAJERO SPORT","235 - 240K กม.","กรุงเทพมหานคร","325,000 บาท","มือสอง","เกียร์อัตโนมัติ"
"1786479795-293","https://www.one2car.com/%E0%B8%A3%E0%B8%96-%E0%B8%AA%E0%B8%B3%E0%B8%AB%E0%B8%A3%E0%B8%B1%E0%B8%9A-%E0%B8%82%E0%B8%B2%E0%B8%A2?type=used&page_number=51&page_size=26","https://www.one2car.com/%E0%B8%A3%E0%B8%96-%E0%B8%AA%E0%B8%B3%E0%B8%AB%E0%B8%A3%E0%B8%B1%E0%B8%9A-%E0%B8%82%E0%B8%B2%E0%B8%A2?type=used&page_number=67&page_size=26","2013 Mitsubishi PAJERO SPORT 2.5 (ปี 08-15) GT SUV - 4WD  ...","รถสวยสภาพดี เครื่องแน่น พร้อมใช้งาน ราคาพิเศษสุดๆ 📲 สนใจติดต่อ โทร. **** ไก่ Line : ...","Mitsubishi PAJERO SPORT","240 - 245K กม.","กรุงเทพมหานคร","345,000 บาท","มือสอง","เกียร์อัตโนมัติ"
"1786479795-294","https://www.one2car.com/%E0%B8%A3%E0%B8%96-%E0%B8%AA%E0%B8%B3%E0%B8%AB%E0%B8%A3%E0%B8%B1%E0%B8%9A-%E0%B8%82%E0%B8%B2%E0%B8%A2?type=used&page_number=51&page_size=26","https://www.one2car.com/%E0%B8%A3%E0%B8%96-%E0%B8%AA%E0%B8%B3%E0%B8%AB%E0%B8%A3%E0%B8%B1%E0%B8%9A-%E0%B8%82%E0%B8%B2%E0%B8%A2?type=used&page_number=67&page_size=26","2023 Porsche CAYENNE 3.0 (ปี 18-25) E-Hybrid Coupe SUV - 4...","📍 Porsche Cayenne E-Hybrid Coupe ออกรถปี 2022 จดทะเบียน 2023 ไมค์ 52,xxx km. ออฟชั่นเต็ม ...","Porsche CAYENNE","50 - 55K กม.","สมุทรปราการ","3,890,000 บาท","มือสอง","เกียร์อัตโนมัติ"
"1786479795-295","https://www.one2car.com/%E0%B8%A3%E0%B8%96-%E0%B8%AA%E0%B8%B3%E0%B8%AB%E0%B8%A3%E0%B8%B1%E0%B8%9A-%E0%B8%82%E0%B8%B2%E0%B8%A2?type=used&page_number=51&page_size=26","https://www.one2car.com/%E0%B8%A3%E0%B8%96-%E0%B8%AA%E0%B8%B3%E0%B8%AB%E0%B8%A3%E0%B8%B1%E0%B8%9A-%E0%B8%82%E0%B8%B2%E0%B8%A2?type=used&page_number=67&page_size=26","2013 Toyota VIOS 1.5 (ปี 13-17) G Sedan","รถสวยสภาพดี เครื่องแน่น พร้อมใช้งาน ราคาพิเศษสุดๆ 📲 สนใจติดต่อ โทร. **** ไก่ Line : ...","Toyota VIOS","195 - 200K กม.","กรุงเทพมหานคร","195,000 บาท","มือสอง","เกียร์อัตโนมัติ"
"1786479795-296","https://www.one2car.com/%E0%B8%A3%E0%B8%96-%E0%B8%AA%E0%B8%B3%E0%B8%AB%E0%B8%A3%E0%B8%B1%E0%B8%9A-%E0%B8%82%E0%B8%B2%E0%B8%A2?type=used&page_number=51&page_size=26","https://www.one2car.com/%E0%B8%A3%E0%B8%96-%E0%B8%AA%E0%B8%B3%E0%B8%AB%E0%B8%A3%E0%B8%B1%E0%B8%9A-%E0%B8%82%E0%B8%B2%E0%B8%A2?type=used&page_number=67&page_size=26","2016 Toyota HILUX REVO 2.4 Smart Cab E Prerunner Pickup   ...","#ถูกใจก็แค่จอง #รับจองออนไลน์ #รถสวยคุณภาพดี #อยู่ที่ไหนก็ซื้อได้ #รับซื้อขายรถทั่วประเทศ ...","Toyota HILUX REVO","150 - 155K กม.","สมุทรปราการ","369,000 บาท","มือสอง","เกียร์ธรรมดา"
"1786479795-297","https://www.one2car.com/%E0%B8%A3%E0%B8%96-%E0%B8%AA%E0%B8%B3%E0%B8%AB%E0%B8%A3%E0%B8%B1%E0%B8%9A-%E0%B8%82%E0%B8%B2%E0%B8%A2?type=used&page_number=51&page_size=26","https://www.one2car.com/%E0%B8%A3%E0%B8%96-%E0%B8%AA%E0%B8%B3%E0%B8%AB%E0%B8%A3%E0%B8%B1%E0%B8%9A-%E0%B8%82%E0%B8%B2%E0%B8%A2?type=used&page_number=67&page_size=26","2020 Ford RANGER 2.0 Double Cab (ปี 15-21) Hi-Rider Limite...","รถสวยสภาพดี เครื่องแน่น พร้อมใช้งาน ราคาพิเศษสุดๆ 📲 สนใจติดต่อ โทร. **** ไก่ Line : ...","Ford RANGER","95 - 100K กม.","กรุงเทพมหานคร","415,000 บาท","มือสอง","เกียร์อัตโนมัติ"
"1786479799-298","https://www.one2car.com/%E0%B8%A3%E0%B8%96-%E0%B8%AA%E0%B8%B3%E0%B8%AB%E0%B8%A3%E0%B8%B1%E0%B8%9A-%E0%B8%82%E0%B8%B2%E0%B8%A2?type=used&page_number=51&page_size=26","https://www.one2car.com/%E0%B8%A3%E0%B8%96-%E0%B8%AA%E0%B8%B3%E0%B8%AB%E0%B8%A3%E0%B8%B1%E0%B8%9A-%E0%B8%82%E0%B8%B2%E0%B8%A2?type=used&page_number=68&page_size=26","2024 Toyota FORTUNER 2.4 (ปี 15-25) Leader V SUV","Toyota Fortuner 2.4 Leader V สีเทา MY2023 จด2024 เลขไมล์ 35,xxxกม.แท้ เจ้าของเดียว ...","Toyota FORTUNER","35472 กม.","กรุงเทพมหานคร","999,000 บาท","มือสอง","เกียร์อัตโนมัติ"
"1786479799-299","https://www.one2car.com/%E0%B8%A3%E0%B8%96-%E0%B8%AA%E0%B8%B3%E0%B8%AB%E0%B8%A3%E0%B8%B1%E0%B8%9A-%E0%B8%82%E0%B8%B2%E0%B8%A2?type=used&page_number=51&page_size=26","https://www.one2car.com/%E0%B8%A3%E0%B8%96-%E0%B8%AA%E0%B8%B3%E0%B8%AB%E0%B8%A3%E0%B8%B1%E0%B8%9A-%E0%B8%82%E0%B8%B2%E0%B8%A2?type=used&page_number=68&page_size=26","2023 Honda HR-V 1.5 (ปี 22-28) e:HEV RS SUV - e HEV RS","🔰SUV Hybrid ใหม่มากๆ ประหยัดน้ำมัน บอดี้สีเดิม เข้าศูนย์ทุกระยะ ได้รถใหม่สภาพเกือบป้ายแดง ...","Honda HR-V","65 - 70K กม.","กรุงเทพมหานคร","","","เกียร์อัตโนมัติ"
"1786479799-300","https://www.one2car.com/%E0%B8%A3%E0%B8%96-%E0%B8%AA%E0%B8%B3%E0%B8%AB%E0%B8%A3%E0%B8%B1%E0%B8%9A-%E0%B8%82%E0%B8%B2%E0%B8%A2?type=used&page_number=51&page_size=26","https://www.one2car.com/%E0%B8%A3%E0%B8%96-%E0%B8%AA%E0%B8%B3%E0%B8%AB%E0%B8%A3%E0%B8%B1%E0%B8%9A-%E0%B8%82%E0%B8%B2%E0%B8%A2?type=used&page_number=68&page_size=26","2012 Honda JAZZ 1.5 (ปี 08-14) S Hatchback","HONDA JAZZ 1.5 S AT 2012 ออกรถ 0 บาท จัดได้ 209,000 บ. Line:@BBCAR1 ...","Honda JAZZ","190 - 195K กม.","กรุงเทพมหานคร","","","เกียร์อัตโนมัติ"
"1786479799-301","https://www.one2car.com/%E0%B8%A3%E0%B8%96-%E0%B8%AA%E0%B8%B3%E0%B8%AB%E0%B8%A3%E0%B8%B1%E0%B8%9A-%E0%B8%82%E0%B8%B2%E0%B8%A2?type=used&page_number=51&page_size=26","https://www.one2car.com/%E0%B8%A3%E0%B8%96-%E0%B8%AA%E0%B8%B3%E0%B8%AB%E0%B8%A3%E0%B8%B1%E0%B8%9A-%E0%B8%82%E0%B8%B2%E0%B8%A2?type=used&page_number=68&page_size=26","2013 Subaru XV 2.0 (ปี 12-16) SUV - AWD","📍BBsmartcar สาขา 1 สี่แยกมไหสวรรย์ SUBARU XV 2.0 I AWD AT 2013 💸price 219,000 บาท *** ...","Subaru XV","145 - 150K กม.","กรุงเทพมหานคร","","","เกียร์อัตโนมัติ"
"1786479799-302","https://www.one2car.com/%E0%B8%A3%E0%B8%96-%E0%B8%AA%E0%B8%B3%E0%B8%AB%E0%B8%A3%E0%B8%B1%E0%B8%9A-%E0%B8%82%E0%B8%B2%E0%B8%A2?type=used&page_number=51&page_size=26","https://www.one2car.com/%E0%B8%A3%E0%B8%96-%E0%B8%AA%E0%B8%B3%E0%B8%AB%E0%B8%A3%E0%B8%B1%E0%B8%9A-%E0%B8%82%E0%B8%B2%E0%B8%A2?type=used&page_number=68&page_size=26","2021 Honda JAZZ 1.5 (ปี 14-22) V+ Hatchback - V","2017 Honda jazz 1.5V+ Hatchback รถมือเดียวไม่เคยมีอุบัติเหตุ รถ5 ประตู ...","Honda JAZZ","140 - 145K กม.","กรุงเทพมหานคร","","","เกียร์อัตโนมัติ"
"1786479799-303","https://www.one2car.com/%E0%B8%A3%E0%B8%96-%E0%B8%AA%E0%B8%B3%E0%B8%AB%E0%B8%A3%E0%B8%B1%E0%B8%9A-%E0%B8%82%E0%B8%B2%E0%B8%A2?type=used&page_number=51&page_size=26","https://www.one2car.com/%E0%B8%A3%E0%B8%96-%E0%B8%AA%E0%B8%B3%E0%B8%AB%E0%B8%A3%E0%B8%B1%E0%B8%9A-%E0%B8%82%E0%B8%B2%E0%B8%A2?type=used&page_number=68&page_size=26","2013 Toyota VIOS 1.5 (ปี 07-13) E Sedan","⚡ ดอกเบี้ยถูกเริ่ม 2.59% ⚡ ผ่อนสบายๆนาน 84 เดือน ✅ มีบริการไฟแนนซ์เซ็นเอกสารถึงที่ ✅ ...","Toyota VIOS","210 - 215K กม.","กรุงเทพมหานคร","","","เกียร์อัตโนมัติ"
"1786479799-304","https://www.one2car.com/%E0%B8%A3%E0%B8%96-%E0%B8%AA%E0%B8%B3%E0%B8%AB%E0%B8%A3%E0%B8%B1%E0%B8%9A-%E0%B8%82%E0%B8%B2%E0%B8%A2?type=used&page_number=51&page_size=26","https://www.one2car.com/%E0%B8%A3%E0%B8%96-%E0%B8%AA%E0%B8%B3%E0%B8%AB%E0%B8%A3%E0%B8%B1%E0%B8%9A-%E0%B8%82%E0%B8%B2%E0%B8%A2?type=used&page_number=68&page_size=26","2012 Mazda BT-50 PRO 2.2 Double Cab Hi-Racer Pickup","⚡ ดอกเบี้ยถูกเริ่ม 2.59% ⚡ ผ่อนสบายๆนาน 84 เดือน ✅ มีบริการไฟแนนซ์เซ็นเอกสารถึงที่ ✅ ...","Mazda BT-50 PRO","205 - 210K กม.","กรุงเทพมหานคร","","","เกียร์อัตโนมัติ"
"1786479799-305","https://www.one2car.com/%E0%B8%A3%E0%B8%96-%E0%B8%AA%E0%B8%B3%E0%B8%AB%E0%B8%A3%E0%B8%B1%E0%B8%9A-%E0%B8%82%E0%B8%B2%E0%B8%A2?type=used&page_number=51&page_size=26","https://www.one2car.com/%E0%B8%A3%E0%B8%96-%E0%B8%AA%E0%B8%B3%E0%B8%AB%E0%B8%A3%E0%B8%B1%E0%B8%9A-%E0%B8%82%E0%B8%B2%E0%B8%A2?type=used&page_number=68&page_size=26","2022 Toyota Corolla Cross 1.8 (ปี 20-26) Hybrid Premium Sa...","✅Contact LINE @sitauto (มี@) | 59,xxx km รุ่นพิเศษ GR SPORT ภายในดำ วารันตี-01/2027 รถสวย ...","","59296 กม.","กรุงเทพมหานคร","","","เกียร์อัตโนมัติ"
"1786479799-306","https://www.one2car.com/%E0%B8%A3%E0%B8%96-%E0%B8%AA%E0%B8%B3%E0%B8%AB%E0%B8%A3%E0%B8%B1%E0%B8%9A-%E0%B8%82%E0%B8%B2%E0%B8%A2?type=used&page_number=51&page_size=26","https://www.one2car.com/%E0%B8%A3%E0%B8%96-%E0%B8%AA%E0%B8%B3%E0%B8%AB%E0%B8%A3%E0%B8%B1%E0%B8%9A-%E0%B8%82%E0%B8%B2%E0%B8%A2?type=used&page_number=68&page_size=26","2019 Suzuki SWIFT 1.2 (ปี 18-25) GLX Navi Hatchback","⚡ ดอกเบี้ยถูกเริ่ม 2.59% ⚡ ผ่อนสบายๆนาน 84 เดือน ✅ มีบริการไฟแนนซ์เซ็นเอกสารถึงที่ ✅ ...","Suzuki SWIFT","100 - 105K กม.","กรุงเทพมหานคร","","","เกียร์อัตโนมัติ"
"1786479804-307","https://www.one2car.com/%E0%B8%A3%E0%B8%96-%E0%B8%AA%E0%B8%B3%E0%B8%AB%E0%B8%A3%E0%B8%B1%E0%B8%9A-%E0%B8%82%E0%B8%B2%E0%B8%A2?type=used&page_number=51&page_size=26","https://www.one2car.com/%E0%B8%A3%E0%B8%96-%E0%B8%AA%E0%B8%B3%E0%B8%AB%E0%B8%A3%E0%B8%B1%E0%B8%9A-%E0%B8%82%E0%B8%B2%E0%B8%A2?type=used&page_number=69&page_size=26","2020 Honda ACCORD 1.5 (ปี 19-23) Turbo EL Sedan - CVT","✅Contact LINE @sitauto (มี@) | 87,xxx km มือเดียว พึ่งเช็คระยะ ประวัติครบ พร้อมใช้งาน ...","Honda ACCORD","87415 กม.","กรุงเทพมหานคร","","","เกียร์อัตโนมัติ"
"1786479804-308","https://www.one2car.com/%E0%B8%A3%E0%B8%96-%E0%B8%AA%E0%B8%B3%E0%B8%AB%E0%B8%A3%E0%B8%B1%E0%B8%9A-%E0%B8%82%E0%B8%B2%E0%B8%A2?type=used&page_number=51&page_size=26","https://www.one2car.com/%E0%B8%A3%E0%B8%96-%E0%B8%AA%E0%B8%B3%E0%B8%AB%E0%B8%A3%E0%B8%B1%E0%B8%9A-%E0%B8%82%E0%B8%B2%E0%B8%A2?type=used&page_number=69&page_size=26","2019 Mercedes-Benz GLA250 2.0 W156 (ปี 14-20) AMG Dynamic ...","🇩🇪 BENZ GLA250 AMG ปี2019แท้ ตัวท๊อปสุด!! 🎉 ไฮไลท์รถคันนี้ ✅️ รถบ้านแท้เจ้าของลำดับเดียว ...","Mercedes-Benz GLA250","65 - 70K กม.","กรุงเทพมหานคร","769,000 บาท","มือสอง","เกียร์อัตโนมัติ"
"1786479804-309","https://www.one2car.com/%E0%B8%A3%E0%B8%96-%E0%B8%AA%E0%B8%B3%E0%B8%AB%E0%B8%A3%E0%B8%B1%E0%B8%9A-%E0%B8%82%E0%B8%B2%E0%B8%A2?type=used&page_number=51&page_size=26","https://www.one2car.com/%E0%B8%A3%E0%B8%96-%E0%B8%AA%E0%B8%B3%E0%B8%AB%E0%B8%A3%E0%B8%B1%E0%B8%9A-%E0%B8%82%E0%B8%B2%E0%B8%A2?type=used&page_number=69&page_size=26","2024 Honda CR-V 2.0 (ปี 23-29) e:HEV RS SUV - e HEV RS AWD...","🇯🇵 Honda CRV ehev rs ตัว Top สุด ปี 2023 จด 2024 🎉 ไฮไลท์รถคันนี้ ✅️ ...","Honda CR-V","40 - 45K กม.","กรุงเทพมหานคร","1,190,000 บาท","มือสอง","เกียร์อัตโนมัติ"
"1786479804-310","https://www.one2car.com/%E0%B8%A3%E0%B8%96-%E0%B8%AA%E0%B8%B3%E0%B8%AB%E0%B8%A3%E0%B8%B1%E0%B8%9A-%E0%B8%82%E0%B8%B2%E0%B8%A2?type=used&page_number=51&page_size=26","https://www.one2car.com/%E0%B8%A3%E0%B8%96-%E0%B8%AA%E0%B8%B3%E0%B8%AB%E0%B8%A3%E0%B8%B1%E0%B8%9A-%E0%B8%82%E0%B8%B2%E0%B8%A2?type=used&page_number=69&page_size=26","2009 Toyota VIOS 1.5 (ปี 07-13) S Limited Sedan","📢#VIOS 1.5 S Limited ปี2009 ตัวท๊อปสุด รถบ้านสภาพสวยพร้อมใช้งาน รถขับดีมากๆ 💸ราคา ...","Toyota VIOS","190000 กม.","กรุงเทพมหานคร","125,000 บาท","มือสอง","เกียร์อัตโนมัติ"
"1786479804-311","https://www.one2car.com/%E0%B8%A3%E0%B8%96-%E0%B8%AA%E0%B8%B3%E0%B8%AB%E0%B8%A3%E0%B8%B1%E0%B8%9A-%E0%B8%82%E0%B8%B2%E0%B8%A2?type=used&page_number=51&page_size=26","https://www.one2car.com/%E0%B8%A3%E0%B8%96-%E0%B8%AA%E0%B8%B3%E0%B8%AB%E0%B8%A3%E0%B8%B1%E0%B8%9A-%E0%B8%82%E0%B8%B2%E0%B8%A2?type=used&page_number=69&page_size=26","2021 Honda CIVIC 1.8 FC (ปี 16-20) EL Sedan","⭐HONDA CIVIC 1.8 EL TOP 2021 มือเดียว ไมล์น้อย พร้อมใช้ ยางใหม่ 4 เส้น 🔥 ปี2021แท้ ...","Honda CIVIC","100 - 105K กม.","กรุงเทพมหานคร","539,000 บาท","มือสอง","เกียร์อัตโนมัติ"
"1786479804-312","https://www.one2car.com/%E0%B8%A3%E0%B8%96-%E0%B8%AA%E0%B8%B3%E0%B8%AB%E0%B8%A3%E0%B8%B1%E0%B8%9A-%E0%B8%82%E0%B8%B2%E0%B8%A2?type=used&page_number=51&page_size=26","https://www.one2car.com/%E0%B8%A3%E0%B8%96-%E0%B8%AA%E0%B8%B3%E0%B8%AB%E0%B8%A3%E0%B8%B1%E0%B8%9A-%E0%B8%82%E0%B8%B2%E0%B8%A2?type=used&page_number=69&page_size=26","2021 Honda CIVIC 1.5 FE (ปี 21-26) EL+ Sedan - EL","AIRBAG6ใบ ABS เบาะหนังไฟฟ้า ก.ไฟฟ้า ซ.ล็อก กระจกข้างปรับ+พับไฟฟ้า เครื่องเล่น DVD ...","Honda CIVIC","140 - 145K กม.","กรุงเทพมหานคร","610,000 บาท","มือสอง","เกียร์อัตโนมัติ"
"1786479804-313","https://www.one2car.com/%E0%B8%A3%E0%B8%96-%E0%B8%AA%E0%B8%B3%E0%B8%AB%E0%B8%A3%E0%B8%B1%E0%B8%9A-%E0%B8%82%E0%B8%B2%E0%B8%A2?type=used&page_number=51&page_size=26","https://www.one2car.com/%E0%B8%A3%E0%B8%96-%E0%B8%AA%E0%B8%B3%E0%B8%AB%E0%B8%A3%E0%B8%B1%E0%B8%9A-%E0%B8%82%E0%B8%B2%E0%B8%A2?type=used&page_number=69&page_size=26","2021 Toyota Corolla Altis 1.8 (ปี 19-25) Hybrid Premium Sa...","2021 Toyota Corolla Altis TNGA 1.8 Hybrid Premium Safety e-CVT Toyota Altis 1.8 Hybrid ...","Toyota Corolla Altis","190 - 195K กม.","กรุงเทพมหานคร","569,000 บาท","มือสอง","เกียร์อัตโนมัติ"
"1786479804-314","https://www.one2car.com/%E0%B8%A3%E0%B8%96-%E0%B8%AA%E0%B8%B3%E0%B8%AB%E0%B8%A3%E0%B8%B1%E0%B8%9A-%E0%B8%82%E0%B8%B2%E0%B8%A2?type=used&page_number=51&page_size=26","https://www.one2car.com/%E0%B8%A3%E0%B8%96-%E0%B8%AA%E0%B8%B3%E0%B8%AB%E0%B8%A3%E0%B8%B1%E0%B8%9A-%E0%B8%82%E0%B8%B2%E0%B8%A2?type=used&page_number=69&page_size=26","2021 Honda CIVIC 1.5 FE (ปี 21-26) EL+ Sedan - EL","AIRBAG6ใบ ABS เบาะหนังไฟฟ้า ก.ไฟฟ้า ซ.ล็อก กระจกข้างปรับ+พับไฟฟ้า เครื่องเล่น DVD ...","Honda CIVIC","105 - 110K กม.","กรุงเทพมหานคร","610,000 บาท","มือสอง","เกียร์อัตโนมัติ"
"1786479804-315","https://www.one2car.com/%E0%B8%A3%E0%B8%96-%E0%B8%AA%E0%B8%B3%E0%B8%AB%E0%B8%A3%E0%B8%B1%E0%B8%9A-%E0%B8%82%E0%B8%B2%E0%B8%A2?type=used&page_number=51&page_size=26","https://www.one2car.com/%E0%B8%A3%E0%B8%96-%E0%B8%AA%E0%B8%B3%E0%B8%AB%E0%B8%A3%E0%B8%B1%E0%B8%9A-%E0%B8%82%E0%B8%B2%E0%B8%A2?type=used&page_number=69&page_size=26","2019 Toyota Commuter 2.8 (ปี 19-30) Van","สเปคและออปชั่นเด่น เครื่องยนต์: ดีเซล 2.8 ลิตร GD 2755 ซีซี กำลังสูงสุด: 177 แรงม้า ...","Toyota Commuter","0 - 5K กม.","กรุงเทพมหานคร","899,000 บาท","มือสอง","เกียร์ธรรมดา"
"1786479804-316","https://www.one2car.com/%E0%B8%A3%E0%B8%96-%E0%B8%AA%E0%B8%B3%E0%B8%AB%E0%B8%A3%E0%B8%B1%E0%B8%9A-%E0%B8%82%E0%B8%B2%E0%B8%A2?type=used&page_number=51&page_size=26","https://www.one2car.com/%E0%B8%A3%E0%B8%96-%E0%B8%AA%E0%B8%B3%E0%B8%AB%E0%B8%A3%E0%B8%B1%E0%B8%9A-%E0%B8%82%E0%B8%B2%E0%B8%A2?type=used&page_number=69&page_size=26","2019 Honda NSX 3.5 (ปี 16-20) Coupe - 4WD","เลขไมล์เพียง 4,700 กม. ขุมพลังเครื่องยนต์ V6 ขนาด 3.5ลิตร DOHC Twin-Turbocharger วางกลาง ...","","0 - 5K กม.","กรุงเทพมหานคร","18,900,000 บาท","มือสอง","เกียร์อัตโนมัติ"
"1786479804-317","https://www.one2car.com/%E0%B8%A3%E0%B8%96-%E0%B8%AA%E0%B8%B3%E0%B8%AB%E0%B8%A3%E0%B8%B1%E0%B8%9A-%E0%B8%82%E0%B8%B2%E0%B8%A2?type=used&page_number=51&page_size=26","https://www.one2car.com/%E0%B8%A3%E0%B8%96-%E0%B8%AA%E0%B8%B3%E0%B8%AB%E0%B8%A3%E0%B8%B1%E0%B8%9A-%E0%B8%82%E0%B8%B2%E0%B8%A2?type=used&page_number=69&page_size=26","2021 Toyota FORTUNER 2.4 (ปี 15-25) V SUV","สเปครถ เครื่องยนต์ดีเซล 2.4 (2GD-FTV VN Turbo) กำลัง 150 แรงม้า / แรงบิด 400 นิวตันเมตร ...","Toyota FORTUNER","125 - 130K กม.","กรุงเทพมหานคร","859,000 บาท","มือสอง","เกียร์อัตโนมัติ"
"1786479804-318","https://www.one2car.com/%E0%B8%A3%E0%B8%96-%E0%B8%AA%E0%B8%B3%E0%B8%AB%E0%B8%A3%E0%B8%B1%E0%B8%9A-%E0%B8%82%E0%B8%B2%E0%B8%A2?type=used&page_number=51&page_size=26","https://www.one2car.com/%E0%B8%A3%E0%B8%96-%E0%B8%AA%E0%B8%B3%E0%B8%AB%E0%B8%A3%E0%B8%B1%E0%B8%9A-%E0%B8%82%E0%B8%B2%E0%B8%A2?type=used&page_number=69&page_size=26","2022 Toyota INNOVA 2.8 (ปี 16-22) Crysta Wagon","สเปครถ เครื่องยนต์ดีเซล 2.8 (1GD-FTV VN Turbo) กำลัง 172 แรงม้า / แรงบิด 360 นิวตันเมตร ...","Toyota INNOVA","180 - 185K กม.","กรุงเทพมหานคร","619,000 บาท","มือสอง","เกียร์อัตโนมัติ"
"1786479804-319","https://www.one2car.com/%E0%B8%A3%E0%B8%96-%E0%B8%AA%E0%B8%B3%E0%B8%AB%E0%B8%A3%E0%B8%B1%E0%B8%9A-%E0%B8%82%E0%B8%B2%E0%B8%A2?type=used&page_number=51&page_size=26","https://www.one2car.com/%E0%B8%A3%E0%B8%96-%E0%B8%AA%E0%B8%B3%E0%B8%AB%E0%B8%A3%E0%B8%B1%E0%B8%9A-%E0%B8%82%E0%B8%B2%E0%B8%A2?type=used&page_number=69&page_size=26","2012 Volkswagen CARAVELLE 2.0 (ปี 04-16) TDi Van","สเปคและออปชั่นเด่น เครื่องยนต์: ดีเซล 2.0 ลิตร BiTDI (Bi-Turbo) 180 แรงม้า แรงบิดสูง ...","","155 - 160K กม.","กรุงเทพมหานคร","369,000 บาท","มือสอง","เกียร์อัตโนมัติ"
"1786479804-320","https://www.one2car.com/%E0%B8%A3%E0%B8%96-%E0%B8%AA%E0%B8%B3%E0%B8%AB%E0%B8%A3%E0%B8%B1%E0%B8%9A-%E0%B8%82%E0%B8%B2%E0%B8%A2?type=used&page_number=51&page_size=26","https://www.one2car.com/%E0%B8%A3%E0%B8%96-%E0%B8%AA%E0%B8%B3%E0%B8%AB%E0%B8%A3%E0%B8%B1%E0%B8%9A-%E0%B8%82%E0%B8%B2%E0%B8%A2?type=used&page_number=69&page_size=26","2019 Toyota INNOVA 2.8 (ปี 16-22) Crysta G Wagon","สเปคและออปชั่นเด่น เครื่องยนต์: ดีเซล 2.8 ลิตร VN Turbo Intercooler (1GD-FTV) ...","Toyota INNOVA","0 - 5K กม.","กรุงเทพมหานคร","480,000 บาท","มือสอง","เกียร์อัตโนมัติ"
"1786479804-321","https://www.one2car.com/%E0%B8%A3%E0%B8%96-%E0%B8%AA%E0%B8%B3%E0%B8%AB%E0%B8%A3%E0%B8%B1%E0%B8%9A-%E0%B8%82%E0%B8%B2%E0%B8%A2?type=used&page_number=51&page_size=26","https://www.one2car.com/%E0%B8%A3%E0%B8%96-%E0%B8%AA%E0%B8%B3%E0%B8%AB%E0%B8%A3%E0%B8%B1%E0%B8%9A-%E0%B8%82%E0%B8%B2%E0%B8%A2?type=used&page_number=69&page_size=26","2021 Toyota INNOVA 2.8 (ปี 16-22) Crysta Wagon","สเปคและออปชั่นเด่น เครื่องยนต์: ดีเซล 2.8 ลิตร GD Series 2755 ซีซี กำลังสูงสุด: 174 ...","Toyota INNOVA","170 - 175K กม.","กรุงเทพมหานคร","609,000 บาท","มือสอง","เกียร์อัตโนมัติ"
"1786479804-322","https://www.one2car.com/%E0%B8%A3%E0%B8%96-%E0%B8%AA%E0%B8%B3%E0%B8%AB%E0%B8%A3%E0%B8%B1%E0%B8%9A-%E0%B8%82%E0%B8%B2%E0%B8%A2?type=used&page_number=51&page_size=26","https://www.one2car.com/%E0%B8%A3%E0%B8%96-%E0%B8%AA%E0%B8%B3%E0%B8%AB%E0%B8%A3%E0%B8%B1%E0%B8%9A-%E0%B8%82%E0%B8%B2%E0%B8%A2?type=used&page_number=69&page_size=26","2022 Honda City 1.0 (ปี 19-26) S Sedan","Honda City 1.0 Turbo S ปี2022 ไมล์ 32,xxx km. ราคาขาย 369,000 บาท Specification - ...","Honda City","30 - 35K กม.","กรุงเทพมหานคร","369,000 บาท","มือสอง","เกียร์อัตโนมัติ"
"1786479804-323","https://www.one2car.com/%E0%B8%A3%E0%B8%96-%E0%B8%AA%E0%B8%B3%E0%B8%AB%E0%B8%A3%E0%B8%B1%E0%B8%9A-%E0%B8%82%E0%B8%B2%E0%B8%A2?type=used&page_number=51&page_size=26","https://www.one2car.com/%E0%B8%A3%E0%B8%96-%E0%B8%AA%E0%B8%B3%E0%B8%AB%E0%B8%A3%E0%B8%B1%E0%B8%9A-%E0%B8%82%E0%B8%B2%E0%B8%A2?type=used&page_number=69&page_size=26","2018 Mazda CX-5 2.0 (ปี 17-26) SP SUV","Mazda CX-5 2.0 SP 2WD | ปีจด : 2018 sาคา : 529,000 บาท เริ่มผ่อน : 8,8xx บาท / งวด เกียร์ ...","Mazda CX-5","195 - 200K กม.","กรุงเทพมหานคร","459,000 บาท","มือสอง","เกียร์อัตโนมัติ"
"1786479804-324","https://www.one2car.com/%E0%B8%A3%E0%B8%96-%E0%B8%AA%E0%B8%B3%E0%B8%AB%E0%B8%A3%E0%B8%B1%E0%B8%9A-%E0%B8%82%E0%B8%B2%E0%B8%A2?type=used&page_number=51&page_size=26","https://www.one2car.com/%E0%B8%A3%E0%B8%96-%E0%B8%AA%E0%B8%B3%E0%B8%AB%E0%B8%A3%E0%B8%B1%E0%B8%9A-%E0%B8%82%E0%B8%B2%E0%B8%A2?type=used&page_number=69&page_size=26","2018 Mazda CX-5 2.0 (ปี 17-26) S SUV","Mazda CX-5 2.0 S 2WD | ปี : 2018 sาคา : 579,000 บาท เริ่มผ่อน : 9,6xx บาท / งวด เกียร์ : ...","Mazda CX-5","135 - 140K กม.","กรุงเทพมหานคร","469,000 บาท","มือสอง","เกียร์อัตโนมัติ"
"1786479807-325","https://www.one2car.com/%E0%B8%A3%E0%B8%96-%E0%B8%AA%E0%B8%B3%E0%B8%AB%E0%B8%A3%E0%B8%B1%E0%B8%9A-%E0%B8%82%E0%B8%B2%E0%B8%A2?type=used&page_number=51&page_size=26","https://www.one2car.com/%E0%B8%A3%E0%B8%96-%E0%B8%AA%E0%B8%B3%E0%B8%AB%E0%B8%A3%E0%B8%B1%E0%B8%9A-%E0%B8%82%E0%B8%B2%E0%B8%A2?type=used&page_number=70&page_size=26","2022 Toyota ALPHARD 2.5 (ปี 15-23) S C-Package Van","TOYOTA ALPHARD SC Package 2022 (คศ 2022) เจ้าของเดียว สีเดิมทุกชิ้น ไม่เคยเกิดอุบัติเหตุ ...","Toyota ALPHARD","70 - 75K กม.","กรุงเทพมหานคร","1,990,000 บาท","มือสอง","เกียร์อัตโนมัติ"
"1786479807-326","https://www.one2car.com/%E0%B8%A3%E0%B8%96-%E0%B8%AA%E0%B8%B3%E0%B8%AB%E0%B8%A3%E0%B8%B1%E0%B8%9A-%E0%B8%82%E0%B8%B2%E0%B8%A2?type=used&page_number=51&page_size=26","https://www.one2car.com/%E0%B8%A3%E0%B8%96-%E0%B8%AA%E0%B8%B3%E0%B8%AB%E0%B8%A3%E0%B8%B1%E0%B8%9A-%E0%B8%82%E0%B8%B2%E0%B8%A2?type=used&page_number=70&page_size=26","2020 Ford EVEREST 2.0 (ปี 15-22) Titanium+ SUV - Titanium ...","FORD EVEREST 2.0 BI-TURBO 4WD TITANIUM PLUS ปี 2020 รถ SUV 7 ที่นั่ง ตัวท็อปสุด ...","Ford EVEREST","155 - 160K กม.","กรุงเทพมหานคร","699,000 บาท","มือสอง","เกียร์อัตโนมัติ"
"1786479807-327","https://www.one2car.com/%E0%B8%A3%E0%B8%96-%E0%B8%AA%E0%B8%B3%E0%B8%AB%E0%B8%A3%E0%B8%B1%E0%B8%9A-%E0%B8%82%E0%B8%B2%E0%B8%A2?type=used&page_number=51&page_size=26","https://www.one2car.com/%E0%B8%A3%E0%B8%96-%E0%B8%AA%E0%B8%B3%E0%B8%AB%E0%B8%A3%E0%B8%B1%E0%B8%9A-%E0%B8%82%E0%B8%B2%E0%B8%A2?type=used&page_number=70&page_size=26","2018 Honda CR-V 1.6 (ปี 17-21) DT E SUV","Honda CR-V 1.6E ปี 2018 รถ SUV รุ่นนี้ประหยัดน้ำมันน่าใช้ เป็นรถบ้านแท้ ...","Honda CR-V","175 - 180K กม.","กรุงเทพมหานคร","549,000 บาท","มือสอง","เกียร์อัตโนมัติ"
"1786479807-328","https://www.one2car.com/%E0%B8%A3%E0%B8%96-%E0%B8%AA%E0%B8%B3%E0%B8%AB%E0%B8%A3%E0%B8%B1%E0%B8%9A-%E0%B8%82%E0%B8%B2%E0%B8%A2?type=used&page_number=51&page_size=26","https://www.one2car.com/%E0%B8%A3%E0%B8%96-%E0%B8%AA%E0%B8%B3%E0%B8%AB%E0%B8%A3%E0%B8%B1%E0%B8%9A-%E0%B8%82%E0%B8%B2%E0%B8%A2?type=used&page_number=70&page_size=26","2021 BMW 220i 2.0 F44 (ปี 20-27) Gran M Sport Coupe","BMW 220i Gran Coupe M-Sport 2021 รถสปอร์ต 4 ประตู ทรงคูเป้ เลขไมล์ 7 หมื่น ตัวท็อป ...","","75 - 80K กม.","กรุงเทพมหานคร","899,000 บาท","มือสอง","เกียร์อัตโนมัติ"
"1786479807-329","https://www.one2car.com/%E0%B8%A3%E0%B8%96-%E0%B8%AA%E0%B8%B3%E0%B8%AB%E0%B8%A3%E0%B8%B1%E0%B8%9A-%E0%B8%82%E0%B8%B2%E0%B8%A2?type=used&page_number=51&page_size=26","https://www.one2car.com/%E0%B8%A3%E0%B8%96-%E0%B8%AA%E0%B8%B3%E0%B8%AB%E0%B8%A3%E0%B8%B1%E0%B8%9A-%E0%B8%82%E0%B8%B2%E0%B8%A2?type=used&page_number=70&page_size=26","2019 Mitsubishi PAJERO SPORT 2.4 (ปี 15-18) GT Premium SUV...","MITSUBISHI PAJERO 2.4 GT Premium 4WD AT 2019 ออกรถ 0 บาท รหัสรถ 2B611 Line : @bbcar02 ...","Mitsubishi PAJERO SPORT","220 - 225K กม.","กรุงเทพมหานคร","","","เกียร์อัตโนมัติ"
"1786479807-330","https://www.one2car.com/%E0%B8%A3%E0%B8%96-%E0%B8%AA%E0%B8%B3%E0%B8%AB%E0%B8%A3%E0%B8%B1%E0%B8%9A-%E0%B8%82%E0%B8%B2%E0%B8%A2?type=used&page_number=51&page_size=26","https://www.one2car.com/%E0%B8%A3%E0%B8%96-%E0%B8%AA%E0%B8%B3%E0%B8%AB%E0%B8%A3%E0%B8%B1%E0%B8%9A-%E0%B8%82%E0%B8%B2%E0%B8%A2?type=used&page_number=70&page_size=26","2016 Honda CIVIC 1.5 FC (ปี 16-20) Turbo RS Sedan","HONDA CIVIC FC 1.5 RS AT 2016 ออกรถ 0 บาท จัดได้ 509,000 บ. Line:@BBCAR1 ...","Honda CIVIC","170 - 175K กม.","กรุงเทพมหานคร","","","เกียร์อัตโนมัติ"
"1786479807-331","https://www.one2car.com/%E0%B8%A3%E0%B8%96-%E0%B8%AA%E0%B8%B3%E0%B8%AB%E0%B8%A3%E0%B8%B1%E0%B8%9A-%E0%B8%82%E0%B8%B2%E0%B8%A2?type=used&page_number=51&page_size=26","https://www.one2car.com/%E0%B8%A3%E0%B8%96-%E0%B8%AA%E0%B8%B3%E0%B8%AB%E0%B8%A3%E0%B8%B1%E0%B8%9A-%E0%B8%82%E0%B8%B2%E0%B8%A2?type=used&page_number=70&page_size=26","2020 Honda BR-V 1.5 (ปี 16-20) SV SUV","✨ 0% 12เดือน หรือ ขับฟรี 60วัน ✨ ดอกเบี้ยพิเศษเริ่มต้นที่ 2.49% ✅ ไม่เคยมีเครดิต ✅ ติดค้ำ ...","","95 - 100K กม.","กรุงเทพมหานคร","","","เกียร์อัตโนมัติ"
"1786479807-332","https://www.one2car.com/%E0%B8%A3%E0%B8%96-%E0%B8%AA%E0%B8%B3%E0%B8%AB%E0%B8%A3%E0%B8%B1%E0%B8%9A-%E0%B8%82%E0%B8%B2%E0%B8%A2?type=used&page_number=51&page_size=26","https://www.one2car.com/%E0%B8%A3%E0%B8%96-%E0%B8%AA%E0%B8%B3%E0%B8%AB%E0%B8%A3%E0%B8%B1%E0%B8%9A-%E0%B8%82%E0%B8%B2%E0%B8%A2?type=used&page_number=70&page_size=26","2021 Isuzu D-MAX 1.9 Spark (ปี 19-26) B Pickup","📌ตู้แห้ง สูงใน 180 ซม พร้อมลุยงานขนส่งทุกประเภท รองรับการขนส่งสินค้าได้ดีเยี่ยม ...","Isuzu D-MAX","110 - 115K กม.","กรุงเทพมหานคร","","","เกียร์ธรรมดา"
"1786479807-333","https://www.one2car.com/%E0%B8%A3%E0%B8%96-%E0%B8%AA%E0%B8%B3%E0%B8%AB%E0%B8%A3%E0%B8%B1%E0%B8%9A-%E0%B8%82%E0%B8%B2%E0%B8%A2?type=used&page_number=51&page_size=26","https://www.one2car.com/%E0%B8%A3%E0%B8%96-%E0%B8%AA%E0%B8%B3%E0%B8%AB%E0%B8%A3%E0%B8%B1%E0%B8%9A-%E0%B8%82%E0%B8%B2%E0%B8%A2?type=used&page_number=70&page_size=26","2022 Honda City 1.0 (ปี 20-26) S+ Hatchback - ( 20-25) S  ...","⚡ ดอกเบี้ยถูกเริ่ม 2.59% ⚡ ผ่อนสบายๆนาน 84 เดือน ✅ มีบริการไฟแนนซ์เซ็นเอกสารถึงที่ ✅ ...","Honda City","65 - 70K กม.","กรุงเทพมหานคร","","","เกียร์อัตโนมัติ"
"1786479807-334","https://www.one2car.com/%E0%B8%A3%E0%B8%96-%E0%B8%AA%E0%B8%B3%E0%B8%AB%E0%B8%A3%E0%B8%B1%E0%B8%9A-%E0%B8%82%E0%B8%B2%E0%B8%A2?type=used&page_number=51&page_size=26","https://www.one2car.com/%E0%B8%A3%E0%B8%96-%E0%B8%AA%E0%B8%B3%E0%B8%AB%E0%B8%A3%E0%B8%B1%E0%B8%9A-%E0%B8%82%E0%B8%B2%E0%B8%A2?type=used&page_number=70&page_size=26","2018 Ford EVEREST 2.2 (ปี 15-22) Titanium+ SUV - Titanium ...","⚡ ดอกเบี้ยถูกเริ่ม 2.59% ⚡ ผ่อนสบายๆนาน 84 เดือน ✅ มีบริการไฟแนนซ์เซ็นเอกสารถึงที่ ✅ ...","Ford EVEREST","120 - 125K กม.","กรุงเทพมหานคร","","","เกียร์อัตโนมัติ"
"1786479807-335","https://www.one2car.com/%E0%B8%A3%E0%B8%96-%E0%B8%AA%E0%B8%B3%E0%B8%AB%E0%B8%A3%E0%B8%B1%E0%B8%9A-%E0%B8%82%E0%B8%B2%E0%B8%A2?type=used&page_number=51&page_size=26","https://www.one2car.com/%E0%B8%A3%E0%B8%96-%E0%B8%AA%E0%B8%B3%E0%B8%AB%E0%B8%A3%E0%B8%B1%E0%B8%9A-%E0%B8%82%E0%B8%B2%E0%B8%A2?type=used&page_number=70&page_size=26","2018 Hyundai H-1 2.5 (ปี 18-24) Deluxe Van","Hyndai H1 2.5 Delux ตัวTop ปี2018 📍รถบ้านๆ มือเดียวป้ายแดง เล่มพร้อม ...","Hyundai H-1","160 - 165K กม.","กรุงเทพมหานคร","629,000 บาท","มือสอง","เกียร์อัตโนมัติ"
"1786479807-336","https://www.one2car.com/%E0%B8%A3%E0%B8%96-%E0%B8%AA%E0%B8%B3%E0%B8%AB%E0%B8%A3%E0%B8%B1%E0%B8%9A-%E0%B8%82%E0%B8%B2%E0%B8%A2?type=used&page_number=51&page_size=26","https://www.one2car.com/%E0%B8%A3%E0%B8%96-%E0%B8%AA%E0%B8%B3%E0%B8%AB%E0%B8%A3%E0%B8%B1%E0%B8%9A-%E0%B8%82%E0%B8%B2%E0%B8%A2?type=used&page_number=70&page_size=26","2021 Isuzu D-MAX 1.9 Space Cab (ปี 19-26) S Pickup","กะบะแคป เกียออโต้ ISUZU DMAX SPACECAB 1.9 Ddi เกียร์AUTO ปี2021 👉รถบ้านๆมือเดียวป้ายแดง ...","Isuzu D-MAX","95 - 100K กม.","กรุงเทพมหานคร","429,000 บาท","มือสอง","เกียร์อัตโนมัติ"
"1786479807-337","https://www.one2car.com/%E0%B8%A3%E0%B8%96-%E0%B8%AA%E0%B8%B3%E0%B8%AB%E0%B8%A3%E0%B8%B1%E0%B8%9A-%E0%B8%82%E0%B8%B2%E0%B8%A2?type=used&page_number=51&page_size=26","https://www.one2car.com/%E0%B8%A3%E0%B8%96-%E0%B8%AA%E0%B8%B3%E0%B8%AB%E0%B8%A3%E0%B8%B1%E0%B8%9A-%E0%B8%82%E0%B8%B2%E0%B8%A2?type=used&page_number=70&page_size=26","2014 Honda CR-V 2.0 (ปี 12-16) E SUV - AWD","HONDA CRV 2.0 E AUTO 4x4 ปี 2013 🇯🇵 รถบ้านๆมือเดียว เจ้าของดูแลดีมาก 🇯🇵 รถสวยเดิมทั้งคัน ...","Honda CR-V","175 - 180K กม.","กรุงเทพมหานคร","289,000 บาท","มือสอง","เกียร์อัตโนมัติ"
"1786479811-338","https://www.one2car.com/%E0%B8%A3%E0%B8%96-%E0%B8%AA%E0%B8%B3%E0%B8%AB%E0%B8%A3%E0%B8%B1%E0%B8%9A-%E0%B8%82%E0%B8%B2%E0%B8%A2?type=used&page_number=51&page_size=26","https://www.one2car.com/%E0%B8%A3%E0%B8%96-%E0%B8%AA%E0%B8%B3%E0%B8%AB%E0%B8%A3%E0%B8%B1%E0%B8%9A-%E0%B8%82%E0%B8%B2%E0%B8%A2?type=used&page_number=71&page_size=26","2023 Toyota FORTUNER 2.4 (ปี 15-25) Leader V SUV","Toyota Fortuner Leader 2.4 V ปี 2023 ▪️ รุ่น Leader 2.4 V 2WD ขับ2 ▪️ ...","Toyota FORTUNER","100 - 105K กม.","กรุงเทพมหานคร","969,000 บาท","มือสอง","เกียร์อัตโนมัติ"
"1786479811-339","https://www.one2car.com/%E0%B8%A3%E0%B8%96-%E0%B8%AA%E0%B8%B3%E0%B8%AB%E0%B8%A3%E0%B8%B1%E0%B8%9A-%E0%B8%82%E0%B8%B2%E0%B8%A2?type=used&page_number=51&page_size=26","https://www.one2car.com/%E0%B8%A3%E0%B8%96-%E0%B8%AA%E0%B8%B3%E0%B8%AB%E0%B8%A3%E0%B8%B1%E0%B8%9A-%E0%B8%82%E0%B8%B2%E0%B8%A2?type=used&page_number=71&page_size=26","2022 Isuzu D-MAX 3.0 Spark (ปี 19-26) S Pickup","อยากขายรถให้ได้ราคาดี พร้อมให้ราคารับซื้อรถที่คุณพอใจ ลอง เช็ดราคาจากที่อื่นแล้วยังไม่ถูกใ ...","Isuzu D-MAX","135 - 140K กม.","สงขลา","439,000 บาท","มือสอง","เกียร์ธรรมดา"
"1786479811-340","https://www.one2car.com/%E0%B8%A3%E0%B8%96-%E0%B8%AA%E0%B8%B3%E0%B8%AB%E0%B8%A3%E0%B8%B1%E0%B8%9A-%E0%B8%82%E0%B8%B2%E0%B8%A2?type=used&page_number=51&page_size=26","https://www.one2car.com/%E0%B8%A3%E0%B8%96-%E0%B8%AA%E0%B8%B3%E0%B8%AB%E0%B8%A3%E0%B8%B1%E0%B8%9A-%E0%B8%82%E0%B8%B2%E0%B8%A2?type=used&page_number=71&page_size=26","2022 Mazda 2 1.3 (ปี 15-25) S Sports Leather Hatchback","🔰 Eco Car ที่ตอบโจทย์ทั้งการใช้งานในเมืองและเดินทางไกล ขับสนุก คล่องตัว ประหยัดน้ำมัน ...","Mazda 2","60 - 65K กม.","กรุงเทพมหานคร","","","เกียร์อัตโนมัติ"
"1786479811-341","https://www.one2car.com/%E0%B8%A3%E0%B8%96-%E0%B8%AA%E0%B8%B3%E0%B8%AB%E0%B8%A3%E0%B8%B1%E0%B8%9A-%E0%B8%82%E0%B8%B2%E0%B8%A2?type=used&page_number=51&page_size=26","https://www.one2car.com/%E0%B8%A3%E0%B8%96-%E0%B8%AA%E0%B8%B3%E0%B8%AB%E0%B8%A3%E0%B8%B1%E0%B8%9A-%E0%B8%82%E0%B8%B2%E0%B8%A2?type=used&page_number=71&page_size=26","2019 Toyota Yaris Ativ 1.2 (ปี 17-22) S+ Sedan - S","🔰รถเก๋ง Eco Car ที่ขึ้นชื่อเรื่องความทนทาน ประหยัดน้ำมัน ค่าบำรุงรักษาไม่แพง ไมล์น้อย ...","Toyota Yaris Ativ","95 - 100K กม.","กรุงเทพมหานคร","","","เกียร์อัตโนมัติ"
"1786479811-342","https://www.one2car.com/%E0%B8%A3%E0%B8%96-%E0%B8%AA%E0%B8%B3%E0%B8%AB%E0%B8%A3%E0%B8%B1%E0%B8%9A-%E0%B8%82%E0%B8%B2%E0%B8%A2?type=used&page_number=51&page_size=26","https://www.one2car.com/%E0%B8%A3%E0%B8%96-%E0%B8%AA%E0%B8%B3%E0%B8%AB%E0%B8%A3%E0%B8%B1%E0%B8%9A-%E0%B8%82%E0%B8%B2%E0%B8%A2?type=used&page_number=71&page_size=26","2019 Toyota HIACE 2.7 Commuter (ปี 05-19) VVTi Van","💥เครื่อง 2.7 VVTI เบนซิน + CNG📌เต้นนี้ขายถูกมากๆ รถสวยๆ มีใบเซอร์คุณภาพเกรด5A+(เชิญปรึกษาฟ ...","Toyota HIACE","110 - 115K กม.","กรุงเทพมหานคร","","","เกียร์ธรรมดา"
"1786479811-343","https://www.one2car.com/%E0%B8%A3%E0%B8%96-%E0%B8%AA%E0%B8%B3%E0%B8%AB%E0%B8%A3%E0%B8%B1%E0%B8%9A-%E0%B8%82%E0%B8%B2%E0%B8%A2?type=used&page_number=51&page_size=26","https://www.one2car.com/%E0%B8%A3%E0%B8%96-%E0%B8%AA%E0%B8%B3%E0%B8%AB%E0%B8%A3%E0%B8%B1%E0%B8%9A-%E0%B8%82%E0%B8%B2%E0%B8%A2?type=used&page_number=71&page_size=26","2019 Honda CR-V 2.4 (ปี 17-21) EL SUV - AWD","🔥HONDA CRV 2.4 EL AWD ปี 2019🔥 . ✅️ ราคา 658,000 บาท ✅️ ผ่อน 84 งวด 11,xxx.- ✅️ ผ่อน 72 ...","Honda CR-V","115 - 120K กม.","กรุงเทพมหานคร","","","เกียร์อัตโนมัติ"
"1786479811-344","https://www.one2car.com/%E0%B8%A3%E0%B8%96-%E0%B8%AA%E0%B8%B3%E0%B8%AB%E0%B8%A3%E0%B8%B1%E0%B8%9A-%E0%B8%82%E0%B8%B2%E0%B8%A2?type=used&page_number=51&page_size=26","https://www.one2car.com/%E0%B8%A3%E0%B8%96-%E0%B8%AA%E0%B8%B3%E0%B8%AB%E0%B8%A3%E0%B8%B1%E0%B8%9A-%E0%B8%82%E0%B8%B2%E0%B8%A2?type=used&page_number=71&page_size=26","2015 Honda CIVIC 1.8 FB (ปี 12-16) S Sedan","Honda Civic FB 1.8 S AT ปี2015 รถมือเดียว ไมล์แท้ 33,000กิโล สีเดิมโรงงานทั้งคัน ...","Honda CIVIC","30 - 35K กม.","นนทบุรี","345,000 บาท","มือสอง","เกียร์อัตโนมัติ"
"1786479811-345","https://www.one2car.com/%E0%B8%A3%E0%B8%96-%E0%B8%AA%E0%B8%B3%E0%B8%AB%E0%B8%A3%E0%B8%B1%E0%B8%9A-%E0%B8%82%E0%B8%B2%E0%B8%A2?type=used&page_number=51&page_size=26","https://www.one2car.com/%E0%B8%A3%E0%B8%96-%E0%B8%AA%E0%B8%B3%E0%B8%AB%E0%B8%A3%E0%B8%B1%E0%B8%9A-%E0%B8%82%E0%B8%B2%E0%B8%A2?type=used&page_number=71&page_size=26","2018 Honda HR-V 1.8 (ปี 14-18) RS SUV","Honda Hrv 1.8 RS ปี 2018 ตัวท๊อปสุด รถมือเดียว ไมล์แท้ 85,000กิโล สีดําเบาะแดงจากโรงงาน ...","Honda HR-V","80 - 85K กม.","นนทบุรี","545,000 บาท","มือสอง","เกียร์อัตโนมัติ"
"1786479811-346","https://www.one2car.com/%E0%B8%A3%E0%B8%96-%E0%B8%AA%E0%B8%B3%E0%B8%AB%E0%B8%A3%E0%B8%B1%E0%B8%9A-%E0%B8%82%E0%B8%B2%E0%B8%A2?type=used&page_number=51&page_size=26","https://www.one2car.com/%E0%B8%A3%E0%B8%96-%E0%B8%AA%E0%B8%B3%E0%B8%AB%E0%B8%A3%E0%B8%B1%E0%B8%9A-%E0%B8%82%E0%B8%B2%E0%B8%A2?type=used&page_number=71&page_size=26","2020 Honda HR-V 1.8 (ปี 14-18) RS SUV","Honda Hrv 1.8 RS ปี 2020 ตัวท๊อปสุด รถมือเดียว ไมล์แท้ 74,000กิโล สีดําเบาะแดงจากโรงงาน ...","Honda HR-V","70 - 75K กม.","นนทบุรี","595,000 บาท","มือสอง","เกียร์อัตโนมัติ"
"1786479811-347","https://www.one2car.com/%E0%B8%A3%E0%B8%96-%E0%B8%AA%E0%B8%B3%E0%B8%AB%E0%B8%A3%E0%B8%B1%E0%B8%9A-%E0%B8%82%E0%B8%B2%E0%B8%A2?type=used&page_number=51&page_size=26","https://www.one2car.com/%E0%B8%A3%E0%B8%96-%E0%B8%AA%E0%B8%B3%E0%B8%AB%E0%B8%A3%E0%B8%B1%E0%B8%9A-%E0%B8%82%E0%B8%B2%E0%B8%A2?type=used&page_number=71&page_size=26","2020 Mitsubishi PAJERO SPORT 2.4 (ปี 19-25) GT Premium SUV...","Mitsubishi Pajero Sport 2.4 GT Premium 4WD ปี 2020 รถมือเดียว ไมล์แท้ 74,000กิโล ...","Mitsubishi PAJERO SPORT","70 - 75K กม.","นนทบุรี","835,000 บาท","มือสอง","เกียร์อัตโนมัติ"
"1786479811-348","https://www.one2car.com/%E0%B8%A3%E0%B8%96-%E0%B8%AA%E0%B8%B3%E0%B8%AB%E0%B8%A3%E0%B8%B1%E0%B8%9A-%E0%B8%82%E0%B8%B2%E0%B8%A2?type=used&page_number=51&page_size=26","https://www.one2car.com/%E0%B8%A3%E0%B8%96-%E0%B8%AA%E0%B8%B3%E0%B8%AB%E0%B8%A3%E0%B8%B1%E0%B8%9A-%E0%B8%82%E0%B8%B2%E0%B8%A2?type=used&page_number=71&page_size=26","2019 Honda ACCORD 2.0 (ปี 19-23) Hybrid TECH Sedan","Honda Accord Hybrid Tech ตัวท๊อปสุด ปี 2019 รถมือเดียว ไมล์แท้ 63,000กิโล ...","Honda ACCORD","60 - 65K กม.","นนทบุรี","865,000 บาท","มือสอง","เกียร์อัตโนมัติ"
"1786479811-349","https://www.one2car.com/%E0%B8%A3%E0%B8%96-%E0%B8%AA%E0%B8%B3%E0%B8%AB%E0%B8%A3%E0%B8%B1%E0%B8%9A-%E0%B8%82%E0%B8%B2%E0%B8%A2?type=used&page_number=51&page_size=26","https://www.one2car.com/%E0%B8%A3%E0%B8%96-%E0%B8%AA%E0%B8%B3%E0%B8%AB%E0%B8%A3%E0%B8%B1%E0%B8%9A-%E0%B8%82%E0%B8%B2%E0%B8%A2?type=used&page_number=71&page_size=26","2021 Mercedes-Benz E200 2.0 W238 (ปี 17-24) AMG Dynamic Co...","Benz E200 Coupe Amg Facelift ปี2021 ไมล์แท้ 52,000กิโล รถไม่เคยชนหรือเกิดอุบัติเหตุใดๆทั้ง ...","","50 - 55K กม.","นนทบุรี","2,285,000 บาท","มือสอง","เกียร์อัตโนมัติ"
"1786479811-350","https://www.one2car.com/%E0%B8%A3%E0%B8%96-%E0%B8%AA%E0%B8%B3%E0%B8%AB%E0%B8%A3%E0%B8%B1%E0%B8%9A-%E0%B8%82%E0%B8%B2%E0%B8%A2?type=used&page_number=51&page_size=26","https://www.one2car.com/%E0%B8%A3%E0%B8%96-%E0%B8%AA%E0%B8%B3%E0%B8%AB%E0%B8%A3%E0%B8%B1%E0%B8%9A-%E0%B8%82%E0%B8%B2%E0%B8%A2?type=used&page_number=71&page_size=26","2020 Mercedes-Benz C220 2.0 W205 (ปี 14-22) d AMG Dynamic ...","Benz C220d AMG ปี 2020 ไมล์แท้ 70,000กิโล ไม่เคยชนหรือเกิดอุบัติเหตุใดๆทั้งสิ้น ...","","65 - 70K กม.","นนทบุรี","1,345,000 บาท","มือสอง","เกียร์อัตโนมัติ"
"1786479811-351","https://www.one2car.com/%E0%B8%A3%E0%B8%96-%E0%B8%AA%E0%B8%B3%E0%B8%AB%E0%B8%A3%E0%B8%B1%E0%B8%9A-%E0%B8%82%E0%B8%B2%E0%B8%A2?type=used&page_number=51&page_size=26","https://www.one2car.com/%E0%B8%A3%E0%B8%96-%E0%B8%AA%E0%B8%B3%E0%B8%AB%E0%B8%A3%E0%B8%B1%E0%B8%9A-%E0%B8%82%E0%B8%B2%E0%B8%A2?type=used&page_number=71&page_size=26","2019 BMW 320d 2.0 F34 (ปี 13-16) Gran Turismo M Sport Seda...","Bmw 320d GT Msport LCI ปี 2019 ไมล์แท้ 98,000กิโล BSI ยังเหลือ ถึงปี 2027 ...","BMW 320d","95 - 100K กม.","นนทบุรี","795,000 บาท","มือสอง","เกียร์อัตโนมัติ"
"1786479811-352","https://www.one2car.com/%E0%B8%A3%E0%B8%96-%E0%B8%AA%E0%B8%B3%E0%B8%AB%E0%B8%A3%E0%B8%B1%E0%B8%9A-%E0%B8%82%E0%B8%B2%E0%B8%A2?type=used&page_number=51&page_size=26","https://www.one2car.com/%E0%B8%A3%E0%B8%96-%E0%B8%AA%E0%B8%B3%E0%B8%AB%E0%B8%A3%E0%B8%B1%E0%B8%9A-%E0%B8%82%E0%B8%B2%E0%B8%A2?type=used&page_number=71&page_size=26","2018 Toyota FORTUNER 2.4 (ปี 15-25) V SUV - 4WD","Toyota Fortuner 2.4V A/t 4WD top ปี 2018 ไมล์แท้ 88,000กิโล สีเดิมทั้งคัน ตัวถังเดิมสนิท ...","Toyota FORTUNER","85 - 90K กม.","นนทบุรี","795,000 บาท","มือสอง","เกียร์อัตโนมัติ"
"1786479816-353","https://www.one2car.com/%E0%B8%A3%E0%B8%96-%E0%B8%AA%E0%B8%B3%E0%B8%AB%E0%B8%A3%E0%B8%B1%E0%B8%9A-%E0%B8%82%E0%B8%B2%E0%B8%A2?type=used&page_number=51&page_size=26","https://www.one2car.com/%E0%B8%A3%E0%B8%96-%E0%B8%AA%E0%B8%B3%E0%B8%AB%E0%B8%A3%E0%B8%B1%E0%B8%9A-%E0%B8%82%E0%B8%B2%E0%B8%A2?type=used&page_number=72&page_size=26","2017 Honda CR-V 2.4 (ปี 17-21) E SUV","Honda CR-V 2.4 E 7 ที่นั่ง เบนซินล้วน ปี 2017 รถมือเดียว ไมล์แท้ 106,000กิโล ...","Honda CR-V","105 - 110K กม.","นนทบุรี","525,000 บาท","มือสอง","เกียร์อัตโนมัติ"
"1786479816-354","https://www.one2car.com/%E0%B8%A3%E0%B8%96-%E0%B8%AA%E0%B8%B3%E0%B8%AB%E0%B8%A3%E0%B8%B1%E0%B8%9A-%E0%B8%82%E0%B8%B2%E0%B8%A2?type=used&page_number=51&page_size=26","https://www.one2car.com/%E0%B8%A3%E0%B8%96-%E0%B8%AA%E0%B8%B3%E0%B8%AB%E0%B8%A3%E0%B8%B1%E0%B8%9A-%E0%B8%82%E0%B8%B2%E0%B8%A2?type=used&page_number=72&page_size=26","2024 Honda CR-V 1.5 (ปี 23-29) EL SUV - AWD","Honda CR-V 1.5 Turbo EL AWD 7 ที่นั่ง เบนซินล้วนตัวท๊อปสุด ปี 2024 รถมือเดียว ไมล์แท้ ...","Honda CR-V","15 - 20K กม.","นนทบุรี","1,165,000 บาท","มือสอง","เกียร์อัตโนมัติ"
"1786479816-355","https://www.one2car.com/%E0%B8%A3%E0%B8%96-%E0%B8%AA%E0%B8%B3%E0%B8%AB%E0%B8%A3%E0%B8%B1%E0%B8%9A-%E0%B8%82%E0%B8%B2%E0%B8%A2?type=used&page_number=51&page_size=26","https://www.one2car.com/%E0%B8%A3%E0%B8%96-%E0%B8%AA%E0%B8%B3%E0%B8%AB%E0%B8%A3%E0%B8%B1%E0%B8%9A-%E0%B8%82%E0%B8%B2%E0%B8%A2?type=used&page_number=72&page_size=26","2021 Isuzu MU-X 3.0 (ปี 20-26) Ultimate SUV","🎉รถสวยบอดี้เดิม 🎉ไมล์เดิมแท้ 🎉พวงมาลัยมัลติฟังก์ชัน 🎉ปุ่ม Start เครื่องยนต์ Push Start ...","Isuzu MU-X","74717 กม.","กรุงเทพมหานคร","879,000 บาท","มือสอง","เกียร์อัตโนมัติ"
"1786479816-356","https://www.one2car.com/%E0%B8%A3%E0%B8%96-%E0%B8%AA%E0%B8%B3%E0%B8%AB%E0%B8%A3%E0%B8%B1%E0%B8%9A-%E0%B8%82%E0%B8%B2%E0%B8%A2?type=used&page_number=51&page_size=26","https://www.one2car.com/%E0%B8%A3%E0%B8%96-%E0%B8%AA%E0%B8%B3%E0%B8%AB%E0%B8%A3%E0%B8%B1%E0%B8%9A-%E0%B8%82%E0%B8%B2%E0%B8%A2?type=used&page_number=72&page_size=26","2017 Honda CR-V 2.4 (ปี 17-21) EL SUV - AWD","Honda CR-V 2.4 EL AWD 7 ที่นั่ง เบนซินล้วนตัวท๊อปสุด ปี 2017 สีเขียวเข้ม Dark Olive ...","Honda CR-V","80 - 85K กม.","นนทบุรี","595,000 บาท","มือสอง","เกียร์อัตโนมัติ"
"1786479816-357","https://www.one2car.com/%E0%B8%A3%E0%B8%96-%E0%B8%AA%E0%B8%B3%E0%B8%AB%E0%B8%A3%E0%B8%B1%E0%B8%9A-%E0%B8%82%E0%B8%B2%E0%B8%A2?type=used&page_number=51&page_size=26","https://www.one2car.com/%E0%B8%A3%E0%B8%96-%E0%B8%AA%E0%B8%B3%E0%B8%AB%E0%B8%A3%E0%B8%B1%E0%B8%9A-%E0%B8%82%E0%B8%B2%E0%B8%A2?type=used&page_number=72&page_size=26","2019 Honda ACCORD 1.5 (ปี 19-23) Turbo EL Sedan","Honda Accord 1.5 Turbo El ปี 2019 รถมือเดียว ไมล์แท้ 77,000กิโล ...","Honda ACCORD","75 - 80K กม.","นนทบุรี","715,000 บาท","มือสอง","เกียร์อัตโนมัติ"
"1786479816-358","https://www.one2car.com/%E0%B8%A3%E0%B8%96-%E0%B8%AA%E0%B8%B3%E0%B8%AB%E0%B8%A3%E0%B8%B1%E0%B8%9A-%E0%B8%82%E0%B8%B2%E0%B8%A2?type=used&page_number=51&page_size=26","https://www.one2car.com/%E0%B8%A3%E0%B8%96-%E0%B8%AA%E0%B8%B3%E0%B8%AB%E0%B8%A3%E0%B8%B1%E0%B8%9A-%E0%B8%82%E0%B8%B2%E0%B8%A2?type=used&page_number=72&page_size=26","2018 Honda CIVIC 1.5 FK (ปี 17-21) Turbo Hatchback","Honda Civic Fk 1.5 Turbo ปี 2018 รถมือเดียว ไมล์แท้ 57,000กิโล ...","Honda CIVIC","55 - 60K กม.","นนทบุรี","665,000 บาท","มือสอง","เกียร์อัตโนมัติ"
"1786479816-359","https://www.one2car.com/%E0%B8%A3%E0%B8%96-%E0%B8%AA%E0%B8%B3%E0%B8%AB%E0%B8%A3%E0%B8%B1%E0%B8%9A-%E0%B8%82%E0%B8%B2%E0%B8%A2?type=used&page_number=51&page_size=26","https://www.one2car.com/%E0%B8%A3%E0%B8%96-%E0%B8%AA%E0%B8%B3%E0%B8%AB%E0%B8%A3%E0%B8%B1%E0%B8%9A-%E0%B8%82%E0%B8%B2%E0%B8%A2?type=used&page_number=72&page_size=26","2022 Toyota FORTUNER 2.4 (ปี 15-25) Legender SUV","Toyota Fortuner Legender 2WD ปลายปี2022 รถมือเดียว ไมล์แท้ 48,000กิโล ...","Toyota FORTUNER","45 - 50K กม.","นนทบุรี","1,085,000 บาท","มือสอง","เกียร์อัตโนมัติ"
"1786479816-360","https://www.one2car.com/%E0%B8%A3%E0%B8%96-%E0%B8%AA%E0%B8%B3%E0%B8%AB%E0%B8%A3%E0%B8%B1%E0%B8%9A-%E0%B8%82%E0%B8%B2%E0%B8%A2?type=used&page_number=51&page_size=26","https://www.one2car.com/%E0%B8%A3%E0%B8%96-%E0%B8%AA%E0%B8%B3%E0%B8%AB%E0%B8%A3%E0%B8%B1%E0%B8%9A-%E0%B8%82%E0%B8%B2%E0%B8%A2?type=used&page_number=72&page_size=26","2024 Isuzu D-MAX 3.0 Cab-4 (ปี 19-26) Vcross M Pickup - 4W...","Isuzu D-MAX V-CROSS CAB-4 3.0 Ddi M ตัวท๊อปสุด ปี2024 รถมือเดียว ไมล์แท้ 25,000กิโล ...","Isuzu D-MAX","20 - 25K กม.","นนทบุรี","895,000 บาท","มือสอง","เกียร์อัตโนมัติ"
"1786479816-361","https://www.one2car.com/%E0%B8%A3%E0%B8%96-%E0%B8%AA%E0%B8%B3%E0%B8%AB%E0%B8%A3%E0%B8%B1%E0%B8%9A-%E0%B8%82%E0%B8%B2%E0%B8%A2?type=used&page_number=51&page_size=26","https://www.one2car.com/%E0%B8%A3%E0%B8%96-%E0%B8%AA%E0%B8%B3%E0%B8%AB%E0%B8%A3%E0%B8%B1%E0%B8%9A-%E0%B8%82%E0%B8%B2%E0%B8%A2?type=used&page_number=72&page_size=26","2018 Toyota Yaris Ativ 1.2 (ปี 17-22) E Sedan","TOYOTA YARIS ATIV 1.2 E VVT-i AT ปี 2018 สีขาว ราคา 309,000 บาท ดาวน์ 0 บาท ผ่อน 6,141 ...","Toyota Yaris Ativ","80 - 85K กม.","เพชรบุรี","","","เกียร์อัตโนมัติ"
"1786479816-362","https://www.one2car.com/%E0%B8%A3%E0%B8%96-%E0%B8%AA%E0%B8%B3%E0%B8%AB%E0%B8%A3%E0%B8%B1%E0%B8%9A-%E0%B8%82%E0%B8%B2%E0%B8%A2?type=used&page_number=51&page_size=26","https://www.one2car.com/%E0%B8%A3%E0%B8%96-%E0%B8%AA%E0%B8%B3%E0%B8%AB%E0%B8%A3%E0%B8%B1%E0%B8%9A-%E0%B8%82%E0%B8%B2%E0%B8%A2?type=used&page_number=72&page_size=26","2025 Honda e:N1 (ปี 24-25) SUV - e N1 0.0","✨ไม่มีค่าจัดไฟแนนซ์ ไม่มีค่าโอน ไม่มีค่าดำเนินการ✨ ออกรถจบที่ 999 บาท ...","","5 - 10K กม.","กรุงเทพมหานคร","697,000 บาท","มือสอง","เกียร์อัตโนมัติ"
"1786479816-363","https://www.one2car.com/%E0%B8%A3%E0%B8%96-%E0%B8%AA%E0%B8%B3%E0%B8%AB%E0%B8%A3%E0%B8%B1%E0%B8%9A-%E0%B8%82%E0%B8%B2%E0%B8%A2?type=used&page_number=51&page_size=26","https://www.one2car.com/%E0%B8%A3%E0%B8%96-%E0%B8%AA%E0%B8%B3%E0%B8%AB%E0%B8%A3%E0%B8%B1%E0%B8%9A-%E0%B8%82%E0%B8%B2%E0%B8%A2?type=used&page_number=72&page_size=26","2021 Toyota HILUX REVO 2.4 Double Cab Z Edition Mid Pickup...","อยากขายรถให้ได้ราคาดี พร้อมให้ราคารับซื้อรถที่คุณพอใจ ลอง เช็ดราคาจากที่อื่นแล้วยังไม่ถูกใ ...","Toyota HILUX REVO","90 - 95K กม.","สงขลา","490,000 บาท","มือสอง","เกียร์ธรรมดา"
"1786479816-364","https://www.one2car.com/%E0%B8%A3%E0%B8%96-%E0%B8%AA%E0%B8%B3%E0%B8%AB%E0%B8%A3%E0%B8%B1%E0%B8%9A-%E0%B8%82%E0%B8%B2%E0%B8%A2?type=used&page_number=51&page_size=26","https://www.one2car.com/%E0%B8%A3%E0%B8%96-%E0%B8%AA%E0%B8%B3%E0%B8%AB%E0%B8%A3%E0%B8%B1%E0%B8%9A-%E0%B8%82%E0%B8%B2%E0%B8%A2?type=used&page_number=72&page_size=26","2019 Honda HR-V 1.8 (ปี 14-18) EL SUV","🔥 รุ่นนี้คุ้มมาก! ราคาพิเศษ 🔥 Honda HR-V 1.8EL AT สีดำ ปี2019 คันนี้ใครได้ไป โคตรคุ้ม ...","Honda HR-V","145315 กม.","นครปฐม","448,000 บาท","มือสอง","เกียร์อัตโนมัติ"
"1786479816-365","https://www.one2car.com/%E0%B8%A3%E0%B8%96-%E0%B8%AA%E0%B8%B3%E0%B8%AB%E0%B8%A3%E0%B8%B1%E0%B8%9A-%E0%B8%82%E0%B8%B2%E0%B8%A2?type=used&page_number=51&page_size=26","https://www.one2car.com/%E0%B8%A3%E0%B8%96-%E0%B8%AA%E0%B8%B3%E0%B8%AB%E0%B8%A3%E0%B8%B1%E0%B8%9A-%E0%B8%82%E0%B8%B2%E0%B8%A2?type=used&page_number=72&page_size=26","2018 Toyota C-HR 1.8 (ปี 17-23) HV Hi SUV","🔰 รถบ้านมือเดียว SUV Hybrid ยอดนิยมรุ่นท็อป ออฟชั่นครบ อเนกประสงค์ ประหยัดน้ำมัน ...","Toyota C-HR","120 - 125K กม.","กรุงเทพมหานคร","","","เกียร์อัตโนมัติ"
"1786479816-366","https://www.one2car.com/%E0%B8%A3%E0%B8%96-%E0%B8%AA%E0%B8%B3%E0%B8%AB%E0%B8%A3%E0%B8%B1%E0%B8%9A-%E0%B8%82%E0%B8%B2%E0%B8%A2?type=used&page_number=51&page_size=26","https://www.one2car.com/%E0%B8%A3%E0%B8%96-%E0%B8%AA%E0%B8%B3%E0%B8%AB%E0%B8%A3%E0%B8%B1%E0%B8%9A-%E0%B8%82%E0%B8%B2%E0%B8%A2?type=used&page_number=72&page_size=26","2022 Mitsubishi TRITON 2.5 Single Cab (ปี 18-23) GL Pickup...","ตู้แห้ง สูงใน 180 ซม เสริมแหนบ💥ราคาโดนใจ รถพร้อมใช้งาน ทำมาหากินได้ทันที 📌#Mitsubishi ...","Mitsubishi TRITON","70 - 75K กม.","กรุงเทพมหานคร","","","เกียร์ธรรมดา"
"1786479816-367","https://www.one2car.com/%E0%B8%A3%E0%B8%96-%E0%B8%AA%E0%B8%B3%E0%B8%AB%E0%B8%A3%E0%B8%B1%E0%B8%9A-%E0%B8%82%E0%B8%B2%E0%B8%A2?type=used&page_number=51&page_size=26","https://www.one2car.com/%E0%B8%A3%E0%B8%96-%E0%B8%AA%E0%B8%B3%E0%B8%AB%E0%B8%A3%E0%B8%B1%E0%B8%9A-%E0%B8%82%E0%B8%B2%E0%B8%A2?type=used&page_number=72&page_size=26","2020 MG ZS 1.5 (ปี 17-25) X+ SUV - X","MG ZS 1.5 X+ SUNROOF AT 2020 ออกรถ 0 บาท จัดได้ 309,000 บ. Line:@bbcar04 ...","","105 - 110K กม.","กรุงเทพมหานคร","","","เกียร์อัตโนมัติ"
"1786479816-368","https://www.one2car.com/%E0%B8%A3%E0%B8%96-%E0%B8%AA%E0%B8%B3%E0%B8%AB%E0%B8%A3%E0%B8%B1%E0%B8%9A-%E0%B8%82%E0%B8%B2%E0%B8%A2?type=used&page_number=51&page_size=26","https://www.one2car.com/%E0%B8%A3%E0%B8%96-%E0%B8%AA%E0%B8%B3%E0%B8%AB%E0%B8%A3%E0%B8%B1%E0%B8%9A-%E0%B8%82%E0%B8%B2%E0%B8%A2?type=used&page_number=72&page_size=26","2020 Mini Countryman 2.0 F60 Cooper S Hatchback","Mini Cooper S Countryman ปี 2020 (เกียรไฟฟ้า) รถมือเดียว ไมล์แท้ 73,000กิโล ...","","70 - 75K กม.","นนทบุรี","795,000 บาท","มือสอง","เกียร์อัตโนมัติ"
"1786479816-369","https://www.one2car.com/%E0%B8%A3%E0%B8%96-%E0%B8%AA%E0%B8%B3%E0%B8%AB%E0%B8%A3%E0%B8%B1%E0%B8%9A-%E0%B8%82%E0%B8%B2%E0%B8%A2?type=used&page_number=51&page_size=26","https://www.one2car.com/%E0%B8%A3%E0%B8%96-%E0%B8%AA%E0%B8%B3%E0%B8%AB%E0%B8%A3%E0%B8%B1%E0%B8%9A-%E0%B8%82%E0%B8%B2%E0%B8%A2?type=used&page_number=72&page_size=26","2023 Toyota Yaris Cross 1.5 (ปี 23-29) HEV Smart SUV",".✨ไม่มีค่าจัดไฟแนนซ์ ไม่มีค่าโอน ไม่มีค่าดำเนินการ✨ ออกรถจบที่ 999 บาท ...","","10 - 15K กม.","กรุงเทพมหานคร","617,000 บาท","มือสอง","เกียร์อัตโนมัติ"
"1786479816-370","https://www.one2car.com/%E0%B8%A3%E0%B8%96-%E0%B8%AA%E0%B8%B3%E0%B8%AB%E0%B8%A3%E0%B8%B1%E0%B8%9A-%E0%B8%82%E0%B8%B2%E0%B8%A2?type=used&page_number=51&page_size=26","https://www.one2car.com/%E0%B8%A3%E0%B8%96-%E0%B8%AA%E0%B8%B3%E0%B8%AB%E0%B8%A3%E0%B8%B1%E0%B8%9A-%E0%B8%82%E0%B8%B2%E0%B8%A2?type=used&page_number=72&page_size=26","2024 Toyota Yaris Cross 1.5 (ปี 23-29) HEV Premium Luxury ...","✨ไม่มีค่าจัดไฟแนนซ์ ไม่มีค่าโอน ไม่มีค่าดำเนินการ✨ ออกรถจบที่ 999 บาท ...","","25 - 30K กม.","กรุงเทพมหานคร","717,000 บาท","มือสอง","เกียร์อัตโนมัติ"
"1786479820-371","https://www.one2car.com/%E0%B8%A3%E0%B8%96-%E0%B8%AA%E0%B8%B3%E0%B8%AB%E0%B8%A3%E0%B8%B1%E0%B8%9A-%E0%B8%82%E0%B8%B2%E0%B8%A2?type=used&page_number=51&page_size=26","https://www.one2car.com/%E0%B8%A3%E0%B8%96-%E0%B8%AA%E0%B8%B3%E0%B8%AB%E0%B8%A3%E0%B8%B1%E0%B8%9A-%E0%B8%82%E0%B8%B2%E0%B8%A2?type=used&page_number=73&page_size=26","2024 Toyota Yaris Cross 1.5 (ปี 23-29) HEV Premium SUV","✨ไม่มีค่าจัดไฟแนนซ์ ไม่มีค่าโอน ไม่มีค่าดำเนินการ✨ ออกรถจบที่ 999 บาท ...","","25 - 30K กม.","กรุงเทพมหานคร","717,000 บาท","มือสอง","เกียร์อัตโนมัติ"
"1786479820-372","https://www.one2car.com/%E0%B8%A3%E0%B8%96-%E0%B8%AA%E0%B8%B3%E0%B8%AB%E0%B8%A3%E0%B8%B1%E0%B8%9A-%E0%B8%82%E0%B8%B2%E0%B8%A2?type=used&page_number=51&page_size=26","https://www.one2car.com/%E0%B8%A3%E0%B8%96-%E0%B8%AA%E0%B8%B3%E0%B8%AB%E0%B8%A3%E0%B8%B1%E0%B8%9A-%E0%B8%82%E0%B8%B2%E0%B8%A2?type=used&page_number=73&page_size=26","2023 Toyota YARIS 1.2 (ปี 17-25) Smart Hatchback","✨ไม่มีค่าจัดไฟแนนซ์ ไม่มีค่าโอน ไม่มีค่าดำเนินการ✨ ออกรถจบที่ 999 บาท ...","Toyota YARIS","15 - 20K กม.","กรุงเทพมหานคร","457,000 บาท","มือสอง","เกียร์อัตโนมัติ"
"1786479820-373","https://www.one2car.com/%E0%B8%A3%E0%B8%96-%E0%B8%AA%E0%B8%B3%E0%B8%AB%E0%B8%A3%E0%B8%B1%E0%B8%9A-%E0%B8%82%E0%B8%B2%E0%B8%A2?type=used&page_number=51&page_size=26","https://www.one2car.com/%E0%B8%A3%E0%B8%96-%E0%B8%AA%E0%B8%B3%E0%B8%AB%E0%B8%A3%E0%B8%B1%E0%B8%9A-%E0%B8%82%E0%B8%B2%E0%B8%A2?type=used&page_number=73&page_size=26","2023 Toyota YARIS 1.2 (ปี 17-25) Smart Hatchback","✨ไม่มีค่าจัดไฟแนนซ์ ไม่มีค่าโอน ไม่มีค่าดำเนินการ✨ ออกรถจบที่ 999 บาท ...","Toyota YARIS","20 - 25K กม.","กรุงเทพมหานคร","447,000 บาท","มือสอง","เกียร์อัตโนมัติ"
"1786479820-374","https://www.one2car.com/%E0%B8%A3%E0%B8%96-%E0%B8%AA%E0%B8%B3%E0%B8%AB%E0%B8%A3%E0%B8%B1%E0%B8%9A-%E0%B8%82%E0%B8%B2%E0%B8%A2?type=used&page_number=51&page_size=26","https://www.one2car.com/%E0%B8%A3%E0%B8%96-%E0%B8%AA%E0%B8%B3%E0%B8%AB%E0%B8%A3%E0%B8%B1%E0%B8%9A-%E0%B8%82%E0%B8%B2%E0%B8%A2?type=used&page_number=73&page_size=26","2023 Toyota YARIS 1.2 (ปี 17-25) Smart Hatchback","✨ไม่มีค่าจัดไฟแนนซ์ ไม่มีค่าโอน ไม่มีค่าดำเนินการ✨ ออกรถจบที่ 999 บาท ...","Toyota YARIS","15 - 20K กม.","กรุงเทพมหานคร","447,000 บาท","มือสอง","เกียร์อัตโนมัติ"
"1786479820-375","https://www.one2car.com/%E0%B8%A3%E0%B8%96-%E0%B8%AA%E0%B8%B3%E0%B8%AB%E0%B8%A3%E0%B8%B1%E0%B8%9A-%E0%B8%82%E0%B8%B2%E0%B8%A2?type=used&page_number=51&page_size=26","https://www.one2car.com/%E0%B8%A3%E0%B8%96-%E0%B8%AA%E0%B8%B3%E0%B8%AB%E0%B8%A3%E0%B8%B1%E0%B8%9A-%E0%B8%82%E0%B8%B2%E0%B8%A2?type=used&page_number=73&page_size=26","2023 Toyota Veloz 1.5 (ปี 22-30) Premium Wagon","✨ไม่มีค่าจัดไฟแนนซ์ ไม่มีค่าโอน ไม่มีค่าดำเนินการ✨ ออกรถจบที่ 999 บาท ...","","90 - 95K กม.","กรุงเทพมหานคร","587,000 บาท","มือสอง","เกียร์อัตโนมัติ"
"1786479820-376","https://www.one2car.com/%E0%B8%A3%E0%B8%96-%E0%B8%AA%E0%B8%B3%E0%B8%AB%E0%B8%A3%E0%B8%B1%E0%B8%9A-%E0%B8%82%E0%B8%B2%E0%B8%A2?type=used&page_number=51&page_size=26","https://www.one2car.com/%E0%B8%A3%E0%B8%96-%E0%B8%AA%E0%B8%B3%E0%B8%AB%E0%B8%A3%E0%B8%B1%E0%B8%9A-%E0%B8%82%E0%B8%B2%E0%B8%A2?type=used&page_number=73&page_size=26","2019 Toyota ALPHARD 2.5 (ปี 15-23) HV Van - 4WD","✨ ทำเรื่องกับเรารู้ผลจบไวใน 30 นาที ✨ 🚗TOYOYA ALPHARD 2.5 HYBRID 2019 ⚙️ เกียร์: ออโต้ 💵 ...","Toyota ALPHARD","160 - 165K กม.","กรุงเทพมหานคร","1,888,000 บาท","มือสอง","เกียร์อัตโนมัติ"
"1786479820-377","https://www.one2car.com/%E0%B8%A3%E0%B8%96-%E0%B8%AA%E0%B8%B3%E0%B8%AB%E0%B8%A3%E0%B8%B1%E0%B8%9A-%E0%B8%82%E0%B8%B2%E0%B8%A2?type=used&page_number=51&page_size=26","https://www.one2car.com/%E0%B8%A3%E0%B8%96-%E0%B8%AA%E0%B8%B3%E0%B8%AB%E0%B8%A3%E0%B8%B1%E0%B8%9A-%E0%B8%82%E0%B8%B2%E0%B8%A2?type=used&page_number=73&page_size=26","2020 Toyota ALPHARD 2.5 (ปี 15-23) HV Van - 4WD","✨ ทำเรื่องกับเรารู้ผลจบไวใน 30 นาที ✨ 🚗TOYOA ALPHARD 2.5 HYBRID GF 2020 จด 202 ⚙️ เกียร์: ...","Toyota ALPHARD","135 - 140K กม.","กรุงเทพมหานคร","1,988,000 บาท","มือสอง","เกียร์อัตโนมัติ"
"1786479820-378","https://www.one2car.com/%E0%B8%A3%E0%B8%96-%E0%B8%AA%E0%B8%B3%E0%B8%AB%E0%B8%A3%E0%B8%B1%E0%B8%9A-%E0%B8%82%E0%B8%B2%E0%B8%A2?type=used&page_number=51&page_size=26","https://www.one2car.com/%E0%B8%A3%E0%B8%96-%E0%B8%AA%E0%B8%B3%E0%B8%AB%E0%B8%A3%E0%B8%B1%E0%B8%9A-%E0%B8%82%E0%B8%B2%E0%B8%A2?type=used&page_number=73&page_size=26","2022 Toyota ALPHARD 2.5 (ปี 15-23) HV Van - 4WD","✨ ทำเรื่องกับเรารู้ผลจบไวใน 30 นาที ✨ 🚗TOYOTA ALPHARD 2.5 HYBRID 2022 ⚙️ เกียร์: ออโต้ 💵 ...","Toyota ALPHARD","230 - 235K กม.","กรุงเทพมหานคร","1,988,000 บาท","มือสอง","เกียร์อัตโนมัติ"
"1786479820-379","https://www.one2car.com/%E0%B8%A3%E0%B8%96-%E0%B8%AA%E0%B8%B3%E0%B8%AB%E0%B8%A3%E0%B8%B1%E0%B8%9A-%E0%B8%82%E0%B8%B2%E0%B8%A2?type=used&page_number=51&page_size=26","https://www.one2car.com/%E0%B8%A3%E0%B8%96-%E0%B8%AA%E0%B8%B3%E0%B8%AB%E0%B8%A3%E0%B8%B1%E0%B8%9A-%E0%B8%82%E0%B8%B2%E0%B8%A2?type=used&page_number=73&page_size=26","2021 Toyota ALPHARD 2.5 (ปี 15-23) S C-Package Van","✨ ทำเรื่องกับเรารู้ผลจบไวใน 30 นาที ✨ 🚗Toyota Alphard 2.5 SC Package ปี 2020 จด 2021 ⚙️ ...","Toyota ALPHARD","145 - 150K กม.","กรุงเทพมหานคร","1,888,000 บาท","มือสอง","เกียร์อัตโนมัติ"
"1786479820-380","https://www.one2car.com/%E0%B8%A3%E0%B8%96-%E0%B8%AA%E0%B8%B3%E0%B8%AB%E0%B8%A3%E0%B8%B1%E0%B8%9A-%E0%B8%82%E0%B8%B2%E0%B8%A2?type=used&page_number=51&page_size=26","https://www.one2car.com/%E0%B8%A3%E0%B8%96-%E0%B8%AA%E0%B8%B3%E0%B8%AB%E0%B8%A3%E0%B8%B1%E0%B8%9A-%E0%B8%82%E0%B8%B2%E0%B8%A2?type=used&page_number=73&page_size=26","2023 Toyota Veloz 1.5 (ปี 22-30) Premium Wagon","✨ไม่มีค่าจัดไฟแนนซ์ ไม่มีค่าโอน ไม่มีค่าดำเนินการ✨ ออกรถจบที่ 999 บาท ...","","65 - 70K กม.","กรุงเทพมหานคร","597,000 บาท","มือสอง","เกียร์อัตโนมัติ"
"1786479820-381","https://www.one2car.com/%E0%B8%A3%E0%B8%96-%E0%B8%AA%E0%B8%B3%E0%B8%AB%E0%B8%A3%E0%B8%B1%E0%B8%9A-%E0%B8%82%E0%B8%B2%E0%B8%A2?type=used&page_number=51&page_size=26","https://www.one2car.com/%E0%B8%A3%E0%B8%96-%E0%B8%AA%E0%B8%B3%E0%B8%AB%E0%B8%A3%E0%B8%B1%E0%B8%9A-%E0%B8%82%E0%B8%B2%E0%B8%A2?type=used&page_number=73&page_size=26","2022 Toyota Corolla Cross 1.8 (ปี 20-26) Sport SUV","✨ไม่มีค่าจัดไฟแนนซ์ ไม่มีค่าโอน ไม่มีค่าดำเนินการ✨ ออกรถจบที่ 999 บาท ...","","120 - 125K กม.","กรุงเทพมหานคร","597,000 บาท","มือสอง","เกียร์อัตโนมัติ"
"1786479820-382","https://www.one2car.com/%E0%B8%A3%E0%B8%96-%E0%B8%AA%E0%B8%B3%E0%B8%AB%E0%B8%A3%E0%B8%B1%E0%B8%9A-%E0%B8%82%E0%B8%B2%E0%B8%A2?type=used&page_number=51&page_size=26","https://www.one2car.com/%E0%B8%A3%E0%B8%96-%E0%B8%AA%E0%B8%B3%E0%B8%AB%E0%B8%A3%E0%B8%B1%E0%B8%9A-%E0%B8%82%E0%B8%B2%E0%B8%A2?type=used&page_number=73&page_size=26","2023 Toyota Corolla Cross 1.8 (ปี 20-26) Sport SUV","✨ไม่มีค่าจัดไฟแนนซ์ ไม่มีค่าโอน ไม่มีค่าดำเนินการ✨ ออกรถจบที่ 999 บาท ...","","180 - 185K กม.","กรุงเทพมหานคร","587,000 บาท","มือสอง","เกียร์อัตโนมัติ"
"1786479820-383","https://www.one2car.com/%E0%B8%A3%E0%B8%96-%E0%B8%AA%E0%B8%B3%E0%B8%AB%E0%B8%A3%E0%B8%B1%E0%B8%9A-%E0%B8%82%E0%B8%B2%E0%B8%A2?type=used&page_number=51&page_size=26","https://www.one2car.com/%E0%B8%A3%E0%B8%96-%E0%B8%AA%E0%B8%B3%E0%B8%AB%E0%B8%A3%E0%B8%B1%E0%B8%9A-%E0%B8%82%E0%B8%B2%E0%B8%A2?type=used&page_number=73&page_size=26","2021 Toyota Corolla Cross 1.8 (ปี 20-26) Hybrid Smart SUV ...","✨ไม่มีค่าจัดไฟแนนซ์ ไม่มีค่าโอน ไม่มีค่าดำเนินการ✨ ออกรถจบที่ 999 บาท ...","","140 - 145K กม.","กรุงเทพมหานคร","617,000 บาท","มือสอง","เกียร์อัตโนมัติ"
"1786479820-384","https://www.one2car.com/%E0%B8%A3%E0%B8%96-%E0%B8%AA%E0%B8%B3%E0%B8%AB%E0%B8%A3%E0%B8%B1%E0%B8%9A-%E0%B8%82%E0%B8%B2%E0%B8%A2?type=used&page_number=51&page_size=26","https://www.one2car.com/%E0%B8%A3%E0%B8%96-%E0%B8%AA%E0%B8%B3%E0%B8%AB%E0%B8%A3%E0%B8%B1%E0%B8%9A-%E0%B8%82%E0%B8%B2%E0%B8%A2?type=used&page_number=73&page_size=26","2020 Toyota Corolla Cross 1.8 (ปี 20-26) Hybrid Premium SU...","✨ไม่มีค่าจัดไฟแนนซ์ ไม่มีค่าโอน ไม่มีค่าดำเนินการ✨ ออกรถจบที่ 999 บาท ...","","165 - 170K กม.","กรุงเทพมหานคร","627,000 บาท","มือสอง","เกียร์อัตโนมัติ"
"1786479820-385","https://www.one2car.com/%E0%B8%A3%E0%B8%96-%E0%B8%AA%E0%B8%B3%E0%B8%AB%E0%B8%A3%E0%B8%B1%E0%B8%9A-%E0%B8%82%E0%B8%B2%E0%B8%A2?type=used&page_number=51&page_size=26","https://www.one2car.com/%E0%B8%A3%E0%B8%96-%E0%B8%AA%E0%B8%B3%E0%B8%AB%E0%B8%A3%E0%B8%B1%E0%B8%9A-%E0%B8%82%E0%B8%B2%E0%B8%A2?type=used&page_number=73&page_size=26","2024 Toyota Corolla Cross 1.8 (ปี 20-26) HEV Premium Luxur...","✨ไม่มีค่าจัดไฟแนนซ์ ไม่มีค่าโอน ไม่มีค่าดำเนินการ✨ ออกรถจบที่ 999 บาท ...","","35 - 40K กม.","กรุงเทพมหานคร","947,000 บาท","มือสอง","เกียร์อัตโนมัติ"
"1786479820-386","https://www.one2car.com/%E0%B8%A3%E0%B8%96-%E0%B8%AA%E0%B8%B3%E0%B8%AB%E0%B8%A3%E0%B8%B1%E0%B8%9A-%E0%B8%82%E0%B8%B2%E0%B8%A2?type=used&page_number=51&page_size=26","https://www.one2car.com/%E0%B8%A3%E0%B8%96-%E0%B8%AA%E0%B8%B3%E0%B8%AB%E0%B8%A3%E0%B8%B1%E0%B8%9A-%E0%B8%82%E0%B8%B2%E0%B8%A2?type=used&page_number=73&page_size=26","2024 Toyota Corolla Cross 1.8 (ปี 20-26) HEV Premium Luxur...","✨ไม่มีค่าจัดไฟแนนซ์ ไม่มีค่าโอน ไม่มีค่าดำเนินการ✨ ออกรถจบที่ 999 บาท ...","","35 - 40K กม.","กรุงเทพมหานคร","947,000 บาท","มือสอง","เกียร์อัตโนมัติ"
"1786479820-387","https://www.one2car.com/%E0%B8%A3%E0%B8%96-%E0%B8%AA%E0%B8%B3%E0%B8%AB%E0%B8%A3%E0%B8%B1%E0%B8%9A-%E0%B8%82%E0%B8%B2%E0%B8%A2?type=used&page_number=51&page_size=26","https://www.one2car.com/%E0%B8%A3%E0%B8%96-%E0%B8%AA%E0%B8%B3%E0%B8%AB%E0%B8%A3%E0%B8%B1%E0%B8%9A-%E0%B8%82%E0%B8%B2%E0%B8%A2?type=used&page_number=73&page_size=26","2015 Honda City 1.5 (ปี 14-18) SV Sedan","รถบ้าน ฟรีดาวน์ สภาพดี พร้อมใช้งาน ทดลองขับได้ เครื่องยนต์: เบนซิน 1.5 ลิตร i-VTEC ...","Honda City","150 - 155K กม.","กรุงเทพมหานคร","269,000 บาท","มือสอง","เกียร์อัตโนมัติ"
"1786479820-388","https://www.one2car.com/%E0%B8%A3%E0%B8%96-%E0%B8%AA%E0%B8%B3%E0%B8%AB%E0%B8%A3%E0%B8%B1%E0%B8%9A-%E0%B8%82%E0%B8%B2%E0%B8%A2?type=used&page_number=51&page_size=26","https://www.one2car.com/%E0%B8%A3%E0%B8%96-%E0%B8%AA%E0%B8%B3%E0%B8%AB%E0%B8%A3%E0%B8%B1%E0%B8%9A-%E0%B8%82%E0%B8%B2%E0%B8%A2?type=used&page_number=73&page_size=26","2020 Honda JAZZ 1.5 (ปี 14-22) RS Hatchback","One2car.com ซื้อรถมือสอง หารถมือสอง : รถยนต์ รถเก๋ง รถกระบะ รถตู้ , ซื้อรถใหม่ หารถใหม่ ...","Honda JAZZ","55 - 60K กม.","กรุงเทพมหานคร","439,000 บาท","มือสอง","เกียร์อัตโนมัติ"
"1786479820-389","https://www.one2car.com/%E0%B8%A3%E0%B8%96-%E0%B8%AA%E0%B8%B3%E0%B8%AB%E0%B8%A3%E0%B8%B1%E0%B8%9A-%E0%B8%82%E0%B8%B2%E0%B8%A2?type=used&page_number=51&page_size=26","https://www.one2car.com/%E0%B8%A3%E0%B8%96-%E0%B8%AA%E0%B8%B3%E0%B8%AB%E0%B8%A3%E0%B8%B1%E0%B8%9A-%E0%B8%82%E0%B8%B2%E0%B8%A2?type=used&page_number=73&page_size=26","2023 Toyota HILUX REVO 2.4 Smart Cab Z Edition Entry Picku...","รถบ้าน ฟรีดาวน์ สภาพดี พร้อมใช้งาน ทดลองขับได้ ✅อนุมัติไว จัดไฟแนนท์ผ่านง่าย ...","Toyota HILUX REVO","95 - 100K กม.","กรุงเทพมหานคร","389,000 บาท","มือสอง","เกียร์ธรรมดา"
"1786479820-390","https://www.one2car.com/%E0%B8%A3%E0%B8%96-%E0%B8%AA%E0%B8%B3%E0%B8%AB%E0%B8%A3%E0%B8%B1%E0%B8%9A-%E0%B8%82%E0%B8%B2%E0%B8%A2?type=used&page_number=51&page_size=26","https://www.one2car.com/%E0%B8%A3%E0%B8%96-%E0%B8%AA%E0%B8%B3%E0%B8%AB%E0%B8%A3%E0%B8%B1%E0%B8%9A-%E0%B8%82%E0%B8%B2%E0%B8%A2?type=used&page_number=73&page_size=26","2022 Toyota Corolla Cross 1.8 (ปี 20-26) Hybrid Premium Sa...","✨ไม่มีค่าจัดไฟแนนซ์ ไม่มีค่าโอน ไม่มีค่าดำเนินการ✨ ออกรถจบที่ 999 บาท ...","","200 - 205K กม.","กรุงเทพมหานคร","697,000 บาท","มือสอง","เกียร์อัตโนมัติ"
"1786479820-391","https://www.one2car.com/%E0%B8%A3%E0%B8%96-%E0%B8%AA%E0%B8%B3%E0%B8%AB%E0%B8%A3%E0%B8%B1%E0%B8%9A-%E0%B8%82%E0%B8%B2%E0%B8%A2?type=used&page_number=51&page_size=26","https://www.one2car.com/%E0%B8%A3%E0%B8%96-%E0%B8%AA%E0%B8%B3%E0%B8%AB%E0%B8%A3%E0%B8%B1%E0%B8%9A-%E0%B8%82%E0%B8%B2%E0%B8%A2?type=used&page_number=73&page_size=26","2024 Toyota CAMRY 2.5 (ปี 24-31) HEV Premium Luxury Sedan ...","✨ไม่มีค่าจัดไฟแนนซ์ ไม่มีค่าโอน ไม่มีค่าดำเนินการ✨ ออกรถจบที่ 999 บาท ...","Toyota CAMRY","5 - 10K กม.","กรุงเทพมหานคร","1,490,000 บาท","มือสอง","เกียร์อัตโนมัติ"
"1786479820-392","https://www.one2car.com/%E0%B8%A3%E0%B8%96-%E0%B8%AA%E0%B8%B3%E0%B8%AB%E0%B8%A3%E0%B8%B1%E0%B8%9A-%E0%B8%82%E0%B8%B2%E0%B8%A2?type=used&page_number=51&page_size=26","https://www.one2car.com/%E0%B8%A3%E0%B8%96-%E0%B8%AA%E0%B8%B3%E0%B8%AB%E0%B8%A3%E0%B8%B1%E0%B8%9A-%E0%B8%82%E0%B8%B2%E0%B8%A2?type=used&page_number=73&page_size=26","2018 Toyota CAMRY 2.0 (ปี 18-24) G Sedan","✨ไม่มีค่าจัดไฟแนนซ์ ไม่มีค่าโอน ไม่มีค่าดำเนินการ✨ ออกรถจบที่ 999 บาท ...","Toyota CAMRY","135 - 140K กม.","กรุงเทพมหานคร","587,000 บาท","มือสอง","เกียร์อัตโนมัติ"
"1786479820-393","https://www.one2car.com/%E0%B8%A3%E0%B8%96-%E0%B8%AA%E0%B8%B3%E0%B8%AB%E0%B8%A3%E0%B8%B1%E0%B8%9A-%E0%B8%82%E0%B8%B2%E0%B8%A2?type=used&page_number=51&page_size=26","https://www.one2car.com/%E0%B8%A3%E0%B8%96-%E0%B8%AA%E0%B8%B3%E0%B8%AB%E0%B8%A3%E0%B8%B1%E0%B8%9A-%E0%B8%82%E0%B8%B2%E0%B8%A2?type=used&page_number=73&page_size=26","2022 Honda City 1.0 (ปี 19-26) RS Sedan - ( 19-24)","HONDA CITY TURBO 1.0 RS SEDAN AT ปี 2022 สีเทา ราคา 399,000 บาท ดาวน์ 0 บาท ผ่อน 6,886 ...","Honda City","70 - 75K กม.","เพชรบุรี","","","เกียร์อัตโนมัติ"
"1786479825-394","https://www.one2car.com/%E0%B8%A3%E0%B8%96-%E0%B8%AA%E0%B8%B3%E0%B8%AB%E0%B8%A3%E0%B8%B1%E0%B8%9A-%E0%B8%82%E0%B8%B2%E0%B8%A2?type=used&page_number=51&page_size=26","https://www.one2car.com/%E0%B8%A3%E0%B8%96-%E0%B8%AA%E0%B8%B3%E0%B8%AB%E0%B8%A3%E0%B8%B1%E0%B8%9A-%E0%B8%82%E0%B8%B2%E0%B8%A2?type=used&page_number=74&page_size=26","2021 Toyota Corolla Altis 1.8 (ปี 19-25) Hybrid Entry Seda...","✨ไม่มีค่าจัดไฟแนนซ์ ไม่มีค่าโอน ไม่มีค่าดำเนินการ✨ ออกรถจบที่ 999 บาท ...","Toyota Corolla Altis","235 - 240K กม.","กรุงเทพมหานคร","447,000 บาท","มือสอง","เกียร์อัตโนมัติ"
"1786479825-395","https://www.one2car.com/%E0%B8%A3%E0%B8%96-%E0%B8%AA%E0%B8%B3%E0%B8%AB%E0%B8%A3%E0%B8%B1%E0%B8%9A-%E0%B8%82%E0%B8%B2%E0%B8%A2?type=used&page_number=51&page_size=26","https://www.one2car.com/%E0%B8%A3%E0%B8%96-%E0%B8%AA%E0%B8%B3%E0%B8%AB%E0%B8%A3%E0%B8%B1%E0%B8%9A-%E0%B8%82%E0%B8%B2%E0%B8%A2?type=used&page_number=74&page_size=26","2021 Toyota Corolla Altis 1.8 (ปี 19-25) Hybrid Entry Seda...","✨ไม่มีค่าจัดไฟแนนซ์ ไม่มีค่าโอน ไม่มีค่าดำเนินการ✨ ออกรถจบที่ 999 บาท ...","Toyota Corolla Altis","235 - 240K กม.","กรุงเทพมหานคร","447,000 บาท","มือสอง","เกียร์อัตโนมัติ"
"1786479825-396","https://www.one2car.com/%E0%B8%A3%E0%B8%96-%E0%B8%AA%E0%B8%B3%E0%B8%AB%E0%B8%A3%E0%B8%B1%E0%B8%9A-%E0%B8%82%E0%B8%B2%E0%B8%A2?type=used&page_number=51&page_size=26","https://www.one2car.com/%E0%B8%A3%E0%B8%96-%E0%B8%AA%E0%B8%B3%E0%B8%AB%E0%B8%A3%E0%B8%B1%E0%B8%9A-%E0%B8%82%E0%B8%B2%E0%B8%A2?type=used&page_number=74&page_size=26","2021 Toyota Corolla Altis 1.6 (ปี 19-25) G Sedan",".✨ไม่มีค่าจัดไฟแนนซ์ ไม่มีค่าโอน ไม่มีค่าดำเนินการ✨ ออกรถจบที่ 999 บาท ...","Toyota Corolla Altis","180 - 185K กม.","กรุงเทพมหานคร","417,000 บาท","มือสอง","เกียร์อัตโนมัติ"
"1786479825-397","https://www.one2car.com/%E0%B8%A3%E0%B8%96-%E0%B8%AA%E0%B8%B3%E0%B8%AB%E0%B8%A3%E0%B8%B1%E0%B8%9A-%E0%B8%82%E0%B8%B2%E0%B8%A2?type=used&page_number=51&page_size=26","https://www.one2car.com/%E0%B8%A3%E0%B8%96-%E0%B8%AA%E0%B8%B3%E0%B8%AB%E0%B8%A3%E0%B8%B1%E0%B8%9A-%E0%B8%82%E0%B8%B2%E0%B8%A2?type=used&page_number=74&page_size=26","2021 Mitsubishi PAJERO SPORT 2.4 (ปี 19-25) GT Premium Eli...","✨ไม่มีค่าจัดไฟแนนซ์ ไม่มีค่าโอน ไม่มีค่าดำเนินการ✨ ออกรถจบที่ 999 บาท ...","Mitsubishi PAJERO SPORT","35 - 40K กม.","กรุงเทพมหานคร","837,000 บาท","มือสอง","เกียร์อัตโนมัติ"
"1786479825-398","https://www.one2car.com/%E0%B8%A3%E0%B8%96-%E0%B8%AA%E0%B8%B3%E0%B8%AB%E0%B8%A3%E0%B8%B1%E0%B8%9A-%E0%B8%82%E0%B8%B2%E0%B8%A2?type=used&page_number=51&page_size=26","https://www.one2car.com/%E0%B8%A3%E0%B8%96-%E0%B8%AA%E0%B8%B3%E0%B8%AB%E0%B8%A3%E0%B8%B1%E0%B8%9A-%E0%B8%82%E0%B8%B2%E0%B8%A2?type=used&page_number=74&page_size=26","2020 MG HS 1.5 (ปี 19-26) D SUV","✨ไม่มีค่าจัดไฟแนนซ์ ไม่มีค่าโอน ไม่มีค่าดำเนินการ✨ ออกรถจบที่ 999 บาท ...","","75 - 80K กม.","กรุงเทพมหานคร","377,000 บาท","มือสอง","เกียร์อัตโนมัติ"
"1786479825-399","https://www.one2car.com/%E0%B8%A3%E0%B8%96-%E0%B8%AA%E0%B8%B3%E0%B8%AB%E0%B8%A3%E0%B8%B1%E0%B8%9A-%E0%B8%82%E0%B8%B2%E0%B8%A2?type=used&page_number=51&page_size=26","https://www.one2car.com/%E0%B8%A3%E0%B8%96-%E0%B8%AA%E0%B8%B3%E0%B8%AB%E0%B8%A3%E0%B8%B1%E0%B8%9A-%E0%B8%82%E0%B8%B2%E0%B8%A2?type=used&page_number=74&page_size=26","2016 Honda CR-V 2.0 (ปี 12-16) E SUV - AWD","HANDA CRV 2.0 E 4WD 2016 รถบ้าน มือเดียว สภาพดี Brand : Handa Model : Crv Grade : 2.0 E ...","Honda CR-V","95 - 100K กม.","กรุงเทพมหานคร","428,000 บาท","มือสอง","เกียร์อัตโนมัติ"
"1786479825-400","https://www.one2car.com/%E0%B8%A3%E0%B8%96-%E0%B8%AA%E0%B8%B3%E0%B8%AB%E0%B8%A3%E0%B8%B1%E0%B8%9A-%E0%B8%82%E0%B8%B2%E0%B8%A2?type=used&page_number=51&page_size=26","https://www.one2car.com/%E0%B8%A3%E0%B8%96-%E0%B8%AA%E0%B8%B3%E0%B8%AB%E0%B8%A3%E0%B8%B1%E0%B8%9A-%E0%B8%82%E0%B8%B2%E0%B8%A2?type=used&page_number=74&page_size=26","2021 Mazda CX-30 2.0 (ปี 20-26) SP SUV","✨ไม่มีค่าจัดไฟแนนซ์ ไม่มีค่าโอน ไม่มีค่าดำเนินการ✨ ออกรถจบที่ 999 บาท ...","","135 - 140K กม.","กรุงเทพมหานคร","577,000 บาท","มือสอง","เกียร์อัตโนมัติ"
"1786479825-401","https://www.one2car.com/%E0%B8%A3%E0%B8%96-%E0%B8%AA%E0%B8%B3%E0%B8%AB%E0%B8%A3%E0%B8%B1%E0%B8%9A-%E0%B8%82%E0%B8%B2%E0%B8%A2?type=used&page_number=51&page_size=26","https://www.one2car.com/%E0%B8%A3%E0%B8%96-%E0%B8%AA%E0%B8%B3%E0%B8%AB%E0%B8%A3%E0%B8%B1%E0%B8%9A-%E0%B8%82%E0%B8%B2%E0%B8%A2?type=used&page_number=74&page_size=26","2017 Honda CIVIC 1.8 FC (ปี 16-20) EL Sedan","Honda Civic FC 1.8 EL ปี 2017 สีแดงโดดเด่น สวยสะดุดตา รถมือเดียวจากป้ายแดง ไม่เคยเฉี่ยวชน ...","Honda CIVIC","170 - 175K กม.","กรุงเทพมหานคร","399,000 บาท","มือสอง","เกียร์อัตโนมัติ"
"1786479825-402","https://www.one2car.com/%E0%B8%A3%E0%B8%96-%E0%B8%AA%E0%B8%B3%E0%B8%AB%E0%B8%A3%E0%B8%B1%E0%B8%9A-%E0%B8%82%E0%B8%B2%E0%B8%A2?type=used&page_number=51&page_size=26","https://www.one2car.com/%E0%B8%A3%E0%B8%96-%E0%B8%AA%E0%B8%B3%E0%B8%AB%E0%B8%A3%E0%B8%B1%E0%B8%9A-%E0%B8%82%E0%B8%B2%E0%B8%A2?type=used&page_number=74&page_size=26","2023 Ford EVEREST 2.0 (ปี 22-28) Titanium+ SUV - Titanium ...","Ford Everest 2.0 Bi-Turbo 10AT ปี 2022 รถมือเดียว ไมล์แท้ 7x,xxx km. สภาพโคตรสวย ...","Ford EVEREST","70 - 75K กม.","กรุงเทพมหานคร","1,099,000 บาท","มือสอง","เกียร์อัตโนมัติ"
"1786479825-403","https://www.one2car.com/%E0%B8%A3%E0%B8%96-%E0%B8%AA%E0%B8%B3%E0%B8%AB%E0%B8%A3%E0%B8%B1%E0%B8%9A-%E0%B8%82%E0%B8%B2%E0%B8%A2?type=used&page_number=51&page_size=26","https://www.one2car.com/%E0%B8%A3%E0%B8%96-%E0%B8%AA%E0%B8%B3%E0%B8%AB%E0%B8%A3%E0%B8%B1%E0%B8%9A-%E0%B8%82%E0%B8%B2%E0%B8%A2?type=used&page_number=74&page_size=26","2021 Toyota CAMRY 2.0 (ปี 18-24) G Sedan","Toyota Camry 2.0 G ปี 2021 รถมือเดียวจากป้ายแดง เดิมๆทั้งคัน ไม่เคยเฉี่ยวชน ...","Toyota CAMRY","140 - 145K กม.","กรุงเทพมหานคร","679,000 บาท","มือสอง","เกียร์อัตโนมัติ"
"1786479825-404","https://www.one2car.com/%E0%B8%A3%E0%B8%96-%E0%B8%AA%E0%B8%B3%E0%B8%AB%E0%B8%A3%E0%B8%B1%E0%B8%9A-%E0%B8%82%E0%B8%B2%E0%B8%A2?type=used&page_number=51&page_size=26","https://www.one2car.com/%E0%B8%A3%E0%B8%96-%E0%B8%AA%E0%B8%B3%E0%B8%AB%E0%B8%A3%E0%B8%B1%E0%B8%9A-%E0%B8%82%E0%B8%B2%E0%B8%A2?type=used&page_number=74&page_size=26","2022 BMW 320Li 2.0 G28 (ปี 21-26) Luxury Sedan","BMW 320Li Limosine (G28) ปี 2021 จด 2022 รถมือเดียวจากป้ายแดง สภาพใหม่มากกก ...","","115 - 120K กม.","กรุงเทพมหานคร","1,099,000 บาท","มือสอง","เกียร์อัตโนมัติ"
"1786479825-405","https://www.one2car.com/%E0%B8%A3%E0%B8%96-%E0%B8%AA%E0%B8%B3%E0%B8%AB%E0%B8%A3%E0%B8%B1%E0%B8%9A-%E0%B8%82%E0%B8%B2%E0%B8%A2?type=used&page_number=51&page_size=26","https://www.one2car.com/%E0%B8%A3%E0%B8%96-%E0%B8%AA%E0%B8%B3%E0%B8%AB%E0%B8%A3%E0%B8%B1%E0%B8%9A-%E0%B8%82%E0%B8%B2%E0%B8%A2?type=used&page_number=74&page_size=26","2020 Toyota YARIS 1.2 (ปี 17-25) Mid Hatchback","✅ Eco Car 5 ประตู สุดประหยัด ไมล์น้อยเพียง 5 หมื่นโล สภาพใหม่ๆ โครงสร้างเดิมทั้งคัน ...","Toyota YARIS","50 - 55K กม.","กรุงเทพมหานคร","359,000 บาท","มือสอง","เกียร์อัตโนมัติ"
"1786479825-406","https://www.one2car.com/%E0%B8%A3%E0%B8%96-%E0%B8%AA%E0%B8%B3%E0%B8%AB%E0%B8%A3%E0%B8%B1%E0%B8%9A-%E0%B8%82%E0%B8%B2%E0%B8%A2?type=used&page_number=51&page_size=26","https://www.one2car.com/%E0%B8%A3%E0%B8%96-%E0%B8%AA%E0%B8%B3%E0%B8%AB%E0%B8%A3%E0%B8%B1%E0%B8%9A-%E0%B8%82%E0%B8%B2%E0%B8%A2?type=used&page_number=74&page_size=26","2023 Mercedes-Benz GLA200 1.3 W247 (ปี 20-27) AMG Dynamic ...","- warranty ซ่อมศูนย์ นานสูงสุด 2 ปี -บริการช่วยเหลือฉุกเฉิน 24 ชม. ทั่วประเทศ 1 ปี ...","","90 - 95K กม.","กรุงเทพมหานคร","990,000 บาท","มือสอง","เกียร์อัตโนมัติ"
"1786479825-407","https://www.one2car.com/%E0%B8%A3%E0%B8%96-%E0%B8%AA%E0%B8%B3%E0%B8%AB%E0%B8%A3%E0%B8%B1%E0%B8%9A-%E0%B8%82%E0%B8%B2%E0%B8%A2?type=used&page_number=51&page_size=26","https://www.one2car.com/%E0%B8%A3%E0%B8%96-%E0%B8%AA%E0%B8%B3%E0%B8%AB%E0%B8%A3%E0%B8%B1%E0%B8%9A-%E0%B8%82%E0%B8%B2%E0%B8%A2?type=used&page_number=74&page_size=26","2022 Mitsubishi Xpander 1.5 (ปี 18-22) GT Wagon","- warranty ซ่อมศูนย์ นานสูงสุด 2 ปี -บริการช่วยเหลือฉุกเฉิน 24 ชม. ทั่วประเทศ 1 ปี ...","Mitsubishi Xpander","85 - 90K กม.","กรุงเทพมหานคร","499,000 บาท","มือสอง","เกียร์อัตโนมัติ"
"1786479825-408","https://www.one2car.com/%E0%B8%A3%E0%B8%96-%E0%B8%AA%E0%B8%B3%E0%B8%AB%E0%B8%A3%E0%B8%B1%E0%B8%9A-%E0%B8%82%E0%B8%B2%E0%B8%A2?type=used&page_number=51&page_size=26","https://www.one2car.com/%E0%B8%A3%E0%B8%96-%E0%B8%AA%E0%B8%B3%E0%B8%AB%E0%B8%A3%E0%B8%B1%E0%B8%9A-%E0%B8%82%E0%B8%B2%E0%B8%A2?type=used&page_number=74&page_size=26","2014 Audi Q3 2.0 (ปี 12-16) TDI Quattro SUV - 4WD","- warranty ซ่อมศูนย์ นานสูงสุด 2 ปี -บริการช่วยเหลือฉุกเฉิน 24 ชม. ทั่วประเทศ 1 ปี ...","","80 - 85K กม.","กรุงเทพมหานคร","535,000 บาท","มือสอง","เกียร์อัตโนมัติ"
"1786479825-409","https://www.one2car.com/%E0%B8%A3%E0%B8%96-%E0%B8%AA%E0%B8%B3%E0%B8%AB%E0%B8%A3%E0%B8%B1%E0%B8%9A-%E0%B8%82%E0%B8%B2%E0%B8%A2?type=used&page_number=51&page_size=26","https://www.one2car.com/%E0%B8%A3%E0%B8%96-%E0%B8%AA%E0%B8%B3%E0%B8%AB%E0%B8%A3%E0%B8%B1%E0%B8%9A-%E0%B8%82%E0%B8%B2%E0%B8%A2?type=used&page_number=74&page_size=26","2019 BMW X1 2.0 F48 (ปี 16-20) sDrive20d M Sport SUV","- warranty ซ่อมศูนย์ นานสูงสุด 2 ปี -บริการช่วยเหลือฉุกเฉิน 24 ชม. ทั่วประเทศ 1 ปี ...","BMW X1","185 - 190K กม.","กรุงเทพมหานคร","519,000 บาท","มือสอง","เกียร์อัตโนมัติ"
"1786479825-410","https://www.one2car.com/%E0%B8%A3%E0%B8%96-%E0%B8%AA%E0%B8%B3%E0%B8%AB%E0%B8%A3%E0%B8%B1%E0%B8%9A-%E0%B8%82%E0%B8%B2%E0%B8%A2?type=used&page_number=51&page_size=26","https://www.one2car.com/%E0%B8%A3%E0%B8%96-%E0%B8%AA%E0%B8%B3%E0%B8%AB%E0%B8%A3%E0%B8%B1%E0%B8%9A-%E0%B8%82%E0%B8%B2%E0%B8%A2?type=used&page_number=74&page_size=26","2014 Audi Q3 2.0 (ปี 12-16) TDI Quattro SUV","- warranty ซ่อมศูนย์ นานสูงสุด 2 ปี -บริการช่วยเหลือฉุกเฉิน 24 ชม. ทั่วประเทศ 1 ปี ...","","80 - 85K กม.","กรุงเทพมหานคร","535,000 บาท","มือสอง","เกียร์อัตโนมัติ"
"1786479825-411","https://www.one2car.com/%E0%B8%A3%E0%B8%96-%E0%B8%AA%E0%B8%B3%E0%B8%AB%E0%B8%A3%E0%B8%B1%E0%B8%9A-%E0%B8%82%E0%B8%B2%E0%B8%A2?type=used&page_number=51&page_size=26","https://www.one2car.com/%E0%B8%A3%E0%B8%96-%E0%B8%AA%E0%B8%B3%E0%B8%AB%E0%B8%A3%E0%B8%B1%E0%B8%9A-%E0%B8%82%E0%B8%B2%E0%B8%A2?type=used&page_number=74&page_size=26","2021 BMW 520d 2.0 G30 (ปี 17-22) M Sport Sedan","- warranty ซ่อมศูนย์ นานสูงสุด 2 ปี -บริการช่วยเหลือฉุกเฉิน 24 ชม. ทั่วประเทศ 1 ปี ...","BMW 520d","175 - 180K กม.","กรุงเทพมหานคร","899,000 บาท","มือสอง","เกียร์อัตโนมัติ"
"1786479825-412","https://www.one2car.com/%E0%B8%A3%E0%B8%96-%E0%B8%AA%E0%B8%B3%E0%B8%AB%E0%B8%A3%E0%B8%B1%E0%B8%9A-%E0%B8%82%E0%B8%B2%E0%B8%A2?type=used&page_number=51&page_size=26","https://www.one2car.com/%E0%B8%A3%E0%B8%96-%E0%B8%AA%E0%B8%B3%E0%B8%AB%E0%B8%A3%E0%B8%B1%E0%B8%9A-%E0%B8%82%E0%B8%B2%E0%B8%A2?type=used&page_number=74&page_size=26","2018 Mercedes-Benz C250 2.0 W205 (ปี 14-19) Sport Coupe   ...","- warranty ซ่อมศูนย์ นานสูงสุด 2 ปี -บริการช่วยเหลือฉุกเฉิน 24 ชม. ทั่วประเทศ 1 ปี ...","","160 - 165K กม.","กรุงเทพมหานคร","899,000 บาท","มือสอง","เกียร์อัตโนมัติ"
"1786479825-413","https://www.one2car.com/%E0%B8%A3%E0%B8%96-%E0%B8%AA%E0%B8%B3%E0%B8%AB%E0%B8%A3%E0%B8%B1%E0%B8%9A-%E0%B8%82%E0%B8%B2%E0%B8%A2?type=used&page_number=51&page_size=26","https://www.one2car.com/%E0%B8%A3%E0%B8%96-%E0%B8%AA%E0%B8%B3%E0%B8%AB%E0%B8%A3%E0%B8%B1%E0%B8%9A-%E0%B8%82%E0%B8%B2%E0%B8%A2?type=used&page_number=74&page_size=26","2019 BMW 530e 2.0 G30 (ปี 17-22) Highline Sedan","- warranty ซ่อมศูนย์ นานสูงสุด 2 ปี -บริการช่วยเหลือฉุกเฉิน 24 ชม. ทั่วประเทศ 1 ปี ...","","95 - 100K กม.","กรุงเทพมหานคร","719,000 บาท","มือสอง","เกียร์อัตโนมัติ"
"1786479825-414","https://www.one2car.com/%E0%B8%A3%E0%B8%96-%E0%B8%AA%E0%B8%B3%E0%B8%AB%E0%B8%A3%E0%B8%B1%E0%B8%9A-%E0%B8%82%E0%B8%B2%E0%B8%A2?type=used&page_number=51&page_size=26","https://www.one2car.com/%E0%B8%A3%E0%B8%96-%E0%B8%AA%E0%B8%B3%E0%B8%AB%E0%B8%A3%E0%B8%B1%E0%B8%9A-%E0%B8%82%E0%B8%B2%E0%B8%A2?type=used&page_number=74&page_size=26","2022 BMW 320d 2.0 G20 (ปี 19-26) M Sport Sedan","- warranty ซ่อมศูนย์ นานสูงสุด 2 ปี -บริการช่วยเหลือฉุกเฉิน 24 ชม. ทั่วประเทศ 1 ปี ...","BMW 320d","125 - 130K กม.","กรุงเทพมหานคร","1,050,000 บาท","มือสอง","เกียร์อัตโนมัติ"
"1786479825-415","https://www.one2car.com/%E0%B8%A3%E0%B8%96-%E0%B8%AA%E0%B8%B3%E0%B8%AB%E0%B8%A3%E0%B8%B1%E0%B8%9A-%E0%B8%82%E0%B8%B2%E0%B8%A2?type=used&page_number=51&page_size=26","https://www.one2car.com/%E0%B8%A3%E0%B8%96-%E0%B8%AA%E0%B8%B3%E0%B8%AB%E0%B8%A3%E0%B8%B1%E0%B8%9A-%E0%B8%82%E0%B8%B2%E0%B8%A2?type=used&page_number=74&page_size=26","2022 Mini COOPER F56 SE 3-Door Hatchback - 0.0","- warranty ซ่อมศูนย์ นานสูงสุด 2 ปี -บริการช่วยเหลือฉุกเฉิน 24 ชม. ทั่วประเทศ 1 ปี ...","Mini COOPER","45 - 50K กม.","กรุงเทพมหานคร","699,000 บาท","มือสอง","เกียร์อัตโนมัติ"
"1786479825-416","https://www.one2car.com/%E0%B8%A3%E0%B8%96-%E0%B8%AA%E0%B8%B3%E0%B8%AB%E0%B8%A3%E0%B8%B1%E0%B8%9A-%E0%B8%82%E0%B8%B2%E0%B8%A2?type=used&page_number=51&page_size=26","https://www.one2car.com/%E0%B8%A3%E0%B8%96-%E0%B8%AA%E0%B8%B3%E0%B8%AB%E0%B8%A3%E0%B8%B1%E0%B8%9A-%E0%B8%82%E0%B8%B2%E0%B8%A2?type=used&page_number=74&page_size=26","2022 Toyota CAMRY 2.5 (ปี 18-24) Premium Sedan","- warranty ซ่อมศูนย์ นานสูงสุด 2 ปี -บริการช่วยเหลือฉุกเฉิน 24 ชม. ทั่วประเทศ 1 ปี ...","Toyota CAMRY","100 - 105K กม.","กรุงเทพมหานคร","859,000 บาท","มือสอง","เกียร์อัตโนมัติ"
"1786479833-417","https://www.one2car.com/%E0%B8%A3%E0%B8%96-%E0%B8%AA%E0%B8%B3%E0%B8%AB%E0%B8%A3%E0%B8%B1%E0%B8%9A-%E0%B8%82%E0%B8%B2%E0%B8%A2?type=used&page_number=51&page_size=26","https://www.one2car.com/%E0%B8%A3%E0%B8%96-%E0%B8%AA%E0%B8%B3%E0%B8%AB%E0%B8%A3%E0%B8%B1%E0%B8%9A-%E0%B8%82%E0%B8%B2%E0%B8%A2?type=used&page_number=75&page_size=26","2013 Toyota CAMRY 2.5 (ปี 12-18) Hybrid Sedan","- warranty ซ่อมศูนย์ นานสูงสุด 2 ปี -บริการช่วยเหลือฉุกเฉิน 24 ชม. ทั่วประเทศ 1 ปี ...","Toyota CAMRY","250 - 255K กม.","กรุงเทพมหานคร","299,000 บาท","มือสอง","เกียร์อัตโนมัติ"
"1786479833-418","https://www.one2car.com/%E0%B8%A3%E0%B8%96-%E0%B8%AA%E0%B8%B3%E0%B8%AB%E0%B8%A3%E0%B8%B1%E0%B8%9A-%E0%B8%82%E0%B8%B2%E0%B8%A2?type=used&page_number=51&page_size=26","https://www.one2car.com/%E0%B8%A3%E0%B8%96-%E0%B8%AA%E0%B8%B3%E0%B8%AB%E0%B8%A3%E0%B8%B1%E0%B8%9A-%E0%B8%82%E0%B8%B2%E0%B8%A2?type=used&page_number=75&page_size=26","2024 Hyundai Staria 2.2 (ปี 21-28) Trend S Van","- warranty ซ่อมศูนย์ นานสูงสุด 2 ปี -บริการช่วยเหลือฉุกเฉิน 24 ชม. ทั่วประเทศ 1 ปี ...","","35 - 40K กม.","กรุงเทพมหานคร","999,000 บาท","มือสอง","เกียร์อัตโนมัติ"
"1786479833-419","https://www.one2car.com/%E0%B8%A3%E0%B8%96-%E0%B8%AA%E0%B8%B3%E0%B8%AB%E0%B8%A3%E0%B8%B1%E0%B8%9A-%E0%B8%82%E0%B8%B2%E0%B8%A2?type=used&page_number=51&page_size=26","https://www.one2car.com/%E0%B8%A3%E0%B8%96-%E0%B8%AA%E0%B8%B3%E0%B8%AB%E0%B8%A3%E0%B8%B1%E0%B8%9A-%E0%B8%82%E0%B8%B2%E0%B8%A2?type=used&page_number=75&page_size=26","2020 Mercedes-Benz C220 2.0 W205 (ปี 14-22) d AMG Dynamic ...","- warranty ซ่อมศูนย์ นานสูงสุด 2 ปี -บริการช่วยเหลือฉุกเฉิน 24 ชม. ทั่วประเทศ 1 ปี ...","","130 - 135K กม.","กรุงเทพมหานคร","1,090,000 บาท","มือสอง","เกียร์อัตโนมัติ"
"1786479833-420","https://www.one2car.com/%E0%B8%A3%E0%B8%96-%E0%B8%AA%E0%B8%B3%E0%B8%AB%E0%B8%A3%E0%B8%B1%E0%B8%9A-%E0%B8%82%E0%B8%B2%E0%B8%A2?type=used&page_number=51&page_size=26","https://www.one2car.com/%E0%B8%A3%E0%B8%96-%E0%B8%AA%E0%B8%B3%E0%B8%AB%E0%B8%A3%E0%B8%B1%E0%B8%9A-%E0%B8%82%E0%B8%B2%E0%B8%A2?type=used&page_number=75&page_size=26","2023 MG MG4 (ปี 22-29) X Hatchback - 4 0.0","- warranty ซ่อมศูนย์ นานสูงสุด 2 ปี -บริการช่วยเหลือฉุกเฉิน 24 ชม. ทั่วประเทศ 1 ปี ...","","100 - 105K กม.","กรุงเทพมหานคร","399,000 บาท","มือสอง","เกียร์อัตโนมัติ"
"1786479833-421","https://www.one2car.com/%E0%B8%A3%E0%B8%96-%E0%B8%AA%E0%B8%B3%E0%B8%AB%E0%B8%A3%E0%B8%B1%E0%B8%9A-%E0%B8%82%E0%B8%B2%E0%B8%A2?type=used&page_number=51&page_size=26","https://www.one2car.com/%E0%B8%A3%E0%B8%96-%E0%B8%AA%E0%B8%B3%E0%B8%AB%E0%B8%A3%E0%B8%B1%E0%B8%9A-%E0%B8%82%E0%B8%B2%E0%B8%A2?type=used&page_number=75&page_size=26","2024 MG MG4 (ปี 22-29) D Hatchback - 4 0.0","- warranty ซ่อมศูนย์ นานสูงสุด 2 ปี -บริการช่วยเหลือฉุกเฉิน 24 ชม. ทั่วประเทศ 1 ปี ...","","50 - 55K กม.","กรุงเทพมหานคร","399,000 บาท","มือสอง","เกียร์อัตโนมัติ"
"1786479833-422","https://www.one2car.com/%E0%B8%A3%E0%B8%96-%E0%B8%AA%E0%B8%B3%E0%B8%AB%E0%B8%A3%E0%B8%B1%E0%B8%9A-%E0%B8%82%E0%B8%B2%E0%B8%A2?type=used&page_number=51&page_size=26","https://www.one2car.com/%E0%B8%A3%E0%B8%96-%E0%B8%AA%E0%B8%B3%E0%B8%AB%E0%B8%A3%E0%B8%B1%E0%B8%9A-%E0%B8%82%E0%B8%B2%E0%B8%A2?type=used&page_number=75&page_size=26","2022 Mercedes-Benz C220 2.0 W205 (ปี 14-22) d AMG Dynamic ...","- warranty ซ่อมศูนย์ นานสูงสุด 2 ปี -บริการช่วยเหลือฉุกเฉิน 24 ชม. ทั่วประเทศ 1 ปี ...","","110 - 115K กม.","กรุงเทพมหานคร","1,090,000 บาท","มือสอง","เกียร์อัตโนมัติ"
"1786479833-423","https://www.one2car.com/%E0%B8%A3%E0%B8%96-%E0%B8%AA%E0%B8%B3%E0%B8%AB%E0%B8%A3%E0%B8%B1%E0%B8%9A-%E0%B8%82%E0%B8%B2%E0%B8%A2?type=used&page_number=51&page_size=26","https://www.one2car.com/%E0%B8%A3%E0%B8%96-%E0%B8%AA%E0%B8%B3%E0%B8%AB%E0%B8%A3%E0%B8%B1%E0%B8%9A-%E0%B8%82%E0%B8%B2%E0%B8%A2?type=used&page_number=75&page_size=26","2020 Mercedes-Benz C220 2.0 W205 (ปี 14-22) d Avantgarde S...","- warranty ซ่อมศูนย์ นานสูงสุด 2 ปี -บริการช่วยเหลือฉุกเฉิน 24 ชม. ทั่วประเทศ 1 ปี ...","","205 - 210K กม.","กรุงเทพมหานคร","719,000 บาท","มือสอง","เกียร์อัตโนมัติ"
"1786479833-424","https://www.one2car.com/%E0%B8%A3%E0%B8%96-%E0%B8%AA%E0%B8%B3%E0%B8%AB%E0%B8%A3%E0%B8%B1%E0%B8%9A-%E0%B8%82%E0%B8%B2%E0%B8%A2?type=used&page_number=51&page_size=26","https://www.one2car.com/%E0%B8%A3%E0%B8%96-%E0%B8%AA%E0%B8%B3%E0%B8%AB%E0%B8%A3%E0%B8%B1%E0%B8%9A-%E0%B8%82%E0%B8%B2%E0%B8%A2?type=used&page_number=75&page_size=26","2023 MG VS HEV 1.5 (ปี 22-27) X Two Tone SUV","- warranty ซ่อมศูนย์ นานสูงสุด 2 ปี -บริการช่วยเหลือฉุกเฉิน 24 ชม. ทั่วประเทศ 1 ปี ...","","90 - 95K กม.","กรุงเทพมหานคร","459,000 บาท","มือสอง","เกียร์อัตโนมัติ"
"1786479833-425","https://www.one2car.com/%E0%B8%A3%E0%B8%96-%E0%B8%AA%E0%B8%B3%E0%B8%AB%E0%B8%A3%E0%B8%B1%E0%B8%9A-%E0%B8%82%E0%B8%B2%E0%B8%A2?type=used&page_number=51&page_size=26","https://www.one2car.com/%E0%B8%A3%E0%B8%96-%E0%B8%AA%E0%B8%B3%E0%B8%AB%E0%B8%A3%E0%B8%B1%E0%B8%9A-%E0%B8%82%E0%B8%B2%E0%B8%A2?type=used&page_number=75&page_size=26","2022 Toyota Corolla Cross 1.8 (ปี 20-26) Hybrid Premium SU...","- warranty ซ่อมศูนย์ นานสูงสุด 2 ปี -บริการช่วยเหลือฉุกเฉิน 24 ชม. ทั่วประเทศ 1 ปี ...","","135 - 140K กม.","กรุงเทพมหานคร","599,000 บาท","มือสอง","เกียร์อัตโนมัติ"
"1786479833-426","https://www.one2car.com/%E0%B8%A3%E0%B8%96-%E0%B8%AA%E0%B8%B3%E0%B8%AB%E0%B8%A3%E0%B8%B1%E0%B8%9A-%E0%B8%82%E0%B8%B2%E0%B8%A2?type=used&page_number=51&page_size=26","https://www.one2car.com/%E0%B8%A3%E0%B8%96-%E0%B8%AA%E0%B8%B3%E0%B8%AB%E0%B8%A3%E0%B8%B1%E0%B8%9A-%E0%B8%82%E0%B8%B2%E0%B8%A2?type=used&page_number=75&page_size=26","2010 Toyota CAMRY 2.0 (ปี 06-12) G Sedan","- warranty ซ่อมศูนย์ นานสูงสุด 2 ปี -บริการช่วยเหลือฉุกเฉิน 24 ชม. ทั่วประเทศ 1 ปี ...","Toyota CAMRY","255 - 260K กม.","กรุงเทพมหานคร","159,000 บาท","มือสอง","เกียร์อัตโนมัติ"
"1786479833-427","https://www.one2car.com/%E0%B8%A3%E0%B8%96-%E0%B8%AA%E0%B8%B3%E0%B8%AB%E0%B8%A3%E0%B8%B1%E0%B8%9A-%E0%B8%82%E0%B8%B2%E0%B8%A2?type=used&page_number=51&page_size=26","https://www.one2car.com/%E0%B8%A3%E0%B8%96-%E0%B8%AA%E0%B8%B3%E0%B8%AB%E0%B8%A3%E0%B8%B1%E0%B8%9A-%E0%B8%82%E0%B8%B2%E0%B8%A2?type=used&page_number=75&page_size=26","2019 Honda ACCORD 1.5 (ปี 19-23) Turbo EL Sedan","- warranty ซ่อมศูนย์ นานสูงสุด 2 ปี -บริการช่วยเหลือฉุกเฉิน 24 ชม. ทั่วประเทศ 1 ปี ...","Honda ACCORD","135 - 140K กม.","กรุงเทพมหานคร","635,000 บาท","มือสอง","เกียร์อัตโนมัติ"
"1786479833-428","https://www.one2car.com/%E0%B8%A3%E0%B8%96-%E0%B8%AA%E0%B8%B3%E0%B8%AB%E0%B8%A3%E0%B8%B1%E0%B8%9A-%E0%B8%82%E0%B8%B2%E0%B8%A2?type=used&page_number=51&page_size=26","https://www.one2car.com/%E0%B8%A3%E0%B8%96-%E0%B8%AA%E0%B8%B3%E0%B8%AB%E0%B8%A3%E0%B8%B1%E0%B8%9A-%E0%B8%82%E0%B8%B2%E0%B8%A2?type=used&page_number=75&page_size=26","2014 Toyota VIOS 1.5 (ปี 13-17) E Sedan","- warranty ซ่อมศูนย์ นานสูงสุด 2 ปี -บริการช่วยเหลือฉุกเฉิน 24 ชม. ทั่วประเทศ 1 ปี ...","Toyota VIOS","205 - 210K กม.","กรุงเทพมหานคร","199,000 บาท","มือสอง","เกียร์อัตโนมัติ"
"1786479833-429","https://www.one2car.com/%E0%B8%A3%E0%B8%96-%E0%B8%AA%E0%B8%B3%E0%B8%AB%E0%B8%A3%E0%B8%B1%E0%B8%9A-%E0%B8%82%E0%B8%B2%E0%B8%A2?type=used&page_number=51&page_size=26","https://www.one2car.com/%E0%B8%A3%E0%B8%96-%E0%B8%AA%E0%B8%B3%E0%B8%AB%E0%B8%A3%E0%B8%B1%E0%B8%9A-%E0%B8%82%E0%B8%B2%E0%B8%A2?type=used&page_number=75&page_size=26","2022 Mercedes-Benz GLC220 2.0 W253 (ปี 15-22) d 4MATIC AMG...","- warranty ซ่อมศูนย์ นานสูงสุด 2 ปี -บริการช่วยเหลือฉุกเฉิน 24 ชม. ทั่วประเทศ 1 ปี ...","","180 - 185K กม.","กรุงเทพมหานคร","1,059,000 บาท","มือสอง","เกียร์อัตโนมัติ"
"1786479833-430","https://www.one2car.com/%E0%B8%A3%E0%B8%96-%E0%B8%AA%E0%B8%B3%E0%B8%AB%E0%B8%A3%E0%B8%B1%E0%B8%9A-%E0%B8%82%E0%B8%B2%E0%B8%A2?type=used&page_number=51&page_size=26","https://www.one2car.com/%E0%B8%A3%E0%B8%96-%E0%B8%AA%E0%B8%B3%E0%B8%AB%E0%B8%A3%E0%B8%B1%E0%B8%9A-%E0%B8%82%E0%B8%B2%E0%B8%A2?type=used&page_number=75&page_size=26","2022 BMW X1 2.0 F48 (ปี 16-20) sDrive20d xLine SUV","- warranty ซ่อมศูนย์ นานสูงสุด 2 ปี -บริการช่วยเหลือฉุกเฉิน 24 ชม. ทั่วประเทศ 1 ปี ...","BMW X1","200 - 205K กม.","กรุงเทพมหานคร","619,000 บาท","มือสอง","เกียร์อัตโนมัติ"
"1786479833-431","https://www.one2car.com/%E0%B8%A3%E0%B8%96-%E0%B8%AA%E0%B8%B3%E0%B8%AB%E0%B8%A3%E0%B8%B1%E0%B8%9A-%E0%B8%82%E0%B8%B2%E0%B8%A2?type=used&page_number=51&page_size=26","https://www.one2car.com/%E0%B8%A3%E0%B8%96-%E0%B8%AA%E0%B8%B3%E0%B8%AB%E0%B8%A3%E0%B8%B1%E0%B8%9A-%E0%B8%82%E0%B8%B2%E0%B8%A2?type=used&page_number=75&page_size=26","2020 Mercedes-Benz E300 2.0 W213 (ปี 16-23) e Exclusive Se...","- warranty ซ่อมศูนย์ นานสูงสุด 2 ปี -บริการช่วยเหลือฉุกเฉิน 24 ชม. ทั่วประเทศ 1 ปี ...","Mercedes-Benz E300","115 - 120K กม.","กรุงเทพมหานคร","859,000 บาท","มือสอง","เกียร์อัตโนมัติ"
"1786479833-432","https://www.one2car.com/%E0%B8%A3%E0%B8%96-%E0%B8%AA%E0%B8%B3%E0%B8%AB%E0%B8%A3%E0%B8%B1%E0%B8%9A-%E0%B8%82%E0%B8%B2%E0%B8%A2?type=used&page_number=51&page_size=26","https://www.one2car.com/%E0%B8%A3%E0%B8%96-%E0%B8%AA%E0%B8%B3%E0%B8%AB%E0%B8%A3%E0%B8%B1%E0%B8%9A-%E0%B8%82%E0%B8%B2%E0%B8%A2?type=used&page_number=75&page_size=26","2021 Mazda CX-30 2.0 (ปี 20-26) SP SUV","- warranty ซ่อมศูนย์ นานสูงสุด 2 ปี -บริการช่วยเหลือฉุกเฉิน 24 ชม. ทั่วประเทศ 1 ปี ...","","180 - 185K กม.","กรุงเทพมหานคร","459,000 บาท","มือสอง","เกียร์อัตโนมัติ"
"1786479833-433","https://www.one2car.com/%E0%B8%A3%E0%B8%96-%E0%B8%AA%E0%B8%B3%E0%B8%AB%E0%B8%A3%E0%B8%B1%E0%B8%9A-%E0%B8%82%E0%B8%B2%E0%B8%A2?type=used&page_number=51&page_size=26","https://www.one2car.com/%E0%B8%A3%E0%B8%96-%E0%B8%AA%E0%B8%B3%E0%B8%AB%E0%B8%A3%E0%B8%B1%E0%B8%9A-%E0%B8%82%E0%B8%B2%E0%B8%A2?type=used&page_number=75&page_size=26","2020 Volkswagen CARAVELLE 2.0 (ปี 17-25) T69 Van","- warranty ซ่อมศูนย์ นานสูงสุด 2 ปี -บริการช่วยเหลือฉุกเฉิน 24 ชม. ทั่วประเทศ 1 ปี ...","","170 - 175K กม.","กรุงเทพมหานคร","899,000 บาท","มือสอง","เกียร์อัตโนมัติ"
"1786479833-434","https://www.one2car.com/%E0%B8%A3%E0%B8%96-%E0%B8%AA%E0%B8%B3%E0%B8%AB%E0%B8%A3%E0%B8%B1%E0%B8%9A-%E0%B8%82%E0%B8%B2%E0%B8%A2?type=used&page_number=51&page_size=26","https://www.one2car.com/%E0%B8%A3%E0%B8%96-%E0%B8%AA%E0%B8%B3%E0%B8%AB%E0%B8%A3%E0%B8%B1%E0%B8%9A-%E0%B8%82%E0%B8%B2%E0%B8%A2?type=used&page_number=75&page_size=26","2022 Toyota CAMRY 2.5 (ปี 18-24) Sport Sedan","- warranty ซ่อมศูนย์ นานสูงสุด 2 ปี -บริการช่วยเหลือฉุกเฉิน 24 ชม. ทั่วประเทศ 1 ปี ...","Toyota CAMRY","105 - 110K กม.","กรุงเทพมหานคร","799,000 บาท","มือสอง","เกียร์อัตโนมัติ"
"1786479833-435","https://www.one2car.com/%E0%B8%A3%E0%B8%96-%E0%B8%AA%E0%B8%B3%E0%B8%AB%E0%B8%A3%E0%B8%B1%E0%B8%9A-%E0%B8%82%E0%B8%B2%E0%B8%A2?type=used&page_number=51&page_size=26","https://www.one2car.com/%E0%B8%A3%E0%B8%96-%E0%B8%AA%E0%B8%B3%E0%B8%AB%E0%B8%A3%E0%B8%B1%E0%B8%9A-%E0%B8%82%E0%B8%B2%E0%B8%A2?type=used&page_number=75&page_size=26","2022 Toyota YARIS 1.2 (ปี 17-25) Sport Hatchback","- warranty ซ่อมศูนย์ นานสูงสุด 2 ปี -บริการช่วยเหลือฉุกเฉิน 24 ชม. ทั่วประเทศ 1 ปี ...","Toyota YARIS","75 - 80K กม.","กรุงเทพมหานคร","369,000 บาท","มือสอง","เกียร์อัตโนมัติ"
"1786479833-436","https://www.one2car.com/%E0%B8%A3%E0%B8%96-%E0%B8%AA%E0%B8%B3%E0%B8%AB%E0%B8%A3%E0%B8%B1%E0%B8%9A-%E0%B8%82%E0%B8%B2%E0%B8%A2?type=used&page_number=51&page_size=26","https://www.one2car.com/%E0%B8%A3%E0%B8%96-%E0%B8%AA%E0%B8%B3%E0%B8%AB%E0%B8%A3%E0%B8%B1%E0%B8%9A-%E0%B8%82%E0%B8%B2%E0%B8%A2?type=used&page_number=75&page_size=26","2019 Isuzu D-MAX 1.9 Spark (ปี 11-17) B Pickup","-บริการช่วยเหลือฉุกเฉิน 24 ชม. ทั่วประเทศ 1 ปี -บริการจัดไฟแนนซ์ และ ส่งมอบรถทั่วประเทศ ...","Isuzu D-MAX","235 - 240K กม.","กรุงเทพมหานคร","275,000 บาท","มือสอง","เกียร์ธรรมดา"
"1786479833-437","https://www.one2car.com/%E0%B8%A3%E0%B8%96-%E0%B8%AA%E0%B8%B3%E0%B8%AB%E0%B8%A3%E0%B8%B1%E0%B8%9A-%E0%B8%82%E0%B8%B2%E0%B8%A2?type=used&page_number=51&page_size=26","https://www.one2car.com/%E0%B8%A3%E0%B8%96-%E0%B8%AA%E0%B8%B3%E0%B8%AB%E0%B8%A3%E0%B8%B1%E0%B8%9A-%E0%B8%82%E0%B8%B2%E0%B8%A2?type=used&page_number=75&page_size=26","2019 Mercedes-Benz E350 2.0 W213 (ปี 16-23) e Avantgarde S...","- warranty ซ่อมศูนย์ นานสูงสุด 2 ปี -บริการช่วยเหลือฉุกเฉิน 24 ชม. ทั่วประเทศ 1 ปี ...","Mercedes-Benz E350","130 - 135K กม.","กรุงเทพมหานคร","699,000 บาท","มือสอง","เกียร์อัตโนมัติ"
"1786479833-438","https://www.one2car.com/%E0%B8%A3%E0%B8%96-%E0%B8%AA%E0%B8%B3%E0%B8%AB%E0%B8%A3%E0%B8%B1%E0%B8%9A-%E0%B8%82%E0%B8%B2%E0%B8%A2?type=used&page_number=51&page_size=26","https://www.one2car.com/%E0%B8%A3%E0%B8%96-%E0%B8%AA%E0%B8%B3%E0%B8%AB%E0%B8%A3%E0%B8%B1%E0%B8%9A-%E0%B8%82%E0%B8%B2%E0%B8%A2?type=used&page_number=75&page_size=26","2017 Toyota FORTUNER 2.8 (ปี 15-25) TRD Sportivo SUV - 4WD...","- warranty ซ่อมศูนย์ นานสูงสุด 2 ปี -บริการช่วยเหลือฉุกเฉิน 24 ชม. ทั่วประเทศ 1 ปี ...","Toyota FORTUNER","205 - 210K กม.","กรุงเทพมหานคร","735,000 บาท","มือสอง","เกียร์อัตโนมัติ"
"1786479837-439","https://www.one2car.com/%E0%B8%A3%E0%B8%96-%E0%B8%AA%E0%B8%B3%E0%B8%AB%E0%B8%A3%E0%B8%B1%E0%B8%9A-%E0%B8%82%E0%B8%B2%E0%B8%A2?type=used&page_number=51&page_size=26","https://www.one2car.com/%E0%B8%A3%E0%B8%96-%E0%B8%AA%E0%B8%B3%E0%B8%AB%E0%B8%A3%E0%B8%B1%E0%B8%9A-%E0%B8%82%E0%B8%B2%E0%B8%A2?type=used&page_number=76&page_size=26","2021 Mitsubishi Outlander PHEV 2.4 (ปี 20-26) GT SUV - 4WD...","- warranty ซ่อมศูนย์ นานสูงสุด 2 ปี -บริการช่วยเหลือฉุกเฉิน 24 ชม. ทั่วประเทศ 1 ปี ...","","155 - 160K กม.","กรุงเทพมหานคร","499,000 บาท","มือสอง","เกียร์อัตโนมัติ"
"1786479837-440","https://www.one2car.com/%E0%B8%A3%E0%B8%96-%E0%B8%AA%E0%B8%B3%E0%B8%AB%E0%B8%A3%E0%B8%B1%E0%B8%9A-%E0%B8%82%E0%B8%B2%E0%B8%A2?type=used&page_number=51&page_size=26","https://www.one2car.com/%E0%B8%A3%E0%B8%96-%E0%B8%AA%E0%B8%B3%E0%B8%AB%E0%B8%A3%E0%B8%B1%E0%B8%9A-%E0%B8%82%E0%B8%B2%E0%B8%A2?type=used&page_number=76&page_size=26","2020 Mercedes-Benz C300 2.0 W205 (ปี 14-22) e AMG Dynamic ...","- warranty ซ่อมศูนย์ นานสูงสุด 2 ปี -บริการช่วยเหลือฉุกเฉิน 24 ชม. ทั่วประเทศ 1 ปี ...","Mercedes-Benz C300","120 - 125K กม.","กรุงเทพมหานคร","859,000 บาท","มือสอง","เกียร์อัตโนมัติ"
"1786479837-441","https://www.one2car.com/%E0%B8%A3%E0%B8%96-%E0%B8%AA%E0%B8%B3%E0%B8%AB%E0%B8%A3%E0%B8%B1%E0%B8%9A-%E0%B8%82%E0%B8%B2%E0%B8%A2?type=used&page_number=51&page_size=26","https://www.one2car.com/%E0%B8%A3%E0%B8%96-%E0%B8%AA%E0%B8%B3%E0%B8%AB%E0%B8%A3%E0%B8%B1%E0%B8%9A-%E0%B8%82%E0%B8%B2%E0%B8%A2?type=used&page_number=76&page_size=26","2022 Toyota CAMRY 2.5 (ปี 18-24) Sport Sedan","- warranty ซ่อมศูนย์ นานสูงสุด 2 ปี -บริการช่วยเหลือฉุกเฉิน 24 ชม. ทั่วประเทศ 1 ปี ...","Toyota CAMRY","125 - 130K กม.","กรุงเทพมหานคร","719,000 บาท","มือสอง","เกียร์อัตโนมัติ"
"1786479837-442","https://www.one2car.com/%E0%B8%A3%E0%B8%96-%E0%B8%AA%E0%B8%B3%E0%B8%AB%E0%B8%A3%E0%B8%B1%E0%B8%9A-%E0%B8%82%E0%B8%B2%E0%B8%A2?type=used&page_number=51&page_size=26","https://www.one2car.com/%E0%B8%A3%E0%B8%96-%E0%B8%AA%E0%B8%B3%E0%B8%AB%E0%B8%A3%E0%B8%B1%E0%B8%9A-%E0%B8%82%E0%B8%B2%E0%B8%A2?type=used&page_number=76&page_size=26","2024 Mitsubishi Xpander Cross 1.5 (ปี 23-27) Wagon","- warranty ซ่อมศูนย์ นานสูงสุด 2 ปี -บริการช่วยเหลือฉุกเฉิน 24 ชม. ทั่วประเทศ 1 ปี ...","","45 - 50K กม.","กรุงเทพมหานคร","599,000 บาท","มือสอง","เกียร์อัตโนมัติ"
"1786479837-443","https://www.one2car.com/%E0%B8%A3%E0%B8%96-%E0%B8%AA%E0%B8%B3%E0%B8%AB%E0%B8%A3%E0%B8%B1%E0%B8%9A-%E0%B8%82%E0%B8%B2%E0%B8%A2?type=used&page_number=51&page_size=26","https://www.one2car.com/%E0%B8%A3%E0%B8%96-%E0%B8%AA%E0%B8%B3%E0%B8%AB%E0%B8%A3%E0%B8%B1%E0%B8%9A-%E0%B8%82%E0%B8%B2%E0%B8%A2?type=used&page_number=76&page_size=26","2016 Mercedes-Benz S500 3.0 W222 (ปี 13-21) e AMG Premium ...","- warranty ซ่อมศูนย์ นานสูงสุด 2 ปี -บริการช่วยเหลือฉุกเฉิน 24 ชม. ทั่วประเทศ 1 ปี ...","Mercedes-Benz S500","120 - 125K กม.","กรุงเทพมหานคร","999,000 บาท","มือสอง","เกียร์อัตโนมัติ"
"1786479837-444","https://www.one2car.com/%E0%B8%A3%E0%B8%96-%E0%B8%AA%E0%B8%B3%E0%B8%AB%E0%B8%A3%E0%B8%B1%E0%B8%9A-%E0%B8%82%E0%B8%B2%E0%B8%A2?type=used&page_number=51&page_size=26","https://www.one2car.com/%E0%B8%A3%E0%B8%96-%E0%B8%AA%E0%B8%B3%E0%B8%AB%E0%B8%A3%E0%B8%B1%E0%B8%9A-%E0%B8%82%E0%B8%B2%E0%B8%A2?type=used&page_number=76&page_size=26","2021 BMW 530e 2.0 G30 (ปี 17-22) Elite Sedan","- warranty ซ่อมศูนย์ นานสูงสุด 2 ปี -บริการช่วยเหลือฉุกเฉิน 24 ชม. ทั่วประเทศ 1 ปี ...","","120 - 125K กม.","กรุงเทพมหานคร","899,000 บาท","มือสอง","เกียร์อัตโนมัติ"
"1786479837-445","https://www.one2car.com/%E0%B8%A3%E0%B8%96-%E0%B8%AA%E0%B8%B3%E0%B8%AB%E0%B8%A3%E0%B8%B1%E0%B8%9A-%E0%B8%82%E0%B8%B2%E0%B8%A2?type=used&page_number=51&page_size=26","https://www.one2car.com/%E0%B8%A3%E0%B8%96-%E0%B8%AA%E0%B8%B3%E0%B8%AB%E0%B8%A3%E0%B8%B1%E0%B8%9A-%E0%B8%82%E0%B8%B2%E0%B8%A2?type=used&page_number=76&page_size=26","2020 Mercedes-Benz E300 2.0 W213 (ปี 16-23) e Avantgarde S...","- warranty ซ่อมศูนย์ นานสูงสุด 2 ปี -บริการช่วยเหลือฉุกเฉิน 24 ชม. ทั่วประเทศ 1 ปี ...","Mercedes-Benz E300","90 - 95K กม.","กรุงเทพมหานคร","799,000 บาท","มือสอง","เกียร์อัตโนมัติ"
"1786479837-446","https://www.one2car.com/%E0%B8%A3%E0%B8%96-%E0%B8%AA%E0%B8%B3%E0%B8%AB%E0%B8%A3%E0%B8%B1%E0%B8%9A-%E0%B8%82%E0%B8%B2%E0%B8%A2?type=used&page_number=51&page_size=26","https://www.one2car.com/%E0%B8%A3%E0%B8%96-%E0%B8%AA%E0%B8%B3%E0%B8%AB%E0%B8%A3%E0%B8%B1%E0%B8%9A-%E0%B8%82%E0%B8%B2%E0%B8%A2?type=used&page_number=76&page_size=26","2020 Toyota FORTUNER 2.4 (ปี 15-25) V SUV - AT","ไมล์แท้ 10,xxx KM (วิ่งน้อยมาก) MODEL MINORCHANGE (2020 ปลายปี - 2022) พร้อมสีน้ำเงิน ...","Toyota FORTUNER","10646 กม.","กรุงเทพมหานคร","899,000 บาท","มือสอง","เกียร์อัตโนมัติ"
"1786479837-447","https://www.one2car.com/%E0%B8%A3%E0%B8%96-%E0%B8%AA%E0%B8%B3%E0%B8%AB%E0%B8%A3%E0%B8%B1%E0%B8%9A-%E0%B8%82%E0%B8%B2%E0%B8%A2?type=used&page_number=51&page_size=26","https://www.one2car.com/%E0%B8%A3%E0%B8%96-%E0%B8%AA%E0%B8%B3%E0%B8%AB%E0%B8%A3%E0%B8%B1%E0%B8%9A-%E0%B8%82%E0%B8%B2%E0%B8%A2?type=used&page_number=76&page_size=26","2021 Toyota FORTUNER 2.4 (ปี 15-25) V SUV - 4WD AT","2.4 V Sigma4 (4WD) รุ่น TOP สุดเครื่องยนต์ 2.4 ไมล์เเท้ 36,xxx KM เท่านั้น (วิ่งน้อยมาก) ...","Toyota FORTUNER","36395 กม.","กรุงเทพมหานคร","959,000 บาท","มือสอง","เกียร์อัตโนมัติ"
"1786479837-448","https://www.one2car.com/%E0%B8%A3%E0%B8%96-%E0%B8%AA%E0%B8%B3%E0%B8%AB%E0%B8%A3%E0%B8%B1%E0%B8%9A-%E0%B8%82%E0%B8%B2%E0%B8%A2?type=used&page_number=51&page_size=26","https://www.one2car.com/%E0%B8%A3%E0%B8%96-%E0%B8%AA%E0%B8%B3%E0%B8%AB%E0%B8%A3%E0%B8%B1%E0%B8%9A-%E0%B8%82%E0%B8%B2%E0%B8%A2?type=used&page_number=76&page_size=26","2023 Toyota FORTUNER 2.4 (ปี 15-25) Legender SUV - AT","2.4 Legender 2WD แต่งทั้งคันมาจากโรงงาน รุ่น Top สุดในตระกูล Fortuner เครื่องยนต์ 2.4 ...","Toyota FORTUNER","99125 กม.","กรุงเทพมหานคร","979,000 บาท","มือสอง","เกียร์อัตโนมัติ"
"1786479837-449","https://www.one2car.com/%E0%B8%A3%E0%B8%96-%E0%B8%AA%E0%B8%B3%E0%B8%AB%E0%B8%A3%E0%B8%B1%E0%B8%9A-%E0%B8%82%E0%B8%B2%E0%B8%A2?type=used&page_number=51&page_size=26","https://www.one2car.com/%E0%B8%A3%E0%B8%96-%E0%B8%AA%E0%B8%B3%E0%B8%AB%E0%B8%A3%E0%B8%B1%E0%B8%9A-%E0%B8%82%E0%B8%B2%E0%B8%A2?type=used&page_number=76&page_size=26","2022 Toyota FORTUNER 2.4 (ปี 15-25) Legender SUV - AT","2.4 Legender 2WD รุ่น Top สุดในตระกูลเครื่องยนต์ 2.4 ขับเคลื่อน 2 ล้อ Model 2022 ไมล์เเท้ ...","Toyota FORTUNER","100549 กม.","กรุงเทพมหานคร","959,000 บาท","มือสอง","เกียร์อัตโนมัติ"
"1786479837-450","https://www.one2car.com/%E0%B8%A3%E0%B8%96-%E0%B8%AA%E0%B8%B3%E0%B8%AB%E0%B8%A3%E0%B8%B1%E0%B8%9A-%E0%B8%82%E0%B8%B2%E0%B8%A2?type=used&page_number=51&page_size=26","https://www.one2car.com/%E0%B8%A3%E0%B8%96-%E0%B8%AA%E0%B8%B3%E0%B8%AB%E0%B8%A3%E0%B8%B1%E0%B8%9A-%E0%B8%82%E0%B8%B2%E0%B8%A2?type=used&page_number=76&page_size=26","2020 Toyota FORTUNER 2.4 (ปี 15-25) Legender SUV - AT","2.4 Legender 2WD Model 2020 ปลายปี รุ่น Top สุดในตระกูล Fortuner เครื่องยนต์ 2.4 ...","Toyota FORTUNER","75194 กม.","กรุงเทพมหานคร","959,000 บาท","มือสอง","เกียร์อัตโนมัติ"
"1786479837-451","https://www.one2car.com/%E0%B8%A3%E0%B8%96-%E0%B8%AA%E0%B8%B3%E0%B8%AB%E0%B8%A3%E0%B8%B1%E0%B8%9A-%E0%B8%82%E0%B8%B2%E0%B8%A2?type=used&page_number=51&page_size=26","https://www.one2car.com/%E0%B8%A3%E0%B8%96-%E0%B8%AA%E0%B8%B3%E0%B8%AB%E0%B8%A3%E0%B8%B1%E0%B8%9A-%E0%B8%82%E0%B8%B2%E0%B8%A2?type=used&page_number=76&page_size=26","2013 BMW 320d 2.0 F30 (ปี 11-16) Sport Sedan","🚗 สภาพนางฟ้า ราคาเร้าใจ! BMW 320d Sport (F30) สภาพพร้อมขับ หล่อจบในงบไม่ถึง 5 แสน! ...","BMW 320d","100 - 105K กม.","กรุงเทพมหานคร","489,000 บาท","มือสอง","เกียร์อัตโนมัติ"
"1786479837-452","https://www.one2car.com/%E0%B8%A3%E0%B8%96-%E0%B8%AA%E0%B8%B3%E0%B8%AB%E0%B8%A3%E0%B8%B1%E0%B8%9A-%E0%B8%82%E0%B8%B2%E0%B8%A2?type=used&page_number=51&page_size=26","https://www.one2car.com/%E0%B8%A3%E0%B8%96-%E0%B8%AA%E0%B8%B3%E0%B8%AB%E0%B8%A3%E0%B8%B1%E0%B8%9A-%E0%B8%82%E0%B8%B2%E0%B8%A2?type=used&page_number=76&page_size=26","2021 Toyota FORTUNER 2.4 (ปี 15-25) Legender SUV - 4WD AT ...","2.4 Legender 4WD รุ่น TOP สุดในตระกูลเครื่องยนต์ 2.4 ขับเคลื่อน 4 ล้อ ตัวรถตกแต่งแบบ ...","Toyota FORTUNER","103096 กม.","กรุงเทพมหานคร","1,020,000 บาท","มือสอง","เกียร์อัตโนมัติ"
"1786479837-453","https://www.one2car.com/%E0%B8%A3%E0%B8%96-%E0%B8%AA%E0%B8%B3%E0%B8%AB%E0%B8%A3%E0%B8%B1%E0%B8%9A-%E0%B8%82%E0%B8%B2%E0%B8%A2?type=used&page_number=51&page_size=26","https://www.one2car.com/%E0%B8%A3%E0%B8%96-%E0%B8%AA%E0%B8%B3%E0%B8%AB%E0%B8%A3%E0%B8%B1%E0%B8%9A-%E0%B8%82%E0%B8%B2%E0%B8%A2?type=used&page_number=76&page_size=26","2023 Toyota FORTUNER 2.4 (ปี 15-25) Leader V SUV - AT","รุ่น Leader V 2WD ไมล์แท้ Model Minorchange (Leader โฉมปัจจุบัน 2022 ถึงปัจจุบัน) ...","Toyota FORTUNER","84778 กม.","กรุงเทพมหานคร","959,000 บาท","มือสอง","เกียร์อัตโนมัติ"
"1786479837-454","https://www.one2car.com/%E0%B8%A3%E0%B8%96-%E0%B8%AA%E0%B8%B3%E0%B8%AB%E0%B8%A3%E0%B8%B1%E0%B8%9A-%E0%B8%82%E0%B8%B2%E0%B8%A2?type=used&page_number=51&page_size=26","https://www.one2car.com/%E0%B8%A3%E0%B8%96-%E0%B8%AA%E0%B8%B3%E0%B8%AB%E0%B8%A3%E0%B8%B1%E0%B8%9A-%E0%B8%82%E0%B8%B2%E0%B8%A2?type=used&page_number=76&page_size=26","2025 Toyota FORTUNER 2.4 (ปี 15-25) Leader V SUV - AT","รุ่น Leader V Model 2025 ไมล์แท้ 9,xxx KM เท่านั้น (วิ่งน้อยมาก) Model Minorchange ...","Toyota FORTUNER","9412 กม.","กรุงเทพมหานคร","1,150,000 บาท","มือสอง","เกียร์อัตโนมัติ"
"1786479837-455","https://www.one2car.com/%E0%B8%A3%E0%B8%96-%E0%B8%AA%E0%B8%B3%E0%B8%AB%E0%B8%A3%E0%B8%B1%E0%B8%9A-%E0%B8%82%E0%B8%B2%E0%B8%A2?type=used&page_number=51&page_size=26","https://www.one2car.com/%E0%B8%A3%E0%B8%96-%E0%B8%AA%E0%B8%B3%E0%B8%AB%E0%B8%A3%E0%B8%B1%E0%B8%9A-%E0%B8%82%E0%B8%B2%E0%B8%A2?type=used&page_number=76&page_size=26","2019 Mazda 2 1.3 (ปี 15-25) Sports High Connect Hatchback ...","🚗 🔥 HOT Mazda 2 1.3 High Connect (Minorchange) ปี 2018 จด 2019 - รถบ้านมือเดียว ...","Mazda 2","10 - 15K กม.","กรุงเทพมหานคร","249,000 บาท","มือสอง","เกียร์อัตโนมัติ"
"1786479837-456","https://www.one2car.com/%E0%B8%A3%E0%B8%96-%E0%B8%AA%E0%B8%B3%E0%B8%AB%E0%B8%A3%E0%B8%B1%E0%B8%9A-%E0%B8%82%E0%B8%B2%E0%B8%A2?type=used&page_number=51&page_size=26","https://www.one2car.com/%E0%B8%A3%E0%B8%96-%E0%B8%AA%E0%B8%B3%E0%B8%AB%E0%B8%A3%E0%B8%B1%E0%B8%9A-%E0%B8%82%E0%B8%B2%E0%B8%A2?type=used&page_number=76&page_size=26","2023 Toyota FORTUNER 2.4 (ปี 15-25) Leader V SUV - 4WD AT ...","ไมล์แท้ 61,xxx KM (วิ่งน้อยมาก) 2.4 Leader V 4WD รุ่นขับเคลื่อน 4 ล้อ Sigma4 (Top ...","Toyota FORTUNER","61993 กม.","กรุงเทพมหานคร","999,000 บาท","มือสอง","เกียร์อัตโนมัติ"
"1786479837-457","https://www.one2car.com/%E0%B8%A3%E0%B8%96-%E0%B8%AA%E0%B8%B3%E0%B8%AB%E0%B8%A3%E0%B8%B1%E0%B8%9A-%E0%B8%82%E0%B8%B2%E0%B8%A2?type=used&page_number=51&page_size=26","https://www.one2car.com/%E0%B8%A3%E0%B8%96-%E0%B8%AA%E0%B8%B3%E0%B8%AB%E0%B8%A3%E0%B8%B1%E0%B8%9A-%E0%B8%82%E0%B8%B2%E0%B8%A2?type=used&page_number=76&page_size=26","2018 Toyota HILUX REVO 2.8 Double Cab G Pickup - 4WD","🔥 RARE ITEM! หล่อ ดุเดือด สายลุยต้องไม่พลาด! 🔥 ใครหาอยู่รีบเลยครับ รุ่นนี้สภาพนี้ ...","Toyota HILUX REVO","100 - 105K กม.","กรุงเทพมหานคร","749,000 บาท","มือสอง","เกียร์อัตโนมัติ"
"1786479837-458","https://www.one2car.com/%E0%B8%A3%E0%B8%96-%E0%B8%AA%E0%B8%B3%E0%B8%AB%E0%B8%A3%E0%B8%B1%E0%B8%9A-%E0%B8%82%E0%B8%B2%E0%B8%A2?type=used&page_number=51&page_size=26","https://www.one2car.com/%E0%B8%A3%E0%B8%96-%E0%B8%AA%E0%B8%B3%E0%B8%AB%E0%B8%A3%E0%B8%B1%E0%B8%9A-%E0%B8%82%E0%B8%B2%E0%B8%A2?type=used&page_number=76&page_size=26","2013 Honda ACCORD 2.0 (ปี 13-19) EL Sedan","Honda Accord 2.0 EL G9 ปี 2013 💥 𝕡𝕣𝕠𝕞𝕠𝕥𝕚𝕠𝕟 💥 🔥 ลดเหลือเพียง 349,000 บาท เท่านั้น ‼ 🔥 ❌ ...","Honda ACCORD","160 - 165K กม.","กรุงเทพมหานคร","","","เกียร์อัตโนมัติ"
"1786479837-459","https://www.one2car.com/%E0%B8%A3%E0%B8%96-%E0%B8%AA%E0%B8%B3%E0%B8%AB%E0%B8%A3%E0%B8%B1%E0%B8%9A-%E0%B8%82%E0%B8%B2%E0%B8%A2?type=used&page_number=51&page_size=26","https://www.one2car.com/%E0%B8%A3%E0%B8%96-%E0%B8%AA%E0%B8%B3%E0%B8%AB%E0%B8%A3%E0%B8%B1%E0%B8%9A-%E0%B8%82%E0%B8%B2%E0%B8%A2?type=used&page_number=76&page_size=26","2024 Ford EVEREST 2.0 (ปี 22-28) Sport SUV - AT","2.0 Sport ไมล์แท้ รับประกันตัวรถ 5 ปี 150,000 KM พร้อม Option DAT Package B ...","Ford EVEREST","69221 กม.","กรุงเทพมหานคร","","","เกียร์อัตโนมัติ"
"1786479837-460","https://www.one2car.com/%E0%B8%A3%E0%B8%96-%E0%B8%AA%E0%B8%B3%E0%B8%AB%E0%B8%A3%E0%B8%B1%E0%B8%9A-%E0%B8%82%E0%B8%B2%E0%B8%A2?type=used&page_number=51&page_size=26","https://www.one2car.com/%E0%B8%A3%E0%B8%96-%E0%B8%AA%E0%B8%B3%E0%B8%AB%E0%B8%A3%E0%B8%B1%E0%B8%9A-%E0%B8%82%E0%B8%B2%E0%B8%A2?type=used&page_number=76&page_size=26","2023 Toyota FORTUNER 2.4 (ปี 15-25) Leader G SUV - AT","Leader G ไมล์เเท้ Model Minorchange 2022 ถึงปัจจุบัน (Leader โฉมปัจจุบัน) รับประกันตัวรถ ...","Toyota FORTUNER","113516 กม.","กรุงเทพมหานคร","829,000 บาท","มือสอง","เกียร์อัตโนมัติ"
"1786479837-461","https://www.one2car.com/%E0%B8%A3%E0%B8%96-%E0%B8%AA%E0%B8%B3%E0%B8%AB%E0%B8%A3%E0%B8%B1%E0%B8%9A-%E0%B8%82%E0%B8%B2%E0%B8%A2?type=used&page_number=51&page_size=26","https://www.one2car.com/%E0%B8%A3%E0%B8%96-%E0%B8%AA%E0%B8%B3%E0%B8%AB%E0%B8%A3%E0%B8%B1%E0%B8%9A-%E0%B8%82%E0%B8%B2%E0%B8%A2?type=used&page_number=76&page_size=26","2022 Toyota FORTUNER 2.4 (ปี 15-25) G SUV - AT","ไมล์เเท้ 62,xxx KM เท่านั้น (วิ่งน้อยมาก) Model Minorchange (โฉมปลายปี 2020 ถึง 2022) ...","Toyota FORTUNER","62565 กม.","กรุงเทพมหานคร","859,000 บาท","มือสอง","เกียร์อัตโนมัติ"
"1786479837-462","https://www.one2car.com/%E0%B8%A3%E0%B8%96-%E0%B8%AA%E0%B8%B3%E0%B8%AB%E0%B8%A3%E0%B8%B1%E0%B8%9A-%E0%B8%82%E0%B8%B2%E0%B8%A2?type=used&page_number=51&page_size=26","https://www.one2car.com/%E0%B8%A3%E0%B8%96-%E0%B8%AA%E0%B8%B3%E0%B8%AB%E0%B8%A3%E0%B8%B1%E0%B8%9A-%E0%B8%82%E0%B8%B2%E0%B8%A2?type=used&page_number=76&page_size=26","2021 Toyota FORTUNER 2.8 (ปี 15-25) Legender SUV - 4WD AT ...","2.8 Legender (4WD) รุ่น TOP สุด MODEL 2021 ไมล์เเท้ รับประกันตัวรถ 5 ปี 150,000 KM ...","Toyota FORTUNER","113449 กม.","กรุงเทพมหานคร","1,050,000 บาท","มือสอง","เกียร์อัตโนมัติ"
"1786479842-463","https://www.one2car.com/%E0%B8%A3%E0%B8%96-%E0%B8%AA%E0%B8%B3%E0%B8%AB%E0%B8%A3%E0%B8%B1%E0%B8%9A-%E0%B8%82%E0%B8%B2%E0%B8%A2?type=used&page_number=51&page_size=26","https://www.one2car.com/%E0%B8%A3%E0%B8%96-%E0%B8%AA%E0%B8%B3%E0%B8%AB%E0%B8%A3%E0%B8%B1%E0%B8%9A-%E0%B8%82%E0%B8%B2%E0%B8%A2?type=used&page_number=77&page_size=26","2022 Toyota FORTUNER 2.8 (ปี 15-25) Legender SUV - AT","2.8 Legender 2WD รุ่น Top สุดในตระกูล Fortuner 2WD Model 2022 ไมล์แท้ ...","Toyota FORTUNER","170728 กม.","กรุงเทพมหานคร","999,000 บาท","มือสอง","เกียร์อัตโนมัติ"
"1786479842-464","https://www.one2car.com/%E0%B8%A3%E0%B8%96-%E0%B8%AA%E0%B8%B3%E0%B8%AB%E0%B8%A3%E0%B8%B1%E0%B8%9A-%E0%B8%82%E0%B8%B2%E0%B8%A2?type=used&page_number=51&page_size=26","https://www.one2car.com/%E0%B8%A3%E0%B8%96-%E0%B8%AA%E0%B8%B3%E0%B8%AB%E0%B8%A3%E0%B8%B1%E0%B8%9A-%E0%B8%82%E0%B8%B2%E0%B8%A2?type=used&page_number=77&page_size=26","2022 Toyota FORTUNER 2.8 (ปี 15-25) GR Sport SUV - 4WD AT ...","ไมล์แท้ 39,xxx KM เท่านั้น (วิ่งน้อยมาก) 2.8 GR Sport 4WD รุ่น Top สุดในตระกูล Fortuner ...","Toyota FORTUNER","39134 กม.","กรุงเทพมหานคร","1,290,000 บาท","มือสอง","เกียร์อัตโนมัติ"
"1786479842-465","https://www.one2car.com/%E0%B8%A3%E0%B8%96-%E0%B8%AA%E0%B8%B3%E0%B8%AB%E0%B8%A3%E0%B8%B1%E0%B8%9A-%E0%B8%82%E0%B8%B2%E0%B8%A2?type=used&page_number=51&page_size=26","https://www.one2car.com/%E0%B8%A3%E0%B8%96-%E0%B8%AA%E0%B8%B3%E0%B8%AB%E0%B8%A3%E0%B8%B1%E0%B8%9A-%E0%B8%82%E0%B8%B2%E0%B8%A2?type=used&page_number=77&page_size=26","2018 Mazda CX-5 2.2 (ปี 17-26) XDL SUV - AWD","✨ไม่มีค่าจัดไฟแนนซ์ ไม่มีค่าโอน ไม่มีค่าดำเนินการ✨ ออกรถจบที่ 999 บาท ...","Mazda CX-5","170 - 175K กม.","กรุงเทพมหานคร","497,000 บาท","มือสอง","เกียร์อัตโนมัติ"
"1786479842-466","https://www.one2car.com/%E0%B8%A3%E0%B8%96-%E0%B8%AA%E0%B8%B3%E0%B8%AB%E0%B8%A3%E0%B8%B1%E0%B8%9A-%E0%B8%82%E0%B8%B2%E0%B8%A2?type=used&page_number=51&page_size=26","https://www.one2car.com/%E0%B8%A3%E0%B8%96-%E0%B8%AA%E0%B8%B3%E0%B8%AB%E0%B8%A3%E0%B8%B1%E0%B8%9A-%E0%B8%82%E0%B8%B2%E0%B8%A2?type=used&page_number=77&page_size=26","2021 Toyota Corolla Altis 1.8 (ปี 19-25) Hybrid Smart Seda...","*","Toyota Corolla Altis","220 - 225K กม.","กรุงเทพมหานคร","","","เกียร์อัตโนมัติ"
"1786479842-467","https://www.one2car.com/%E0%B8%A3%E0%B8%96-%E0%B8%AA%E0%B8%B3%E0%B8%AB%E0%B8%A3%E0%B8%B1%E0%B8%9A-%E0%B8%82%E0%B8%B2%E0%B8%A2?type=used&page_number=51&page_size=26","https://www.one2car.com/%E0%B8%A3%E0%B8%96-%E0%B8%AA%E0%B8%B3%E0%B8%AB%E0%B8%A3%E0%B8%B1%E0%B8%9A-%E0%B8%82%E0%B8%B2%E0%B8%A2?type=used&page_number=77&page_size=26","2022 Toyota CAMRY 2.5 (ปี 18-24) HEV Premium Sedan - AT   ...","2.5 HEV Premium Model Big Minorchange (2022 ถึง 2024) สุดท้ายของโฉม A70 ไมล์แท้ ...","Toyota CAMRY","176621 กม.","กรุงเทพมหานคร","799,000 บาท","มือสอง","เกียร์อัตโนมัติ"
"1786479842-468","https://www.one2car.com/%E0%B8%A3%E0%B8%96-%E0%B8%AA%E0%B8%B3%E0%B8%AB%E0%B8%A3%E0%B8%B1%E0%B8%9A-%E0%B8%82%E0%B8%B2%E0%B8%A2?type=used&page_number=51&page_size=26","https://www.one2car.com/%E0%B8%A3%E0%B8%96-%E0%B8%AA%E0%B8%B3%E0%B8%AB%E0%B8%A3%E0%B8%B1%E0%B8%9A-%E0%B8%82%E0%B8%B2%E0%B8%A2?type=used&page_number=77&page_size=26","2022 Toyota CAMRY 2.5 (ปี 18-24) HEV Premium Sedan - AT   ...","2.5 HEV Premium ไมล์แท้ Model Big Minorchange (2022 ถึง 2024) สุดท้ายของโฉม A70 ...","Toyota CAMRY","160995 กม.","กรุงเทพมหานคร","859,000 บาท","มือสอง","เกียร์อัตโนมัติ"
"1786479842-469","https://www.one2car.com/%E0%B8%A3%E0%B8%96-%E0%B8%AA%E0%B8%B3%E0%B8%AB%E0%B8%A3%E0%B8%B1%E0%B8%9A-%E0%B8%82%E0%B8%B2%E0%B8%A2?type=used&page_number=51&page_size=26","https://www.one2car.com/%E0%B8%A3%E0%B8%96-%E0%B8%AA%E0%B8%B3%E0%B8%AB%E0%B8%A3%E0%B8%B1%E0%B8%9A-%E0%B8%82%E0%B8%B2%E0%B8%A2?type=used&page_number=77&page_size=26","2024 Isuzu D-MAX 1.9 Cab-4 (ปี 19-26) Hi-Lander L Pickup  ...","⭐️ ฟรีดาวน์ผ่อน 84 งวด / 11,390 บาท ⭐️ ⚫️ รหัสรถยนต์คันนี้ : SK2284 🟡 🚘 ...","Isuzu D-MAX","20 - 25K กม.","กรุงเทพมหานคร","699,000 บาท","มือสอง","เกียร์ธรรมดา"
"1786479842-470","https://www.one2car.com/%E0%B8%A3%E0%B8%96-%E0%B8%AA%E0%B8%B3%E0%B8%AB%E0%B8%A3%E0%B8%B1%E0%B8%9A-%E0%B8%82%E0%B8%B2%E0%B8%A2?type=used&page_number=51&page_size=26","https://www.one2car.com/%E0%B8%A3%E0%B8%96-%E0%B8%AA%E0%B8%B3%E0%B8%AB%E0%B8%A3%E0%B8%B1%E0%B8%9A-%E0%B8%82%E0%B8%B2%E0%B8%A2?type=used&page_number=77&page_size=26","2020 Toyota Corolla Altis 1.8 (ปี 19-25) Hybrid Mid Sedan ...","** ระบบ ไฮบริค ใช้แล้วหมดกังวลเรื่องน้ำมัน ** ประวัติดี ฟรีดาวน์ ** ผ่อนนานสุด 84 งวด ** ...","Toyota Corolla Altis","130 - 135K กม.","กรุงเทพมหานคร","","","เกียร์อัตโนมัติ"
"1786479842-471","https://www.one2car.com/%E0%B8%A3%E0%B8%96-%E0%B8%AA%E0%B8%B3%E0%B8%AB%E0%B8%A3%E0%B8%B1%E0%B8%9A-%E0%B8%82%E0%B8%B2%E0%B8%A2?type=used&page_number=51&page_size=26","https://www.one2car.com/%E0%B8%A3%E0%B8%96-%E0%B8%AA%E0%B8%B3%E0%B8%AB%E0%B8%A3%E0%B8%B1%E0%B8%9A-%E0%B8%82%E0%B8%B2%E0%B8%A2?type=used&page_number=77&page_size=26","2023 Toyota CAMRY 2.5 (ปี 18-24) HEV Premium Luxury Sedan ...","HEV Premium Luxury (TOP ที่สุดในรุ่น Camry) ไมล์แท้ Model Big Minorchange (2022 ถึง 2024) ...","Toyota CAMRY","136043 กม.","กรุงเทพมหานคร","959,000 บาท","มือสอง","เกียร์อัตโนมัติ"
"1786479842-472","https://www.one2car.com/%E0%B8%A3%E0%B8%96-%E0%B8%AA%E0%B8%B3%E0%B8%AB%E0%B8%A3%E0%B8%B1%E0%B8%9A-%E0%B8%82%E0%B8%B2%E0%B8%A2?type=used&page_number=51&page_size=26","https://www.one2car.com/%E0%B8%A3%E0%B8%96-%E0%B8%AA%E0%B8%B3%E0%B8%AB%E0%B8%A3%E0%B8%B1%E0%B8%9A-%E0%B8%82%E0%B8%B2%E0%B8%A2?type=used&page_number=77&page_size=26","2022 Toyota CAMRY 2.5 (ปี 18-24) HEV Premium Luxury Sedan ...","2.5 HEV Premium Luxury รุ่น TOP สุด ไมล์แท้ Model Big Minorchange (2022 ถึง 2024) ...","Toyota CAMRY","169541 กม.","กรุงเทพมหานคร","879,000 บาท","มือสอง","เกียร์อัตโนมัติ"
"1786479842-473","https://www.one2car.com/%E0%B8%A3%E0%B8%96-%E0%B8%AA%E0%B8%B3%E0%B8%AB%E0%B8%A3%E0%B8%B1%E0%B8%9A-%E0%B8%82%E0%B8%B2%E0%B8%A2?type=used&page_number=51&page_size=26","https://www.one2car.com/%E0%B8%A3%E0%B8%96-%E0%B8%AA%E0%B8%B3%E0%B8%AB%E0%B8%A3%E0%B8%B1%E0%B8%9A-%E0%B8%82%E0%B8%B2%E0%B8%A2?type=used&page_number=77&page_size=26","2024 Isuzu D-MAX 1.9 Cab-4 (ปี 19-26) Hi-Lander Z Pickup  ...","⭐️ ฟรีดาวน์ผ่อน 84 งวด / 11,390 บาท ⭐️ ⚫ รหัสรถยนต์คันนี้ : LK0659 🟡 ⚫️ จอง/ซื้อรถคันนี้ ...","Isuzu D-MAX","40 - 45K กม.","ปทุมธานี","699,000 บาท","มือสอง","เกียร์อัตโนมัติ"
"1786479842-474","https://www.one2car.com/%E0%B8%A3%E0%B8%96-%E0%B8%AA%E0%B8%B3%E0%B8%AB%E0%B8%A3%E0%B8%B1%E0%B8%9A-%E0%B8%82%E0%B8%B2%E0%B8%A2?type=used&page_number=51&page_size=26","https://www.one2car.com/%E0%B8%A3%E0%B8%96-%E0%B8%AA%E0%B8%B3%E0%B8%AB%E0%B8%A3%E0%B8%B1%E0%B8%9A-%E0%B8%82%E0%B8%B2%E0%B8%A2?type=used&page_number=77&page_size=26","2019 Mazda CX-8 2.5 (ปี 19-26) SP SUV","✨ไม่มีค่าจัดไฟแนนซ์ ไม่มีค่าโอน ไม่มีค่าดำเนินการ✨ ออกรถจบที่ 999 บาท ...","","145 - 150K กม.","กรุงเทพมหานคร","597,000 บาท","มือสอง","เกียร์อัตโนมัติ"
"1786479842-475","https://www.one2car.com/%E0%B8%A3%E0%B8%96-%E0%B8%AA%E0%B8%B3%E0%B8%AB%E0%B8%A3%E0%B8%B1%E0%B8%9A-%E0%B8%82%E0%B8%B2%E0%B8%A2?type=used&page_number=51&page_size=26","https://www.one2car.com/%E0%B8%A3%E0%B8%96-%E0%B8%AA%E0%B8%B3%E0%B8%AB%E0%B8%A3%E0%B8%B1%E0%B8%9A-%E0%B8%82%E0%B8%B2%E0%B8%A2?type=used&page_number=77&page_size=26","2019 Toyota CAMRY 2.5 (ปี 18-24) Hybrid Premium Sedan - AT...","Hybrid Premium (Top ที่สุดในรุ่น) Model 2019 ไมล์เเท้ รับประกันแบตเตอรี่ Hybrid 10 ปี ...","Toyota CAMRY","118553 กม.","กรุงเทพมหานคร","799,000 บาท","มือสอง","เกียร์อัตโนมัติ"
"1786479842-476","https://www.one2car.com/%E0%B8%A3%E0%B8%96-%E0%B8%AA%E0%B8%B3%E0%B8%AB%E0%B8%A3%E0%B8%B1%E0%B8%9A-%E0%B8%82%E0%B8%B2%E0%B8%A2?type=used&page_number=51&page_size=26","https://www.one2car.com/%E0%B8%A3%E0%B8%96-%E0%B8%AA%E0%B8%B3%E0%B8%AB%E0%B8%A3%E0%B8%B1%E0%B8%9A-%E0%B8%82%E0%B8%B2%E0%B8%A2?type=used&page_number=77&page_size=26","2021 Toyota CAMRY 2.0 (ปี 18-24) G Sedan - AT","2.0 G ไมล์แท้ 85,xxx KM เท่านั้น (วิ่งน้อยมาก) พร้อมสีขาวมุก Platinum White Pearl ยอดนิยม ...","Toyota CAMRY","85984 กม.","กรุงเทพมหานคร","729,000 บาท","มือสอง","เกียร์อัตโนมัติ"
"1786479842-477","https://www.one2car.com/%E0%B8%A3%E0%B8%96-%E0%B8%AA%E0%B8%B3%E0%B8%AB%E0%B8%A3%E0%B8%B1%E0%B8%9A-%E0%B8%82%E0%B8%B2%E0%B8%A2?type=used&page_number=51&page_size=26","https://www.one2car.com/%E0%B8%A3%E0%B8%96-%E0%B8%AA%E0%B8%B3%E0%B8%AB%E0%B8%A3%E0%B8%B1%E0%B8%9A-%E0%B8%82%E0%B8%B2%E0%B8%A2?type=used&page_number=77&page_size=26","2021 Ford RANGER 2.0 Double Cab (ปี 15-21) WildTrak Hi-Rid...","⭐️ ฟรีดาวน์ผ่อน 84 งวด / 8,619 บาท ⭐️ ⚫ รหัสรถยนต์คันนี้ : SK2391 🟡 🚘 ...","Ford RANGER","60 - 65K กม.","กรุงเทพมหานคร","529,000 บาท","มือสอง","เกียร์ธรรมดา"
"1786479842-478","https://www.one2car.com/%E0%B8%A3%E0%B8%96-%E0%B8%AA%E0%B8%B3%E0%B8%AB%E0%B8%A3%E0%B8%B1%E0%B8%9A-%E0%B8%82%E0%B8%B2%E0%B8%A2?type=used&page_number=51&page_size=26","https://www.one2car.com/%E0%B8%A3%E0%B8%96-%E0%B8%AA%E0%B8%B3%E0%B8%AB%E0%B8%A3%E0%B8%B1%E0%B8%9A-%E0%B8%82%E0%B8%B2%E0%B8%A2?type=used&page_number=77&page_size=26","2021 Toyota CAMRY 2.5 (ปี 18-24) G Sedan - AT","2.5 G Full Option / มี Sunroof (รุ่น TOP ที่สุดในไลน์อัพเครื่องยนต์เบนซิน) ไมล์แท้ ...","Toyota CAMRY","108158 กม.","กรุงเทพมหานคร","759,000 บาท","มือสอง","เกียร์อัตโนมัติ"
"1786479842-479","https://www.one2car.com/%E0%B8%A3%E0%B8%96-%E0%B8%AA%E0%B8%B3%E0%B8%AB%E0%B8%A3%E0%B8%B1%E0%B8%9A-%E0%B8%82%E0%B8%B2%E0%B8%A2?type=used&page_number=51&page_size=26","https://www.one2car.com/%E0%B8%A3%E0%B8%96-%E0%B8%AA%E0%B8%B3%E0%B8%AB%E0%B8%A3%E0%B8%B1%E0%B8%9A-%E0%B8%82%E0%B8%B2%E0%B8%A2?type=used&page_number=77&page_size=26","2023 Toyota Corolla Altis 1.6 (ปี 19-25) G Sedan","✌ ออกรถวันนี้ เริ่มต้น 0 บาท ✌ โตโยต้าชัวร์กรุงไทย สาขากาญจนาภิเษก-บางแค ✌ เปิดบริการ ...","Toyota Corolla Altis","125 - 130K กม.","กรุงเทพมหานคร","","","เกียร์อัตโนมัติ"
"1786479842-480","https://www.one2car.com/%E0%B8%A3%E0%B8%96-%E0%B8%AA%E0%B8%B3%E0%B8%AB%E0%B8%A3%E0%B8%B1%E0%B8%9A-%E0%B8%82%E0%B8%B2%E0%B8%A2?type=used&page_number=51&page_size=26","https://www.one2car.com/%E0%B8%A3%E0%B8%96-%E0%B8%AA%E0%B8%B3%E0%B8%AB%E0%B8%A3%E0%B8%B1%E0%B8%9A-%E0%B8%82%E0%B8%B2%E0%B8%A2?type=used&page_number=77&page_size=26","2019 Mazda 3 2.0 (ปี 19-25) S Sports Hatchback","✨ไม่มีค่าจัดไฟแนนซ์ ไม่มีค่าโอน ไม่มีค่าดำเนินการ✨ ออกรถจบที่ 999 บาท ...","Mazda 3","190 - 195K กม.","กรุงเทพมหานคร","447,000 บาท","มือสอง","เกียร์อัตโนมัติ"
"1786479842-481","https://www.one2car.com/%E0%B8%A3%E0%B8%96-%E0%B8%AA%E0%B8%B3%E0%B8%AB%E0%B8%A3%E0%B8%B1%E0%B8%9A-%E0%B8%82%E0%B8%B2%E0%B8%A2?type=used&page_number=51&page_size=26","https://www.one2car.com/%E0%B8%A3%E0%B8%96-%E0%B8%AA%E0%B8%B3%E0%B8%AB%E0%B8%A3%E0%B8%B1%E0%B8%9A-%E0%B8%82%E0%B8%B2%E0%B8%A2?type=used&page_number=77&page_size=26","2021 Isuzu D-MAX 1.9 Cab-4 (ปี 19-26) Hi-Lander L DA Picku...","⭐️ ฟรีดาวน์ผ่อน 84 งวด / 9,435 บาท ⭐️ ⚫️ รหัสรถยนต์คันนี้ : SK2403 🟡 🚘 ...","Isuzu D-MAX","25 - 30K กม.","กรุงเทพมหานคร","579,000 บาท","มือสอง","เกียร์ธรรมดา"
"1786479842-482","https://www.one2car.com/%E0%B8%A3%E0%B8%96-%E0%B8%AA%E0%B8%B3%E0%B8%AB%E0%B8%A3%E0%B8%B1%E0%B8%9A-%E0%B8%82%E0%B8%B2%E0%B8%A2?type=used&page_number=51&page_size=26","https://www.one2car.com/%E0%B8%A3%E0%B8%96-%E0%B8%AA%E0%B8%B3%E0%B8%AB%E0%B8%A3%E0%B8%B1%E0%B8%9A-%E0%B8%82%E0%B8%B2%E0%B8%A2?type=used&page_number=77&page_size=26","2024 Toyota YARIS 1.2 (ปี 17-25) Sport Premium Hatchback  ...","⭐️ ฟรีดาวน์ผ่อน 84 งวด / 7,805 บาท ⭐️ ⚫️ รหัสรถยนต์คันนี้ : SK2421 🟡 🚘 ...","Toyota YARIS","25 - 30K กม.","กรุงเทพมหานคร","479,000 บาท","มือสอง","เกียร์อัตโนมัติ"
"1786479842-483","https://www.one2car.com/%E0%B8%A3%E0%B8%96-%E0%B8%AA%E0%B8%B3%E0%B8%AB%E0%B8%A3%E0%B8%B1%E0%B8%9A-%E0%B8%82%E0%B8%B2%E0%B8%A2?type=used&page_number=51&page_size=26","https://www.one2car.com/%E0%B8%A3%E0%B8%96-%E0%B8%AA%E0%B8%B3%E0%B8%AB%E0%B8%A3%E0%B8%B1%E0%B8%9A-%E0%B8%82%E0%B8%B2%E0%B8%A2?type=used&page_number=77&page_size=26","2023 Toyota HILUX REVO 2.8 Single Cab Entry Pickup - 4WD A...","2.8 Entry 4WD เกียร์ AT (สเปกหายาก) ไมล์แท้ 46,xxx KM เท่านั้น (วิ่งน้อยมาก) ...","Toyota HILUX REVO","46335 กม.","กรุงเทพมหานคร","599,000 บาท","มือสอง","เกียร์อัตโนมัติ"
"1786479842-484","https://www.one2car.com/%E0%B8%A3%E0%B8%96-%E0%B8%AA%E0%B8%B3%E0%B8%AB%E0%B8%A3%E0%B8%B1%E0%B8%9A-%E0%B8%82%E0%B8%B2%E0%B8%A2?type=used&page_number=51&page_size=26","https://www.one2car.com/%E0%B8%A3%E0%B8%96-%E0%B8%AA%E0%B8%B3%E0%B8%AB%E0%B8%A3%E0%B8%B1%E0%B8%9A-%E0%B8%82%E0%B8%B2%E0%B8%A2?type=used&page_number=77&page_size=26","2023 Isuzu MU-X 1.9 (ปี 20-26) Ultimate SUV","✨ไม่มีค่าจัดไฟแนนซ์ ไม่มีค่าโอน ไม่มีค่าดำเนินการ✨ ออกรถจบที่ 999 บาท ...","Isuzu MU-X","195 - 200K กม.","กรุงเทพมหานคร","847,000 บาท","มือสอง","เกียร์อัตโนมัติ"
"1786479842-485","https://www.one2car.com/%E0%B8%A3%E0%B8%96-%E0%B8%AA%E0%B8%B3%E0%B8%AB%E0%B8%A3%E0%B8%B1%E0%B8%9A-%E0%B8%82%E0%B8%B2%E0%B8%A2?type=used&page_number=51&page_size=26","https://www.one2car.com/%E0%B8%A3%E0%B8%96-%E0%B8%AA%E0%B8%B3%E0%B8%AB%E0%B8%A3%E0%B8%B1%E0%B8%9A-%E0%B8%82%E0%B8%B2%E0%B8%A2?type=used&page_number=77&page_size=26","2018 Ford RANGER 2.0 Double Cab (ปี 15-21) Raptor Pickup -...","✨ไม่มีค่าจัดไฟแนนซ์ ไม่มีค่าโอน ไม่มีค่าดำเนินการ✨ ออกรถจบที่ 999 บาท ...","Ford RANGER","190 - 195K กม.","กรุงเทพมหานคร","697,000 บาท","มือสอง","เกียร์อัตโนมัติ"
"1786479842-486","https://www.one2car.com/%E0%B8%A3%E0%B8%96-%E0%B8%AA%E0%B8%B3%E0%B8%AB%E0%B8%A3%E0%B8%B1%E0%B8%9A-%E0%B8%82%E0%B8%B2%E0%B8%A2?type=used&page_number=51&page_size=26","https://www.one2car.com/%E0%B8%A3%E0%B8%96-%E0%B8%AA%E0%B8%B3%E0%B8%AB%E0%B8%A3%E0%B8%B1%E0%B8%9A-%E0%B8%82%E0%B8%B2%E0%B8%A2?type=used&page_number=77&page_size=26","2021 Toyota INNOVA 2.0 (ปี 16-22) Entry Wagon - AT","2.0 Entry เกียร์ AT Model Minorchange รุ่นสุดท้ายของโฉมนี้ (2021 ถึง 2023) ไมล์แท้ ...","Toyota INNOVA","176289 กม.","กรุงเทพมหานคร","529,000 บาท","มือสอง","เกียร์อัตโนมัติ"
"1786479847-487","https://www.one2car.com/%E0%B8%A3%E0%B8%96-%E0%B8%AA%E0%B8%B3%E0%B8%AB%E0%B8%A3%E0%B8%B1%E0%B8%9A-%E0%B8%82%E0%B8%B2%E0%B8%A2?type=used&page_number=51&page_size=26","https://www.one2car.com/%E0%B8%A3%E0%B8%96-%E0%B8%AA%E0%B8%B3%E0%B8%AB%E0%B8%A3%E0%B8%B1%E0%B8%9A-%E0%B8%82%E0%B8%B2%E0%B8%A2?type=used&page_number=78&page_size=26","2021 Ford EVEREST 2.0 (ปี 15-22) Titanium+ SUV - Titanium ...","✨ไม่มีค่าจัดไฟแนนซ์ ไม่มีค่าโอน ไม่มีค่าดำเนินการ✨ ออกรถจบที่ 999 บาท ...","Ford EVEREST","165 - 170K กม.","กรุงเทพมหานคร","697,000 บาท","มือสอง","เกียร์อัตโนมัติ"
"1786479847-488","https://www.one2car.com/%E0%B8%A3%E0%B8%96-%E0%B8%AA%E0%B8%B3%E0%B8%AB%E0%B8%A3%E0%B8%B1%E0%B8%9A-%E0%B8%82%E0%B8%B2%E0%B8%A2?type=used&page_number=51&page_size=26","https://www.one2car.com/%E0%B8%A3%E0%B8%96-%E0%B8%AA%E0%B8%B3%E0%B8%AB%E0%B8%A3%E0%B8%B1%E0%B8%9A-%E0%B8%82%E0%B8%B2%E0%B8%A2?type=used&page_number=78&page_size=26","2025 Toyota Corolla Altis 1.8 (ปี 19-25) Hybrid Premium Se...","❌ ป้ายแดงออกห้างราคา 1,009,000 บาท ✅ เราขายเพียง 799000.-(เฉพาะช่องทางนี้เท่านั้น) ** ...","Toyota Corolla Altis","5900 กม.","กรุงเทพมหานคร","","","เกียร์อัตโนมัติ"
"1786479847-489","https://www.one2car.com/%E0%B8%A3%E0%B8%96-%E0%B8%AA%E0%B8%B3%E0%B8%AB%E0%B8%A3%E0%B8%B1%E0%B8%9A-%E0%B8%82%E0%B8%B2%E0%B8%A2?type=used&page_number=51&page_size=26","https://www.one2car.com/%E0%B8%A3%E0%B8%96-%E0%B8%AA%E0%B8%B3%E0%B8%AB%E0%B8%A3%E0%B8%B1%E0%B8%9A-%E0%B8%82%E0%B8%B2%E0%B8%A2?type=used&page_number=78&page_size=26","2021 Toyota INNOVA 2.8 (ปี 16-22) Crysta Wagon - AT","2.8 Crysta เกียร์ AT Model Minorchange รุ่นสุดท้ายของโฉมนี้ (2021 ถึง 2023) ไมล์แท้ ...","Toyota INNOVA","170928 กม.","กรุงเทพมหานคร","559,000 บาท","มือสอง","เกียร์อัตโนมัติ"
"1786479847-490","https://www.one2car.com/%E0%B8%A3%E0%B8%96-%E0%B8%AA%E0%B8%B3%E0%B8%AB%E0%B8%A3%E0%B8%B1%E0%B8%9A-%E0%B8%82%E0%B8%B2%E0%B8%A2?type=used&page_number=51&page_size=26","https://www.one2car.com/%E0%B8%A3%E0%B8%96-%E0%B8%AA%E0%B8%B3%E0%B8%AB%E0%B8%A3%E0%B8%B1%E0%B8%9A-%E0%B8%82%E0%B8%B2%E0%B8%A2?type=used&page_number=78&page_size=26","2022 Ford EVEREST 2.0 (ปี 22-28) Sport SUV","✨ไม่มีค่าจัดไฟแนนซ์ ไม่มีค่าโอน ไม่มีค่าดำเนินการ✨ ออกรถจบที่ 999 บาท ...","Ford EVEREST","155 - 160K กม.","กรุงเทพมหานคร","897,000 บาท","มือสอง","เกียร์อัตโนมัติ"
"1786479847-491","https://www.one2car.com/%E0%B8%A3%E0%B8%96-%E0%B8%AA%E0%B8%B3%E0%B8%AB%E0%B8%A3%E0%B8%B1%E0%B8%9A-%E0%B8%82%E0%B8%B2%E0%B8%A2?type=used&page_number=51&page_size=26","https://www.one2car.com/%E0%B8%A3%E0%B8%96-%E0%B8%AA%E0%B8%B3%E0%B8%AB%E0%B8%A3%E0%B8%B1%E0%B8%9A-%E0%B8%82%E0%B8%B2%E0%B8%A2?type=used&page_number=78&page_size=26","2023 Ford EVEREST 2.0 (ปี 22-28) Titanium+ SUV - Titanium ...","✨ไม่มีค่าจัดไฟแนนซ์ ไม่มีค่าโอน ไม่มีค่าดำเนินการ✨ ออกรถจบที่ 999 บาท ...","Ford EVEREST","135 - 140K กม.","กรุงเทพมหานคร","1,047,000 บาท","มือสอง","เกียร์อัตโนมัติ"
"1786479847-492","https://www.one2car.com/%E0%B8%A3%E0%B8%96-%E0%B8%AA%E0%B8%B3%E0%B8%AB%E0%B8%A3%E0%B8%B1%E0%B8%9A-%E0%B8%82%E0%B8%B2%E0%B8%A2?type=used&page_number=51&page_size=26","https://www.one2car.com/%E0%B8%A3%E0%B8%96-%E0%B8%AA%E0%B8%B3%E0%B8%AB%E0%B8%A3%E0%B8%B1%E0%B8%9A-%E0%B8%82%E0%B8%B2%E0%B8%A2?type=used&page_number=78&page_size=26","2023 Toyota Corolla Cross 1.8 (ปี 20-26) Hybrid Premium Sa...","ไมล์แท้ 30,xxx KM (วิ่งน้อยมาก) 1.8 Hybrid Premium Safety GR SPORT (TOP สุดในรุ่น) Model ...","","30134 กม.","กรุงเทพมหานคร","829,000 บาท","มือสอง","เกียร์อัตโนมัติ"
"1786479847-493","https://www.one2car.com/%E0%B8%A3%E0%B8%96-%E0%B8%AA%E0%B8%B3%E0%B8%AB%E0%B8%A3%E0%B8%B1%E0%B8%9A-%E0%B8%82%E0%B8%B2%E0%B8%A2?type=used&page_number=51&page_size=26","https://www.one2car.com/%E0%B8%A3%E0%B8%96-%E0%B8%AA%E0%B8%B3%E0%B8%AB%E0%B8%A3%E0%B8%B1%E0%B8%9A-%E0%B8%82%E0%B8%B2%E0%B8%A2?type=used&page_number=78&page_size=26","2021 Toyota Corolla Cross 1.8 (ปี 20-26) Hybrid Smart SUV ...","ไมล์แท้ 57,xxx KM (วิ่งน้อยมาก) 1.8 Hybrid Smart Model 2021 แท้ไม่ใช่รถจดทะเบียนข้ามปี ...","","57996 กม.","กรุงเทพมหานคร","659,000 บาท","มือสอง","เกียร์อัตโนมัติ"
"1786479847-494","https://www.one2car.com/%E0%B8%A3%E0%B8%96-%E0%B8%AA%E0%B8%B3%E0%B8%AB%E0%B8%A3%E0%B8%B1%E0%B8%9A-%E0%B8%82%E0%B8%B2%E0%B8%A2?type=used&page_number=51&page_size=26","https://www.one2car.com/%E0%B8%A3%E0%B8%96-%E0%B8%AA%E0%B8%B3%E0%B8%AB%E0%B8%A3%E0%B8%B1%E0%B8%9A-%E0%B8%82%E0%B8%B2%E0%B8%A2?type=used&page_number=78&page_size=26","2025 Toyota Corolla Cross 1.8 (ปี 20-26) HEV Premium SUV -...","1.8 HEV Premium ไมล์แท้ 15,xxx KM เท่านั้น (วิ่งน้อยมาก) Model Minorchange (2024 ...","","15233 กม.","กรุงเทพมหานคร","859,000 บาท","มือสอง","เกียร์อัตโนมัติ"
"1786479847-495","https://www.one2car.com/%E0%B8%A3%E0%B8%96-%E0%B8%AA%E0%B8%B3%E0%B8%AB%E0%B8%A3%E0%B8%B1%E0%B8%9A-%E0%B8%82%E0%B8%B2%E0%B8%A2?type=used&page_number=51&page_size=26","https://www.one2car.com/%E0%B8%A3%E0%B8%96-%E0%B8%AA%E0%B8%B3%E0%B8%AB%E0%B8%A3%E0%B8%B1%E0%B8%9A-%E0%B8%82%E0%B8%B2%E0%B8%A2?type=used&page_number=78&page_size=26","2021 Toyota Corolla Altis 1.8 (ปี 19-25) Hybrid Smart Seda...","1.8 Hybrid Smart ไมล์แท้ Model 2021 รับประกันแบตเตอรี่ Hybrid 10 ปี ไม่จำกัดระยะทาง ...","Toyota Corolla Altis","171535 กม.","กรุงเทพมหานคร","459,000 บาท","มือสอง","เกียร์อัตโนมัติ"
"1786479847-496","https://www.one2car.com/%E0%B8%A3%E0%B8%96-%E0%B8%AA%E0%B8%B3%E0%B8%AB%E0%B8%A3%E0%B8%B1%E0%B8%9A-%E0%B8%82%E0%B8%B2%E0%B8%A2?type=used&page_number=51&page_size=26","https://www.one2car.com/%E0%B8%A3%E0%B8%96-%E0%B8%AA%E0%B8%B3%E0%B8%AB%E0%B8%A3%E0%B8%B1%E0%B8%9A-%E0%B8%82%E0%B8%B2%E0%B8%A2?type=used&page_number=78&page_size=26","2022 Toyota Corolla Altis 1.8 (ปี 19-25) Hybrid Premium Se...","1.8 Hybrid Premium (E-CVT) Model 2022 ไมล์แท้ รับประกันตัวรถ 5 ปี 150,000 KM / ...","Toyota Corolla Altis","110341 กม.","กรุงเทพมหานคร","559,000 บาท","มือสอง","เกียร์อัตโนมัติ"
"1786479847-497","https://www.one2car.com/%E0%B8%A3%E0%B8%96-%E0%B8%AA%E0%B8%B3%E0%B8%AB%E0%B8%A3%E0%B8%B1%E0%B8%9A-%E0%B8%82%E0%B8%B2%E0%B8%A2?type=used&page_number=51&page_size=26","https://www.one2car.com/%E0%B8%A3%E0%B8%96-%E0%B8%AA%E0%B8%B3%E0%B8%AB%E0%B8%A3%E0%B8%B1%E0%B8%9A-%E0%B8%82%E0%B8%B2%E0%B8%A2?type=used&page_number=78&page_size=26","2021 Toyota Corolla Altis 1.6 (ปี 19-25) G Sedan - AT","1.6 G Model 2021 ไมล์แท้ 54,xxx KM เท่านั้น (วิ่งน้อยมาก) พร้อมสีบรอนซ์เงินเรียบหรูมีรสนิย ...","Toyota Corolla Altis","54512 กม.","กรุงเทพมหานคร","479,000 บาท","มือสอง","เกียร์อัตโนมัติ"
"1786479847-498","https://www.one2car.com/%E0%B8%A3%E0%B8%96-%E0%B8%AA%E0%B8%B3%E0%B8%AB%E0%B8%A3%E0%B8%B1%E0%B8%9A-%E0%B8%82%E0%B8%B2%E0%B8%A2?type=used&page_number=51&page_size=26","https://www.one2car.com/%E0%B8%A3%E0%B8%96-%E0%B8%AA%E0%B8%B3%E0%B8%AB%E0%B8%A3%E0%B8%B1%E0%B8%9A-%E0%B8%82%E0%B8%B2%E0%B8%A2?type=used&page_number=78&page_size=26","2020 Toyota Corolla Altis 1.6 (ปี 19-25) G Sedan - AT","1.6 G CVT ไมล์แท้ 58,xxx KM (วิ่งน้อยมาก) พร้อมสีบรอนซ์เงินเรียบหรูมีรสนิยม ดูแลรักษาง่าย ...","Toyota Corolla Altis","58372 กม.","กรุงเทพมหานคร","459,000 บาท","มือสอง","เกียร์อัตโนมัติ"
"1786479847-499","https://www.one2car.com/%E0%B8%A3%E0%B8%96-%E0%B8%AA%E0%B8%B3%E0%B8%AB%E0%B8%A3%E0%B8%B1%E0%B8%9A-%E0%B8%82%E0%B8%B2%E0%B8%A2?type=used&page_number=51&page_size=26","https://www.one2car.com/%E0%B8%A3%E0%B8%96-%E0%B8%AA%E0%B8%B3%E0%B8%AB%E0%B8%A3%E0%B8%B1%E0%B8%9A-%E0%B8%82%E0%B8%B2%E0%B8%A2?type=used&page_number=78&page_size=26","2020 Toyota ALPHARD 2.5 (ปี 15-23) S C-Package Van - AT   ...","2.5 S C-Package ไมล์แท้ Model Minorchange รุ่นสุดท้ายของโฉม AH30 สุดยอดยนตรกรรมหรูระดับ ...","Toyota ALPHARD","146929 กม.","กรุงเทพมหานคร","1,590,000 บาท","มือสอง","เกียร์อัตโนมัติ"
"1786479847-500","https://www.one2car.com/%E0%B8%A3%E0%B8%96-%E0%B8%AA%E0%B8%B3%E0%B8%AB%E0%B8%A3%E0%B8%B1%E0%B8%9A-%E0%B8%82%E0%B8%B2%E0%B8%A2?type=used&page_number=51&page_size=26","https://www.one2car.com/%E0%B8%A3%E0%B8%96-%E0%B8%AA%E0%B8%B3%E0%B8%AB%E0%B8%A3%E0%B8%B1%E0%B8%9A-%E0%B8%82%E0%B8%B2%E0%B8%A2?type=used&page_number=78&page_size=26","2015 Mitsubishi PAJERO SPORT 2.4 (ปี 15-18) GT Premium SUV...","2.4 GT Premium 4WD รุ่น Top สุด Full Option ไมล์เเท้ 170,xxx KM เท่านั้น (วิ่งน้อยมาก) ...","Mitsubishi PAJERO SPORT","170393 กม.","กรุงเทพมหานคร","559,000 บาท","มือสอง","เกียร์อัตโนมัติ"
"1786479847-501","https://www.one2car.com/%E0%B8%A3%E0%B8%96-%E0%B8%AA%E0%B8%B3%E0%B8%AB%E0%B8%A3%E0%B8%B1%E0%B8%9A-%E0%B8%82%E0%B8%B2%E0%B8%A2?type=used&page_number=51&page_size=26","https://www.one2car.com/%E0%B8%A3%E0%B8%96-%E0%B8%AA%E0%B8%B3%E0%B8%AB%E0%B8%A3%E0%B8%B1%E0%B8%9A-%E0%B8%82%E0%B8%B2%E0%B8%A2?type=used&page_number=78&page_size=26","2022 Mitsubishi PAJERO SPORT 2.4 (ปี 19-25) GT Premium SUV...","ไมล์แท้ 39,xxx KM เท่านั้น (วิ่งมาน้อยมาก) รุ่น 2.4 GT Premium 2WD (Full Option) Model ...","Mitsubishi PAJERO SPORT","39183 กม.","กรุงเทพมหานคร","829,000 บาท","มือสอง","เกียร์อัตโนมัติ"
"1786479847-502","https://www.one2car.com/%E0%B8%A3%E0%B8%96-%E0%B8%AA%E0%B8%B3%E0%B8%AB%E0%B8%A3%E0%B8%B1%E0%B8%9A-%E0%B8%82%E0%B8%B2%E0%B8%A2?type=used&page_number=51&page_size=26","https://www.one2car.com/%E0%B8%A3%E0%B8%96-%E0%B8%AA%E0%B8%B3%E0%B8%AB%E0%B8%A3%E0%B8%B1%E0%B8%9A-%E0%B8%82%E0%B8%B2%E0%B8%A2?type=used&page_number=78&page_size=26","2021 Mitsubishi PAJERO SPORT 2.4 (ปี 19-25) GT Plus SUV - ...","2.4 GT (Plus) Model Minorchange (2020 ถึง 2024) รุ่นสุดท้ายก่อนโฉมปัจจุบัน ...","Mitsubishi PAJERO SPORT","102718 กม.","กรุงเทพมหานคร","659,000 บาท","มือสอง","เกียร์อัตโนมัติ"
"1786479847-503","https://www.one2car.com/%E0%B8%A3%E0%B8%96-%E0%B8%AA%E0%B8%B3%E0%B8%AB%E0%B8%A3%E0%B8%B1%E0%B8%9A-%E0%B8%82%E0%B8%B2%E0%B8%A2?type=used&page_number=51&page_size=26","https://www.one2car.com/%E0%B8%A3%E0%B8%96-%E0%B8%AA%E0%B8%B3%E0%B8%AB%E0%B8%A3%E0%B8%B1%E0%B8%9A-%E0%B8%82%E0%B8%B2%E0%B8%A2?type=used&page_number=78&page_size=26","2022 Mazda 3 2.0 (ปี 19-25) C Sedan - AT","ไมล์แท้ 13,xxx KM (วิ่งน้อยมาก) 2.0 C Sedan พร้อมสีแดง Soul Red Crystal Metallic ...","Mazda 3","13607 กม.","กรุงเทพมหานคร","559,000 บาท","มือสอง","เกียร์อัตโนมัติ"
"1786479847-504","https://www.one2car.com/%E0%B8%A3%E0%B8%96-%E0%B8%AA%E0%B8%B3%E0%B8%AB%E0%B8%A3%E0%B8%B1%E0%B8%9A-%E0%B8%82%E0%B8%B2%E0%B8%A2?type=used&page_number=51&page_size=26","https://www.one2car.com/%E0%B8%A3%E0%B8%96-%E0%B8%AA%E0%B8%B3%E0%B8%AB%E0%B8%A3%E0%B8%B1%E0%B8%9A-%E0%B8%82%E0%B8%B2%E0%B8%A2?type=used&page_number=78&page_size=26","2023 Mazda CX-30 2.0 (ปี 20-26) SP SUV - AT","ไมล์เเท้ 36,xxx KM เท่านั้น (วิ่งน้อยมาก) 2.0 SP รุ่น Top สุด (Full Option) ...","","36840 กม.","กรุงเทพมหานคร","659,000 บาท","มือสอง","เกียร์อัตโนมัติ"
"1786479847-505","https://www.one2car.com/%E0%B8%A3%E0%B8%96-%E0%B8%AA%E0%B8%B3%E0%B8%AB%E0%B8%A3%E0%B8%B1%E0%B8%9A-%E0%B8%82%E0%B8%B2%E0%B8%A2?type=used&page_number=51&page_size=26","https://www.one2car.com/%E0%B8%A3%E0%B8%96-%E0%B8%AA%E0%B8%B3%E0%B8%AB%E0%B8%A3%E0%B8%B1%E0%B8%9A-%E0%B8%82%E0%B8%B2%E0%B8%A2?type=used&page_number=78&page_size=26","2025 Mazda CX-30 2.0 (ปี 20-26) Carbon Edition SUV - AT   ...","รุ่นพิเศษ Carbon Edition รุ่น Top และราคาสูงที่สุดในไลน์อัพของ CX-30 ไมล์แท้ 20,xxx KM ...","","20857 กม.","กรุงเทพมหานคร","759,000 บาท","มือสอง","เกียร์อัตโนมัติ"
"1786479847-506","https://www.one2car.com/%E0%B8%A3%E0%B8%96-%E0%B8%AA%E0%B8%B3%E0%B8%AB%E0%B8%A3%E0%B8%B1%E0%B8%9A-%E0%B8%82%E0%B8%B2%E0%B8%A2?type=used&page_number=51&page_size=26","https://www.one2car.com/%E0%B8%A3%E0%B8%96-%E0%B8%AA%E0%B8%B3%E0%B8%AB%E0%B8%A3%E0%B8%B1%E0%B8%9A-%E0%B8%82%E0%B8%B2%E0%B8%A2?type=used&page_number=78&page_size=26","2020 Mazda CX-30 2.0 (ปี 20-26) SP SUV","2.0 SP รุ่น Top สุดในรุ่นของ CX-30 (Full Option) ไมล์แท้ พร้อมสีเทา Machine Gray รหัส 46G ...","","122011 กม.","กรุงเทพมหานคร","539,000 บาท","มือสอง","เกียร์อัตโนมัติ"
"1786479847-507","https://www.one2car.com/%E0%B8%A3%E0%B8%96-%E0%B8%AA%E0%B8%B3%E0%B8%AB%E0%B8%A3%E0%B8%B1%E0%B8%9A-%E0%B8%82%E0%B8%B2%E0%B8%A2?type=used&page_number=51&page_size=26","https://www.one2car.com/%E0%B8%A3%E0%B8%96-%E0%B8%AA%E0%B8%B3%E0%B8%AB%E0%B8%A3%E0%B8%B1%E0%B8%9A-%E0%B8%82%E0%B8%B2%E0%B8%A2?type=used&page_number=78&page_size=26","2021 Mazda 2 1.3 (ปี 15-25) S Leather Sedan","🚗 ขายด่วน! Mazda 2 1.3 S Leather AT สีแดง (รุ่นรอง TOP) พร้อมชุดแต่งรอบคัน สภาพนางฟ้า 1 ...","Mazda 2","45 - 50K กม.","กรุงเทพมหานคร","319,000 บาท","มือสอง","เกียร์อัตโนมัติ"
"1786479852-508","https://www.one2car.com/%E0%B8%A3%E0%B8%96-%E0%B8%AA%E0%B8%B3%E0%B8%AB%E0%B8%A3%E0%B8%B1%E0%B8%9A-%E0%B8%82%E0%B8%B2%E0%B8%A2?type=used&page_number=51&page_size=26","https://www.one2car.com/%E0%B8%A3%E0%B8%96-%E0%B8%AA%E0%B8%B3%E0%B8%AB%E0%B8%A3%E0%B8%B1%E0%B8%9A-%E0%B8%82%E0%B8%B2%E0%B8%A2?type=used&page_number=79&page_size=26","2017 Isuzu MU-X 1.9 (ปี 13-19) DVD SUV - AT","1.9 DA DVD เกียร์ AT (TOP ที่สุดในรุ่นเครื่องยนต์ 1.9) ไมล์แท้ 158,xxx KM เท่านั้น ...","Isuzu MU-X","158416 กม.","กรุงเทพมหานคร","529,000 บาท","มือสอง","เกียร์อัตโนมัติ"
"1786479852-509","https://www.one2car.com/%E0%B8%A3%E0%B8%96-%E0%B8%AA%E0%B8%B3%E0%B8%AB%E0%B8%A3%E0%B8%B1%E0%B8%9A-%E0%B8%82%E0%B8%B2%E0%B8%A2?type=used&page_number=51&page_size=26","https://www.one2car.com/%E0%B8%A3%E0%B8%96-%E0%B8%AA%E0%B8%B3%E0%B8%AB%E0%B8%A3%E0%B8%B1%E0%B8%9A-%E0%B8%82%E0%B8%B2%E0%B8%A2?type=used&page_number=79&page_size=26","2018 Isuzu D-MAX 1.9 Cab-4 (ปี 11-17) X-Series Hi-Lander Z...","รุ่น X-Series Hi-Lander Z เกียร์ MT ไมล์แท้ ตัวแต่ง Sport ทั้งคันจากโรงงานทั้งภายนอกและภาย ...","Isuzu D-MAX","100238 กม.","กรุงเทพมหานคร","459,000 บาท","มือสอง","เกียร์ธรรมดา"
"1786479852-510","https://www.one2car.com/%E0%B8%A3%E0%B8%96-%E0%B8%AA%E0%B8%B3%E0%B8%AB%E0%B8%A3%E0%B8%B1%E0%B8%9A-%E0%B8%82%E0%B8%B2%E0%B8%A2?type=used&page_number=51&page_size=26","https://www.one2car.com/%E0%B8%A3%E0%B8%96-%E0%B8%AA%E0%B8%B3%E0%B8%AB%E0%B8%A3%E0%B8%B1%E0%B8%9A-%E0%B8%82%E0%B8%B2%E0%B8%A2?type=used&page_number=79&page_size=26","2025 Isuzu MU-X 2.2 (ปี 20-26) Active SUV - AT","ไมล์แท้ 25,xxx KM เท่านั้น 2.2 Active Model 2025 รุ่นปัจจุบัน (เครื่องยนต์ 2.2 ...","Isuzu MU-X","25687 กม.","กรุงเทพมหานคร","959,000 บาท","มือสอง","เกียร์อัตโนมัติ"
"1786479852-511","https://www.one2car.com/%E0%B8%A3%E0%B8%96-%E0%B8%AA%E0%B8%B3%E0%B8%AB%E0%B8%A3%E0%B8%B1%E0%B8%9A-%E0%B8%82%E0%B8%B2%E0%B8%A2?type=used&page_number=51&page_size=26","https://www.one2car.com/%E0%B8%A3%E0%B8%96-%E0%B8%AA%E0%B8%B3%E0%B8%AB%E0%B8%A3%E0%B8%B1%E0%B8%9A-%E0%B8%82%E0%B8%B2%E0%B8%A2?type=used&page_number=79&page_size=26","2022 Isuzu MU-X 3.0 (ปี 20-26) Ultimate SUV - AT","3.0 Ultimate 2WD (Top สุดในไลน์อัพขับเคลื่อน 2 ล้อ) ไมล์เเท้ Model 2022 ...","Isuzu MU-X","84729 กม.","กรุงเทพมหานคร","859,000 บาท","มือสอง","เกียร์อัตโนมัติ"
"1786479852-512","https://www.one2car.com/%E0%B8%A3%E0%B8%96-%E0%B8%AA%E0%B8%B3%E0%B8%AB%E0%B8%A3%E0%B8%B1%E0%B8%9A-%E0%B8%82%E0%B8%B2%E0%B8%A2?type=used&page_number=51&page_size=26","https://www.one2car.com/%E0%B8%A3%E0%B8%96-%E0%B8%AA%E0%B8%B3%E0%B8%AB%E0%B8%A3%E0%B8%B1%E0%B8%9A-%E0%B8%82%E0%B8%B2%E0%B8%A2?type=used&page_number=79&page_size=26","2020 Ford RANGER 2.0 Double Cab (ปี 15-21) Raptor Pickup -...","FORD RANGER RAPTOR 2.0 BI-TURBO HI-RIDER DOUBLE CAB AT 2020 ออกรถ 0 บาท รหัสรถ 2B589 Line ...","Ford RANGER","95 - 100K กม.","กรุงเทพมหานคร","","","เกียร์อัตโนมัติ"
"1786479852-513","https://www.one2car.com/%E0%B8%A3%E0%B8%96-%E0%B8%AA%E0%B8%B3%E0%B8%AB%E0%B8%A3%E0%B8%B1%E0%B8%9A-%E0%B8%82%E0%B8%B2%E0%B8%A2?type=used&page_number=51&page_size=26","https://www.one2car.com/%E0%B8%A3%E0%B8%96-%E0%B8%AA%E0%B8%B3%E0%B8%AB%E0%B8%A3%E0%B8%B1%E0%B8%9A-%E0%B8%82%E0%B8%B2%E0%B8%A2?type=used&page_number=79&page_size=26","2021 Isuzu MU-X 1.9 (ปี 20-26) Ultimate SUV","ISUZU MU-X ปี 2021 TOP 1.9 A/T ULTIMATE รถมือเดียวป้ายแดง รุ่นเข้าถ่ายของเหลวศูนย์อีซูซู ...","Isuzu MU-X","0 - 5K กม.","พระนครศรีอยุธยา","","","เกียร์อัตโนมัติ"
"1786479852-514","https://www.one2car.com/%E0%B8%A3%E0%B8%96-%E0%B8%AA%E0%B8%B3%E0%B8%AB%E0%B8%A3%E0%B8%B1%E0%B8%9A-%E0%B8%82%E0%B8%B2%E0%B8%A2?type=used&page_number=51&page_size=26","https://www.one2car.com/%E0%B8%A3%E0%B8%96-%E0%B8%AA%E0%B8%B3%E0%B8%AB%E0%B8%A3%E0%B8%B1%E0%B8%9A-%E0%B8%82%E0%B8%B2%E0%B8%A2?type=used&page_number=79&page_size=26","2021 Suzuki XL7 1.5 (ปี 20-26) GLX Wagon","สีดำเกียร์ออโต้ ทะเบียน 1ขย9844 กทม. เลขไมล์ 51,670 กม. AT 1.5 GLX เบนซิน 105 แรงม้า ...","","50 - 55K กม.","กรุงเทพมหานคร","","","เกียร์อัตโนมัติ"
"1786479852-515","https://www.one2car.com/%E0%B8%A3%E0%B8%96-%E0%B8%AA%E0%B8%B3%E0%B8%AB%E0%B8%A3%E0%B8%B1%E0%B8%9A-%E0%B8%82%E0%B8%B2%E0%B8%A2?type=used&page_number=51&page_size=26","https://www.one2car.com/%E0%B8%A3%E0%B8%96-%E0%B8%AA%E0%B8%B3%E0%B8%AB%E0%B8%A3%E0%B8%B1%E0%B8%9A-%E0%B8%82%E0%B8%B2%E0%B8%A2?type=used&page_number=79&page_size=26","2022 Ford EVEREST 2.0 (ปี 22-28) Sport SUV","🔥 รุ่นนี้คุ้มมาก! ราคาพิเศษ 🔥 Ford Everest 2.0 Sport AT สีเทา ปี2022 คันนี้ใครได้ไป ...","Ford EVEREST","129313 กม.","นครปฐม","959,000 บาท","มือสอง","เกียร์อัตโนมัติ"
"1786479852-516","https://www.one2car.com/%E0%B8%A3%E0%B8%96-%E0%B8%AA%E0%B8%B3%E0%B8%AB%E0%B8%A3%E0%B8%B1%E0%B8%9A-%E0%B8%82%E0%B8%B2%E0%B8%A2?type=used&page_number=51&page_size=26","https://www.one2car.com/%E0%B8%A3%E0%B8%96-%E0%B8%AA%E0%B8%B3%E0%B8%AB%E0%B8%A3%E0%B8%B1%E0%B8%9A-%E0%B8%82%E0%B8%B2%E0%B8%A2?type=used&page_number=79&page_size=26","2017 Mazda 2 1.5 (ปี 15-25) XD High Connect Sedan","สีแดง เกียร์ออโต้ ทะเบียน 6กฒ3744 กรุงเทพฯ ▬▬▬▬▬▬▬▬▬▬▬▬▬▬▬▬ AT 1.5 XD Sedan High Connect ...","Mazda 2","155 - 160K กม.","กรุงเทพมหานคร","","","เกียร์อัตโนมัติ"
"1786479852-517","https://www.one2car.com/%E0%B8%A3%E0%B8%96-%E0%B8%AA%E0%B8%B3%E0%B8%AB%E0%B8%A3%E0%B8%B1%E0%B8%9A-%E0%B8%82%E0%B8%B2%E0%B8%A2?type=used&page_number=51&page_size=26","https://www.one2car.com/%E0%B8%A3%E0%B8%96-%E0%B8%AA%E0%B8%B3%E0%B8%AB%E0%B8%A3%E0%B8%B1%E0%B8%9A-%E0%B8%82%E0%B8%B2%E0%B8%A2?type=used&page_number=79&page_size=26","2022 MG Extender 2.0 Giant Cab (ปี 19-26) Grand X Pickup  ...","วิ่งน้อย 29,xxx กม กระบะตัวท็อป สายหล่อ พร้อมใช้งาน!📌 MG Extender 2.0 Giant Cab Grand X ...","","29000 กม.","กรุงเทพมหานคร","","","เกียร์ธรรมดา"
"1786479852-518","https://www.one2car.com/%E0%B8%A3%E0%B8%96-%E0%B8%AA%E0%B8%B3%E0%B8%AB%E0%B8%A3%E0%B8%B1%E0%B8%9A-%E0%B8%82%E0%B8%B2%E0%B8%A2?type=used&page_number=51&page_size=26","https://www.one2car.com/%E0%B8%A3%E0%B8%96-%E0%B8%AA%E0%B8%B3%E0%B8%AB%E0%B8%A3%E0%B8%B1%E0%B8%9A-%E0%B8%82%E0%B8%B2%E0%B8%A2?type=used&page_number=79&page_size=26","2021 Honda ACCORD 2.0 (ปี 19-23) Hybrid Sedan - AT","2.0 Hybrid Model 2021 ไมล์แท้ รับประกันแบตเตอรี่ Hybrid 10 ปี ไม่จำกัดระยะทาง ...","Honda ACCORD","94336 กม.","กรุงเทพมหานคร","759,000 บาท","มือสอง","เกียร์อัตโนมัติ"
"1786479852-519","https://www.one2car.com/%E0%B8%A3%E0%B8%96-%E0%B8%AA%E0%B8%B3%E0%B8%AB%E0%B8%A3%E0%B8%B1%E0%B8%9A-%E0%B8%82%E0%B8%B2%E0%B8%A2?type=used&page_number=51&page_size=26","https://www.one2car.com/%E0%B8%A3%E0%B8%96-%E0%B8%AA%E0%B8%B3%E0%B8%AB%E0%B8%A3%E0%B8%B1%E0%B8%9A-%E0%B8%82%E0%B8%B2%E0%B8%A2?type=used&page_number=79&page_size=26","2021 Honda ACCORD 2.0 (ปี 19-23) Hybrid Sedan - AT","2.0 Hybrid Model 2021 ไมล์แท้ 60,xxx KM (วิ่งน้อยมาก) มาพร้อมสีเทาดำ Modern Steel ...","Honda ACCORD","60188 กม.","กรุงเทพมหานคร","779,000 บาท","มือสอง","เกียร์อัตโนมัติ"
"1786479852-520","https://www.one2car.com/%E0%B8%A3%E0%B8%96-%E0%B8%AA%E0%B8%B3%E0%B8%AB%E0%B8%A3%E0%B8%B1%E0%B8%9A-%E0%B8%82%E0%B8%B2%E0%B8%A2?type=used&page_number=51&page_size=26","https://www.one2car.com/%E0%B8%A3%E0%B8%96-%E0%B8%AA%E0%B8%B3%E0%B8%AB%E0%B8%A3%E0%B8%B1%E0%B8%9A-%E0%B8%82%E0%B8%B2%E0%B8%A2?type=used&page_number=79&page_size=26","2017 Honda ACCORD 2.0 (ปี 13-19) Hybrid TECH Sedan - AT   ...","ไมล์แท้ 104,xxx KM เท่านั้น (วิ่งน้อยมาก) Hybrid Tech (Top ที่สุดในรุ่นของ Accord) Model ...","Honda ACCORD","104328 กม.","กรุงเทพมหานคร","559,000 บาท","มือสอง","เกียร์อัตโนมัติ"
"1786479852-521","https://www.one2car.com/%E0%B8%A3%E0%B8%96-%E0%B8%AA%E0%B8%B3%E0%B8%AB%E0%B8%A3%E0%B8%B1%E0%B8%9A-%E0%B8%82%E0%B8%B2%E0%B8%A2?type=used&page_number=51&page_size=26","https://www.one2car.com/%E0%B8%A3%E0%B8%96-%E0%B8%AA%E0%B8%B3%E0%B8%AB%E0%B8%A3%E0%B8%B1%E0%B8%9A-%E0%B8%82%E0%B8%B2%E0%B8%A2?type=used&page_number=79&page_size=26","2020 Honda ACCORD 2.0 (ปี 19-23) Hybrid TECH Sedan - AT   ...","รุ่น TOP สุด Hybrid TECH (FULL OPTION) ไมล์เเท้ รับประกันแบตเตอรี่ Hybrid 10 ปี ...","Honda ACCORD","136328 กม.","กรุงเทพมหานคร","799,000 บาท","มือสอง","เกียร์อัตโนมัติ"
"1786479852-522","https://www.one2car.com/%E0%B8%A3%E0%B8%96-%E0%B8%AA%E0%B8%B3%E0%B8%AB%E0%B8%A3%E0%B8%B1%E0%B8%9A-%E0%B8%82%E0%B8%B2%E0%B8%A2?type=used&page_number=51&page_size=26","https://www.one2car.com/%E0%B8%A3%E0%B8%96-%E0%B8%AA%E0%B8%B3%E0%B8%AB%E0%B8%A3%E0%B8%B1%E0%B8%9A-%E0%B8%82%E0%B8%B2%E0%B8%A2?type=used&page_number=79&page_size=26","2024 Honda ACCORD 2.0 (ปี 23-29) e:HEV EL Sedan - e HEV EL...","e:HEV EL ไมล์แท้ รับประกันอะไหล่ชิ้นส่วนระบบ Hybrid 5 ปี ไม่จำกัดระยะทาง ...","Honda ACCORD","80959 กม.","กรุงเทพมหานคร","1,100,000 บาท","มือสอง","เกียร์อัตโนมัติ"
"1786479852-523","https://www.one2car.com/%E0%B8%A3%E0%B8%96-%E0%B8%AA%E0%B8%B3%E0%B8%AB%E0%B8%A3%E0%B8%B1%E0%B8%9A-%E0%B8%82%E0%B8%B2%E0%B8%A2?type=used&page_number=51&page_size=26","https://www.one2car.com/%E0%B8%A3%E0%B8%96-%E0%B8%AA%E0%B8%B3%E0%B8%AB%E0%B8%A3%E0%B8%B1%E0%B8%9A-%E0%B8%82%E0%B8%B2%E0%B8%A2?type=used&page_number=79&page_size=26","2022 Honda ACCORD 1.5 (ปี 19-23) EL Sedan - AT","1.5 TURBO EL Model Minorchange 2022 Model สุดท้ายของ Accord G10 (ปลายปี 2021 ถึง 2023) ...","Honda ACCORD","113311 กม.","กรุงเทพมหานคร","699,000 บาท","มือสอง","เกียร์อัตโนมัติ"
"1786479852-524","https://www.one2car.com/%E0%B8%A3%E0%B8%96-%E0%B8%AA%E0%B8%B3%E0%B8%AB%E0%B8%A3%E0%B8%B1%E0%B8%9A-%E0%B8%82%E0%B8%B2%E0%B8%A2?type=used&page_number=51&page_size=26","https://www.one2car.com/%E0%B8%A3%E0%B8%96-%E0%B8%AA%E0%B8%B3%E0%B8%AB%E0%B8%A3%E0%B8%B1%E0%B8%9A-%E0%B8%82%E0%B8%B2%E0%B8%A2?type=used&page_number=79&page_size=26","2024 Honda HR-V 1.5 (ปี 22-28) e:HEV RS SUV - e HEV RS AT ...","1.5 e:HEV RS รุ่น TOP สุด FULL OPTION ไมล์เเท้ 46,xxx KM รับประกันตัวรถ 3 ปี 100,000 KM / ...","Honda HR-V","46409 กม.","กรุงเทพมหานคร","859,000 บาท","มือสอง","เกียร์อัตโนมัติ"
"1786479852-525","https://www.one2car.com/%E0%B8%A3%E0%B8%96-%E0%B8%AA%E0%B8%B3%E0%B8%AB%E0%B8%A3%E0%B8%B1%E0%B8%9A-%E0%B8%82%E0%B8%B2%E0%B8%A2?type=used&page_number=51&page_size=26","https://www.one2car.com/%E0%B8%A3%E0%B8%96-%E0%B8%AA%E0%B8%B3%E0%B8%AB%E0%B8%A3%E0%B8%B1%E0%B8%9A-%E0%B8%82%E0%B8%B2%E0%B8%A2?type=used&page_number=79&page_size=26","2018 Honda CIVIC 1.5 FK (ปี 17-21) Turbo Hatchback - AT   ...","1.5 Turbo รุ่นตัวถัง Hatchback (FK) ไมล์เเท้ 20,xxx KM เท่านั้น (วิ่งน้อยมาก) Model 2018 ...","Honda CIVIC","20022 กม.","กรุงเทพมหานคร","699,000 บาท","มือสอง","เกียร์อัตโนมัติ"
"1786479852-526","https://www.one2car.com/%E0%B8%A3%E0%B8%96-%E0%B8%AA%E0%B8%B3%E0%B8%AB%E0%B8%A3%E0%B8%B1%E0%B8%9A-%E0%B8%82%E0%B8%B2%E0%B8%A2?type=used&page_number=51&page_size=26","https://www.one2car.com/%E0%B8%A3%E0%B8%96-%E0%B8%AA%E0%B8%B3%E0%B8%AB%E0%B8%A3%E0%B8%B1%E0%B8%9A-%E0%B8%82%E0%B8%B2%E0%B8%A2?type=used&page_number=79&page_size=26","2021 Honda JAZZ 1.5 (ปี 14-22) V+ Hatchback - V AT","ไมล์แท้ 13,xxx KM (วิ่งน้อยมาก) 1.5 V+ Hatchback Model GK Minorchange รุ่นสุดท้ายของ ...","Honda JAZZ","13989 กม.","กรุงเทพมหานคร","459,000 บาท","มือสอง","เกียร์อัตโนมัติ"
"1786479852-527","https://www.one2car.com/%E0%B8%A3%E0%B8%96-%E0%B8%AA%E0%B8%B3%E0%B8%AB%E0%B8%A3%E0%B8%B1%E0%B8%9A-%E0%B8%82%E0%B8%B2%E0%B8%A2?type=used&page_number=51&page_size=26","https://www.one2car.com/%E0%B8%A3%E0%B8%96-%E0%B8%AA%E0%B8%B3%E0%B8%AB%E0%B8%A3%E0%B8%B1%E0%B8%9A-%E0%B8%82%E0%B8%B2%E0%B8%A2?type=used&page_number=79&page_size=26","2024 Honda City 1.0 (ปี 20-26) S+ Hatchback - S AT","1.0 S+ ตัวถัง Hatchback ไมล์แท้ 34,xxx KM เท่านั้น (วิ่งน้อยมาก) Model 2024 Minorchange ...","Honda City","34870 กม.","กรุงเทพมหานคร","429,000 บาท","มือสอง","เกียร์อัตโนมัติ"
"1786479852-528","https://www.one2car.com/%E0%B8%A3%E0%B8%96-%E0%B8%AA%E0%B8%B3%E0%B8%AB%E0%B8%A3%E0%B8%B1%E0%B8%9A-%E0%B8%82%E0%B8%B2%E0%B8%A2?type=used&page_number=51&page_size=26","https://www.one2car.com/%E0%B8%A3%E0%B8%96-%E0%B8%AA%E0%B8%B3%E0%B8%AB%E0%B8%A3%E0%B8%B1%E0%B8%9A-%E0%B8%82%E0%B8%B2%E0%B8%A2?type=used&page_number=79&page_size=26","2019 Ford EVEREST 2.0 (ปี 15-22) Titanium+ SUV - Titanium ...","ไมล์แท้ 60,xxx KM เท่านั้น (วิ่งน้อยมาก) รุ่น 2.0 Titanium+ (Panoramic Sunroof) รุ่น Top ...","Ford EVEREST","60383 กม.","กรุงเทพมหานคร","629,000 บาท","มือสอง","เกียร์อัตโนมัติ"
"1786479852-529","https://www.one2car.com/%E0%B8%A3%E0%B8%96-%E0%B8%AA%E0%B8%B3%E0%B8%AB%E0%B8%A3%E0%B8%B1%E0%B8%9A-%E0%B8%82%E0%B8%B2%E0%B8%A2?type=used&page_number=51&page_size=26","https://www.one2car.com/%E0%B8%A3%E0%B8%96-%E0%B8%AA%E0%B8%B3%E0%B8%AB%E0%B8%A3%E0%B8%B1%E0%B8%9A-%E0%B8%82%E0%B8%B2%E0%B8%A2?type=used&page_number=79&page_size=26","2023 Ford EVEREST 2.0 (ปี 22-28) Titanium+ SUV - Titanium ...","ไมล์แท้ 39,xxx KM (วิ่งน้อยมาก) 2.0 Bi-Turbo Titanium+ 2WD (NEXTGEN) รุ่น Top ...","Ford EVEREST","39599 กม.","กรุงเทพมหานคร","1,050,000 บาท","มือสอง","เกียร์อัตโนมัติ"
"1786479859-530","https://www.one2car.com/%E0%B8%A3%E0%B8%96-%E0%B8%AA%E0%B8%B3%E0%B8%AB%E0%B8%A3%E0%B8%B1%E0%B8%9A-%E0%B8%82%E0%B8%B2%E0%B8%A2?type=used&page_number=51&page_size=26","https://www.one2car.com/%E0%B8%A3%E0%B8%96-%E0%B8%AA%E0%B8%B3%E0%B8%AB%E0%B8%A3%E0%B8%B1%E0%B8%9A-%E0%B8%82%E0%B8%B2%E0%B8%A2?type=used&page_number=80&page_size=26","2023 Ford EVEREST 2.0 (ปี 22-28) WildTrak SUV - 4WD AT","ไมล์แท้ 53,xxx KM (วิ่งน้อยมาก) รุ่น Wildtrak แต่งทั้งคันจากโรงงาน รุ่น TOP สุด ...","Ford EVEREST","53938 กม.","กรุงเทพมหานคร","1,290,000 บาท","มือสอง","เกียร์อัตโนมัติ"
"1786479859-531","https://www.one2car.com/%E0%B8%A3%E0%B8%96-%E0%B8%AA%E0%B8%B3%E0%B8%AB%E0%B8%A3%E0%B8%B1%E0%B8%9A-%E0%B8%82%E0%B8%B2%E0%B8%A2?type=used&page_number=51&page_size=26","https://www.one2car.com/%E0%B8%A3%E0%B8%96-%E0%B8%AA%E0%B8%B3%E0%B8%AB%E0%B8%A3%E0%B8%B1%E0%B8%9A-%E0%B8%82%E0%B8%B2%E0%B8%A2?type=used&page_number=80&page_size=26","2024 Ford EVEREST 2.0 (ปี 22-28) Titanium+ SUV - Titanium ...","ไมล์เเท้ 28,xxx KM เท่านั้น (วิ่งน้อยมาก) 2.0 Titanium+ 4WD เครื่องยนต์ Bi-Turbo 210 HP ...","Ford EVEREST","28451 กม.","กรุงเทพมหานคร","1,390,000 บาท","มือสอง","เกียร์อัตโนมัติ"
"1786479859-532","https://www.one2car.com/%E0%B8%A3%E0%B8%96-%E0%B8%AA%E0%B8%B3%E0%B8%AB%E0%B8%A3%E0%B8%B1%E0%B8%9A-%E0%B8%82%E0%B8%B2%E0%B8%A2?type=used&page_number=51&page_size=26","https://www.one2car.com/%E0%B8%A3%E0%B8%96-%E0%B8%AA%E0%B8%B3%E0%B8%AB%E0%B8%A3%E0%B8%B1%E0%B8%9A-%E0%B8%82%E0%B8%B2%E0%B8%A2?type=used&page_number=80&page_size=26","2023 Ford EVEREST 2.0 (ปี 22-28) Titanium+ SUV - Titanium ...","TITANIUM PLUS 4WD (BI-TURBO) รุ่น TOP สุด MODEL 2023 ไมล์เเท้ รับประกันตัวรถจาก FORD 5 ปี ...","Ford EVEREST","59474 กม.","กรุงเทพมหานคร","1,230,000 บาท","มือสอง","เกียร์อัตโนมัติ"
"1786479859-533","https://www.one2car.com/%E0%B8%A3%E0%B8%96-%E0%B8%AA%E0%B8%B3%E0%B8%AB%E0%B8%A3%E0%B8%B1%E0%B8%9A-%E0%B8%82%E0%B8%B2%E0%B8%A2?type=used&page_number=51&page_size=26","https://www.one2car.com/%E0%B8%A3%E0%B8%96-%E0%B8%AA%E0%B8%B3%E0%B8%AB%E0%B8%A3%E0%B8%B1%E0%B8%9A-%E0%B8%82%E0%B8%B2%E0%B8%A2?type=used&page_number=80&page_size=26","2023 Ford EVEREST 2.0 (ปี 22-28) Titanium+ SUV - Titanium ...","ไมล์เเท้ 55,xxx KM เท่านั้น (วิ่งน้อยมาก) รุ่น 2.0 Bi-Turbo Titanium+ 4WD (Next-Gen 210 ...","Ford EVEREST","55679 กม.","กรุงเทพมหานคร","1,100,000 บาท","มือสอง","เกียร์อัตโนมัติ"
"1786479859-534","https://www.one2car.com/%E0%B8%A3%E0%B8%96-%E0%B8%AA%E0%B8%B3%E0%B8%AB%E0%B8%A3%E0%B8%B1%E0%B8%9A-%E0%B8%82%E0%B8%B2%E0%B8%A2?type=used&page_number=51&page_size=26","https://www.one2car.com/%E0%B8%A3%E0%B8%96-%E0%B8%AA%E0%B8%B3%E0%B8%AB%E0%B8%A3%E0%B8%B1%E0%B8%9A-%E0%B8%82%E0%B8%B2%E0%B8%A2?type=used&page_number=80&page_size=26","2023 Ford EVEREST 2.0 (ปี 22-28) Titanium+ SUV - Titanium ...","รุ่น 2.0 Bi-Turbo Titanium+ 4WD (Next-Gen) รุ่น Top ที่สุดในไลน์อัพ Titanium+ ไมล์เเท้ ...","Ford EVEREST","122941 กม.","กรุงเทพมหานคร","999,000 บาท","มือสอง","เกียร์อัตโนมัติ"
"1786479859-535","https://www.one2car.com/%E0%B8%A3%E0%B8%96-%E0%B8%AA%E0%B8%B3%E0%B8%AB%E0%B8%A3%E0%B8%B1%E0%B8%9A-%E0%B8%82%E0%B8%B2%E0%B8%A2?type=used&page_number=51&page_size=26","https://www.one2car.com/%E0%B8%A3%E0%B8%96-%E0%B8%AA%E0%B8%B3%E0%B8%AB%E0%B8%A3%E0%B8%B1%E0%B8%9A-%E0%B8%82%E0%B8%B2%E0%B8%A2?type=used&page_number=80&page_size=26","2022 Ford EVEREST 2.0 (ปี 22-28) Titanium+ SUV - Titanium ...","2.0 Titanium Plus 4WD (Bi-Turbo) รุ่น Top สุด Model 2022 (Next-Gen) ไมล์แท้ 31,xxx KM ...","Ford EVEREST","31914 กม.","กรุงเทพมหานคร","1,250,000 บาท","มือสอง","เกียร์อัตโนมัติ"
"1786479859-536","https://www.one2car.com/%E0%B8%A3%E0%B8%96-%E0%B8%AA%E0%B8%B3%E0%B8%AB%E0%B8%A3%E0%B8%B1%E0%B8%9A-%E0%B8%82%E0%B8%B2%E0%B8%A2?type=used&page_number=51&page_size=26","https://www.one2car.com/%E0%B8%A3%E0%B8%96-%E0%B8%AA%E0%B8%B3%E0%B8%AB%E0%B8%A3%E0%B8%B1%E0%B8%9A-%E0%B8%82%E0%B8%B2%E0%B8%A2?type=used&page_number=80&page_size=26","2021 Ford EVEREST 2.0 (ปี 15-22) Titanium+ SUV - Titanium ...","ไมล์แท้ 45,xxx KM (วิ่งน้อยมาก) 2.0 Bi-Turbo Titanium+ 4WD (Top ที่สุดในรุ่นของ Everest) ...","Ford EVEREST","45978 กม.","กรุงเทพมหานคร","799,000 บาท","มือสอง","เกียร์อัตโนมัติ"
"1786479859-537","https://www.one2car.com/%E0%B8%A3%E0%B8%96-%E0%B8%AA%E0%B8%B3%E0%B8%AB%E0%B8%A3%E0%B8%B1%E0%B8%9A-%E0%B8%82%E0%B8%B2%E0%B8%A2?type=used&page_number=51&page_size=26","https://www.one2car.com/%E0%B8%A3%E0%B8%96-%E0%B8%AA%E0%B8%B3%E0%B8%AB%E0%B8%A3%E0%B8%B1%E0%B8%9A-%E0%B8%82%E0%B8%B2%E0%B8%A2?type=used&page_number=80&page_size=26","2014 Mercedes-Benz E200 2.0 W212 (ปี 10-16) Executive Seda...","- warranty ซ่อมศูนย์ นานสูงสุด 2 ปี -บริการช่วยเหลือฉุกเฉิน 24 ชม. ทั่วประเทศ 1 ปี ...","","225 - 230K กม.","กรุงเทพมหานคร","459,000 บาท","มือสอง","เกียร์อัตโนมัติ"
"1786479859-538","https://www.one2car.com/%E0%B8%A3%E0%B8%96-%E0%B8%AA%E0%B8%B3%E0%B8%AB%E0%B8%A3%E0%B8%B1%E0%B8%9A-%E0%B8%82%E0%B8%B2%E0%B8%A2?type=used&page_number=51&page_size=26","https://www.one2car.com/%E0%B8%A3%E0%B8%96-%E0%B8%AA%E0%B8%B3%E0%B8%AB%E0%B8%A3%E0%B8%B1%E0%B8%9A-%E0%B8%82%E0%B8%B2%E0%B8%A2?type=used&page_number=80&page_size=26","2017 BMW 118i 1.5 F20 (ปี 12-16) M Sport Hatchback","- warranty ซ่อมศูนย์ นานสูงสุด 2 ปี -บริการช่วยเหลือฉุกเฉิน 24 ชม. ทั่วประเทศ 1 ปี ...","","110 - 115K กม.","กรุงเทพมหานคร","519,000 บาท","มือสอง","เกียร์อัตโนมัติ"
"1786479859-539","https://www.one2car.com/%E0%B8%A3%E0%B8%96-%E0%B8%AA%E0%B8%B3%E0%B8%AB%E0%B8%A3%E0%B8%B1%E0%B8%9A-%E0%B8%82%E0%B8%B2%E0%B8%A2?type=used&page_number=51&page_size=26","https://www.one2car.com/%E0%B8%A3%E0%B8%96-%E0%B8%AA%E0%B8%B3%E0%B8%AB%E0%B8%A3%E0%B8%B1%E0%B8%9A-%E0%B8%82%E0%B8%B2%E0%B8%A2?type=used&page_number=80&page_size=26","2021 Toyota INNOVA 2.8 (ปี 16-22) Crysta Wagon","- warranty ซ่อมศูนย์ นานสูงสุด 2 ปี -บริการช่วยเหลือฉุกเฉิน 24 ชม. ทั่วประเทศ 1 ปี ...","Toyota INNOVA","225 - 230K กม.","กรุงเทพมหานคร","559,000 บาท","มือสอง","เกียร์อัตโนมัติ"
"1786479859-540","https://www.one2car.com/%E0%B8%A3%E0%B8%96-%E0%B8%AA%E0%B8%B3%E0%B8%AB%E0%B8%A3%E0%B8%B1%E0%B8%9A-%E0%B8%82%E0%B8%B2%E0%B8%A2?type=used&page_number=51&page_size=26","https://www.one2car.com/%E0%B8%A3%E0%B8%96-%E0%B8%AA%E0%B8%B3%E0%B8%AB%E0%B8%A3%E0%B8%B1%E0%B8%9A-%E0%B8%82%E0%B8%B2%E0%B8%A2?type=used&page_number=80&page_size=26","2021 Mazda 2 1.3 (ปี 15-25) S Sedan","- warranty ซ่อมศูนย์ นานสูงสุด 2 ปี -บริการช่วยเหลือฉุกเฉิน 24 ชม. ทั่วประเทศ 1 ปี ...","Mazda 2","50 - 55K กม.","กรุงเทพมหานคร","369,000 บาท","มือสอง","เกียร์อัตโนมัติ"
"1786479859-541","https://www.one2car.com/%E0%B8%A3%E0%B8%96-%E0%B8%AA%E0%B8%B3%E0%B8%AB%E0%B8%A3%E0%B8%B1%E0%B8%9A-%E0%B8%82%E0%B8%B2%E0%B8%A2?type=used&page_number=51&page_size=26","https://www.one2car.com/%E0%B8%A3%E0%B8%96-%E0%B8%AA%E0%B8%B3%E0%B8%AB%E0%B8%A3%E0%B8%B1%E0%B8%9A-%E0%B8%82%E0%B8%B2%E0%B8%A2?type=used&page_number=80&page_size=26","2018 Mercedes-Benz C350 2.0 W205 (ปี 14-22) e AMG Dynamic ...","- warranty ซ่อมศูนย์ นานสูงสุด 2 ปี -บริการช่วยเหลือฉุกเฉิน 24 ชม. ทั่วประเทศ 1 ปี ...","Mercedes-Benz C350","145 - 150K กม.","กรุงเทพมหานคร","559,000 บาท","มือสอง","เกียร์อัตโนมัติ"
"1786479859-542","https://www.one2car.com/%E0%B8%A3%E0%B8%96-%E0%B8%AA%E0%B8%B3%E0%B8%AB%E0%B8%A3%E0%B8%B1%E0%B8%9A-%E0%B8%82%E0%B8%B2%E0%B8%A2?type=used&page_number=51&page_size=26","https://www.one2car.com/%E0%B8%A3%E0%B8%96-%E0%B8%AA%E0%B8%B3%E0%B8%AB%E0%B8%A3%E0%B8%B1%E0%B8%9A-%E0%B8%82%E0%B8%B2%E0%B8%A2?type=used&page_number=80&page_size=26","2022 BMW X1 2.0 F48 (ปี 16-20) sDrive20d M Sport SUV","- warranty ซ่อมศูนย์ นานสูงสุด 2 ปี -บริการช่วยเหลือฉุกเฉิน 24 ชม. ทั่วประเทศ 1 ปี ...","BMW X1","65 - 70K กม.","กรุงเทพมหานคร","990,000 บาท","มือสอง","เกียร์อัตโนมัติ"
"1786479859-543","https://www.one2car.com/%E0%B8%A3%E0%B8%96-%E0%B8%AA%E0%B8%B3%E0%B8%AB%E0%B8%A3%E0%B8%B1%E0%B8%9A-%E0%B8%82%E0%B8%B2%E0%B8%A2?type=used&page_number=51&page_size=26","https://www.one2car.com/%E0%B8%A3%E0%B8%96-%E0%B8%AA%E0%B8%B3%E0%B8%AB%E0%B8%A3%E0%B8%B1%E0%B8%9A-%E0%B8%82%E0%B8%B2%E0%B8%A2?type=used&page_number=80&page_size=26","2019 Ford EVEREST 2.0 (ปี 15-22) Titanium+ SUV - Titanium ...","รุ่น TOP สุด 2.0 Bi-Turbo Titanium+ 4WD (213 HP) ไมล์แท้ 45,xxx KM (วิ่งน้อยมาก) ...","Ford EVEREST","45539 กม.","กรุงเทพมหานคร","729,000 บาท","มือสอง","เกียร์อัตโนมัติ"
"1786479859-544","https://www.one2car.com/%E0%B8%A3%E0%B8%96-%E0%B8%AA%E0%B8%B3%E0%B8%AB%E0%B8%A3%E0%B8%B1%E0%B8%9A-%E0%B8%82%E0%B8%B2%E0%B8%A2?type=used&page_number=51&page_size=26","https://www.one2car.com/%E0%B8%A3%E0%B8%96-%E0%B8%AA%E0%B8%B3%E0%B8%AB%E0%B8%A3%E0%B8%B1%E0%B8%9A-%E0%B8%82%E0%B8%B2%E0%B8%A2?type=used&page_number=80&page_size=26","2020 Honda CR-V 2.4 (ปี 17-21) S SUV","- warranty ซ่อมศูนย์ นานสูงสุด 2 ปี -บริการช่วยเหลือฉุกเฉิน 24 ชม. ทั่วประเทศ 1 ปี ...","Honda CR-V","110 - 115K กม.","กรุงเทพมหานคร","659,000 บาท","มือสอง","เกียร์อัตโนมัติ"
"1786479859-545","https://www.one2car.com/%E0%B8%A3%E0%B8%96-%E0%B8%AA%E0%B8%B3%E0%B8%AB%E0%B8%A3%E0%B8%B1%E0%B8%9A-%E0%B8%82%E0%B8%B2%E0%B8%A2?type=used&page_number=51&page_size=26","https://www.one2car.com/%E0%B8%A3%E0%B8%96-%E0%B8%AA%E0%B8%B3%E0%B8%AB%E0%B8%A3%E0%B8%B1%E0%B8%9A-%E0%B8%82%E0%B8%B2%E0%B8%A2?type=used&page_number=80&page_size=26","2024 Mitsubishi Xpander Cross 1.5 (ปี 23-27) Wagon","- warranty ซ่อมศูนย์ นานสูงสุด 2 ปี -บริการช่วยเหลือฉุกเฉิน 24 ชม. ทั่วประเทศ 1 ปี ...","","50 - 55K กม.","กรุงเทพมหานคร","599,000 บาท","มือสอง","เกียร์อัตโนมัติ"
"1786479859-546","https://www.one2car.com/%E0%B8%A3%E0%B8%96-%E0%B8%AA%E0%B8%B3%E0%B8%AB%E0%B8%A3%E0%B8%B1%E0%B8%9A-%E0%B8%82%E0%B8%B2%E0%B8%A2?type=used&page_number=51&page_size=26","https://www.one2car.com/%E0%B8%A3%E0%B8%96-%E0%B8%AA%E0%B8%B3%E0%B8%AB%E0%B8%A3%E0%B8%B1%E0%B8%9A-%E0%B8%82%E0%B8%B2%E0%B8%A2?type=used&page_number=80&page_size=26","2018 BMW 330e 2.0 F30 (ปี 16-20) Iconic Sedan","- warranty ซ่อมศูนย์ นานสูงสุด 2 ปี -บริการช่วยเหลือฉุกเฉิน 24 ชม. ทั่วประเทศ 1 ปี ...","BMW 330e","135 - 140K กม.","กรุงเทพมหานคร","535,000 บาท","มือสอง","เกียร์อัตโนมัติ"
"1786479859-547","https://www.one2car.com/%E0%B8%A3%E0%B8%96-%E0%B8%AA%E0%B8%B3%E0%B8%AB%E0%B8%A3%E0%B8%B1%E0%B8%9A-%E0%B8%82%E0%B8%B2%E0%B8%A2?type=used&page_number=51&page_size=26","https://www.one2car.com/%E0%B8%A3%E0%B8%96-%E0%B8%AA%E0%B8%B3%E0%B8%AB%E0%B8%A3%E0%B8%B1%E0%B8%9A-%E0%B8%82%E0%B8%B2%E0%B8%A2?type=used&page_number=80&page_size=26","2019 BMW 530e 2.0 G30 (ปี 17-22) Highline Sedan","- warranty ซ่อมศูนย์ นานสูงสุด 2 ปี -บริการช่วยเหลือฉุกเฉิน 24 ชม. ทั่วประเทศ 1 ปี ...","","95 - 100K กม.","กรุงเทพมหานคร","719,000 บาท","มือสอง","เกียร์อัตโนมัติ"
"1786479859-548","https://www.one2car.com/%E0%B8%A3%E0%B8%96-%E0%B8%AA%E0%B8%B3%E0%B8%AB%E0%B8%A3%E0%B8%B1%E0%B8%9A-%E0%B8%82%E0%B8%B2%E0%B8%A2?type=used&page_number=51&page_size=26","https://www.one2car.com/%E0%B8%A3%E0%B8%96-%E0%B8%AA%E0%B8%B3%E0%B8%AB%E0%B8%A3%E0%B8%B1%E0%B8%9A-%E0%B8%82%E0%B8%B2%E0%B8%A2?type=used&page_number=80&page_size=26","2010 Nissan TEANA 2.0 (ปี 09-13) 200 XL Sedan","- warranty ซ่อมศูนย์ นานสูงสุด 2 ปี -บริการช่วยเหลือฉุกเฉิน 24 ชม. ทั่วประเทศ 1 ปี ...","Nissan TEANA","255 - 260K กม.","กรุงเทพมหานคร","159,000 บาท","มือสอง","เกียร์อัตโนมัติ"
"1786479859-549","https://www.one2car.com/%E0%B8%A3%E0%B8%96-%E0%B8%AA%E0%B8%B3%E0%B8%AB%E0%B8%A3%E0%B8%B1%E0%B8%9A-%E0%B8%82%E0%B8%B2%E0%B8%A2?type=used&page_number=51&page_size=26","https://www.one2car.com/%E0%B8%A3%E0%B8%96-%E0%B8%AA%E0%B8%B3%E0%B8%AB%E0%B8%A3%E0%B8%B1%E0%B8%9A-%E0%B8%82%E0%B8%B2%E0%B8%A2?type=used&page_number=80&page_size=26","2011 Mercedes-Benz E200 1.8 W212 (ปี 10-16) CGI BlueEFFICI...","- warranty ซ่อมศูนย์ นานสูงสุด 2 ปี -บริการช่วยเหลือฉุกเฉิน 24 ชม. ทั่วประเทศ 1 ปี ...","","230 - 235K กม.","กรุงเทพมหานคร","359,000 บาท","มือสอง","เกียร์อัตโนมัติ"
"1786479859-550","https://www.one2car.com/%E0%B8%A3%E0%B8%96-%E0%B8%AA%E0%B8%B3%E0%B8%AB%E0%B8%A3%E0%B8%B1%E0%B8%9A-%E0%B8%82%E0%B8%B2%E0%B8%A2?type=used&page_number=51&page_size=26","https://www.one2car.com/%E0%B8%A3%E0%B8%96-%E0%B8%AA%E0%B8%B3%E0%B8%AB%E0%B8%A3%E0%B8%B1%E0%B8%9A-%E0%B8%82%E0%B8%B2%E0%B8%A2?type=used&page_number=80&page_size=26","2023 Toyota YARIS 1.2 (ปี 17-25) Smart Hatchback","- warranty ซ่อมศูนย์ นานสูงสุด 2 ปี -บริการช่วยเหลือฉุกเฉิน 24 ชม. ทั่วประเทศ 1 ปี ...","Toyota YARIS","20 - 25K กม.","กรุงเทพมหานคร","419,000 บาท","มือสอง","เกียร์อัตโนมัติ"
"1786479859-551","https://www.one2car.com/%E0%B8%A3%E0%B8%96-%E0%B8%AA%E0%B8%B3%E0%B8%AB%E0%B8%A3%E0%B8%B1%E0%B8%9A-%E0%B8%82%E0%B8%B2%E0%B8%A2?type=used&page_number=51&page_size=26","https://www.one2car.com/%E0%B8%A3%E0%B8%96-%E0%B8%AA%E0%B8%B3%E0%B8%AB%E0%B8%A3%E0%B8%B1%E0%B8%9A-%E0%B8%82%E0%B8%B2%E0%B8%A2?type=used&page_number=80&page_size=26","2022 Honda HR-V 1.5 (ปี 22-28) e:HEV E SUV - e HEV E","- warranty ซ่อมศูนย์ นานสูงสุด 2 ปี -บริการช่วยเหลือฉุกเฉิน 24 ชม. ทั่วประเทศ 1 ปี ...","Honda HR-V","100 - 105K กม.","กรุงเทพมหานคร","599,000 บาท","มือสอง","เกียร์อัตโนมัติ"
"1786479859-552","https://www.one2car.com/%E0%B8%A3%E0%B8%96-%E0%B8%AA%E0%B8%B3%E0%B8%AB%E0%B8%A3%E0%B8%B1%E0%B8%9A-%E0%B8%82%E0%B8%B2%E0%B8%A2?type=used&page_number=51&page_size=26","https://www.one2car.com/%E0%B8%A3%E0%B8%96-%E0%B8%AA%E0%B8%B3%E0%B8%AB%E0%B8%A3%E0%B8%B1%E0%B8%9A-%E0%B8%82%E0%B8%B2%E0%B8%A2?type=used&page_number=80&page_size=26","2014 BMW 730Li 3.0 F02 (ปี 08-16) Sedan","- warranty ซ่อมศูนย์ นานสูงสุด 2 ปี -บริการช่วยเหลือฉุกเฉิน 24 ชม. ทั่วประเทศ 1 ปี ...","BMW 730Li","235 - 240K กม.","กรุงเทพมหานคร","659,000 บาท","มือสอง","เกียร์อัตโนมัติ"
"1786479868-553","https://www.one2car.com/%E0%B8%A3%E0%B8%96-%E0%B8%AA%E0%B8%B3%E0%B8%AB%E0%B8%A3%E0%B8%B1%E0%B8%9A-%E0%B8%82%E0%B8%B2%E0%B8%A2?type=used&page_number=51&page_size=26","https://www.one2car.com/%E0%B8%A3%E0%B8%96-%E0%B8%AA%E0%B8%B3%E0%B8%AB%E0%B8%A3%E0%B8%B1%E0%B8%9A-%E0%B8%82%E0%B8%B2%E0%B8%A2?type=used&page_number=81&page_size=26","2019 Toyota ALPHARD 2.5 (ปี 15-23) HV Van - 4WD","- warranty ซ่อมศูนย์ นานสูงสุด 2 ปี -บริการช่วยเหลือฉุกเฉิน 24 ชม. ทั่วประเทศ 1 ปี ...","Toyota ALPHARD","185 - 190K กม.","กรุงเทพมหานคร","1,450,000 บาท","มือสอง","เกียร์อัตโนมัติ"
"1786479868-554","https://www.one2car.com/%E0%B8%A3%E0%B8%96-%E0%B8%AA%E0%B8%B3%E0%B8%AB%E0%B8%A3%E0%B8%B1%E0%B8%9A-%E0%B8%82%E0%B8%B2%E0%B8%A2?type=used&page_number=51&page_size=26","https://www.one2car.com/%E0%B8%A3%E0%B8%96-%E0%B8%AA%E0%B8%B3%E0%B8%AB%E0%B8%A3%E0%B8%B1%E0%B8%9A-%E0%B8%82%E0%B8%B2%E0%B8%A2?type=used&page_number=81&page_size=26","2021 Mercedes-Benz E220 2.0 W213 (ปี 16-23) d AMG Sport Se...","- warranty ซ่อมศูนย์ นานสูงสุด 2 ปี -บริการช่วยเหลือฉุกเฉิน 24 ชม. ทั่วประเทศ 1 ปี ...","Mercedes-Benz E220","135 - 140K กม.","กรุงเทพมหานคร","1,490,000 บาท","มือสอง","เกียร์อัตโนมัติ"
"1786479868-555","https://www.one2car.com/%E0%B8%A3%E0%B8%96-%E0%B8%AA%E0%B8%B3%E0%B8%AB%E0%B8%A3%E0%B8%B1%E0%B8%9A-%E0%B8%82%E0%B8%B2%E0%B8%A2?type=used&page_number=51&page_size=26","https://www.one2car.com/%E0%B8%A3%E0%B8%96-%E0%B8%AA%E0%B8%B3%E0%B8%AB%E0%B8%A3%E0%B8%B1%E0%B8%9A-%E0%B8%82%E0%B8%B2%E0%B8%A2?type=used&page_number=81&page_size=26","2016 BMW X1 2.0 E84 (ปี 09-15) sDrive18i M Sport SUV","- warranty ซ่อมศูนย์ นานสูงสุด 2 ปี -บริการช่วยเหลือฉุกเฉิน 24 ชม. ทั่วประเทศ 1 ปี ...","BMW X1","125 - 130K กม.","กรุงเทพมหานคร","375,000 บาท","มือสอง","เกียร์อัตโนมัติ"
"1786479868-556","https://www.one2car.com/%E0%B8%A3%E0%B8%96-%E0%B8%AA%E0%B8%B3%E0%B8%AB%E0%B8%A3%E0%B8%B1%E0%B8%9A-%E0%B8%82%E0%B8%B2%E0%B8%A2?type=used&page_number=51&page_size=26","https://www.one2car.com/%E0%B8%A3%E0%B8%96-%E0%B8%AA%E0%B8%B3%E0%B8%AB%E0%B8%A3%E0%B8%B1%E0%B8%9A-%E0%B8%82%E0%B8%B2%E0%B8%A2?type=used&page_number=81&page_size=26","2017 Mercedes-Benz CLA200 1.6 W117 (ปี 14-18) Urban Sedan ...","- warranty ซ่อมศูนย์ นานสูงสุด 2 ปี -บริการช่วยเหลือฉุกเฉิน 24 ชม. ทั่วประเทศ 1 ปี ...","","75 - 80K กม.","กรุงเทพมหานคร","575,000 บาท","มือสอง","เกียร์อัตโนมัติ"
"1786479868-557","https://www.one2car.com/%E0%B8%A3%E0%B8%96-%E0%B8%AA%E0%B8%B3%E0%B8%AB%E0%B8%A3%E0%B8%B1%E0%B8%9A-%E0%B8%82%E0%B8%B2%E0%B8%A2?type=used&page_number=51&page_size=26","https://www.one2car.com/%E0%B8%A3%E0%B8%96-%E0%B8%AA%E0%B8%B3%E0%B8%AB%E0%B8%A3%E0%B8%B1%E0%B8%9A-%E0%B8%82%E0%B8%B2%E0%B8%A2?type=used&page_number=81&page_size=26","2024 Ford EVEREST 2.0 (ปี 22-28) Sport SUV - AT","2.0 Sport ไมล์แท้ พร้อม Option DAT Package B อัพเกรดระบบช่วยเหลือการขับขี่ขั้นสูง ...","Ford EVEREST","79862 กม.","กรุงเทพมหานคร","959,000 บาท","มือสอง","เกียร์อัตโนมัติ"
"1786479868-558","https://www.one2car.com/%E0%B8%A3%E0%B8%96-%E0%B8%AA%E0%B8%B3%E0%B8%AB%E0%B8%A3%E0%B8%B1%E0%B8%9A-%E0%B8%82%E0%B8%B2%E0%B8%A2?type=used&page_number=51&page_size=26","https://www.one2car.com/%E0%B8%A3%E0%B8%96-%E0%B8%AA%E0%B8%B3%E0%B8%AB%E0%B8%A3%E0%B8%B1%E0%B8%9A-%E0%B8%82%E0%B8%B2%E0%B8%A2?type=used&page_number=81&page_size=26","2016 Mercedes-Benz ML250 2.1 W166 (ปี 12-16) AMG Sports CD...","- warranty ซ่อมศูนย์ นานสูงสุด 2 ปี -บริการช่วยเหลือฉุกเฉิน 24 ชม. ทั่วประเทศ 1 ปี ...","","265 - 270K กม.","กรุงเทพมหานคร","699,000 บาท","มือสอง","เกียร์อัตโนมัติ"
"1786479868-559","https://www.one2car.com/%E0%B8%A3%E0%B8%96-%E0%B8%AA%E0%B8%B3%E0%B8%AB%E0%B8%A3%E0%B8%B1%E0%B8%9A-%E0%B8%82%E0%B8%B2%E0%B8%A2?type=used&page_number=51&page_size=26","https://www.one2car.com/%E0%B8%A3%E0%B8%96-%E0%B8%AA%E0%B8%B3%E0%B8%AB%E0%B8%A3%E0%B8%B1%E0%B8%9A-%E0%B8%82%E0%B8%B2%E0%B8%A2?type=used&page_number=81&page_size=26","2024 Ford EVEREST 2.0 (ปี 22-28) Sport SUV - AT","2.0 Sport ไมล์แท้ 8,xxx KM เท่านั้น (วิ่งน้อยมาก) รับประกันตัวรถ 5 ปี 150,000 KM พร้อม ...","Ford EVEREST","8342 กม.","กรุงเทพมหานคร","1,100,000 บาท","มือสอง","เกียร์อัตโนมัติ"
"1786479868-560","https://www.one2car.com/%E0%B8%A3%E0%B8%96-%E0%B8%AA%E0%B8%B3%E0%B8%AB%E0%B8%A3%E0%B8%B1%E0%B8%9A-%E0%B8%82%E0%B8%B2%E0%B8%A2?type=used&page_number=51&page_size=26","https://www.one2car.com/%E0%B8%A3%E0%B8%96-%E0%B8%AA%E0%B8%B3%E0%B8%AB%E0%B8%A3%E0%B8%B1%E0%B8%9A-%E0%B8%82%E0%B8%B2%E0%B8%A2?type=used&page_number=81&page_size=26","2021 Mercedes-Benz GLC220 2.0 W253 (ปี 15-22) d 4MATIC AMG...","- warranty ซ่อมศูนย์ นานสูงสุด 2 ปี -บริการช่วยเหลือฉุกเฉิน 24 ชม. ทั่วประเทศ 1 ปี ...","","195 - 200K กม.","กรุงเทพมหานคร","1,090,000 บาท","มือสอง","เกียร์อัตโนมัติ"
"1786479868-561","https://www.one2car.com/%E0%B8%A3%E0%B8%96-%E0%B8%AA%E0%B8%B3%E0%B8%AB%E0%B8%A3%E0%B8%B1%E0%B8%9A-%E0%B8%82%E0%B8%B2%E0%B8%A2?type=used&page_number=51&page_size=26","https://www.one2car.com/%E0%B8%A3%E0%B8%96-%E0%B8%AA%E0%B8%B3%E0%B8%AB%E0%B8%A3%E0%B8%B1%E0%B8%9A-%E0%B8%82%E0%B8%B2%E0%B8%A2?type=used&page_number=81&page_size=26","2023 Mazda CX-30 2.0 (ปี 20-26) Carbon Edition SUV - AT   ...","✅Contact LINE @sitauto (มี@) | 33,xxxkm ภายในแดง รุ่นท็อป ตัวพิเศษ คาร์บอน ...","","33174 กม.","กรุงเทพมหานคร","","","เกียร์อัตโนมัติ"
"1786479868-562","https://www.one2car.com/%E0%B8%A3%E0%B8%96-%E0%B8%AA%E0%B8%B3%E0%B8%AB%E0%B8%A3%E0%B8%B1%E0%B8%9A-%E0%B8%82%E0%B8%B2%E0%B8%A2?type=used&page_number=51&page_size=26","https://www.one2car.com/%E0%B8%A3%E0%B8%96-%E0%B8%AA%E0%B8%B3%E0%B8%AB%E0%B8%A3%E0%B8%B1%E0%B8%9A-%E0%B8%82%E0%B8%B2%E0%B8%A2?type=used&page_number=81&page_size=26","2023 Ford EVEREST 2.0 (ปี 22-28) Sport SUV - AT","2.0 Sport (DAT Package B) Next-Gen ไมล์แท้ สภาพตัวรถโดยรวมไม่ต่างจากรถใหม่ ประวัติ ...","Ford EVEREST","221199 กม.","กรุงเทพมหานคร","799,000 บาท","มือสอง","เกียร์อัตโนมัติ"
"1786479868-563","https://www.one2car.com/%E0%B8%A3%E0%B8%96-%E0%B8%AA%E0%B8%B3%E0%B8%AB%E0%B8%A3%E0%B8%B1%E0%B8%9A-%E0%B8%82%E0%B8%B2%E0%B8%A2?type=used&page_number=51&page_size=26","https://www.one2car.com/%E0%B8%A3%E0%B8%96-%E0%B8%AA%E0%B8%B3%E0%B8%AB%E0%B8%A3%E0%B8%B1%E0%B8%9A-%E0%B8%82%E0%B8%B2%E0%B8%A2?type=used&page_number=81&page_size=26","2021 Honda CIVIC 1.5 FE (ปี 21-26) EL Sedan","- warranty ซ่อมศูนย์ นานสูงสุด 2 ปี -บริการช่วยเหลือฉุกเฉิน 24 ชม. ทั่วประเทศ 1 ปี ...","Honda CIVIC","110 - 115K กม.","กรุงเทพมหานคร","619,000 บาท","มือสอง","เกียร์อัตโนมัติ"
"1786479868-564","https://www.one2car.com/%E0%B8%A3%E0%B8%96-%E0%B8%AA%E0%B8%B3%E0%B8%AB%E0%B8%A3%E0%B8%B1%E0%B8%9A-%E0%B8%82%E0%B8%B2%E0%B8%A2?type=used&page_number=51&page_size=26","https://www.one2car.com/%E0%B8%A3%E0%B8%96-%E0%B8%AA%E0%B8%B3%E0%B8%AB%E0%B8%A3%E0%B8%B1%E0%B8%9A-%E0%B8%82%E0%B8%B2%E0%B8%A2?type=used&page_number=81&page_size=26","2021 Mercedes-Benz GLC300 2.0 W253 (ปี 15-22) e 4MATIC AMG...","- warranty ซ่อมศูนย์ นานสูงสุด 2 ปี -บริการช่วยเหลือฉุกเฉิน 24 ชม. ทั่วประเทศ 1 ปี ...","","120 - 125K กม.","กรุงเทพมหานคร","1,090,000 บาท","มือสอง","เกียร์อัตโนมัติ"
"1786479868-565","https://www.one2car.com/%E0%B8%A3%E0%B8%96-%E0%B8%AA%E0%B8%B3%E0%B8%AB%E0%B8%A3%E0%B8%B1%E0%B8%9A-%E0%B8%82%E0%B8%B2%E0%B8%A2?type=used&page_number=51&page_size=26","https://www.one2car.com/%E0%B8%A3%E0%B8%96-%E0%B8%AA%E0%B8%B3%E0%B8%AB%E0%B8%A3%E0%B8%B1%E0%B8%9A-%E0%B8%82%E0%B8%B2%E0%B8%A2?type=used&page_number=81&page_size=26","2019 Nissan TEANA 2.0 (ปี 13-20) XL Sedan","- warranty ซ่อมศูนย์ นานสูงสุด 2 ปี -บริการช่วยเหลือฉุกเฉิน 24 ชม. ทั่วประเทศ 1 ปี ...","Nissan TEANA","80 - 85K กม.","กรุงเทพมหานคร","485,000 บาท","มือสอง","เกียร์อัตโนมัติ"
"1786479868-566","https://www.one2car.com/%E0%B8%A3%E0%B8%96-%E0%B8%AA%E0%B8%B3%E0%B8%AB%E0%B8%A3%E0%B8%B1%E0%B8%9A-%E0%B8%82%E0%B8%B2%E0%B8%A2?type=used&page_number=51&page_size=26","https://www.one2car.com/%E0%B8%A3%E0%B8%96-%E0%B8%AA%E0%B8%B3%E0%B8%AB%E0%B8%A3%E0%B8%B1%E0%B8%9A-%E0%B8%82%E0%B8%B2%E0%B8%A2?type=used&page_number=81&page_size=26","2022 BMW X1 2.0 F48 (ปี 16-20) sDrive20d M Sport SUV","- warranty ซ่อมศูนย์ นานสูงสุด 2 ปี -บริการช่วยเหลือฉุกเฉิน 24 ชม. ทั่วประเทศ 1 ปี ...","BMW X1","135 - 140K กม.","กรุงเทพมหานคร","699,000 บาท","มือสอง","เกียร์อัตโนมัติ"
"1786479868-567","https://www.one2car.com/%E0%B8%A3%E0%B8%96-%E0%B8%AA%E0%B8%B3%E0%B8%AB%E0%B8%A3%E0%B8%B1%E0%B8%9A-%E0%B8%82%E0%B8%B2%E0%B8%A2?type=used&page_number=51&page_size=26","https://www.one2car.com/%E0%B8%A3%E0%B8%96-%E0%B8%AA%E0%B8%B3%E0%B8%AB%E0%B8%A3%E0%B8%B1%E0%B8%9A-%E0%B8%82%E0%B8%B2%E0%B8%A2?type=used&page_number=81&page_size=26","2023 MG VS HEV 1.5 (ปี 22-27) X Two Tone SUV","- warranty ซ่อมศูนย์ นานสูงสุด 2 ปี -บริการช่วยเหลือฉุกเฉิน 24 ชม. ทั่วประเทศ 1 ปี ...","","90 - 95K กม.","กรุงเทพมหานคร","459,000 บาท","มือสอง","เกียร์อัตโนมัติ"
"1786479868-568","https://www.one2car.com/%E0%B8%A3%E0%B8%96-%E0%B8%AA%E0%B8%B3%E0%B8%AB%E0%B8%A3%E0%B8%B1%E0%B8%9A-%E0%B8%82%E0%B8%B2%E0%B8%A2?type=used&page_number=51&page_size=26","https://www.one2car.com/%E0%B8%A3%E0%B8%96-%E0%B8%AA%E0%B8%B3%E0%B8%AB%E0%B8%A3%E0%B8%B1%E0%B8%9A-%E0%B8%82%E0%B8%B2%E0%B8%A2?type=used&page_number=81&page_size=26","2021 Mazda CX-8 2.2 (ปี 19-26) XDL SUV","- warranty ซ่อมศูนย์ นานสูงสุด 2 ปี -บริการช่วยเหลือฉุกเฉิน 24 ชม. ทั่วประเทศ 1 ปี ...","","110 - 115K กม.","กรุงเทพมหานคร","649,000 บาท","มือสอง","เกียร์อัตโนมัติ"
"1786479868-569","https://www.one2car.com/%E0%B8%A3%E0%B8%96-%E0%B8%AA%E0%B8%B3%E0%B8%AB%E0%B8%A3%E0%B8%B1%E0%B8%9A-%E0%B8%82%E0%B8%B2%E0%B8%A2?type=used&page_number=51&page_size=26","https://www.one2car.com/%E0%B8%A3%E0%B8%96-%E0%B8%AA%E0%B8%B3%E0%B8%AB%E0%B8%A3%E0%B8%B1%E0%B8%9A-%E0%B8%82%E0%B8%B2%E0%B8%A2?type=used&page_number=81&page_size=26","2022 Honda CIVIC 1.5 FE (ปี 21-26) EL Sedan","- warranty ซ่อมศูนย์ นานสูงสุด 2 ปี -บริการช่วยเหลือฉุกเฉิน 24 ชม. ทั่วประเทศ 1 ปี ...","Honda CIVIC","150 - 155K กม.","กรุงเทพมหานคร","585,000 บาท","มือสอง","เกียร์อัตโนมัติ"
"1786479868-570","https://www.one2car.com/%E0%B8%A3%E0%B8%96-%E0%B8%AA%E0%B8%B3%E0%B8%AB%E0%B8%A3%E0%B8%B1%E0%B8%9A-%E0%B8%82%E0%B8%B2%E0%B8%A2?type=used&page_number=51&page_size=26","https://www.one2car.com/%E0%B8%A3%E0%B8%96-%E0%B8%AA%E0%B8%B3%E0%B8%AB%E0%B8%A3%E0%B8%B1%E0%B8%9A-%E0%B8%82%E0%B8%B2%E0%B8%A2?type=used&page_number=81&page_size=26","2022 Toyota Corolla Altis 1.6 (ปี 19-25) G Sedan","- warranty ซ่อมศูนย์ นานสูงสุด 2 ปี -บริการช่วยเหลือฉุกเฉิน 24 ชม. ทั่วประเทศ 1 ปี ...","Toyota Corolla Altis","150 - 155K กม.","กรุงเทพมหานคร","419,000 บาท","มือสอง","เกียร์อัตโนมัติ"
"1786479868-571","https://www.one2car.com/%E0%B8%A3%E0%B8%96-%E0%B8%AA%E0%B8%B3%E0%B8%AB%E0%B8%A3%E0%B8%B1%E0%B8%9A-%E0%B8%82%E0%B8%B2%E0%B8%A2?type=used&page_number=51&page_size=26","https://www.one2car.com/%E0%B8%A3%E0%B8%96-%E0%B8%AA%E0%B8%B3%E0%B8%AB%E0%B8%A3%E0%B8%B1%E0%B8%9A-%E0%B8%82%E0%B8%B2%E0%B8%A2?type=used&page_number=81&page_size=26","2021 Mercedes-Benz C300 2.0 W205 (ปี 14-22) e AMG Sport Se...","- warranty ซ่อมศูนย์ นานสูงสุด 2 ปี -บริการช่วยเหลือฉุกเฉิน 24 ชม. ทั่วประเทศ 1 ปี ...","Mercedes-Benz C300","55 - 60K กม.","กรุงเทพมหานคร","899,000 บาท","มือสอง","เกียร์อัตโนมัติ"
"1786479868-572","https://www.one2car.com/%E0%B8%A3%E0%B8%96-%E0%B8%AA%E0%B8%B3%E0%B8%AB%E0%B8%A3%E0%B8%B1%E0%B8%9A-%E0%B8%82%E0%B8%B2%E0%B8%A2?type=used&page_number=51&page_size=26","https://www.one2car.com/%E0%B8%A3%E0%B8%96-%E0%B8%AA%E0%B8%B3%E0%B8%AB%E0%B8%A3%E0%B8%B1%E0%B8%9A-%E0%B8%82%E0%B8%B2%E0%B8%A2?type=used&page_number=81&page_size=26","2022 Honda CIVIC 1.5 FE (ปี 21-26) EL Sedan","- warranty ซ่อมศูนย์ นานสูงสุด 2 ปี -บริการช่วยเหลือฉุกเฉิน 24 ชม. ทั่วประเทศ 1 ปี ...","Honda CIVIC","105 - 110K กม.","กรุงเทพมหานคร","599,000 บาท","มือสอง","เกียร์อัตโนมัติ"
"1786479868-573","https://www.one2car.com/%E0%B8%A3%E0%B8%96-%E0%B8%AA%E0%B8%B3%E0%B8%AB%E0%B8%A3%E0%B8%B1%E0%B8%9A-%E0%B8%82%E0%B8%B2%E0%B8%A2?type=used&page_number=51&page_size=26","https://www.one2car.com/%E0%B8%A3%E0%B8%96-%E0%B8%AA%E0%B8%B3%E0%B8%AB%E0%B8%A3%E0%B8%B1%E0%B8%9A-%E0%B8%82%E0%B8%B2%E0%B8%A2?type=used&page_number=81&page_size=26","2015 Toyota CAMRY 2.0 (ปี 12-18) G Sedan","- warranty ซ่อมศูนย์ นานสูงสุด 2 ปี -บริการช่วยเหลือฉุกเฉิน 24 ชม. ทั่วประเทศ 1 ปี ...","Toyota CAMRY","185 - 190K กม.","กรุงเทพมหานคร","399,000 บาท","มือสอง","เกียร์อัตโนมัติ"
"1786479868-574","https://www.one2car.com/%E0%B8%A3%E0%B8%96-%E0%B8%AA%E0%B8%B3%E0%B8%AB%E0%B8%A3%E0%B8%B1%E0%B8%9A-%E0%B8%82%E0%B8%B2%E0%B8%A2?type=used&page_number=51&page_size=26","https://www.one2car.com/%E0%B8%A3%E0%B8%96-%E0%B8%AA%E0%B8%B3%E0%B8%AB%E0%B8%A3%E0%B8%B1%E0%B8%9A-%E0%B8%82%E0%B8%B2%E0%B8%A2?type=used&page_number=81&page_size=26","2022 Toyota Corolla Cross 1.8 (ปี 20-26) Hybrid Smart SUV ...","- warranty ซ่อมศูนย์ นานสูงสุด 2 ปี -บริการช่วยเหลือฉุกเฉิน 24 ชม. ทั่วประเทศ 1 ปี ...","","65 - 70K กม.","กรุงเทพมหานคร","619,000 บาท","มือสอง","เกียร์อัตโนมัติ"
"1786479868-575","https://www.one2car.com/%E0%B8%A3%E0%B8%96-%E0%B8%AA%E0%B8%B3%E0%B8%AB%E0%B8%A3%E0%B8%B1%E0%B8%9A-%E0%B8%82%E0%B8%B2%E0%B8%A2?type=used&page_number=51&page_size=26","https://www.one2car.com/%E0%B8%A3%E0%B8%96-%E0%B8%AA%E0%B8%B3%E0%B8%AB%E0%B8%A3%E0%B8%B1%E0%B8%9A-%E0%B8%82%E0%B8%B2%E0%B8%A2?type=used&page_number=81&page_size=26","2018 Mercedes-Benz E350 2.0 W213 (ปี 16-23) e AMG Dynamic ...","- warranty ซ่อมศูนย์ นานสูงสุด 2 ปี -บริการช่วยเหลือฉุกเฉิน 24 ชม. ทั่วประเทศ 1 ปี ...","Mercedes-Benz E350","80 - 85K กม.","กรุงเทพมหานคร","859,000 บาท","มือสอง","เกียร์อัตโนมัติ"
"1786479868-576","https://www.one2car.com/%E0%B8%A3%E0%B8%96-%E0%B8%AA%E0%B8%B3%E0%B8%AB%E0%B8%A3%E0%B8%B1%E0%B8%9A-%E0%B8%82%E0%B8%B2%E0%B8%A2?type=used&page_number=51&page_size=26","https://www.one2car.com/%E0%B8%A3%E0%B8%96-%E0%B8%AA%E0%B8%B3%E0%B8%AB%E0%B8%A3%E0%B8%B1%E0%B8%9A-%E0%B8%82%E0%B8%B2%E0%B8%A2?type=used&page_number=81&page_size=26","2019 Toyota CAMRY 2.0 (ปี 18-24) G Sedan","- warranty ซ่อมศูนย์ นานสูงสุด 2 ปี -บริการช่วยเหลือฉุกเฉิน 24 ชม. ทั่วประเทศ 1 ปี ...","Toyota CAMRY","135 - 140K กม.","กรุงเทพมหานคร","635,000 บาท","มือสอง","เกียร์อัตโนมัติ"
"1786479868-577","https://www.one2car.com/%E0%B8%A3%E0%B8%96-%E0%B8%AA%E0%B8%B3%E0%B8%AB%E0%B8%A3%E0%B8%B1%E0%B8%9A-%E0%B8%82%E0%B8%B2%E0%B8%A2?type=used&page_number=51&page_size=26","https://www.one2car.com/%E0%B8%A3%E0%B8%96-%E0%B8%AA%E0%B8%B3%E0%B8%AB%E0%B8%A3%E0%B8%B1%E0%B8%9A-%E0%B8%82%E0%B8%B2%E0%B8%A2?type=used&page_number=81&page_size=26","2023 Mercedes-Benz C300 2.0 W205 (ปี 14-22) e AMG Sport Se...","- warranty ซ่อมศูนย์ นานสูงสุด 2 ปี -บริการช่วยเหลือฉุกเฉิน 24 ชม. ทั่วประเทศ 1 ปี ...","Mercedes-Benz C300","145 - 150K กม.","กรุงเทพมหานคร","759,000 บาท","มือสอง","เกียร์อัตโนมัติ"
"1786479873-578","https://www.one2car.com/%E0%B8%A3%E0%B8%96-%E0%B8%AA%E0%B8%B3%E0%B8%AB%E0%B8%A3%E0%B8%B1%E0%B8%9A-%E0%B8%82%E0%B8%B2%E0%B8%A2?type=used&page_number=51&page_size=26","https://www.one2car.com/%E0%B8%A3%E0%B8%96-%E0%B8%AA%E0%B8%B3%E0%B8%AB%E0%B8%A3%E0%B8%B1%E0%B8%9A-%E0%B8%82%E0%B8%B2%E0%B8%A2?type=used&page_number=82&page_size=26","2022 Mercedes-Benz C300 2.0 W205 (ปี 14-22) e AMG Sport Se...","- warranty ซ่อมศูนย์ นานสูงสุด 2 ปี -บริการช่วยเหลือฉุกเฉิน 24 ชม. ทั่วประเทศ 1 ปี ...","Mercedes-Benz C300","125 - 130K กม.","กรุงเทพมหานคร","899,000 บาท","มือสอง","เกียร์อัตโนมัติ"
"1786479873-579","https://www.one2car.com/%E0%B8%A3%E0%B8%96-%E0%B8%AA%E0%B8%B3%E0%B8%AB%E0%B8%A3%E0%B8%B1%E0%B8%9A-%E0%B8%82%E0%B8%B2%E0%B8%A2?type=used&page_number=51&page_size=26","https://www.one2car.com/%E0%B8%A3%E0%B8%96-%E0%B8%AA%E0%B8%B3%E0%B8%AB%E0%B8%A3%E0%B8%B1%E0%B8%9A-%E0%B8%82%E0%B8%B2%E0%B8%A2?type=used&page_number=82&page_size=26","2022 Toyota Corolla Cross 1.8 (ปี 20-26) Hybrid Premium SU...","- warranty ซ่อมศูนย์ นานสูงสุด 2 ปี -บริการช่วยเหลือฉุกเฉิน 24 ชม. ทั่วประเทศ 1 ปี ...","","110 - 115K กม.","กรุงเทพมหานคร","675,000 บาท","มือสอง","เกียร์อัตโนมัติ"
"1786479873-580","https://www.one2car.com/%E0%B8%A3%E0%B8%96-%E0%B8%AA%E0%B8%B3%E0%B8%AB%E0%B8%A3%E0%B8%B1%E0%B8%9A-%E0%B8%82%E0%B8%B2%E0%B8%A2?type=used&page_number=51&page_size=26","https://www.one2car.com/%E0%B8%A3%E0%B8%96-%E0%B8%AA%E0%B8%B3%E0%B8%AB%E0%B8%A3%E0%B8%B1%E0%B8%9A-%E0%B8%82%E0%B8%B2%E0%B8%A2?type=used&page_number=82&page_size=26","2020 BMW 320d 2.0 G20 (ปี 19-26) Sport Sedan","- warranty ซ่อมศูนย์ นานสูงสุด 2 ปี -บริการช่วยเหลือฉุกเฉิน 24 ชม. ทั่วประเทศ 1 ปี ...","BMW 320d","115 - 120K กม.","กรุงเทพมหานคร","899,000 บาท","มือสอง","เกียร์อัตโนมัติ"
"1786479873-581","https://www.one2car.com/%E0%B8%A3%E0%B8%96-%E0%B8%AA%E0%B8%B3%E0%B8%AB%E0%B8%A3%E0%B8%B1%E0%B8%9A-%E0%B8%82%E0%B8%B2%E0%B8%A2?type=used&page_number=51&page_size=26","https://www.one2car.com/%E0%B8%A3%E0%B8%96-%E0%B8%AA%E0%B8%B3%E0%B8%AB%E0%B8%A3%E0%B8%B1%E0%B8%9A-%E0%B8%82%E0%B8%B2%E0%B8%A2?type=used&page_number=82&page_size=26","2013 BMW 730Li 3.0 F02 (ปี 08-16) Sedan","- warranty ซ่อมศูนย์ นานสูงสุด 2 ปี -บริการช่วยเหลือฉุกเฉิน 24 ชม. ทั่วประเทศ 1 ปี ...","BMW 730Li","160 - 165K กม.","กรุงเทพมหานคร","459,000 บาท","มือสอง","เกียร์อัตโนมัติ"
"1786479873-582","https://www.one2car.com/%E0%B8%A3%E0%B8%96-%E0%B8%AA%E0%B8%B3%E0%B8%AB%E0%B8%A3%E0%B8%B1%E0%B8%9A-%E0%B8%82%E0%B8%B2%E0%B8%A2?type=used&page_number=51&page_size=26","https://www.one2car.com/%E0%B8%A3%E0%B8%96-%E0%B8%AA%E0%B8%B3%E0%B8%AB%E0%B8%A3%E0%B8%B1%E0%B8%9A-%E0%B8%82%E0%B8%B2%E0%B8%A2?type=used&page_number=82&page_size=26","2017 Mercedes-Benz E220 2.0 W213 (ปี 16-23) d AMG Dynamic ...","- warranty ซ่อมศูนย์ นานสูงสุด 2 ปี -บริการช่วยเหลือฉุกเฉิน 24 ชม. ทั่วประเทศ 1 ปี ...","Mercedes-Benz E220","175 - 180K กม.","กรุงเทพมหานคร","990,000 บาท","มือสอง","เกียร์อัตโนมัติ"
"1786479873-583","https://www.one2car.com/%E0%B8%A3%E0%B8%96-%E0%B8%AA%E0%B8%B3%E0%B8%AB%E0%B8%A3%E0%B8%B1%E0%B8%9A-%E0%B8%82%E0%B8%B2%E0%B8%A2?type=used&page_number=51&page_size=26","https://www.one2car.com/%E0%B8%A3%E0%B8%96-%E0%B8%AA%E0%B8%B3%E0%B8%AB%E0%B8%A3%E0%B8%B1%E0%B8%9A-%E0%B8%82%E0%B8%B2%E0%B8%A2?type=used&page_number=82&page_size=26","2023 Mercedes-Benz GLA200 1.3 W247 (ปี 20-27) AMG Dynamic ...","- warranty ซ่อมศูนย์ นานสูงสุด 2 ปี -บริการช่วยเหลือฉุกเฉิน 24 ชม. ทั่วประเทศ 1 ปี ...","","80 - 85K กม.","กรุงเทพมหานคร","1,090,000 บาท","มือสอง","เกียร์อัตโนมัติ"
"1786479873-584","https://www.one2car.com/%E0%B8%A3%E0%B8%96-%E0%B8%AA%E0%B8%B3%E0%B8%AB%E0%B8%A3%E0%B8%B1%E0%B8%9A-%E0%B8%82%E0%B8%B2%E0%B8%A2?type=used&page_number=51&page_size=26","https://www.one2car.com/%E0%B8%A3%E0%B8%96-%E0%B8%AA%E0%B8%B3%E0%B8%AB%E0%B8%A3%E0%B8%B1%E0%B8%9A-%E0%B8%82%E0%B8%B2%E0%B8%A2?type=used&page_number=82&page_size=26","2019 Toyota Corolla Altis 1.6 (ปี 19-25) G Sedan","- warranty ซ่อมศูนย์ นานสูงสุด 2 ปี -บริการช่วยเหลือฉุกเฉิน 24 ชม. ทั่วประเทศ 1 ปี ...","Toyota Corolla Altis","125 - 130K กม.","กรุงเทพมหานคร","419,000 บาท","มือสอง","เกียร์อัตโนมัติ"
"1786479873-585","https://www.one2car.com/%E0%B8%A3%E0%B8%96-%E0%B8%AA%E0%B8%B3%E0%B8%AB%E0%B8%A3%E0%B8%B1%E0%B8%9A-%E0%B8%82%E0%B8%B2%E0%B8%A2?type=used&page_number=51&page_size=26","https://www.one2car.com/%E0%B8%A3%E0%B8%96-%E0%B8%AA%E0%B8%B3%E0%B8%AB%E0%B8%A3%E0%B8%B1%E0%B8%9A-%E0%B8%82%E0%B8%B2%E0%B8%A2?type=used&page_number=82&page_size=26","2022 Mercedes-Benz C300 2.0 W205 (ปี 14-22) e AMG Sport Se...","- warranty ซ่อมศูนย์ นานสูงสุด 2 ปี -บริการช่วยเหลือฉุกเฉิน 24 ชม. ทั่วประเทศ 1 ปี ...","Mercedes-Benz C300","55 - 60K กม.","กรุงเทพมหานคร","859,000 บาท","มือสอง","เกียร์อัตโนมัติ"
"1786479873-586","https://www.one2car.com/%E0%B8%A3%E0%B8%96-%E0%B8%AA%E0%B8%B3%E0%B8%AB%E0%B8%A3%E0%B8%B1%E0%B8%9A-%E0%B8%82%E0%B8%B2%E0%B8%A2?type=used&page_number=51&page_size=26","https://www.one2car.com/%E0%B8%A3%E0%B8%96-%E0%B8%AA%E0%B8%B3%E0%B8%AB%E0%B8%A3%E0%B8%B1%E0%B8%9A-%E0%B8%82%E0%B8%B2%E0%B8%A2?type=used&page_number=82&page_size=26","2017 Volvo V40 2.0 (ปี 13-16) T4 Wagon","- warranty ซ่อมศูนย์ นานสูงสุด 2 ปี -บริการช่วยเหลือฉุกเฉิน 24 ชม. ทั่วประเทศ 1 ปี ...","","125 - 130K กม.","กรุงเทพมหานคร","375,000 บาท","มือสอง","เกียร์อัตโนมัติ"
"1786479873-587","https://www.one2car.com/%E0%B8%A3%E0%B8%96-%E0%B8%AA%E0%B8%B3%E0%B8%AB%E0%B8%A3%E0%B8%B1%E0%B8%9A-%E0%B8%82%E0%B8%B2%E0%B8%A2?type=used&page_number=51&page_size=26","https://www.one2car.com/%E0%B8%A3%E0%B8%96-%E0%B8%AA%E0%B8%B3%E0%B8%AB%E0%B8%A3%E0%B8%B1%E0%B8%9A-%E0%B8%82%E0%B8%B2%E0%B8%A2?type=used&page_number=82&page_size=26","2020 Mini Countryman 2.0 F60 Cooper S Hatchback","- warranty ซ่อมศูนย์ นานสูงสุด 2 ปี -บริการช่วยเหลือฉุกเฉิน 24 ชม. ทั่วประเทศ 1 ปี ...","","90 - 95K กม.","กรุงเทพมหานคร","859,000 บาท","มือสอง","เกียร์อัตโนมัติ"
"1786479873-588","https://www.one2car.com/%E0%B8%A3%E0%B8%96-%E0%B8%AA%E0%B8%B3%E0%B8%AB%E0%B8%A3%E0%B8%B1%E0%B8%9A-%E0%B8%82%E0%B8%B2%E0%B8%A2?type=used&page_number=51&page_size=26","https://www.one2car.com/%E0%B8%A3%E0%B8%96-%E0%B8%AA%E0%B8%B3%E0%B8%AB%E0%B8%A3%E0%B8%B1%E0%B8%9A-%E0%B8%82%E0%B8%B2%E0%B8%A2?type=used&page_number=82&page_size=26","2021 Honda CIVIC 1.5 FC (ปี 16-20) Turbo RS Sedan","- warranty ซ่อมศูนย์ นานสูงสุด 2 ปี -บริการช่วยเหลือฉุกเฉิน 24 ชม. ทั่วประเทศ 1 ปี ...","Honda CIVIC","135 - 140K กม.","กรุงเทพมหานคร","599,000 บาท","มือสอง","เกียร์อัตโนมัติ"
"1786479873-589","https://www.one2car.com/%E0%B8%A3%E0%B8%96-%E0%B8%AA%E0%B8%B3%E0%B8%AB%E0%B8%A3%E0%B8%B1%E0%B8%9A-%E0%B8%82%E0%B8%B2%E0%B8%A2?type=used&page_number=51&page_size=26","https://www.one2car.com/%E0%B8%A3%E0%B8%96-%E0%B8%AA%E0%B8%B3%E0%B8%AB%E0%B8%A3%E0%B8%B1%E0%B8%9A-%E0%B8%82%E0%B8%B2%E0%B8%A2?type=used&page_number=82&page_size=26","2021 Mazda CX-30 2.0 (ปี 20-26) SP SUV - AT","✅Contact LINE @sitauto (มี@) | 87,xxx km รุ่นท็อปSP มือเดียว โฉมล่าสุด รถสวย สภาพดี ...","","87866 กม.","กรุงเทพมหานคร","","","เกียร์อัตโนมัติ"
"1786479873-590","https://www.one2car.com/%E0%B8%A3%E0%B8%96-%E0%B8%AA%E0%B8%B3%E0%B8%AB%E0%B8%A3%E0%B8%B1%E0%B8%9A-%E0%B8%82%E0%B8%B2%E0%B8%A2?type=used&page_number=51&page_size=26","https://www.one2car.com/%E0%B8%A3%E0%B8%96-%E0%B8%AA%E0%B8%B3%E0%B8%AB%E0%B8%A3%E0%B8%B1%E0%B8%9A-%E0%B8%82%E0%B8%B2%E0%B8%A2?type=used&page_number=82&page_size=26","2021 Toyota CAMRY 2.0 (ปี 18-24) G Sedan","TOYOTA CAMRY 2.0G 2021 สีเงิน 🔥669,000 🔹ไมล์ 104,xxx Km. 🚘เบนซิน เซอร์วิสศูนย์ตลอด ...","Toyota CAMRY","100 - 105K กม.","กรุงเทพมหานคร","669,000 บาท","มือสอง","เกียร์อัตโนมัติ"
"1786479873-591","https://www.one2car.com/%E0%B8%A3%E0%B8%96-%E0%B8%AA%E0%B8%B3%E0%B8%AB%E0%B8%A3%E0%B8%B1%E0%B8%9A-%E0%B8%82%E0%B8%B2%E0%B8%A2?type=used&page_number=51&page_size=26","https://www.one2car.com/%E0%B8%A3%E0%B8%96-%E0%B8%AA%E0%B8%B3%E0%B8%AB%E0%B8%A3%E0%B8%B1%E0%B8%9A-%E0%B8%82%E0%B8%B2%E0%B8%A2?type=used&page_number=82&page_size=26","2018 Hyundai H-1 2.5 (ปี 18-24) Touring Van","🚗HYUNDAI H1 TOURING ปี2018🚗 ราคา 699,000 ฿ ลูกค้ามีเครดิต ประวัติดี ฟรีดาวน์⭐️ ผ่อน ...","Hyundai H-1","125 - 130K กม.","นนทบุรี","659,000 บาท","มือสอง","เกียร์อัตโนมัติ"
"1786479873-592","https://www.one2car.com/%E0%B8%A3%E0%B8%96-%E0%B8%AA%E0%B8%B3%E0%B8%AB%E0%B8%A3%E0%B8%B1%E0%B8%9A-%E0%B8%82%E0%B8%B2%E0%B8%A2?type=used&page_number=51&page_size=26","https://www.one2car.com/%E0%B8%A3%E0%B8%96-%E0%B8%AA%E0%B8%B3%E0%B8%AB%E0%B8%A3%E0%B8%B1%E0%B8%9A-%E0%B8%82%E0%B8%B2%E0%B8%A2?type=used&page_number=82&page_size=26","2023 Ford RANGER 2.0 Double Cab (ปี 22-28) WildTrak Pickup...","ไมล์แท้ 51,xxx KM เท่านั้น (วิ่งน้อยมาก) รุ่น Wildtrak 4WD ตัว Top สุดของเครื่องยนต์ 2.0 ...","Ford RANGER","51735 กม.","กรุงเทพมหานคร","859,000 บาท","มือสอง","เกียร์อัตโนมัติ"
"1786479873-593","https://www.one2car.com/%E0%B8%A3%E0%B8%96-%E0%B8%AA%E0%B8%B3%E0%B8%AB%E0%B8%A3%E0%B8%B1%E0%B8%9A-%E0%B8%82%E0%B8%B2%E0%B8%A2?type=used&page_number=51&page_size=26","https://www.one2car.com/%E0%B8%A3%E0%B8%96-%E0%B8%AA%E0%B8%B3%E0%B8%AB%E0%B8%A3%E0%B8%B1%E0%B8%9A-%E0%B8%82%E0%B8%B2%E0%B8%A2?type=used&page_number=82&page_size=26","2022 Ford RANGER 2.0 Double Cab (ปี 22-28) WildTrak Hi-Rid...","ไมล์แท้ 40,xxx KM (วิ่งน้อยมาก) Wildtrak 4WD (Bi-Turbo 210 แรงม้า) ตัว Top สุดเครื่องยนต์ ...","Ford RANGER","40378 กม.","กรุงเทพมหานคร","799,000 บาท","มือสอง","เกียร์อัตโนมัติ"
"1786479873-594","https://www.one2car.com/%E0%B8%A3%E0%B8%96-%E0%B8%AA%E0%B8%B3%E0%B8%AB%E0%B8%A3%E0%B8%B1%E0%B8%9A-%E0%B8%82%E0%B8%B2%E0%B8%A2?type=used&page_number=51&page_size=26","https://www.one2car.com/%E0%B8%A3%E0%B8%96-%E0%B8%AA%E0%B8%B3%E0%B8%AB%E0%B8%A3%E0%B8%B1%E0%B8%9A-%E0%B8%82%E0%B8%B2%E0%B8%A2?type=used&page_number=82&page_size=26","2022 Ford RANGER 2.0 Double Cab (ปี 22-28) WildTrak Hi-Rid...","Wildtrak 4WD (Bi-Turbo) รุ่น TOP สุดเครื่องยนต์ Bi-Turbo 4WD MODEL 2022 (NEXTGEN) ไมล์แท้ ...","Ford RANGER","97250 กม.","กรุงเทพมหานคร","829,000 บาท","มือสอง","เกียร์อัตโนมัติ"
"1786479873-595","https://www.one2car.com/%E0%B8%A3%E0%B8%96-%E0%B8%AA%E0%B8%B3%E0%B8%AB%E0%B8%A3%E0%B8%B1%E0%B8%9A-%E0%B8%82%E0%B8%B2%E0%B8%A2?type=used&page_number=51&page_size=26","https://www.one2car.com/%E0%B8%A3%E0%B8%96-%E0%B8%AA%E0%B8%B3%E0%B8%AB%E0%B8%A3%E0%B8%B1%E0%B8%9A-%E0%B8%82%E0%B8%B2%E0%B8%A2?type=used&page_number=82&page_size=26","2024 Ford RANGER 2.0 Double Cab (ปี 22-28) Stormtrak Hi-Ri...","2.0 Stormtrak Bi-Turbo (210 HP) ไมล์แท้ 27,xxx KMเท่านั้น (วิ่งน้อยมาก) รับประกันตัวรถ 5 ...","Ford RANGER","27434 กม.","กรุงเทพมหานคร","899,000 บาท","มือสอง","เกียร์อัตโนมัติ"
"1786479873-596","https://www.one2car.com/%E0%B8%A3%E0%B8%96-%E0%B8%AA%E0%B8%B3%E0%B8%AB%E0%B8%A3%E0%B8%B1%E0%B8%9A-%E0%B8%82%E0%B8%B2%E0%B8%A2?type=used&page_number=51&page_size=26","https://www.one2car.com/%E0%B8%A3%E0%B8%96-%E0%B8%AA%E0%B8%B3%E0%B8%AB%E0%B8%A3%E0%B8%B1%E0%B8%9A-%E0%B8%82%E0%B8%B2%E0%B8%A2?type=used&page_number=82&page_size=26","2021 Ford RANGER 2.0 Single Cab (ปี 15-21) SWB Pickup - MT...","รุ่น 2.0 SWB 2WD เกียร์ MT (ในเล่มทะเบียนลง SWB) ไมล์แท้ รถมือแรกจากป้ายแดง ...","Ford RANGER","92592 กม.","กรุงเทพมหานคร","379,000 บาท","มือสอง","เกียร์ธรรมดา"
"1786479873-597","https://www.one2car.com/%E0%B8%A3%E0%B8%96-%E0%B8%AA%E0%B8%B3%E0%B8%AB%E0%B8%A3%E0%B8%B1%E0%B8%9A-%E0%B8%82%E0%B8%B2%E0%B8%A2?type=used&page_number=51&page_size=26","https://www.one2car.com/%E0%B8%A3%E0%B8%96-%E0%B8%AA%E0%B8%B3%E0%B8%AB%E0%B8%A3%E0%B8%B1%E0%B8%9A-%E0%B8%82%E0%B8%B2%E0%B8%A2?type=used&page_number=82&page_size=26","2026 Ford RANGER 2.0 Single Cab (ปี 22-28) Flat Bed Pickup...","ไมล์แท้ 36 KM Special Model รุ่น SWB (Short Wheelbase) ตัวรถ Start Warranty วันที่ ...","Ford RANGER","36 กม.","กรุงเทพมหานคร","699,000 บาท","มือสอง","เกียร์อัตโนมัติ"
"1786479873-598","https://www.one2car.com/%E0%B8%A3%E0%B8%96-%E0%B8%AA%E0%B8%B3%E0%B8%AB%E0%B8%A3%E0%B8%B1%E0%B8%9A-%E0%B8%82%E0%B8%B2%E0%B8%A2?type=used&page_number=51&page_size=26","https://www.one2car.com/%E0%B8%A3%E0%B8%96-%E0%B8%AA%E0%B8%B3%E0%B8%AB%E0%B8%A3%E0%B8%B1%E0%B8%9A-%E0%B8%82%E0%B8%B2%E0%B8%A2?type=used&page_number=82&page_size=26","2017 BMW 528i 2.0 F10 (ปี 10-16) Luxury Sedan - AT","528i Luxury Model LCI แท้สามารถเช็กเลขตัวถังได้ ไมล์แท้ 163,xxx KM เท่านั้น (วิ่งน้อยมาก) ...","","163105 กม.","กรุงเทพมหานคร","529,000 บาท","มือสอง","เกียร์อัตโนมัติ"
"1786479873-599","https://www.one2car.com/%E0%B8%A3%E0%B8%96-%E0%B8%AA%E0%B8%B3%E0%B8%AB%E0%B8%A3%E0%B8%B1%E0%B8%9A-%E0%B8%82%E0%B8%B2%E0%B8%A2?type=used&page_number=51&page_size=26","https://www.one2car.com/%E0%B8%A3%E0%B8%96-%E0%B8%AA%E0%B8%B3%E0%B8%AB%E0%B8%A3%E0%B8%B1%E0%B8%9A-%E0%B8%82%E0%B8%B2%E0%B8%A2?type=used&page_number=82&page_size=26","2019 BMW 530e 2.0 G30 (ปี 17-22) M Sport Sedan - AT","530e M Sport (Top ที่สุดของ 530e) ไมล์แท้ ตัวรถออกจากศูนย์ BMW Millennium Auto (พระราม3) ...","","152299 กม.","กรุงเทพมหานคร","759,000 บาท","มือสอง","เกียร์อัตโนมัติ"
"1786479873-600","https://www.one2car.com/%E0%B8%A3%E0%B8%96-%E0%B8%AA%E0%B8%B3%E0%B8%AB%E0%B8%A3%E0%B8%B1%E0%B8%9A-%E0%B8%82%E0%B8%B2%E0%B8%A2?type=used&page_number=51&page_size=26","https://www.one2car.com/%E0%B8%A3%E0%B8%96-%E0%B8%AA%E0%B8%B3%E0%B8%AB%E0%B8%A3%E0%B8%B1%E0%B8%9A-%E0%B8%82%E0%B8%B2%E0%B8%A2?type=used&page_number=82&page_size=26","2023 BMW 530e 2.0 G30 (ปี 17-22) Luxury Sedan - AT","ไมล์แท้ 77,xxx KM 530e Luxury Model G30 LCI (Minorchange รุ่นสุดท้ายของ Model G30) มี ...","","77924 กม.","กรุงเทพมหานคร","1,150,000 บาท","มือสอง","เกียร์อัตโนมัติ"
"1786479873-601","https://www.one2car.com/%E0%B8%A3%E0%B8%96-%E0%B8%AA%E0%B8%B3%E0%B8%AB%E0%B8%A3%E0%B8%B1%E0%B8%9A-%E0%B8%82%E0%B8%B2%E0%B8%A2?type=used&page_number=51&page_size=26","https://www.one2car.com/%E0%B8%A3%E0%B8%96-%E0%B8%AA%E0%B8%B3%E0%B8%AB%E0%B8%A3%E0%B8%B1%E0%B8%9A-%E0%B8%82%E0%B8%B2%E0%B8%A2?type=used&page_number=82&page_size=26","2022 BMW 530e 2.0 G30 (ปี 17-22) Elite Sedan - AT","BMW 530e Elite ไมล์แท้ Model G30 LCI (Minorchange รุ่นสุดท้ายของ Model G30) มาพร้อม BSI ...","","119455 กม.","กรุงเทพมหานคร","899,000 บาท","มือสอง","เกียร์อัตโนมัติ"
"1786479879-602","https://www.one2car.com/%E0%B8%A3%E0%B8%96-%E0%B8%AA%E0%B8%B3%E0%B8%AB%E0%B8%A3%E0%B8%B1%E0%B8%9A-%E0%B8%82%E0%B8%B2%E0%B8%A2?type=used&page_number=51&page_size=26","https://www.one2car.com/%E0%B8%A3%E0%B8%96-%E0%B8%AA%E0%B8%B3%E0%B8%AB%E0%B8%A3%E0%B8%B1%E0%B8%9A-%E0%B8%82%E0%B8%B2%E0%B8%A2?type=used&page_number=83&page_size=26","2018 BMW 520d 2.0 G30 (ปี 17-22) Sport Sedan - AT","520d Sport Model G30 ไมล์แท้ 131,xxx KM เครื่องยนต์ดีเซลประหยัดน้ำมัน ทนทานสูง ...","BMW 520d","131822 กม.","กรุงเทพมหานคร","899,000 บาท","มือสอง","เกียร์อัตโนมัติ"
"1786479879-603","https://www.one2car.com/%E0%B8%A3%E0%B8%96-%E0%B8%AA%E0%B8%B3%E0%B8%AB%E0%B8%A3%E0%B8%B1%E0%B8%9A-%E0%B8%82%E0%B8%B2%E0%B8%A2?type=used&page_number=51&page_size=26","https://www.one2car.com/%E0%B8%A3%E0%B8%96-%E0%B8%AA%E0%B8%B3%E0%B8%AB%E0%B8%A3%E0%B8%B1%E0%B8%9A-%E0%B8%82%E0%B8%B2%E0%B8%A2?type=used&page_number=83&page_size=26","2023 BMW 520d 2.0 G30 (ปี 17-22) M Sport Sedan - AT","ไมล์แท้ รุ่น 520d M Sport (Top ที่สุดเครื่องดีเซล) Model G30 LCI (Minorchange) ...","BMW 520d","135949 กม.","กรุงเทพมหานคร","1,450,000 บาท","มือสอง","เกียร์อัตโนมัติ"
"1786479879-604","https://www.one2car.com/%E0%B8%A3%E0%B8%96-%E0%B8%AA%E0%B8%B3%E0%B8%AB%E0%B8%A3%E0%B8%B1%E0%B8%9A-%E0%B8%82%E0%B8%B2%E0%B8%A2?type=used&page_number=51&page_size=26","https://www.one2car.com/%E0%B8%A3%E0%B8%96-%E0%B8%AA%E0%B8%B3%E0%B8%AB%E0%B8%A3%E0%B8%B1%E0%B8%9A-%E0%B8%82%E0%B8%B2%E0%B8%A2?type=used&page_number=83&page_size=26","2021 BMW 520d 2.0 G30 (ปี 17-22) M Sport Sedan - AT","520d M Sport (Top ที่สุดเครื่องยนต์ดีเซล) Model G30 LCI (Minorchange) ไมล์แท้ พร้อมสีเทา ...","BMW 520d","117461 กม.","กรุงเทพมหานคร","1,290,000 บาท","มือสอง","เกียร์อัตโนมัติ"
"1786479879-605","https://www.one2car.com/%E0%B8%A3%E0%B8%96-%E0%B8%AA%E0%B8%B3%E0%B8%AB%E0%B8%A3%E0%B8%B1%E0%B8%9A-%E0%B8%82%E0%B8%B2%E0%B8%A2?type=used&page_number=51&page_size=26","https://www.one2car.com/%E0%B8%A3%E0%B8%96-%E0%B8%AA%E0%B8%B3%E0%B8%AB%E0%B8%A3%E0%B8%B1%E0%B8%9A-%E0%B8%82%E0%B8%B2%E0%B8%A2?type=used&page_number=83&page_size=26","2021 BMW 330Li 2.0 G28 (ปี 21-26) M Sport Sedan - AT","330Li M Sport (TOP ที่สุดของ Model G28) ไมล์แท้ Model G28 รุ่นตัวถังยาว ...","","99360 กม.","กรุงเทพมหานคร","1,100,000 บาท","มือสอง","เกียร์อัตโนมัติ"
"1786479879-606","https://www.one2car.com/%E0%B8%A3%E0%B8%96-%E0%B8%AA%E0%B8%B3%E0%B8%AB%E0%B8%A3%E0%B8%B1%E0%B8%9A-%E0%B8%82%E0%B8%B2%E0%B8%A2?type=used&page_number=51&page_size=26","https://www.one2car.com/%E0%B8%A3%E0%B8%96-%E0%B8%AA%E0%B8%B3%E0%B8%AB%E0%B8%A3%E0%B8%B1%E0%B8%9A-%E0%B8%82%E0%B8%B2%E0%B8%A2?type=used&page_number=83&page_size=26","2019 BMW 530e 2.0 G30 (ปี 17-22) M Sport Sedan","- warranty ซ่อมศูนย์ นานสูงสุด 2 ปี -บริการช่วยเหลือฉุกเฉิน 24 ชม. ทั่วประเทศ 1 ปี ...","","55 - 60K กม.","กรุงเทพมหานคร","819,000 บาท","มือสอง","เกียร์อัตโนมัติ"
"1786479879-607","https://www.one2car.com/%E0%B8%A3%E0%B8%96-%E0%B8%AA%E0%B8%B3%E0%B8%AB%E0%B8%A3%E0%B8%B1%E0%B8%9A-%E0%B8%82%E0%B8%B2%E0%B8%A2?type=used&page_number=51&page_size=26","https://www.one2car.com/%E0%B8%A3%E0%B8%96-%E0%B8%AA%E0%B8%B3%E0%B8%AB%E0%B8%A3%E0%B8%B1%E0%B8%9A-%E0%B8%82%E0%B8%B2%E0%B8%A2?type=used&page_number=83&page_size=26","2021 Mercedes-Benz GLC300 2.0 W253 (ปี 15-22) e 4MATIC AMG...","- warranty ซ่อมศูนย์ นานสูงสุด 2 ปี -บริการช่วยเหลือฉุกเฉิน 24 ชม. ทั่วประเทศ 1 ปี ...","","105 - 110K กม.","กรุงเทพมหานคร","1,190,000 บาท","มือสอง","เกียร์อัตโนมัติ"
"1786479879-608","https://www.one2car.com/%E0%B8%A3%E0%B8%96-%E0%B8%AA%E0%B8%B3%E0%B8%AB%E0%B8%A3%E0%B8%B1%E0%B8%9A-%E0%B8%82%E0%B8%B2%E0%B8%A2?type=used&page_number=51&page_size=26","https://www.one2car.com/%E0%B8%A3%E0%B8%96-%E0%B8%AA%E0%B8%B3%E0%B8%AB%E0%B8%A3%E0%B8%B1%E0%B8%9A-%E0%B8%82%E0%B8%B2%E0%B8%A2?type=used&page_number=83&page_size=26","2026 Mercedes-Benz A200 1.3 W177 (ปี 19-25) AMG Dynamic Se...","- warranty ซ่อมศูนย์ นานสูงสุด 2 ปี -บริการช่วยเหลือฉุกเฉิน 24 ชม. ทั่วประเทศ 1 ปี ...","","20 - 25K กม.","กรุงเทพมหานคร","1,350,000 บาท","มือสอง","เกียร์อัตโนมัติ"
"1786479879-609","https://www.one2car.com/%E0%B8%A3%E0%B8%96-%E0%B8%AA%E0%B8%B3%E0%B8%AB%E0%B8%A3%E0%B8%B1%E0%B8%9A-%E0%B8%82%E0%B8%B2%E0%B8%A2?type=used&page_number=51&page_size=26","https://www.one2car.com/%E0%B8%A3%E0%B8%96-%E0%B8%AA%E0%B8%B3%E0%B8%AB%E0%B8%A3%E0%B8%B1%E0%B8%9A-%E0%B8%82%E0%B8%B2%E0%B8%A2?type=used&page_number=83&page_size=26","2022 BMW X1 2.0 F48 (ปี 16-20) sDrive20d M Sport SUV","- warranty ซ่อมศูนย์ นานสูงสุด 2 ปี -บริการช่วยเหลือฉุกเฉิน 24 ชม. ทั่วประเทศ 1 ปี ...","BMW X1","20 - 25K กม.","กรุงเทพมหานคร","1,090,000 บาท","มือสอง","เกียร์อัตโนมัติ"
"1786479879-610","https://www.one2car.com/%E0%B8%A3%E0%B8%96-%E0%B8%AA%E0%B8%B3%E0%B8%AB%E0%B8%A3%E0%B8%B1%E0%B8%9A-%E0%B8%82%E0%B8%B2%E0%B8%A2?type=used&page_number=51&page_size=26","https://www.one2car.com/%E0%B8%A3%E0%B8%96-%E0%B8%AA%E0%B8%B3%E0%B8%AB%E0%B8%A3%E0%B8%B1%E0%B8%9A-%E0%B8%82%E0%B8%B2%E0%B8%A2?type=used&page_number=83&page_size=26","2017 Mercedes-Benz E220 2.0 W213 (ปี 16-23) d Avantgarde S...","- warranty ซ่อมศูนย์ นานสูงสุด 2 ปี -บริการช่วยเหลือฉุกเฉิน 24 ชม. ทั่วประเทศ 1 ปี ...","Mercedes-Benz E220","180 - 185K กม.","กรุงเทพมหานคร","699,000 บาท","มือสอง","เกียร์อัตโนมัติ"
"1786479879-611","https://www.one2car.com/%E0%B8%A3%E0%B8%96-%E0%B8%AA%E0%B8%B3%E0%B8%AB%E0%B8%A3%E0%B8%B1%E0%B8%9A-%E0%B8%82%E0%B8%B2%E0%B8%A2?type=used&page_number=51&page_size=26","https://www.one2car.com/%E0%B8%A3%E0%B8%96-%E0%B8%AA%E0%B8%B3%E0%B8%AB%E0%B8%A3%E0%B8%B1%E0%B8%9A-%E0%B8%82%E0%B8%B2%E0%B8%A2?type=used&page_number=83&page_size=26","2022 BMW 320Li 2.0 G28 (ปี 21-26) Luxury Sedan","- warranty ซ่อมศูนย์ นานสูงสุด 2 ปี -บริการช่วยเหลือฉุกเฉิน 24 ชม. ทั่วประเทศ 1 ปี ...","","55 - 60K กม.","กรุงเทพมหานคร","1,059,000 บาท","มือสอง","เกียร์อัตโนมัติ"
"1786479879-612","https://www.one2car.com/%E0%B8%A3%E0%B8%96-%E0%B8%AA%E0%B8%B3%E0%B8%AB%E0%B8%A3%E0%B8%B1%E0%B8%9A-%E0%B8%82%E0%B8%B2%E0%B8%A2?type=used&page_number=51&page_size=26","https://www.one2car.com/%E0%B8%A3%E0%B8%96-%E0%B8%AA%E0%B8%B3%E0%B8%AB%E0%B8%A3%E0%B8%B1%E0%B8%9A-%E0%B8%82%E0%B8%B2%E0%B8%A2?type=used&page_number=83&page_size=26","2016 Toyota CAMRY 2.5 (ปี 12-18) Hybrid Sedan","- warranty ซ่อมศูนย์ นานสูงสุด 2 ปี -บริการช่วยเหลือฉุกเฉิน 24 ชม. ทั่วประเทศ 1 ปี ...","Toyota CAMRY","135 - 140K กม.","กรุงเทพมหานคร","399,000 บาท","มือสอง","เกียร์อัตโนมัติ"
"1786479879-613","https://www.one2car.com/%E0%B8%A3%E0%B8%96-%E0%B8%AA%E0%B8%B3%E0%B8%AB%E0%B8%A3%E0%B8%B1%E0%B8%9A-%E0%B8%82%E0%B8%B2%E0%B8%A2?type=used&page_number=51&page_size=26","https://www.one2car.com/%E0%B8%A3%E0%B8%96-%E0%B8%AA%E0%B8%B3%E0%B8%AB%E0%B8%A3%E0%B8%B1%E0%B8%9A-%E0%B8%82%E0%B8%B2%E0%B8%A2?type=used&page_number=83&page_size=26","2019 Volvo XC90 2.0 (ปี 16-26) T8 R-Design SUV","- warranty ซ่อมศูนย์ นานสูงสุด 2 ปี -บริการช่วยเหลือฉุกเฉิน 24 ชม. ทั่วประเทศ 1 ปี ...","Volvo XC90","125 - 130K กม.","กรุงเทพมหานคร","890,000 บาท","มือสอง","เกียร์อัตโนมัติ"
"1786479879-614","https://www.one2car.com/%E0%B8%A3%E0%B8%96-%E0%B8%AA%E0%B8%B3%E0%B8%AB%E0%B8%A3%E0%B8%B1%E0%B8%9A-%E0%B8%82%E0%B8%B2%E0%B8%A2?type=used&page_number=51&page_size=26","https://www.one2car.com/%E0%B8%A3%E0%B8%96-%E0%B8%AA%E0%B8%B3%E0%B8%AB%E0%B8%A3%E0%B8%B1%E0%B8%9A-%E0%B8%82%E0%B8%B2%E0%B8%A2?type=used&page_number=83&page_size=26","2020 Mercedes-Benz S560 3.0 W222 (ปี 13-21) e AMG Premium ...","- warranty ซ่อมศูนย์ นานสูงสุด 2 ปี -บริการช่วยเหลือฉุกเฉิน 24 ชม. ทั่วประเทศ 1 ปี ...","","125 - 130K กม.","กรุงเทพมหานคร","1,790,000 บาท","มือสอง","เกียร์อัตโนมัติ"
"1786479879-615","https://www.one2car.com/%E0%B8%A3%E0%B8%96-%E0%B8%AA%E0%B8%B3%E0%B8%AB%E0%B8%A3%E0%B8%B1%E0%B8%9A-%E0%B8%82%E0%B8%B2%E0%B8%A2?type=used&page_number=51&page_size=26","https://www.one2car.com/%E0%B8%A3%E0%B8%96-%E0%B8%AA%E0%B8%B3%E0%B8%AB%E0%B8%A3%E0%B8%B1%E0%B8%9A-%E0%B8%82%E0%B8%B2%E0%B8%A2?type=used&page_number=83&page_size=26","2020 Mercedes-Benz E300 2.0 W213 (ปี 16-23) e AMG Dynamic ...","- warranty ซ่อมศูนย์ นานสูงสุด 2 ปี -บริการช่วยเหลือฉุกเฉิน 24 ชม. ทั่วประเทศ 1 ปี ...","Mercedes-Benz E300","155 - 160K กม.","กรุงเทพมหานคร","799,000 บาท","มือสอง","เกียร์อัตโนมัติ"
"1786479879-616","https://www.one2car.com/%E0%B8%A3%E0%B8%96-%E0%B8%AA%E0%B8%B3%E0%B8%AB%E0%B8%A3%E0%B8%B1%E0%B8%9A-%E0%B8%82%E0%B8%B2%E0%B8%A2?type=used&page_number=51&page_size=26","https://www.one2car.com/%E0%B8%A3%E0%B8%96-%E0%B8%AA%E0%B8%B3%E0%B8%AB%E0%B8%A3%E0%B8%B1%E0%B8%9A-%E0%B8%82%E0%B8%B2%E0%B8%A2?type=used&page_number=83&page_size=26","2021 Mercedes-Benz GLC220 2.0 W253 (ปี 15-22) d 4MATIC AMG...","- warranty ซ่อมศูนย์ นานสูงสุด 2 ปี -บริการช่วยเหลือฉุกเฉิน 24 ชม. ทั่วประเทศ 1 ปี ...","","195 - 200K กม.","กรุงเทพมหานคร","1,090,000 บาท","มือสอง","เกียร์อัตโนมัติ"
"1786479879-617","https://www.one2car.com/%E0%B8%A3%E0%B8%96-%E0%B8%AA%E0%B8%B3%E0%B8%AB%E0%B8%A3%E0%B8%B1%E0%B8%9A-%E0%B8%82%E0%B8%B2%E0%B8%A2?type=used&page_number=51&page_size=26","https://www.one2car.com/%E0%B8%A3%E0%B8%96-%E0%B8%AA%E0%B8%B3%E0%B8%AB%E0%B8%A3%E0%B8%B1%E0%B8%9A-%E0%B8%82%E0%B8%B2%E0%B8%A2?type=used&page_number=83&page_size=26","2020 Mazda CX-30 2.0 (ปี 20-26) SP SUV - AT","✅Contact LINE @sitauto (มี@) | 60,xxx km รุ่นท็อปSP มือเดียว โฉมล่าสุด รถสวย สภาพดี ...","","59019 กม.","กรุงเทพมหานคร","529,000 บาท","มือสอง","เกียร์อัตโนมัติ"
"1786479879-618","https://www.one2car.com/%E0%B8%A3%E0%B8%96-%E0%B8%AA%E0%B8%B3%E0%B8%AB%E0%B8%A3%E0%B8%B1%E0%B8%9A-%E0%B8%82%E0%B8%B2%E0%B8%A2?type=used&page_number=51&page_size=26","https://www.one2car.com/%E0%B8%A3%E0%B8%96-%E0%B8%AA%E0%B8%B3%E0%B8%AB%E0%B8%A3%E0%B8%B1%E0%B8%9A-%E0%B8%82%E0%B8%B2%E0%B8%A2?type=used&page_number=83&page_size=26","2009 BMW 325i 2.5 E92 (ปี 05-13) Sport Coupe - AT","BMW 325i COUPE E92 ไมล์แท้ 78,xxx KM เท่านั้น สเปก Top ที่สุดที่ BMW Thailand ...","","78284 กม.","กรุงเทพมหานคร","699,000 บาท","มือสอง","เกียร์อัตโนมัติ"
"1786479879-619","https://www.one2car.com/%E0%B8%A3%E0%B8%96-%E0%B8%AA%E0%B8%B3%E0%B8%AB%E0%B8%A3%E0%B8%B1%E0%B8%9A-%E0%B8%82%E0%B8%B2%E0%B8%A2?type=used&page_number=51&page_size=26","https://www.one2car.com/%E0%B8%A3%E0%B8%96-%E0%B8%AA%E0%B8%B3%E0%B8%AB%E0%B8%A3%E0%B8%B1%E0%B8%9A-%E0%B8%82%E0%B8%B2%E0%B8%A2?type=used&page_number=83&page_size=26","2023 BMW X1 2.0 F48 (ปี 16-20) sDrive20d xLine SUV","- warranty ซ่อมศูนย์ นานสูงสุด 2 ปี -บริการช่วยเหลือฉุกเฉิน 24 ชม. ทั่วประเทศ 1 ปี ...","BMW X1","35 - 40K กม.","กรุงเทพมหานคร","990,000 บาท","มือสอง","เกียร์อัตโนมัติ"
"1786479879-620","https://www.one2car.com/%E0%B8%A3%E0%B8%96-%E0%B8%AA%E0%B8%B3%E0%B8%AB%E0%B8%A3%E0%B8%B1%E0%B8%9A-%E0%B8%82%E0%B8%B2%E0%B8%A2?type=used&page_number=51&page_size=26","https://www.one2car.com/%E0%B8%A3%E0%B8%96-%E0%B8%AA%E0%B8%B3%E0%B8%AB%E0%B8%A3%E0%B8%B1%E0%B8%9A-%E0%B8%82%E0%B8%B2%E0%B8%A2?type=used&page_number=83&page_size=26","2019 Volvo XC90 2.0 (ปี 16-26) T8 R-Design SUV - AWD","- warranty ซ่อมศูนย์ นานสูงสุด 2 ปี -บริการช่วยเหลือฉุกเฉิน 24 ชม. ทั่วประเทศ 1 ปี ...","Volvo XC90","125 - 130K กม.","กรุงเทพมหานคร","890,000 บาท","มือสอง","เกียร์อัตโนมัติ"
"1786479879-621","https://www.one2car.com/%E0%B8%A3%E0%B8%96-%E0%B8%AA%E0%B8%B3%E0%B8%AB%E0%B8%A3%E0%B8%B1%E0%B8%9A-%E0%B8%82%E0%B8%B2%E0%B8%A2?type=used&page_number=51&page_size=26","https://www.one2car.com/%E0%B8%A3%E0%B8%96-%E0%B8%AA%E0%B8%B3%E0%B8%AB%E0%B8%A3%E0%B8%B1%E0%B8%9A-%E0%B8%82%E0%B8%B2%E0%B8%A2?type=used&page_number=83&page_size=26","2021 Mercedes-Benz C300 2.0 W205 (ปี 14-22) e AMG Sport Se...","- warranty ซ่อมศูนย์ นานสูงสุด 2 ปี -บริการช่วยเหลือฉุกเฉิน 24 ชม. ทั่วประเทศ 1 ปี ...","Mercedes-Benz C300","65 - 70K กม.","กรุงเทพมหานคร","899,000 บาท","มือสอง","เกียร์อัตโนมัติ"
"1786479879-622","https://www.one2car.com/%E0%B8%A3%E0%B8%96-%E0%B8%AA%E0%B8%B3%E0%B8%AB%E0%B8%A3%E0%B8%B1%E0%B8%9A-%E0%B8%82%E0%B8%B2%E0%B8%A2?type=used&page_number=51&page_size=26","https://www.one2car.com/%E0%B8%A3%E0%B8%96-%E0%B8%AA%E0%B8%B3%E0%B8%AB%E0%B8%A3%E0%B8%B1%E0%B8%9A-%E0%B8%82%E0%B8%B2%E0%B8%A2?type=used&page_number=83&page_size=26","2010 Toyota HILUX VIGO 2.5 Double Cab (ปี 08-11) E Prerunn...","- warranty ซ่อมศูนย์ นานสูงสุด 2 ปี -บริการช่วยเหลือฉุกเฉิน 24 ชม. ทั่วประเทศ 1 ปี ...","Toyota HILUX VIGO","135 - 140K กม.","กรุงเทพมหานคร","285,000 บาท","มือสอง","เกียร์ธรรมดา"
"1786479879-623","https://www.one2car.com/%E0%B8%A3%E0%B8%96-%E0%B8%AA%E0%B8%B3%E0%B8%AB%E0%B8%A3%E0%B8%B1%E0%B8%9A-%E0%B8%82%E0%B8%B2%E0%B8%A2?type=used&page_number=51&page_size=26","https://www.one2car.com/%E0%B8%A3%E0%B8%96-%E0%B8%AA%E0%B8%B3%E0%B8%AB%E0%B8%A3%E0%B8%B1%E0%B8%9A-%E0%B8%82%E0%B8%B2%E0%B8%A2?type=used&page_number=83&page_size=26","2025 BMW 220i 2.0 F44 (ปี 20-27) Gran M Sport Coupe","- warranty ซ่อมศูนย์ นานสูงสุด 2 ปี -บริการช่วยเหลือฉุกเฉิน 24 ชม. ทั่วประเทศ 1 ปี ...","","30 - 35K กม.","กรุงเทพมหานคร","1,090,000 บาท","มือสอง","เกียร์อัตโนมัติ"
"1786479879-624","https://www.one2car.com/%E0%B8%A3%E0%B8%96-%E0%B8%AA%E0%B8%B3%E0%B8%AB%E0%B8%A3%E0%B8%B1%E0%B8%9A-%E0%B8%82%E0%B8%B2%E0%B8%A2?type=used&page_number=51&page_size=26","https://www.one2car.com/%E0%B8%A3%E0%B8%96-%E0%B8%AA%E0%B8%B3%E0%B8%AB%E0%B8%A3%E0%B8%B1%E0%B8%9A-%E0%B8%82%E0%B8%B2%E0%B8%A2?type=used&page_number=83&page_size=26","2011 Toyota HIACE 2.5 Commuter (ปี 05-19) D4D Van","- warranty ซ่อมศูนย์ นานสูงสุด 2 ปี -บริการช่วยเหลือฉุกเฉิน 24 ชม. ทั่วประเทศ 1 ปี ...","Toyota HIACE","280 - 285K กม.","กรุงเทพมหานคร","419,000 บาท","มือสอง","เกียร์ธรรมดา"
"1786479879-625","https://www.one2car.com/%E0%B8%A3%E0%B8%96-%E0%B8%AA%E0%B8%B3%E0%B8%AB%E0%B8%A3%E0%B8%B1%E0%B8%9A-%E0%B8%82%E0%B8%B2%E0%B8%A2?type=used&page_number=51&page_size=26","https://www.one2car.com/%E0%B8%A3%E0%B8%96-%E0%B8%AA%E0%B8%B3%E0%B8%AB%E0%B8%A3%E0%B8%B1%E0%B8%9A-%E0%B8%82%E0%B8%B2%E0%B8%A2?type=used&page_number=83&page_size=26","2022 BMW 330e 2.0 G20 (ปี 19-26) M Sport Sedan - AT","330e M Sport (G20) รุ่น TOP ไมล์แท้ มาพร้อม BSI Ultimate Package จาก BMW (BSI Plus ...","BMW 330e","109953 กม.","กรุงเทพมหานคร","959,000 บาท","มือสอง","เกียร์อัตโนมัติ"
"1786479893-626","https://www.one2car.com/%E0%B8%A3%E0%B8%96-%E0%B8%AA%E0%B8%B3%E0%B8%AB%E0%B8%A3%E0%B8%B1%E0%B8%9A-%E0%B8%82%E0%B8%B2%E0%B8%A2?type=used&page_number=51&page_size=26","https://www.one2car.com/%E0%B8%A3%E0%B8%96-%E0%B8%AA%E0%B8%B3%E0%B8%AB%E0%B8%A3%E0%B8%B1%E0%B8%9A-%E0%B8%82%E0%B8%B2%E0%B8%A2?type=used&page_number=84&page_size=26","2021 Audi Q3 1.4 (ปี 19-25) Sportback 35 TFSI S line SUV  ...","- warranty ซ่อมศูนย์ นานสูงสุด 2 ปี -บริการช่วยเหลือฉุกเฉิน 24 ชม. ทั่วประเทศ 1 ปี ...","","80 - 85K กม.","กรุงเทพมหานคร","899,000 บาท","มือสอง","เกียร์อัตโนมัติ"
"1786479893-627","https://www.one2car.com/%E0%B8%A3%E0%B8%96-%E0%B8%AA%E0%B8%B3%E0%B8%AB%E0%B8%A3%E0%B8%B1%E0%B8%9A-%E0%B8%82%E0%B8%B2%E0%B8%A2?type=used&page_number=51&page_size=26","https://www.one2car.com/%E0%B8%A3%E0%B8%96-%E0%B8%AA%E0%B8%B3%E0%B8%AB%E0%B8%A3%E0%B8%B1%E0%B8%9A-%E0%B8%82%E0%B8%B2%E0%B8%A2?type=used&page_number=84&page_size=26","2019 BMW 330e 2.0 F30 (ปี 16-20) M Sport Sedan","- warranty ซ่อมศูนย์ นานสูงสุด 2 ปี -บริการช่วยเหลือฉุกเฉิน 24 ชม. ทั่วประเทศ 1 ปี ...","BMW 330e","145 - 150K กม.","กรุงเทพมหานคร","659,000 บาท","มือสอง","เกียร์อัตโนมัติ"
"1786479893-628","https://www.one2car.com/%E0%B8%A3%E0%B8%96-%E0%B8%AA%E0%B8%B3%E0%B8%AB%E0%B8%A3%E0%B8%B1%E0%B8%9A-%E0%B8%82%E0%B8%B2%E0%B8%A2?type=used&page_number=51&page_size=26","https://www.one2car.com/%E0%B8%A3%E0%B8%96-%E0%B8%AA%E0%B8%B3%E0%B8%AB%E0%B8%A3%E0%B8%B1%E0%B8%9A-%E0%B8%82%E0%B8%B2%E0%B8%A2?type=used&page_number=84&page_size=26","2021 Mazda CX-8 2.5 (ปี 19-26) SP SUV","- warranty ซ่อมศูนย์ นานสูงสุด 2 ปี -บริการช่วยเหลือฉุกเฉิน 24 ชม. ทั่วประเทศ 1 ปี ...","","150 - 155K กม.","กรุงเทพมหานคร","559,000 บาท","มือสอง","เกียร์อัตโนมัติ"
"1786479893-629","https://www.one2car.com/%E0%B8%A3%E0%B8%96-%E0%B8%AA%E0%B8%B3%E0%B8%AB%E0%B8%A3%E0%B8%B1%E0%B8%9A-%E0%B8%82%E0%B8%B2%E0%B8%A2?type=used&page_number=51&page_size=26","https://www.one2car.com/%E0%B8%A3%E0%B8%96-%E0%B8%AA%E0%B8%B3%E0%B8%AB%E0%B8%A3%E0%B8%B1%E0%B8%9A-%E0%B8%82%E0%B8%B2%E0%B8%A2?type=used&page_number=84&page_size=26","2020 BMW 320d 2.0 F34 (ปี 13-16) Gran Turismo M Sport Seda...","320d F34 Gran Turismo M Sport รุ่น Top ที่สุด Model LCI รุ่นสุดท้ายของ F34 (Minorchange) ...","BMW 320d","135723 กม.","กรุงเทพมหานคร","799,000 บาท","มือสอง","เกียร์อัตโนมัติ"
"1786479893-630","https://www.one2car.com/%E0%B8%A3%E0%B8%96-%E0%B8%AA%E0%B8%B3%E0%B8%AB%E0%B8%A3%E0%B8%B1%E0%B8%9A-%E0%B8%82%E0%B8%B2%E0%B8%A2?type=used&page_number=51&page_size=26","https://www.one2car.com/%E0%B8%A3%E0%B8%96-%E0%B8%AA%E0%B8%B3%E0%B8%AB%E0%B8%A3%E0%B8%B1%E0%B8%9A-%E0%B8%82%E0%B8%B2%E0%B8%A2?type=used&page_number=84&page_size=26","2021 BMW X1 2.0 F48 (ปี 16-20) sDrive20d M Sport SUV - AT ...","X1 M SPORT (TOP) Model LCI (Minorchange) รุ่นสุดท้ายของ F48 ไมล์แท้ ...","BMW X1","96994 กม.","กรุงเทพมหานคร","929,000 บาท","มือสอง","เกียร์อัตโนมัติ"
"1786479893-631","https://www.one2car.com/%E0%B8%A3%E0%B8%96-%E0%B8%AA%E0%B8%B3%E0%B8%AB%E0%B8%A3%E0%B8%B1%E0%B8%9A-%E0%B8%82%E0%B8%B2%E0%B8%A2?type=used&page_number=51&page_size=26","https://www.one2car.com/%E0%B8%A3%E0%B8%96-%E0%B8%AA%E0%B8%B3%E0%B8%AB%E0%B8%A3%E0%B8%B1%E0%B8%9A-%E0%B8%82%E0%B8%B2%E0%B8%A2?type=used&page_number=84&page_size=26","2021 BMW X2 2.0 F39 (ปี 18-24) sDrive20i M Sport X SUV - A...","X2 (F39) M Sport X เกียร์ DCT เครื่องยนต์เบนซินล้วน สภาพตัวรถโดยรวมไม่ต่างจากรถใหม่ ...","","79180 กม.","กรุงเทพมหานคร","799,000 บาท","มือสอง","เกียร์อัตโนมัติ"
"1786479893-632","https://www.one2car.com/%E0%B8%A3%E0%B8%96-%E0%B8%AA%E0%B8%B3%E0%B8%AB%E0%B8%A3%E0%B8%B1%E0%B8%9A-%E0%B8%82%E0%B8%B2%E0%B8%A2?type=used&page_number=51&page_size=26","https://www.one2car.com/%E0%B8%A3%E0%B8%96-%E0%B8%AA%E0%B8%B3%E0%B8%AB%E0%B8%A3%E0%B8%B1%E0%B8%9A-%E0%B8%82%E0%B8%B2%E0%B8%A2?type=used&page_number=84&page_size=26","2024 Mercedes-Benz Vito 2.0 W447 (ปี 14-26) 119 CDI Tourer...","Youtube : BENZ NK CHANNAL Instagram : @Benznk_Official Official Line @Benz_NK ( add line ...","","5615 กม.","กรุงเทพมหานคร","2,190,000 บาท","มือสอง","เกียร์อัตโนมัติ"
"1786479893-633","https://www.one2car.com/%E0%B8%A3%E0%B8%96-%E0%B8%AA%E0%B8%B3%E0%B8%AB%E0%B8%A3%E0%B8%B1%E0%B8%9A-%E0%B8%82%E0%B8%B2%E0%B8%A2?type=used&page_number=51&page_size=26","https://www.one2car.com/%E0%B8%A3%E0%B8%96-%E0%B8%AA%E0%B8%B3%E0%B8%AB%E0%B8%A3%E0%B8%B1%E0%B8%9A-%E0%B8%82%E0%B8%B2%E0%B8%A2?type=used&page_number=84&page_size=26","2025 Toyota CAMRY 2.5 (ปี 24-31) HEV Premium Luxury Sedan ...","🎀Toyota Camry 2.5 HEV Premium Luxury ปี 2025🎀 😱🎀ราคาวันนี้ 1,499,000 บาท🎀😱 ...","Toyota CAMRY","17375 กม.","กรุงเทพมหานคร","","","เกียร์อัตโนมัติ"
"1786479893-634","https://www.one2car.com/%E0%B8%A3%E0%B8%96-%E0%B8%AA%E0%B8%B3%E0%B8%AB%E0%B8%A3%E0%B8%B1%E0%B8%9A-%E0%B8%82%E0%B8%B2%E0%B8%A2?type=used&page_number=51&page_size=26","https://www.one2car.com/%E0%B8%A3%E0%B8%96-%E0%B8%AA%E0%B8%B3%E0%B8%AB%E0%B8%A3%E0%B8%B1%E0%B8%9A-%E0%B8%82%E0%B8%B2%E0%B8%A2?type=used&page_number=84&page_size=26","2023 Ford RANGER 2.0 Double Cab (ปี 22-28) Stormtrak Hi-Ri...","✔️ เลขไมล์เพียง 38,000 กม. ✔️ เครื่องยนต์ดีเซล 2 ลิตร Bi-Turbo 210 แรงม้า ✔️ ...","Ford RANGER","35 - 40K กม.","กรุงเทพมหานคร","","","เกียร์อัตโนมัติ"
"1786479893-635","https://www.one2car.com/%E0%B8%A3%E0%B8%96-%E0%B8%AA%E0%B8%B3%E0%B8%AB%E0%B8%A3%E0%B8%B1%E0%B8%9A-%E0%B8%82%E0%B8%B2%E0%B8%A2?type=used&page_number=51&page_size=26","https://www.one2car.com/%E0%B8%A3%E0%B8%96-%E0%B8%AA%E0%B8%B3%E0%B8%AB%E0%B8%A3%E0%B8%B1%E0%B8%9A-%E0%B8%82%E0%B8%B2%E0%B8%A2?type=used&page_number=84&page_size=26","2017 BMW 218i 1.5 F45 (ปี 14-19) Active Tourer Hatchback  ...","BMW 218i 1.5 F45 Active Tourer A/T ปี 2017 - ราคา 419,000 บาท - ฟรีดาวน์ - ผ่อน 8,xxx บาท ...","","115 - 120K กม.","กรุงเทพมหานคร","","","เกียร์อัตโนมัติ"
"1786479893-636","https://www.one2car.com/%E0%B8%A3%E0%B8%96-%E0%B8%AA%E0%B8%B3%E0%B8%AB%E0%B8%A3%E0%B8%B1%E0%B8%9A-%E0%B8%82%E0%B8%B2%E0%B8%A2?type=used&page_number=51&page_size=26","https://www.one2car.com/%E0%B8%A3%E0%B8%96-%E0%B8%AA%E0%B8%B3%E0%B8%AB%E0%B8%A3%E0%B8%B1%E0%B8%9A-%E0%B8%82%E0%B8%B2%E0%B8%A2?type=used&page_number=84&page_size=26","2023 Ford RANGER 2.0 Double Cab (ปี 22-28) XLT Hi-Rider Pi...","FORD RANGER 2.0 TURBO XLT Hi-Rider Double Cab เกียร์ออโต้ ปี 2023 กระบะยอดนิยม ...","Ford RANGER","45 - 50K กม.","กรุงเทพมหานคร","","","เกียร์อัตโนมัติ"
"1786479893-637","https://www.one2car.com/%E0%B8%A3%E0%B8%96-%E0%B8%AA%E0%B8%B3%E0%B8%AB%E0%B8%A3%E0%B8%B1%E0%B8%9A-%E0%B8%82%E0%B8%B2%E0%B8%A2?type=used&page_number=51&page_size=26","https://www.one2car.com/%E0%B8%A3%E0%B8%96-%E0%B8%AA%E0%B8%B3%E0%B8%AB%E0%B8%A3%E0%B8%B1%E0%B8%9A-%E0%B8%82%E0%B8%B2%E0%B8%A2?type=used&page_number=84&page_size=26","2018 Toyota HILUX REVO 2.4 Double Cab J Plus Pickup","Toyota HILUX REVO 2.4 J Plus Double Cab MT. 2018 ราคา 379,000 บาท เครดิตดีฟรีดาวน์ ผ่อน ...","Toyota HILUX REVO","75 - 80K กม.","นนทบุรี","379,000 บาท","มือสอง","เกียร์อัตโนมัติ"
"1786479893-638","https://www.one2car.com/%E0%B8%A3%E0%B8%96-%E0%B8%AA%E0%B8%B3%E0%B8%AB%E0%B8%A3%E0%B8%B1%E0%B8%9A-%E0%B8%82%E0%B8%B2%E0%B8%A2?type=used&page_number=51&page_size=26","https://www.one2car.com/%E0%B8%A3%E0%B8%96-%E0%B8%AA%E0%B8%B3%E0%B8%AB%E0%B8%A3%E0%B8%B1%E0%B8%9A-%E0%B8%82%E0%B8%B2%E0%B8%A2?type=used&page_number=84&page_size=26","2021 Honda ACCORD 2.0 (ปี 19-23) e:HEV EL+ Sedan - e HEV E...","🔥ราคาพิเศษ🔥6️⃣7️⃣0️⃣0️⃣0️⃣0️⃣ Honda ACCORD 2.0 e:HEV EL+ AT. 2021 ราคา 670,000 บาท ...","Honda ACCORD","190 - 195K กม.","นนทบุรี","","","เกียร์อัตโนมัติ"
"1786479893-639","https://www.one2car.com/%E0%B8%A3%E0%B8%96-%E0%B8%AA%E0%B8%B3%E0%B8%AB%E0%B8%A3%E0%B8%B1%E0%B8%9A-%E0%B8%82%E0%B8%B2%E0%B8%A2?type=used&page_number=51&page_size=26","https://www.one2car.com/%E0%B8%A3%E0%B8%96-%E0%B8%AA%E0%B8%B3%E0%B8%AB%E0%B8%A3%E0%B8%B1%E0%B8%9A-%E0%B8%82%E0%B8%B2%E0%B8%A2?type=used&page_number=84&page_size=26","2023 Mercedes-Benz E300 2.0 W213 (ปี 16-23) e Avantgarde S...","ไมล์แท้ 53,xxx KM เท่านั้น (วิ่งน้อยมาก) รุ่น E300e Avantgarde Model Facelift ...","Mercedes-Benz E300","53949 กม.","กรุงเทพมหานคร","1,190,000 บาท","มือสอง","เกียร์อัตโนมัติ"
"1786479917-640","https://www.one2car.com/%E0%B8%A3%E0%B8%96-%E0%B8%AA%E0%B8%B3%E0%B8%AB%E0%B8%A3%E0%B8%B1%E0%B8%9A-%E0%B8%82%E0%B8%B2%E0%B8%A2?type=used&page_number=51&page_size=26","https://www.one2car.com/%E0%B8%A3%E0%B8%96-%E0%B8%AA%E0%B8%B3%E0%B8%AB%E0%B8%A3%E0%B8%B1%E0%B8%9A-%E0%B8%82%E0%B8%B2%E0%B8%A2?type=used&page_number=85&page_size=26","2016 BMW I8 1.5 I12 (ปี 14-20) Coupe - 4WD","Roadster ที่สุดของ BMW ออกห้างเกือบ 12 ล้านกว่า ไฟแนนซ์เหลือ 3.2 ล้าน !! รุ่นรถ : BMW I8 ...","","60000 กม.","กรุงเทพมหานคร","3,288,000 บาท","มือสอง","เกียร์อัตโนมัติ"
"1786479917-641","https://www.one2car.com/%E0%B8%A3%E0%B8%96-%E0%B8%AA%E0%B8%B3%E0%B8%AB%E0%B8%A3%E0%B8%B1%E0%B8%9A-%E0%B8%82%E0%B8%B2%E0%B8%A2?type=used&page_number=51&page_size=26","https://www.one2car.com/%E0%B8%A3%E0%B8%96-%E0%B8%AA%E0%B8%B3%E0%B8%AB%E0%B8%A3%E0%B8%B1%E0%B8%9A-%E0%B8%82%E0%B8%B2%E0%B8%A2?type=used&page_number=85&page_size=26","2017 BMW X3 2.0 F25 (ปี 10-17) xDrive20d M Sport SUV - AWD...","🔥SUV อเนกประสงค์ ชุดแต่ง MSPORT🔥 รถเลขไมล์น้อยขนาดนี้หายากมาก มาพร้อมกับตัวถังขาวยอดนิยม ...","BMW X3","120000 กม.","กรุงเทพมหานคร","899,000 บาท","มือสอง","เกียร์อัตโนมัติ"
"1786479917-642","https://www.one2car.com/%E0%B8%A3%E0%B8%96-%E0%B8%AA%E0%B8%B3%E0%B8%AB%E0%B8%A3%E0%B8%B1%E0%B8%9A-%E0%B8%82%E0%B8%B2%E0%B8%A2?type=used&page_number=51&page_size=26","https://www.one2car.com/%E0%B8%A3%E0%B8%96-%E0%B8%AA%E0%B8%B3%E0%B8%AB%E0%B8%A3%E0%B8%B1%E0%B8%9A-%E0%B8%82%E0%B8%B2%E0%B8%A2?type=used&page_number=85&page_size=26","2021 Lexus LM300h 2.5 (ปี 20-26) Executive Van - AWD","🔥ประหยัดเกินครึ่ง🔥 ราคาป้ายแดง 7 ล้านกว่าบาท รถคันนี้จะทำให้ลืม First Class ...","","156000 กม.","กรุงเทพมหานคร","2,488,000 บาท","มือสอง","เกียร์อัตโนมัติ"
"1786479917-643","https://www.one2car.com/%E0%B8%A3%E0%B8%96-%E0%B8%AA%E0%B8%B3%E0%B8%AB%E0%B8%A3%E0%B8%B1%E0%B8%9A-%E0%B8%82%E0%B8%B2%E0%B8%A2?type=used&page_number=51&page_size=26","https://www.one2car.com/%E0%B8%A3%E0%B8%96-%E0%B8%AA%E0%B8%B3%E0%B8%AB%E0%B8%A3%E0%B8%B1%E0%B8%9A-%E0%B8%82%E0%B8%B2%E0%B8%A2?type=used&page_number=85&page_size=26","2019 Toyota ALPHARD 2.5 (ปี 15-23) HV G F-Package Van - 4W...","รถผู้บริหาร สุด VIP ใครกำลังตามหารถประดับบารมี ต้องคันนี้!! สีขาวที่หลายท่านตามหา ภายในดำ ...","Toyota ALPHARD","147000 กม.","กรุงเทพมหานคร","1,888,000 บาท","มือสอง","เกียร์อัตโนมัติ"
"1786479917-644","https://www.one2car.com/%E0%B8%A3%E0%B8%96-%E0%B8%AA%E0%B8%B3%E0%B8%AB%E0%B8%A3%E0%B8%B1%E0%B8%9A-%E0%B8%82%E0%B8%B2%E0%B8%A2?type=used&page_number=51&page_size=26","https://www.one2car.com/%E0%B8%A3%E0%B8%96-%E0%B8%AA%E0%B8%B3%E0%B8%AB%E0%B8%A3%E0%B8%B1%E0%B8%9A-%E0%B8%82%E0%B8%B2%E0%B8%A2?type=used&page_number=85&page_size=26","2021 Honda HR-V 1.8 (ปี 14-18) RS SUV","⭐️ฟรีดาวน์ ออกรถ 0 บาท ฟรี ทำสัญญาถึงหน้าบ้าน ⭐️ฟรี ! ขนส่งถึงบ้าน ...","Honda HR-V","185 - 190K กม.","กรุงเทพมหานคร","495,000 บาท","มือสอง","เกียร์อัตโนมัติ"
"1786479917-645","https://www.one2car.com/%E0%B8%A3%E0%B8%96-%E0%B8%AA%E0%B8%B3%E0%B8%AB%E0%B8%A3%E0%B8%B1%E0%B8%9A-%E0%B8%82%E0%B8%B2%E0%B8%A2?type=used&page_number=51&page_size=26","https://www.one2car.com/%E0%B8%A3%E0%B8%96-%E0%B8%AA%E0%B8%B3%E0%B8%AB%E0%B8%A3%E0%B8%B1%E0%B8%9A-%E0%B8%82%E0%B8%B2%E0%B8%A2?type=used&page_number=85&page_size=26","2020 Toyota YARIS 1.2 (ปี 17-25) High Cross Hatchback","⭐️ฟรีดาวน์ ออกรถ 0 บาท ฟรี ทำสัญญาถึงหน้าบ้าน ⭐️ฟรี ! ขนส่งถึงบ้าน ...","Toyota YARIS","70 - 75K กม.","กรุงเทพมหานคร","378,000 บาท","มือสอง","เกียร์อัตโนมัติ"
"1786479917-646","https://www.one2car.com/%E0%B8%A3%E0%B8%96-%E0%B8%AA%E0%B8%B3%E0%B8%AB%E0%B8%A3%E0%B8%B1%E0%B8%9A-%E0%B8%82%E0%B8%B2%E0%B8%A2?type=used&page_number=51&page_size=26","https://www.one2car.com/%E0%B8%A3%E0%B8%96-%E0%B8%AA%E0%B8%B3%E0%B8%AB%E0%B8%A3%E0%B8%B1%E0%B8%9A-%E0%B8%82%E0%B8%B2%E0%B8%A2?type=used&page_number=85&page_size=26","2020 Toyota HILUX REVO 2.4 Double Cab Z Edition Mid Pickup...","⭐️ฟรีดาวน์ ออกรถ 0 บาท ฟรี ทำสัญญาถึงหน้าบ้าน ⭐️ฟรี ! ขนส่งถึงบ้าน ...","Toyota HILUX REVO","280 - 285K กม.","กรุงเทพมหานคร","358,000 บาท","มือสอง","เกียร์อัตโนมัติ"
"1786479917-647","https://www.one2car.com/%E0%B8%A3%E0%B8%96-%E0%B8%AA%E0%B8%B3%E0%B8%AB%E0%B8%A3%E0%B8%B1%E0%B8%9A-%E0%B8%82%E0%B8%B2%E0%B8%A2?type=used&page_number=51&page_size=26","https://www.one2car.com/%E0%B8%A3%E0%B8%96-%E0%B8%AA%E0%B8%B3%E0%B8%AB%E0%B8%A3%E0%B8%B1%E0%B8%9A-%E0%B8%82%E0%B8%B2%E0%B8%A2?type=used&page_number=85&page_size=26","2024 Honda City 1.0 (ปี 20-26) SV Hatchback","⭐️ฟรีดาวน์ ออกรถ 0 บาท ฟรี ทำสัญญาถึงหน้าบ้าน ⭐️ฟรี ! ขนส่งถึงบ้าน ...","Honda City","90 - 95K กม.","กรุงเทพมหานคร","436,000 บาท","มือสอง","เกียร์อัตโนมัติ"
"1786479917-648","https://www.one2car.com/%E0%B8%A3%E0%B8%96-%E0%B8%AA%E0%B8%B3%E0%B8%AB%E0%B8%A3%E0%B8%B1%E0%B8%9A-%E0%B8%82%E0%B8%B2%E0%B8%A2?type=used&page_number=51&page_size=26","https://www.one2car.com/%E0%B8%A3%E0%B8%96-%E0%B8%AA%E0%B8%B3%E0%B8%AB%E0%B8%A3%E0%B8%B1%E0%B8%9A-%E0%B8%82%E0%B8%B2%E0%B8%A2?type=used&page_number=85&page_size=26","2014 Toyota VELLFIRE 2.4 (ปี 08-14) Golden Eyes II Van","⭐️ฟรีดาวน์ ออกรถ 0 บาท ฟรี ทำสัญญาถึงหน้าบ้าน ⭐️ฟรี ! ขนส่งถึงบ้าน ...","Toyota VELLFIRE","130 - 135K กม.","กรุงเทพมหานคร","624,000 บาท","มือสอง","เกียร์อัตโนมัติ"
"1786479917-649","https://www.one2car.com/%E0%B8%A3%E0%B8%96-%E0%B8%AA%E0%B8%B3%E0%B8%AB%E0%B8%A3%E0%B8%B1%E0%B8%9A-%E0%B8%82%E0%B8%B2%E0%B8%A2?type=used&page_number=51&page_size=26","https://www.one2car.com/%E0%B8%A3%E0%B8%96-%E0%B8%AA%E0%B8%B3%E0%B8%AB%E0%B8%A3%E0%B8%B1%E0%B8%9A-%E0%B8%82%E0%B8%B2%E0%B8%A2?type=used&page_number=85&page_size=26","2013 Isuzu D-MAX 3.0 Space Cab (ปี 11-17) Hi-Lander Z-Pres...","⭐️ฟรีดาวน์ ออกรถ 0 บาท ฟรี ทำสัญญาถึงหน้าบ้าน ⭐️ฟรี ! ขนส่งถึงบ้าน ...","Isuzu D-MAX","561396 กม.","กรุงเทพมหานคร","258,000 บาท","มือสอง","เกียร์ธรรมดา"
"1786479917-650","https://www.one2car.com/%E0%B8%A3%E0%B8%96-%E0%B8%AA%E0%B8%B3%E0%B8%AB%E0%B8%A3%E0%B8%B1%E0%B8%9A-%E0%B8%82%E0%B8%B2%E0%B8%A2?type=used&page_number=51&page_size=26","https://www.one2car.com/%E0%B8%A3%E0%B8%96-%E0%B8%AA%E0%B8%B3%E0%B8%AB%E0%B8%A3%E0%B8%B1%E0%B8%9A-%E0%B8%82%E0%B8%B2%E0%B8%A2?type=used&page_number=85&page_size=26","2016 Toyota FORTUNER 2.4 (ปี 15-25) V SUV","⭐️ฟรีดาวน์ ออกรถ 0 บาท ฟรี ทำสัญญาถึงหน้าบ้าน ⭐️ฟรี ! ขนส่งถึงบ้าน ...","Toyota FORTUNER","135 - 140K กม.","กรุงเทพมหานคร","565,000 บาท","มือสอง","เกียร์อัตโนมัติ"
"1786479917-651","https://www.one2car.com/%E0%B8%A3%E0%B8%96-%E0%B8%AA%E0%B8%B3%E0%B8%AB%E0%B8%A3%E0%B8%B1%E0%B8%9A-%E0%B8%82%E0%B8%B2%E0%B8%A2?type=used&page_number=51&page_size=26","https://www.one2car.com/%E0%B8%A3%E0%B8%96-%E0%B8%AA%E0%B8%B3%E0%B8%AB%E0%B8%A3%E0%B8%B1%E0%B8%9A-%E0%B8%82%E0%B8%B2%E0%B8%A2?type=used&page_number=85&page_size=26","2016 Isuzu MU-X 1.9 (ปี 13-19) CD SUV","⭐️ฟรีดาวน์ ออกรถ 0 บาท ฟรี ทำสัญญาถึงหน้าบ้าน ⭐️ฟรี ! ขนส่งถึงบ้าน ...","Isuzu MU-X","135 - 140K กม.","กรุงเทพมหานคร","499,000 บาท","มือสอง","เกียร์อัตโนมัติ"
"1786479917-652","https://www.one2car.com/%E0%B8%A3%E0%B8%96-%E0%B8%AA%E0%B8%B3%E0%B8%AB%E0%B8%A3%E0%B8%B1%E0%B8%9A-%E0%B8%82%E0%B8%B2%E0%B8%A2?type=used&page_number=51&page_size=26","https://www.one2car.com/%E0%B8%A3%E0%B8%96-%E0%B8%AA%E0%B8%B3%E0%B8%AB%E0%B8%A3%E0%B8%B1%E0%B8%9A-%E0%B8%82%E0%B8%B2%E0%B8%A2?type=used&page_number=85&page_size=26","2017 Kia GRAND CARNIVAL 2.2 (ปี 15-20) LX Wagon","⭐️ฟรีดาวน์ ออกรถ 0 บาท ฟรี ทำสัญญาถึงหน้าบ้าน ⭐️ฟรี ! ขนส่งถึงบ้าน ...","Kia GRAND CARNIVAL","80 - 85K กม.","กรุงเทพมหานคร","444,000 บาท","มือสอง","เกียร์อัตโนมัติ"
"1786479917-653","https://www.one2car.com/%E0%B8%A3%E0%B8%96-%E0%B8%AA%E0%B8%B3%E0%B8%AB%E0%B8%A3%E0%B8%B1%E0%B8%9A-%E0%B8%82%E0%B8%B2%E0%B8%A2?type=used&page_number=51&page_size=26","https://www.one2car.com/%E0%B8%A3%E0%B8%96-%E0%B8%AA%E0%B8%B3%E0%B8%AB%E0%B8%A3%E0%B8%B1%E0%B8%9A-%E0%B8%82%E0%B8%B2%E0%B8%A2?type=used&page_number=85&page_size=26","2020 Honda ACCORD 1.5 (ปี 19-23) Turbo EL Sedan","⭐️ฟรีดาวน์ ออกรถ 0 บาท ฟรี ทำสัญญาถึงหน้าบ้าน ⭐️ฟรี ! ขนส่งถึงบ้าน ...","Honda ACCORD","205 - 210K กม.","กรุงเทพมหานคร","598,000 บาท","มือสอง","เกียร์อัตโนมัติ"
"1786479917-654","https://www.one2car.com/%E0%B8%A3%E0%B8%96-%E0%B8%AA%E0%B8%B3%E0%B8%AB%E0%B8%A3%E0%B8%B1%E0%B8%9A-%E0%B8%82%E0%B8%B2%E0%B8%A2?type=used&page_number=51&page_size=26","https://www.one2car.com/%E0%B8%A3%E0%B8%96-%E0%B8%AA%E0%B8%B3%E0%B8%AB%E0%B8%A3%E0%B8%B1%E0%B8%9A-%E0%B8%82%E0%B8%B2%E0%B8%A2?type=used&page_number=85&page_size=26","2014 Nissan ALMERA 1.2 (ปี 11-19) VL Sedan","⭐️ฟรีดาวน์ ออกรถ 0 บาท ฟรี ทำสัญญาถึงหน้าบ้าน ⭐️ฟรี ! ขนส่งถึงบ้าน ...","Nissan ALMERA","160 - 165K กม.","กรุงเทพมหานคร","145,000 บาท","มือสอง","เกียร์อัตโนมัติ"
"1786479917-655","https://www.one2car.com/%E0%B8%A3%E0%B8%96-%E0%B8%AA%E0%B8%B3%E0%B8%AB%E0%B8%A3%E0%B8%B1%E0%B8%9A-%E0%B8%82%E0%B8%B2%E0%B8%A2?type=used&page_number=51&page_size=26","https://www.one2car.com/%E0%B8%A3%E0%B8%96-%E0%B8%AA%E0%B8%B3%E0%B8%AB%E0%B8%A3%E0%B8%B1%E0%B8%9A-%E0%B8%82%E0%B8%B2%E0%B8%A2?type=used&page_number=85&page_size=26","2019 Mazda 3 2.0 (ปี 19-25) S Sedan","⭐️ฟรีดาวน์ ออกรถ 0 บาท ฟรี ทำสัญญาถึงหน้าบ้าน ⭐️ฟรี ! ขนส่งถึงบ้าน ...","Mazda 3","185 - 190K กม.","กรุงเทพมหานคร","385,000 บาท","มือสอง","เกียร์อัตโนมัติ"
"1786479917-656","https://www.one2car.com/%E0%B8%A3%E0%B8%96-%E0%B8%AA%E0%B8%B3%E0%B8%AB%E0%B8%A3%E0%B8%B1%E0%B8%9A-%E0%B8%82%E0%B8%B2%E0%B8%A2?type=used&page_number=51&page_size=26","https://www.one2car.com/%E0%B8%A3%E0%B8%96-%E0%B8%AA%E0%B8%B3%E0%B8%AB%E0%B8%A3%E0%B8%B1%E0%B8%9A-%E0%B8%82%E0%B8%B2%E0%B8%A2?type=used&page_number=85&page_size=26","2017 Honda CR-V 1.6 (ปี 17-21) DT EL SUV - AWD","⭐️ฟรีดาวน์ ออกรถ 0 บาท ฟรี ทำสัญญาถึงหน้าบ้าน ⭐️ฟรี ! ขนส่งถึงบ้าน ...","Honda CR-V","155 - 160K กม.","กรุงเทพมหานคร","659,000 บาท","มือสอง","เกียร์อัตโนมัติ"
"1786479917-657","https://www.one2car.com/%E0%B8%A3%E0%B8%96-%E0%B8%AA%E0%B8%B3%E0%B8%AB%E0%B8%A3%E0%B8%B1%E0%B8%9A-%E0%B8%82%E0%B8%B2%E0%B8%A2?type=used&page_number=51&page_size=26","https://www.one2car.com/%E0%B8%A3%E0%B8%96-%E0%B8%AA%E0%B8%B3%E0%B8%AB%E0%B8%A3%E0%B8%B1%E0%B8%9A-%E0%B8%82%E0%B8%B2%E0%B8%A2?type=used&page_number=85&page_size=26","2015 Toyota Corolla Altis 1.6 (ปี 14-18) G Sedan","⭐️ฟรีดาวน์ ออกรถ 0 บาท ฟรี ทำสัญญาถึงหน้าบ้าน ⭐️ฟรี ! ขนส่งถึงบ้าน ...","Toyota Corolla Altis","290 - 295K กม.","กรุงเทพมหานคร","235,000 บาท","มือสอง","เกียร์อัตโนมัติ"
"1786479917-658","https://www.one2car.com/%E0%B8%A3%E0%B8%96-%E0%B8%AA%E0%B8%B3%E0%B8%AB%E0%B8%A3%E0%B8%B1%E0%B8%9A-%E0%B8%82%E0%B8%B2%E0%B8%A2?type=used&page_number=51&page_size=26","https://www.one2car.com/%E0%B8%A3%E0%B8%96-%E0%B8%AA%E0%B8%B3%E0%B8%AB%E0%B8%A3%E0%B8%B1%E0%B8%9A-%E0%B8%82%E0%B8%B2%E0%B8%A2?type=used&page_number=85&page_size=26","2014 Toyota INNOVA 2.0 (ปี 11-15) G Wagon","⭐️ฟรีดาวน์ ออกรถ 0 บาท ฟรี ทำสัญญาถึงหน้าบ้าน ⭐️ฟรี ! ขนส่งถึงบ้าน ...","Toyota INNOVA","210 - 215K กม.","กรุงเทพมหานคร","255,000 บาท","มือสอง","เกียร์อัตโนมัติ"
"1786479917-659","https://www.one2car.com/%E0%B8%A3%E0%B8%96-%E0%B8%AA%E0%B8%B3%E0%B8%AB%E0%B8%A3%E0%B8%B1%E0%B8%9A-%E0%B8%82%E0%B8%B2%E0%B8%A2?type=used&page_number=51&page_size=26","https://www.one2car.com/%E0%B8%A3%E0%B8%96-%E0%B8%AA%E0%B8%B3%E0%B8%AB%E0%B8%A3%E0%B8%B1%E0%B8%9A-%E0%B8%82%E0%B8%B2%E0%B8%A2?type=used&page_number=85&page_size=26","2018 Honda CIVIC 1.8 FC (ปี 16-20) EL Sedan","⭐️ฟรีดาวน์ ออกรถ 0 บาท ฟรี ทำสัญญาถึงหน้าบ้าน ⭐️ฟรี ! ขนส่งถึงบ้าน ...","Honda CIVIC","160 - 165K กม.","กรุงเทพมหานคร","419,000 บาท","มือสอง","เกียร์อัตโนมัติ"
"1786479917-660","https://www.one2car.com/%E0%B8%A3%E0%B8%96-%E0%B8%AA%E0%B8%B3%E0%B8%AB%E0%B8%A3%E0%B8%B1%E0%B8%9A-%E0%B8%82%E0%B8%B2%E0%B8%A2?type=used&page_number=51&page_size=26","https://www.one2car.com/%E0%B8%A3%E0%B8%96-%E0%B8%AA%E0%B8%B3%E0%B8%AB%E0%B8%A3%E0%B8%B1%E0%B8%9A-%E0%B8%82%E0%B8%B2%E0%B8%A2?type=used&page_number=85&page_size=26","2018 Toyota HILUX REVO 2.4 Double Cab E Prerunner Pickup  ...","⭐️ฟรีดาวน์ ออกรถ 0 บาท ฟรี ทำสัญญาถึงหน้าบ้าน ⭐️ฟรี ! ขนส่งถึงบ้าน ...","Toyota HILUX REVO","205 - 210K กม.","กรุงเทพมหานคร","429,000 บาท","มือสอง","เกียร์อัตโนมัติ"
"1786479917-661","https://www.one2car.com/%E0%B8%A3%E0%B8%96-%E0%B8%AA%E0%B8%B3%E0%B8%AB%E0%B8%A3%E0%B8%B1%E0%B8%9A-%E0%B8%82%E0%B8%B2%E0%B8%A2?type=used&page_number=51&page_size=26","https://www.one2car.com/%E0%B8%A3%E0%B8%96-%E0%B8%AA%E0%B8%B3%E0%B8%AB%E0%B8%A3%E0%B8%B1%E0%B8%9A-%E0%B8%82%E0%B8%B2%E0%B8%A2?type=used&page_number=85&page_size=26","2019 Honda BR-V 1.5 (ปี 16-20) SV SUV","⭐️ฟรีดาวน์ ออกรถ 0 บาท ฟรี ทำสัญญาถึงหน้าบ้าน ⭐️ฟรี ! ขนส่งถึงบ้าน ...","","75 - 80K กม.","กรุงเทพมหานคร","389,000 บาท","มือสอง","เกียร์อัตโนมัติ"
"1786479941-662","https://www.one2car.com/%E0%B8%A3%E0%B8%96-%E0%B8%AA%E0%B8%B3%E0%B8%AB%E0%B8%A3%E0%B8%B1%E0%B8%9A-%E0%B8%82%E0%B8%B2%E0%B8%A2?type=used&page_number=51&page_size=26","https://www.one2car.com/%E0%B8%A3%E0%B8%96-%E0%B8%AA%E0%B8%B3%E0%B8%AB%E0%B8%A3%E0%B8%B1%E0%B8%9A-%E0%B8%82%E0%B8%B2%E0%B8%A2?type=used&page_number=86&page_size=26","2018 Honda BR-V 1.5 (ปี 16-20) V+ SUV - V","⭐️ฟรีดาวน์ ออกรถ 0 บาท ฟรี ทำสัญญาถึงหน้าบ้าน ⭐️ฟรี ! ขนส่งถึงบ้าน ...","","150 - 155K กม.","กรุงเทพมหานคร","369,000 บาท","มือสอง","เกียร์อัตโนมัติ"
"1786479941-663","https://www.one2car.com/%E0%B8%A3%E0%B8%96-%E0%B8%AA%E0%B8%B3%E0%B8%AB%E0%B8%A3%E0%B8%B1%E0%B8%9A-%E0%B8%82%E0%B8%B2%E0%B8%A2?type=used&page_number=51&page_size=26","https://www.one2car.com/%E0%B8%A3%E0%B8%96-%E0%B8%AA%E0%B8%B3%E0%B8%AB%E0%B8%A3%E0%B8%B1%E0%B8%9A-%E0%B8%82%E0%B8%B2%E0%B8%A2?type=used&page_number=86&page_size=26","2016 Toyota CAMRY 2.5 (ปี 12-18) Hybrid Sedan","⭐️ฟรีดาวน์ ออกรถ 0 บาท ฟรี ทำสัญญาถึงหน้าบ้าน ⭐️ฟรี ! ขนส่งถึงบ้าน ...","Toyota CAMRY","210 - 215K กม.","กรุงเทพมหานคร","339,000 บาท","มือสอง","เกียร์อัตโนมัติ"
"1786479941-664","https://www.one2car.com/%E0%B8%A3%E0%B8%96-%E0%B8%AA%E0%B8%B3%E0%B8%AB%E0%B8%A3%E0%B8%B1%E0%B8%9A-%E0%B8%82%E0%B8%B2%E0%B8%A2?type=used&page_number=51&page_size=26","https://www.one2car.com/%E0%B8%A3%E0%B8%96-%E0%B8%AA%E0%B8%B3%E0%B8%AB%E0%B8%A3%E0%B8%B1%E0%B8%9A-%E0%B8%82%E0%B8%B2%E0%B8%A2?type=used&page_number=86&page_size=26","2024 MG MG5 1.5 (ปี 21-26) 10th Anniversary Special Editio...","⭐️ฟรีดาวน์ ออกรถ 0 บาท ฟรี ทำสัญญาถึงหน้าบ้าน ⭐️ฟรี ! ขนส่งถึงบ้าน ...","MG MG5","65 - 70K กม.","กรุงเทพมหานคร","359,000 บาท","มือสอง","เกียร์อัตโนมัติ"
"1786479941-665","https://www.one2car.com/%E0%B8%A3%E0%B8%96-%E0%B8%AA%E0%B8%B3%E0%B8%AB%E0%B8%A3%E0%B8%B1%E0%B8%9A-%E0%B8%82%E0%B8%B2%E0%B8%A2?type=used&page_number=51&page_size=26","https://www.one2car.com/%E0%B8%A3%E0%B8%96-%E0%B8%AA%E0%B8%B3%E0%B8%AB%E0%B8%A3%E0%B8%B1%E0%B8%9A-%E0%B8%82%E0%B8%B2%E0%B8%A2?type=used&page_number=86&page_size=26","2019 Mitsubishi Xpander 1.5 (ปี 18-22) GT Wagon","⭐️ฟรีดาวน์ ออกรถ 0 บาท ฟรี ทำสัญญาถึงหน้าบ้าน ⭐️ฟรี ! ขนส่งถึงบ้าน ...","Mitsubishi Xpander","90 - 95K กม.","กรุงเทพมหานคร","348,000 บาท","มือสอง","เกียร์อัตโนมัติ"
"1786479941-666","https://www.one2car.com/%E0%B8%A3%E0%B8%96-%E0%B8%AA%E0%B8%B3%E0%B8%AB%E0%B8%A3%E0%B8%B1%E0%B8%9A-%E0%B8%82%E0%B8%B2%E0%B8%A2?type=used&page_number=51&page_size=26","https://www.one2car.com/%E0%B8%A3%E0%B8%96-%E0%B8%AA%E0%B8%B3%E0%B8%AB%E0%B8%A3%E0%B8%B1%E0%B8%9A-%E0%B8%82%E0%B8%B2%E0%B8%A2?type=used&page_number=86&page_size=26","2018 Honda JAZZ 1.5 (ปี 14-22) S Hatchback","⭐️ฟรีดาวน์ ออกรถ 0 บาท ฟรี ทำสัญญาถึงหน้าบ้าน ⭐️ฟรี ! ขนส่งถึงบ้าน ...","Honda JAZZ","115 - 120K กม.","กรุงเทพมหานคร","335,000 บาท","มือสอง","เกียร์อัตโนมัติ"
"1786479941-667","https://www.one2car.com/%E0%B8%A3%E0%B8%96-%E0%B8%AA%E0%B8%B3%E0%B8%AB%E0%B8%A3%E0%B8%B1%E0%B8%9A-%E0%B8%82%E0%B8%B2%E0%B8%A2?type=used&page_number=51&page_size=26","https://www.one2car.com/%E0%B8%A3%E0%B8%96-%E0%B8%AA%E0%B8%B3%E0%B8%AB%E0%B8%A3%E0%B8%B1%E0%B8%9A-%E0%B8%82%E0%B8%B2%E0%B8%A2?type=used&page_number=86&page_size=26","2017 Suzuki Ciaz 1.2 (ปี 15-25) GL Sedan","⭐️ฟรีดาวน์ ออกรถ 0 บาท ฟรี ทำสัญญาถึงหน้าบ้าน ⭐️ฟรี ! ขนส่งถึงบ้าน ...","Suzuki Ciaz","150 - 155K กม.","กรุงเทพมหานคร","168,000 บาท","มือสอง","เกียร์อัตโนมัติ"
"1786479941-668","https://www.one2car.com/%E0%B8%A3%E0%B8%96-%E0%B8%AA%E0%B8%B3%E0%B8%AB%E0%B8%A3%E0%B8%B1%E0%B8%9A-%E0%B8%82%E0%B8%B2%E0%B8%A2?type=used&page_number=51&page_size=26","https://www.one2car.com/%E0%B8%A3%E0%B8%96-%E0%B8%AA%E0%B8%B3%E0%B8%AB%E0%B8%A3%E0%B8%B1%E0%B8%9A-%E0%B8%82%E0%B8%B2%E0%B8%A2?type=used&page_number=86&page_size=26","2016 Suzuki SWIFT 1.2 (ปี 12-17) GA Hatchback","⭐️ฟรีดาวน์ ออกรถ 0 บาท ฟรี ทำสัญญาถึงหน้าบ้าน ⭐️ฟรี ! ขนส่งถึงบ้าน ...","Suzuki SWIFT","260 - 265K กม.","กรุงเทพมหานคร","199,000 บาท","มือสอง","เกียร์อัตโนมัติ"
"1786479941-669","https://www.one2car.com/%E0%B8%A3%E0%B8%96-%E0%B8%AA%E0%B8%B3%E0%B8%AB%E0%B8%A3%E0%B8%B1%E0%B8%9A-%E0%B8%82%E0%B8%B2%E0%B8%A2?type=used&page_number=51&page_size=26","https://www.one2car.com/%E0%B8%A3%E0%B8%96-%E0%B8%AA%E0%B8%B3%E0%B8%AB%E0%B8%A3%E0%B8%B1%E0%B8%9A-%E0%B8%82%E0%B8%B2%E0%B8%A2?type=used&page_number=86&page_size=26","2019 Toyota Yaris Ativ 1.2 (ปี 17-22) S Sedan","🚗TOYOTA YARIS ATIV 1.2 S A/T ปี 2019🚗สีเทา ราคาพิเศษวันนี้ 329,000 บาท ⭐️เครดิตดี ...","Toyota Yaris Ativ","120 - 125K กม.","กรุงเทพมหานคร","329,000 บาท","มือสอง","เกียร์อัตโนมัติ"
"1786479941-670","https://www.one2car.com/%E0%B8%A3%E0%B8%96-%E0%B8%AA%E0%B8%B3%E0%B8%AB%E0%B8%A3%E0%B8%B1%E0%B8%9A-%E0%B8%82%E0%B8%B2%E0%B8%A2?type=used&page_number=51&page_size=26","https://www.one2car.com/%E0%B8%A3%E0%B8%96-%E0%B8%AA%E0%B8%B3%E0%B8%AB%E0%B8%A3%E0%B8%B1%E0%B8%9A-%E0%B8%82%E0%B8%B2%E0%B8%A2?type=used&page_number=86&page_size=26","2017 Ford EVEREST 2.2 (ปี 15-22) Titanium+ SUV - Titanium ...","FORD EVEREST 2.2 TITANIUM PLUS AT 2017 ออกรถ 0 บาท รหัสรถ 5D163 Line: ID @BBCAR05 ...","Ford EVEREST","210 - 215K กม.","สมุทรสาคร","","","เกียร์อัตโนมัติ"
"1786479941-671","https://www.one2car.com/%E0%B8%A3%E0%B8%96-%E0%B8%AA%E0%B8%B3%E0%B8%AB%E0%B8%A3%E0%B8%B1%E0%B8%9A-%E0%B8%82%E0%B8%B2%E0%B8%A2?type=used&page_number=51&page_size=26","https://www.one2car.com/%E0%B8%A3%E0%B8%96-%E0%B8%AA%E0%B8%B3%E0%B8%AB%E0%B8%A3%E0%B8%B1%E0%B8%9A-%E0%B8%82%E0%B8%B2%E0%B8%A2?type=used&page_number=86&page_size=26","2024 Mercedes-Benz V250 2.0 W447 (ปี 14-18) d Exclusive Va...","Mercedes-Benz V250d ปี 2024 รถ MPV พรีเมียม 7 ที่นั่ง พร้อมการตกแต่งห้องโดยสารแบบ VIP ...","","45 - 50K กม.","กรุงเทพมหานคร","","","เกียร์อัตโนมัติ"
"1786479941-672","https://www.one2car.com/%E0%B8%A3%E0%B8%96-%E0%B8%AA%E0%B8%B3%E0%B8%AB%E0%B8%A3%E0%B8%B1%E0%B8%9A-%E0%B8%82%E0%B8%B2%E0%B8%A2?type=used&page_number=51&page_size=26","https://www.one2car.com/%E0%B8%A3%E0%B8%96-%E0%B8%AA%E0%B8%B3%E0%B8%AB%E0%B8%A3%E0%B8%B1%E0%B8%9A-%E0%B8%82%E0%B8%B2%E0%B8%A2?type=used&page_number=86&page_size=26","2014 Toyota CAMRY 2.5 (ปี 12-18) Hybrid DVD Sedan","❤️ รถบ้านสวยๆ ประวัติเช็คศูนย์ เปลี่ยนแบตฯไฮบริดที่ศูนย์ TOYOTA (ธ.ค./2022)❤️ ♦️TOYOTA ...","Toyota CAMRY","180 - 185K กม.","กรุงเทพมหานคร","349,000 บาท","มือสอง","เกียร์อัตโนมัติ"
"1786479941-673","https://www.one2car.com/%E0%B8%A3%E0%B8%96-%E0%B8%AA%E0%B8%B3%E0%B8%AB%E0%B8%A3%E0%B8%B1%E0%B8%9A-%E0%B8%82%E0%B8%B2%E0%B8%A2?type=used&page_number=51&page_size=26","https://www.one2car.com/%E0%B8%A3%E0%B8%96-%E0%B8%AA%E0%B8%B3%E0%B8%AB%E0%B8%A3%E0%B8%B1%E0%B8%9A-%E0%B8%82%E0%B8%B2%E0%B8%A2?type=used&page_number=86&page_size=26","2023 Isuzu D-MAX 3.0 Cab-4 (ปี 19-26) Hi-Lander M Pickup  ...","#รถกระบะ #สี่ประตู #รถมือสอง #รถพังงาตะกั่วป่า #รถยนต์มือสองดีดียูสคาร์ ...","Isuzu D-MAX","65 - 70K กม.","พังงา","729,000 บาท","มือสอง","เกียร์อัตโนมัติ"
"1786479941-674","https://www.one2car.com/%E0%B8%A3%E0%B8%96-%E0%B8%AA%E0%B8%B3%E0%B8%AB%E0%B8%A3%E0%B8%B1%E0%B8%9A-%E0%B8%82%E0%B8%B2%E0%B8%A2?type=used&page_number=51&page_size=26","https://www.one2car.com/%E0%B8%A3%E0%B8%96-%E0%B8%AA%E0%B8%B3%E0%B8%AB%E0%B8%A3%E0%B8%B1%E0%B8%9A-%E0%B8%82%E0%B8%B2%E0%B8%A2?type=used&page_number=86&page_size=26","2019 Toyota CAMRY 2.5 (ปี 18-24) Hybrid Premium Sedan","TOYOTA CAMRY 2.5 HV PREMIUM AT 2019 ออกรถ 0 บาท จัดได้ 649,000 บ. Line:@bbcar04 ...","Toyota CAMRY","225 - 230K กม.","กรุงเทพมหานคร","","","เกียร์อัตโนมัติ"
"1786479941-675","https://www.one2car.com/%E0%B8%A3%E0%B8%96-%E0%B8%AA%E0%B8%B3%E0%B8%AB%E0%B8%A3%E0%B8%B1%E0%B8%9A-%E0%B8%82%E0%B8%B2%E0%B8%A2?type=used&page_number=51&page_size=26","https://www.one2car.com/%E0%B8%A3%E0%B8%96-%E0%B8%AA%E0%B8%B3%E0%B8%AB%E0%B8%A3%E0%B8%B1%E0%B8%9A-%E0%B8%82%E0%B8%B2%E0%B8%A2?type=used&page_number=86&page_size=26","2024 MG MG5 1.5 (ปี 21-26) X Sedan - 5","📌TOP X Sunroof i-smart ประหยัดน้ำมัน ติดแก็สLPG fulloption สวยสมบูรณ์ ภายในภายนอก ...","MG MG5","70 - 75K กม.","กรุงเทพมหานคร","","","เกียร์อัตโนมัติ"
"1786479941-676","https://www.one2car.com/%E0%B8%A3%E0%B8%96-%E0%B8%AA%E0%B8%B3%E0%B8%AB%E0%B8%A3%E0%B8%B1%E0%B8%9A-%E0%B8%82%E0%B8%B2%E0%B8%A2?type=used&page_number=51&page_size=26","https://www.one2car.com/%E0%B8%A3%E0%B8%96-%E0%B8%AA%E0%B8%B3%E0%B8%AB%E0%B8%A3%E0%B8%B1%E0%B8%9A-%E0%B8%82%E0%B8%B2%E0%B8%A2?type=used&page_number=86&page_size=26","2019 Toyota CAMRY 2.5 (ปี 18-24) Hybrid Premium Sedan","🚗TOYOTA CAMRY 2.5HV Premium 2019 🔑ทะเบียน 9กย9308 กทม ⏱ไมล์ 190,xxx km. ☝🏻รถมือเดียว☝🏻 ...","Toyota CAMRY","190 - 195K กม.","กรุงเทพมหานคร","","","เกียร์อัตโนมัติ"
"1786479941-677","https://www.one2car.com/%E0%B8%A3%E0%B8%96-%E0%B8%AA%E0%B8%B3%E0%B8%AB%E0%B8%A3%E0%B8%B1%E0%B8%9A-%E0%B8%82%E0%B8%B2%E0%B8%A2?type=used&page_number=51&page_size=26","https://www.one2car.com/%E0%B8%A3%E0%B8%96-%E0%B8%AA%E0%B8%B3%E0%B8%AB%E0%B8%A3%E0%B8%B1%E0%B8%9A-%E0%B8%82%E0%B8%B2%E0%B8%A2?type=used&page_number=86&page_size=26","2019 Honda HR-V 1.8 (ปี 14-18) RS SUV","❤️รถบ้ายสวยๆ มือแรกป้ายแดง มี Book Service ประวัติเช็คศูนย์ตลอด❤️ ♦️ HONDA HRV 1.8 ...","Honda HR-V","0 - 5K กม.","กรุงเทพมหานคร","479,000 บาท","มือสอง","เกียร์อัตโนมัติ"
"1786479961-678","https://www.one2car.com/%E0%B8%A3%E0%B8%96-%E0%B8%AA%E0%B8%B3%E0%B8%AB%E0%B8%A3%E0%B8%B1%E0%B8%9A-%E0%B8%82%E0%B8%B2%E0%B8%A2?type=used&page_number=51&page_size=26","https://www.one2car.com/%E0%B8%A3%E0%B8%96-%E0%B8%AA%E0%B8%B3%E0%B8%AB%E0%B8%A3%E0%B8%B1%E0%B8%9A-%E0%B8%82%E0%B8%B2%E0%B8%A2?type=used&page_number=87&page_size=26","2015 Honda CR-V 2.0 (ปี 12-16) E SUV - AWD","""ขายด่วน CRV 2.0E 4WD รถบ้านเจ้าของมือเดียว สภาพสวยพร้อมใช้งาน"" ...","Honda CR-V","200000 กม.","กรุงเทพมหานคร","349,000 บาท","มือสอง","เกียร์อัตโนมัติ"
"1786479961-679","https://www.one2car.com/%E0%B8%A3%E0%B8%96-%E0%B8%AA%E0%B8%B3%E0%B8%AB%E0%B8%A3%E0%B8%B1%E0%B8%9A-%E0%B8%82%E0%B8%B2%E0%B8%A2?type=used&page_number=51&page_size=26","https://www.one2car.com/%E0%B8%A3%E0%B8%96-%E0%B8%AA%E0%B8%B3%E0%B8%AB%E0%B8%A3%E0%B8%B1%E0%B8%9A-%E0%B8%82%E0%B8%B2%E0%B8%A2?type=used&page_number=87&page_size=26","2016 Porsche 911 4.0 991 GT3 RS Coupe","✨Porsche 911 GT3 RS (2016) อีกหนึ่งยนตรกรรมนิสัยดุร้ายจาก Porsche ...","Porsche 911","20 - 25K กม.","กรุงเทพมหานคร","15,790,000 บาท","มือสอง","เกียร์อัตโนมัติ"
"1786479961-680","https://www.one2car.com/%E0%B8%A3%E0%B8%96-%E0%B8%AA%E0%B8%B3%E0%B8%AB%E0%B8%A3%E0%B8%B1%E0%B8%9A-%E0%B8%82%E0%B8%B2%E0%B8%A2?type=used&page_number=51&page_size=26","https://www.one2car.com/%E0%B8%A3%E0%B8%96-%E0%B8%AA%E0%B8%B3%E0%B8%AB%E0%B8%A3%E0%B8%B1%E0%B8%9A-%E0%B8%82%E0%B8%B2%E0%B8%A2?type=used&page_number=87&page_size=26","2019 Toyota VIOS 1.5 (ปี 17-22) Mid Sedan","TOYOTA VIOS 1.5 MID AT 2019 ออกรถ 0 บาท รหัสรถ 3B760 Line: @bbcar03 ...","Toyota VIOS","200 - 205K กม.","กรุงเทพมหานคร","","","เกียร์อัตโนมัติ"
"1786479961-681","https://www.one2car.com/%E0%B8%A3%E0%B8%96-%E0%B8%AA%E0%B8%B3%E0%B8%AB%E0%B8%A3%E0%B8%B1%E0%B8%9A-%E0%B8%82%E0%B8%B2%E0%B8%A2?type=used&page_number=51&page_size=26","https://www.one2car.com/%E0%B8%A3%E0%B8%96-%E0%B8%AA%E0%B8%B3%E0%B8%AB%E0%B8%A3%E0%B8%B1%E0%B8%9A-%E0%B8%82%E0%B8%B2%E0%B8%A2?type=used&page_number=87&page_size=26","2018 Honda CIVIC 1.8 FC (ปี 16-20) EL Sedan","Honda Civic FC 1.8 EL ปี 2018 💥 𝕡𝕣𝕠𝕞𝕠𝕥𝕚𝕠𝕟 💥 🔥 ลดเหลือเพียง 449,000 บาท เท่านั้น ‼ 🔥 ❌ ...","Honda CIVIC","160 - 165K กม.","กรุงเทพมหานคร","","","เกียร์อัตโนมัติ"
"1786479961-682","https://www.one2car.com/%E0%B8%A3%E0%B8%96-%E0%B8%AA%E0%B8%B3%E0%B8%AB%E0%B8%A3%E0%B8%B1%E0%B8%9A-%E0%B8%82%E0%B8%B2%E0%B8%A2?type=used&page_number=51&page_size=26","https://www.one2car.com/%E0%B8%A3%E0%B8%96-%E0%B8%AA%E0%B8%B3%E0%B8%AB%E0%B8%A3%E0%B8%B1%E0%B8%9A-%E0%B8%82%E0%B8%B2%E0%B8%A2?type=used&page_number=87&page_size=26","2020 Toyota Corolla Altis 1.6 (ปี 19-25) G Sedan","รถมือสอง ! ⭐️ฟรีดาวน์ ออกรถ 0 บาท 💥มีเล่มพร้อมโอน💥 เบอร์ตรง **** ☎️ คุณบุษบา **** ...","Toyota Corolla Altis","110 - 115K กม.","กรุงเทพมหานคร","","","เกียร์อัตโนมัติ"
"1786479961-683","https://www.one2car.com/%E0%B8%A3%E0%B8%96-%E0%B8%AA%E0%B8%B3%E0%B8%AB%E0%B8%A3%E0%B8%B1%E0%B8%9A-%E0%B8%82%E0%B8%B2%E0%B8%A2?type=used&page_number=51&page_size=26","https://www.one2car.com/%E0%B8%A3%E0%B8%96-%E0%B8%AA%E0%B8%B3%E0%B8%AB%E0%B8%A3%E0%B8%B1%E0%B8%9A-%E0%B8%82%E0%B8%B2%E0%B8%A2?type=used&page_number=87&page_size=26","1993 Honda CR-X del Sol 1.6 (ปี 92-98) Coupe","++++++ ปรับราคา 598,000บาท++++++ HONDA crx DELXO EG2 เครื่อง B20 หลังคาเปิดได้ปกติ **** ...","","0 - 5K กม.","กรุงเทพมหานคร","598,000 บาท","มือสอง","เกียร์อัตโนมัติ"
"1786479961-684","https://www.one2car.com/%E0%B8%A3%E0%B8%96-%E0%B8%AA%E0%B8%B3%E0%B8%AB%E0%B8%A3%E0%B8%B1%E0%B8%9A-%E0%B8%82%E0%B8%B2%E0%B8%A2?type=used&page_number=51&page_size=26","https://www.one2car.com/%E0%B8%A3%E0%B8%96-%E0%B8%AA%E0%B8%B3%E0%B8%AB%E0%B8%A3%E0%B8%B1%E0%B8%9A-%E0%B8%82%E0%B8%B2%E0%B8%A2?type=used&page_number=87&page_size=26","2023 Toyota YARIS 1.2 (ปี 17-25) Entry Hatchback","รถมือสอง ! ⭐️ฟรีดาวน์ ออกรถ 0 บาท 💥มีเล่มพร้อมโอน💥 เบอร์ตรง **** ☎️ คุณบุษบา **** ...","Toyota YARIS","100 - 105K กม.","กรุงเทพมหานคร","","","เกียร์อัตโนมัติ"
"1786479961-685","https://www.one2car.com/%E0%B8%A3%E0%B8%96-%E0%B8%AA%E0%B8%B3%E0%B8%AB%E0%B8%A3%E0%B8%B1%E0%B8%9A-%E0%B8%82%E0%B8%B2%E0%B8%A2?type=used&page_number=51&page_size=26","https://www.one2car.com/%E0%B8%A3%E0%B8%96-%E0%B8%AA%E0%B8%B3%E0%B8%AB%E0%B8%A3%E0%B8%B1%E0%B8%9A-%E0%B8%82%E0%B8%B2%E0%B8%A2?type=used&page_number=87&page_size=26","2023 Toyota Yaris Ativ 1.2 (ปี 22-28) Smart Sedan","รถมือสอง ! ⭐️ฟรีดาวน์ ออกรถ 0 บาท 💥มีเล่มพร้อมโอน💥 เบอร์ตรง **** ☎️ คุณบุษบา **** ...","Toyota Yaris Ativ","35 - 40K กม.","กรุงเทพมหานคร","","","เกียร์อัตโนมัติ"
"1786479961-686","https://www.one2car.com/%E0%B8%A3%E0%B8%96-%E0%B8%AA%E0%B8%B3%E0%B8%AB%E0%B8%A3%E0%B8%B1%E0%B8%9A-%E0%B8%82%E0%B8%B2%E0%B8%A2?type=used&page_number=51&page_size=26","https://www.one2car.com/%E0%B8%A3%E0%B8%96-%E0%B8%AA%E0%B8%B3%E0%B8%AB%E0%B8%A3%E0%B8%B1%E0%B8%9A-%E0%B8%82%E0%B8%B2%E0%B8%A2?type=used&page_number=87&page_size=26","1993 Nissan SKYLINE 2.0 R32 (ปี 89-94) GTS-t Sedan","NiSSAN SKYLINE HR32 sedan เครื่อง RB20 โช้ค OHLINS ปีกนก NiSMO ล้อ NiSMO เรือนไมล์ NiSMO ...","","20 - 25K กม.","กรุงเทพมหานคร","1,890,000 บาท","มือสอง","เกียร์ธรรมดา"
"1786479961-687","https://www.one2car.com/%E0%B8%A3%E0%B8%96-%E0%B8%AA%E0%B8%B3%E0%B8%AB%E0%B8%A3%E0%B8%B1%E0%B8%9A-%E0%B8%82%E0%B8%B2%E0%B8%A2?type=used&page_number=51&page_size=26","https://www.one2car.com/%E0%B8%A3%E0%B8%96-%E0%B8%AA%E0%B8%B3%E0%B8%AB%E0%B8%A3%E0%B8%B1%E0%B8%9A-%E0%B8%82%E0%B8%B2%E0%B8%A2?type=used&page_number=87&page_size=26","2001 Jeep WRANGLER 4.0 (ปี 97-06) Sahara SUV - 4WD","รถ JEEP WRANGER TJ Sahara ปี 2001 รถศูนย์ : 1ใน 50คัน รถมือเดียว service ช่วงล่าง ...","","0 - 5K กม.","กรุงเทพมหานคร","1,090,000 บาท","มือสอง","เกียร์อัตโนมัติ"
"1786479961-688","https://www.one2car.com/%E0%B8%A3%E0%B8%96-%E0%B8%AA%E0%B8%B3%E0%B8%AB%E0%B8%A3%E0%B8%B1%E0%B8%9A-%E0%B8%82%E0%B8%B2%E0%B8%A2?type=used&page_number=51&page_size=26","https://www.one2car.com/%E0%B8%A3%E0%B8%96-%E0%B8%AA%E0%B8%B3%E0%B8%AB%E0%B8%A3%E0%B8%B1%E0%B8%9A-%E0%B8%82%E0%B8%B2%E0%B8%A2?type=used&page_number=87&page_size=26","2021 Honda CIVIC 1.8 FC (ปี 16-20) EL Sedan","🔰 HONDA CIVIC FC 1.8 EL (MNC) 2020จด2021🔰 หากจะหารถที่ดีและตอบโจทย์ต้องคันนี้เลย MNC ...","Honda CIVIC","95 - 100K กม.","กรุงเทพมหานคร","518,000 บาท","มือสอง","เกียร์อัตโนมัติ"
"1786479966-689","https://www.one2car.com/%E0%B8%A3%E0%B8%96-%E0%B8%AA%E0%B8%B3%E0%B8%AB%E0%B8%A3%E0%B8%B1%E0%B8%9A-%E0%B8%82%E0%B8%B2%E0%B8%A2?type=used&page_number=51&page_size=26","https://www.one2car.com/%E0%B8%A3%E0%B8%96-%E0%B8%AA%E0%B8%B3%E0%B8%AB%E0%B8%A3%E0%B8%B1%E0%B8%9A-%E0%B8%82%E0%B8%B2%E0%B8%A2?type=used&page_number=88&page_size=26","2020 Toyota Corolla Altis 1.8 (ปี 19-25) GR Sport Sedan   ...","⭐NEW TOYOTA ALTIS 1.8 GR SPORT 2020 รถสวยมาก มือเดียว สภาพดี พร้อมใช้งาน 📌 รุ่น GR SPORT ...","Toyota Corolla Altis","120 - 125K กม.","กรุงเทพมหานคร","519,000 บาท","มือสอง","เกียร์อัตโนมัติ"
"1786479966-690","https://www.one2car.com/%E0%B8%A3%E0%B8%96-%E0%B8%AA%E0%B8%B3%E0%B8%AB%E0%B8%A3%E0%B8%B1%E0%B8%9A-%E0%B8%82%E0%B8%B2%E0%B8%A2?type=used&page_number=51&page_size=26","https://www.one2car.com/%E0%B8%A3%E0%B8%96-%E0%B8%AA%E0%B8%B3%E0%B8%AB%E0%B8%A3%E0%B8%B1%E0%B8%9A-%E0%B8%82%E0%B8%B2%E0%B8%A2?type=used&page_number=88&page_size=26","2016 Nissan X-TRAIL 2.5 (ปี 14-20) V SUV - 4WD","⭐NISSAN X-TRAIL 2.5 V 4WD 4WD SUNROOF 2016 รถบ้าน มือเดียว ไมล์น้อย พร้อมใช้ 📌 ไมล์เพียง ...","Nissan X-TRAIL","90 - 95K กม.","กรุงเทพมหานคร","399,000 บาท","มือสอง","เกียร์อัตโนมัติ"
"1786479966-691","https://www.one2car.com/%E0%B8%A3%E0%B8%96-%E0%B8%AA%E0%B8%B3%E0%B8%AB%E0%B8%A3%E0%B8%B1%E0%B8%9A-%E0%B8%82%E0%B8%B2%E0%B8%A2?type=used&page_number=51&page_size=26","https://www.one2car.com/%E0%B8%A3%E0%B8%96-%E0%B8%AA%E0%B8%B3%E0%B8%AB%E0%B8%A3%E0%B8%B1%E0%B8%9A-%E0%B8%82%E0%B8%B2%E0%B8%A2?type=used&page_number=88&page_size=26","2024 Toyota Yaris Ativ 1.2 (ปี 22-28) Smart Sedan","⭐ TOYOTA YARIS ATIV 1.2 SMART 2024 รถออกปลายปี ⭐ สภาพดีจริง ออฟชั่นให้มาครบ ขับดี ประหยัด ...","Toyota Yaris Ativ","40 - 45K กม.","กรุงเทพมหานคร","449,000 บาท","มือสอง","เกียร์อัตโนมัติ"
"1786479966-692","https://www.one2car.com/%E0%B8%A3%E0%B8%96-%E0%B8%AA%E0%B8%B3%E0%B8%AB%E0%B8%A3%E0%B8%B1%E0%B8%9A-%E0%B8%82%E0%B8%B2%E0%B8%A2?type=used&page_number=51&page_size=26","https://www.one2car.com/%E0%B8%A3%E0%B8%96-%E0%B8%AA%E0%B8%B3%E0%B8%AB%E0%B8%A3%E0%B8%B1%E0%B8%9A-%E0%B8%82%E0%B8%B2%E0%B8%A2?type=used&page_number=88&page_size=26","2016 Toyota CAMRY 2.0 (ปี 12-18) G Extremo Sedan","ออกรถ 55 บาท ผ่อนเพียง 8,XXX **-. /เดือน ราคาพิเศษ 479,000 ราคากลาง : 490,000 ...","Toyota CAMRY","145458 กม.","กรุงเทพมหานคร","479,000 บาท","มือสอง","เกียร์อัตโนมัติ"
"1786479966-693","https://www.one2car.com/%E0%B8%A3%E0%B8%96-%E0%B8%AA%E0%B8%B3%E0%B8%AB%E0%B8%A3%E0%B8%B1%E0%B8%9A-%E0%B8%82%E0%B8%B2%E0%B8%A2?type=used&page_number=51&page_size=26","https://www.one2car.com/%E0%B8%A3%E0%B8%96-%E0%B8%AA%E0%B8%B3%E0%B8%AB%E0%B8%A3%E0%B8%B1%E0%B8%9A-%E0%B8%82%E0%B8%B2%E0%B8%A2?type=used&page_number=88&page_size=26","2022 Honda City 1.0 (ปี 19-26) V Sedan","รถเก๋ง ผ่อนเริ่ม 6,xxx-./เดือน เครดิตดีฟรีดาวน์* รับประกัน 5 ปี มีรถให้ใช้ระหว่างซ่อม ...","Honda City","75428 กม.","กรุงเทพมหานคร","379,000 บาท","มือสอง","เกียร์อัตโนมัติ"
"1786479966-694","https://www.one2car.com/%E0%B8%A3%E0%B8%96-%E0%B8%AA%E0%B8%B3%E0%B8%AB%E0%B8%A3%E0%B8%B1%E0%B8%9A-%E0%B8%82%E0%B8%B2%E0%B8%A2?type=used&page_number=51&page_size=26","https://www.one2car.com/%E0%B8%A3%E0%B8%96-%E0%B8%AA%E0%B8%B3%E0%B8%AB%E0%B8%A3%E0%B8%B1%E0%B8%9A-%E0%B8%82%E0%B8%B2%E0%B8%A2?type=used&page_number=88&page_size=26","2019 Isuzu D-MAX 1.9 Space Cab (ปี 19-26) Hi-Lander L Pick...","ออกรถ 55 บาท ผ่อนเพียง 7,XXX **-. /เดือน ราคาพิเศษ 429,000 ราคากลาง : 430,000 ...","Isuzu D-MAX","150959 กม.","กรุงเทพมหานคร","429,000 บาท","มือสอง","เกียร์ธรรมดา"
"1786479966-695","https://www.one2car.com/%E0%B8%A3%E0%B8%96-%E0%B8%AA%E0%B8%B3%E0%B8%AB%E0%B8%A3%E0%B8%B1%E0%B8%9A-%E0%B8%82%E0%B8%B2%E0%B8%A2?type=used&page_number=51&page_size=26","https://www.one2car.com/%E0%B8%A3%E0%B8%96-%E0%B8%AA%E0%B8%B3%E0%B8%AB%E0%B8%A3%E0%B8%B1%E0%B8%9A-%E0%B8%82%E0%B8%B2%E0%B8%A2?type=used&page_number=88&page_size=26","2021 Toyota VIOS 1.5 (ปี 17-22) Entry Sedan","รถเล็ก ผ่อนเริ่ม 5,xxx-./เดือน เครดิตดีฟรีดาวน์* รับประกัน 5 ปี มีรถให้ใช้ระหว่างซ่อม ...","Toyota VIOS","85 - 90K กม.","กรุงเทพมหานคร","339,000 บาท","มือสอง","เกียร์อัตโนมัติ"
"1786479966-696","https://www.one2car.com/%E0%B8%A3%E0%B8%96-%E0%B8%AA%E0%B8%B3%E0%B8%AB%E0%B8%A3%E0%B8%B1%E0%B8%9A-%E0%B8%82%E0%B8%B2%E0%B8%A2?type=used&page_number=51&page_size=26","https://www.one2car.com/%E0%B8%A3%E0%B8%96-%E0%B8%AA%E0%B8%B3%E0%B8%AB%E0%B8%A3%E0%B8%B1%E0%B8%9A-%E0%B8%82%E0%B8%B2%E0%B8%A2?type=used&page_number=88&page_size=26","2023 Isuzu D-MAX 1.9 Cab-4 (ปี 19-26) Hi-Lander Z Pickup  ...","รถปีใหม่ ไมล์น้อย ผ่อนเริ่ม 11,xxx-./เดือน เครดิตดีฟรีดาวน์* รับประกัน 5 ปี ...","Isuzu D-MAX","85 - 90K กม.","กรุงเทพมหานคร","649,000 บาท","มือสอง","เกียร์อัตโนมัติ"
"1786479966-697","https://www.one2car.com/%E0%B8%A3%E0%B8%96-%E0%B8%AA%E0%B8%B3%E0%B8%AB%E0%B8%A3%E0%B8%B1%E0%B8%9A-%E0%B8%82%E0%B8%B2%E0%B8%A2?type=used&page_number=51&page_size=26","https://www.one2car.com/%E0%B8%A3%E0%B8%96-%E0%B8%AA%E0%B8%B3%E0%B8%AB%E0%B8%A3%E0%B8%B1%E0%B8%9A-%E0%B8%82%E0%B8%B2%E0%B8%A2?type=used&page_number=88&page_size=26","2021 Toyota HILUX REVO 2.4 Smart Cab Z Edition Entry Picku...","รถกระบะ ผ่อนเริ่ม 8,xxx-./เดือน เครดิตดีฟรีดาวน์* รับประกัน 5 ปี มีรถให้ใช้ระหว่างซ่อม ...","Toyota HILUX REVO","156335 กม.","นครปฐม","449,000 บาท","มือสอง","เกียร์อัตโนมัติ"
"1786479966-698","https://www.one2car.com/%E0%B8%A3%E0%B8%96-%E0%B8%AA%E0%B8%B3%E0%B8%AB%E0%B8%A3%E0%B8%B1%E0%B8%9A-%E0%B8%82%E0%B8%B2%E0%B8%A2?type=used&page_number=51&page_size=26","https://www.one2car.com/%E0%B8%A3%E0%B8%96-%E0%B8%AA%E0%B8%B3%E0%B8%AB%E0%B8%A3%E0%B8%B1%E0%B8%9A-%E0%B8%82%E0%B8%B2%E0%B8%A2?type=used&page_number=88&page_size=26","2024 Toyota YARIS 1.2 (ปี 17-25) Sport Hatchback","รถHatchback ผ่อนเริ่ม 7,xxx-./เดือน เครดิตดีฟรีดาวน์* รับประกัน 5 ปี ...","Toyota YARIS","10 - 15K กม.","ระยอง","409,000 บาท","มือสอง","เกียร์อัตโนมัติ"
"1786479966-699","https://www.one2car.com/%E0%B8%A3%E0%B8%96-%E0%B8%AA%E0%B8%B3%E0%B8%AB%E0%B8%A3%E0%B8%B1%E0%B8%9A-%E0%B8%82%E0%B8%B2%E0%B8%A2?type=used&page_number=51&page_size=26","https://www.one2car.com/%E0%B8%A3%E0%B8%96-%E0%B8%AA%E0%B8%B3%E0%B8%AB%E0%B8%A3%E0%B8%B1%E0%B8%9A-%E0%B8%82%E0%B8%B2%E0%B8%A2?type=used&page_number=88&page_size=26","2018 Isuzu MU-X 3.0 (ปี 13-19) DVD SUV","รถPPV ผ่อนเริ่ม 10,xxx-./เดือน เครดิตดีฟรีดาวน์* รับประกัน 5 ปี มีรถให้ใช้ระหว่างซ่อม ...","Isuzu MU-X","175 - 180K กม.","นครปฐม","599,000 บาท","มือสอง","เกียร์อัตโนมัติ"
"1786479966-700","https://www.one2car.com/%E0%B8%A3%E0%B8%96-%E0%B8%AA%E0%B8%B3%E0%B8%AB%E0%B8%A3%E0%B8%B1%E0%B8%9A-%E0%B8%82%E0%B8%B2%E0%B8%A2?type=used&page_number=51&page_size=26","https://www.one2car.com/%E0%B8%A3%E0%B8%96-%E0%B8%AA%E0%B8%B3%E0%B8%AB%E0%B8%A3%E0%B8%B1%E0%B8%9A-%E0%B8%82%E0%B8%B2%E0%B8%A2?type=used&page_number=88&page_size=26","2023 Isuzu D-MAX 1.9 Cab-4 (ปี 19-26) Hi-Lander Z Pickup  ...","รถกระบะ ผ่อนเริ่ม 11,xxx-./เดือน เครดิตดีฟรีดาวน์* รับประกัน 5 ปี มีรถให้ใช้ระหว่างซ่อม ...","Isuzu D-MAX","100 - 105K กม.","ชลบุรี","649,000 บาท","มือสอง","เกียร์อัตโนมัติ"
"1786479966-701","https://www.one2car.com/%E0%B8%A3%E0%B8%96-%E0%B8%AA%E0%B8%B3%E0%B8%AB%E0%B8%A3%E0%B8%B1%E0%B8%9A-%E0%B8%82%E0%B8%B2%E0%B8%A2?type=used&page_number=51&page_size=26","https://www.one2car.com/%E0%B8%A3%E0%B8%96-%E0%B8%AA%E0%B8%B3%E0%B8%AB%E0%B8%A3%E0%B8%B1%E0%B8%9A-%E0%B8%82%E0%B8%B2%E0%B8%A2?type=used&page_number=88&page_size=26","2023 Isuzu D-MAX 3.0 Cab-4 (ปี 19-26) Vcross M Pickup - 4W...","รถปีใหม่ ไมล์น้อย ผ่อนเริ่ม 16,xxx-./เดือน เครดิตดีฟรีดาวน์* รับประกัน 5 ปี ...","Isuzu D-MAX","65 - 70K กม.","ชลบุรี","899,000 บาท","มือสอง","เกียร์อัตโนมัติ"
"1786479966-702","https://www.one2car.com/%E0%B8%A3%E0%B8%96-%E0%B8%AA%E0%B8%B3%E0%B8%AB%E0%B8%A3%E0%B8%B1%E0%B8%9A-%E0%B8%82%E0%B8%B2%E0%B8%A2?type=used&page_number=51&page_size=26","https://www.one2car.com/%E0%B8%A3%E0%B8%96-%E0%B8%AA%E0%B8%B3%E0%B8%AB%E0%B8%A3%E0%B8%B1%E0%B8%9A-%E0%B8%82%E0%B8%B2%E0%B8%A2?type=used&page_number=88&page_size=26","2017 Toyota YARIS 1.2 (ปี 13-17) E Hatchback","ออกรถ 55 บาท ผ่อนเพียง 4,XXX **-. /เดือน ราคาพิเศษ 269,000 ราคากลาง : 265,000 ...","Toyota YARIS","171497 กม.","สมุทรปราการ","269,000 บาท","มือสอง","เกียร์อัตโนมัติ"
"1786479966-703","https://www.one2car.com/%E0%B8%A3%E0%B8%96-%E0%B8%AA%E0%B8%B3%E0%B8%AB%E0%B8%A3%E0%B8%B1%E0%B8%9A-%E0%B8%82%E0%B8%B2%E0%B8%A2?type=used&page_number=51&page_size=26","https://www.one2car.com/%E0%B8%A3%E0%B8%96-%E0%B8%AA%E0%B8%B3%E0%B8%AB%E0%B8%A3%E0%B8%B1%E0%B8%9A-%E0%B8%82%E0%B8%B2%E0%B8%A2?type=used&page_number=88&page_size=26","2023 Isuzu D-MAX 1.9 Cab-4 (ปี 19-26) Hi-Lander Z Pickup  ...","รถกระบะ ผ่อนเริ่ม 11,xxx-./เดือน เครดิตดีฟรีดาวน์* รับประกัน 5 ปี มีรถให้ใช้ระหว่างซ่อม ...","Isuzu D-MAX","110 - 115K กม.","กรุงเทพมหานคร","639,000 บาท","มือสอง","เกียร์อัตโนมัติ"
"1786479966-704","https://www.one2car.com/%E0%B8%A3%E0%B8%96-%E0%B8%AA%E0%B8%B3%E0%B8%AB%E0%B8%A3%E0%B8%B1%E0%B8%9A-%E0%B8%82%E0%B8%B2%E0%B8%A2?type=used&page_number=51&page_size=26","https://www.one2car.com/%E0%B8%A3%E0%B8%96-%E0%B8%AA%E0%B8%B3%E0%B8%AB%E0%B8%A3%E0%B8%B1%E0%B8%9A-%E0%B8%82%E0%B8%B2%E0%B8%A2?type=used&page_number=88&page_size=26","2025 Isuzu D-MAX 2.2 Space Cab (ปี 19-26) L Pickup","รถกระบะ ผ่อนเริ่ม 11,xxx-./เดือน เครดิตดีฟรีดาวน์* รับประกัน 5 ปี มีรถให้ใช้ระหว่างซ่อม ...","Isuzu D-MAX","40 - 45K กม.","ชลบุรี","639,000 บาท","มือสอง","เกียร์อัตโนมัติ"
"1786479966-705","https://www.one2car.com/%E0%B8%A3%E0%B8%96-%E0%B8%AA%E0%B8%B3%E0%B8%AB%E0%B8%A3%E0%B8%B1%E0%B8%9A-%E0%B8%82%E0%B8%B2%E0%B8%A2?type=used&page_number=51&page_size=26","https://www.one2car.com/%E0%B8%A3%E0%B8%96-%E0%B8%AA%E0%B8%B3%E0%B8%AB%E0%B8%A3%E0%B8%B1%E0%B8%9A-%E0%B8%82%E0%B8%B2%E0%B8%A2?type=used&page_number=88&page_size=26","2022 Mercedes-Benz E300 2.0 W213 (ปี 16-23) e AMG Dynamic ...","Mercedes-Benz E 300 e AMG Dynamic (W213) Year 2022** สีขาว ทะเบียน 2ขถ 4519 กทม. Mileage ...","Mercedes-Benz E300","155 - 160K กม.","กรุงเทพมหานคร","","","เกียร์อัตโนมัติ"
"1786479966-706","https://www.one2car.com/%E0%B8%A3%E0%B8%96-%E0%B8%AA%E0%B8%B3%E0%B8%AB%E0%B8%A3%E0%B8%B1%E0%B8%9A-%E0%B8%82%E0%B8%B2%E0%B8%A2?type=used&page_number=51&page_size=26","https://www.one2car.com/%E0%B8%A3%E0%B8%96-%E0%B8%AA%E0%B8%B3%E0%B8%AB%E0%B8%A3%E0%B8%B1%E0%B8%9A-%E0%B8%82%E0%B8%B2%E0%B8%A2?type=used&page_number=88&page_size=26","2017 Toyota YARIS 1.2 (ปี 17-25) J Hatchback","🚗🎀TOYOTA YARIS 1.2 J HATCHBACK A/T ปี 2017🚗🎀 📌ราคาพิเศษวันนี้ 269,000 บาท ...","Toyota YARIS","135 - 140K กม.","กรุงเทพมหานคร","269,000 บาท","มือสอง","เกียร์อัตโนมัติ"
"1786479966-707","https://www.one2car.com/%E0%B8%A3%E0%B8%96-%E0%B8%AA%E0%B8%B3%E0%B8%AB%E0%B8%A3%E0%B8%B1%E0%B8%9A-%E0%B8%82%E0%B8%B2%E0%B8%A2?type=used&page_number=51&page_size=26","https://www.one2car.com/%E0%B8%A3%E0%B8%96-%E0%B8%AA%E0%B8%B3%E0%B8%AB%E0%B8%A3%E0%B8%B1%E0%B8%9A-%E0%B8%82%E0%B8%B2%E0%B8%A2?type=used&page_number=88&page_size=26","2015 Honda CR-V 2.0 (ปี 12-16) E SUV - AWD","HONDA CR-V 2.0 E 4WD AT 2015 ออกรถ 0 บาท จัดได้ 409,000 บ. Line:@BBCAR1 ...","Honda CR-V","185 - 190K กม.","กรุงเทพมหานคร","","","เกียร์อัตโนมัติ"
"1786479966-708","https://www.one2car.com/%E0%B8%A3%E0%B8%96-%E0%B8%AA%E0%B8%B3%E0%B8%AB%E0%B8%A3%E0%B8%B1%E0%B8%9A-%E0%B8%82%E0%B8%B2%E0%B8%A2?type=used&page_number=51&page_size=26","https://www.one2car.com/%E0%B8%A3%E0%B8%96-%E0%B8%AA%E0%B8%B3%E0%B8%AB%E0%B8%A3%E0%B8%B1%E0%B8%9A-%E0%B8%82%E0%B8%B2%E0%B8%A2?type=used&page_number=88&page_size=26","2022 Ford RANGER 2.0 Double Cab (ปี 22-28) WildTrak Hi-Rid...","FORD RANGER 2.0 BI-TURBO WILDTRAK HI-RIDER DOUBLE CAB HI-RIDER DOUBLE CAB AT 2022 ออกรถ 0 ...","Ford RANGER","75 - 80K กม.","สมุทรสาคร","","","เกียร์อัตโนมัติ"
"1786479966-709","https://www.one2car.com/%E0%B8%A3%E0%B8%96-%E0%B8%AA%E0%B8%B3%E0%B8%AB%E0%B8%A3%E0%B8%B1%E0%B8%9A-%E0%B8%82%E0%B8%B2%E0%B8%A2?type=used&page_number=51&page_size=26","https://www.one2car.com/%E0%B8%A3%E0%B8%96-%E0%B8%AA%E0%B8%B3%E0%B8%AB%E0%B8%A3%E0%B8%B1%E0%B8%9A-%E0%B8%82%E0%B8%B2%E0%B8%A2?type=used&page_number=88&page_size=26","2016 Toyota CAMRY 2.5 (ปี 12-18) Hybrid Sedan","รุ่น 2.5 hybrid CD รถสวยบอดี้เดิม รับประกันไม่มีชนหนัก พลิกคว่ำ หรือจมน้ำ ไมล์แท้ ...","Toyota CAMRY","130 - 135K กม.","กรุงเทพมหานคร","","","เกียร์อัตโนมัติ"
"1786479971-710","https://www.one2car.com/%E0%B8%A3%E0%B8%96-%E0%B8%AA%E0%B8%B3%E0%B8%AB%E0%B8%A3%E0%B8%B1%E0%B8%9A-%E0%B8%82%E0%B8%B2%E0%B8%A2?type=used&page_number=51&page_size=26","https://www.one2car.com/%E0%B8%A3%E0%B8%96-%E0%B8%AA%E0%B8%B3%E0%B8%AB%E0%B8%A3%E0%B8%B1%E0%B8%9A-%E0%B8%82%E0%B8%B2%E0%B8%A2?type=used&page_number=89&page_size=26","2021 Honda CR-V 2.4 (ปี 17-21) ES SUV - AWD","HONDA CR-V 2.4 ES 4WD AT 2021 ออกรถ 0 บาท รหัสรถ 2B607 Line: @bbcar02 ...","Honda CR-V","165 - 170K กม.","กรุงเทพมหานคร","","","เกียร์อัตโนมัติ"
"1786479971-711","https://www.one2car.com/%E0%B8%A3%E0%B8%96-%E0%B8%AA%E0%B8%B3%E0%B8%AB%E0%B8%A3%E0%B8%B1%E0%B8%9A-%E0%B8%82%E0%B8%B2%E0%B8%A2?type=used&page_number=51&page_size=26","https://www.one2car.com/%E0%B8%A3%E0%B8%96-%E0%B8%AA%E0%B8%B3%E0%B8%AB%E0%B8%A3%E0%B8%B1%E0%B8%9A-%E0%B8%82%E0%B8%B2%E0%B8%A2?type=used&page_number=89&page_size=26","2013 Toyota CAMRY 2.5 (ปี 12-18) Hybrid Navi Sedan","Camry 2.5 hybrid premiume สีบรอนซ์เงิน ภายในสีเบจ ลายไม้สีน้ำตาลดำ ...","Toyota CAMRY","170 - 175K กม.","กรุงเทพมหานคร","","","เกียร์อัตโนมัติ"
"1786479971-712","https://www.one2car.com/%E0%B8%A3%E0%B8%96-%E0%B8%AA%E0%B8%B3%E0%B8%AB%E0%B8%A3%E0%B8%B1%E0%B8%9A-%E0%B8%82%E0%B8%B2%E0%B8%A2?type=used&page_number=51&page_size=26","https://www.one2car.com/%E0%B8%A3%E0%B8%96-%E0%B8%AA%E0%B8%B3%E0%B8%AB%E0%B8%A3%E0%B8%B1%E0%B8%9A-%E0%B8%82%E0%B8%B2%E0%B8%A2?type=used&page_number=89&page_size=26","2013 Honda JAZZ 1.5 (ปี 08-14) SV Hatchback","รถไมล์แท้ มือเดียวตั้งแต่ป้ายแดง","Honda JAZZ","130 - 135K กม.","กรุงเทพมหานคร","","","เกียร์อัตโนมัติ"
"1786479971-713","https://www.one2car.com/%E0%B8%A3%E0%B8%96-%E0%B8%AA%E0%B8%B3%E0%B8%AB%E0%B8%A3%E0%B8%B1%E0%B8%9A-%E0%B8%82%E0%B8%B2%E0%B8%A2?type=used&page_number=51&page_size=26","https://www.one2car.com/%E0%B8%A3%E0%B8%96-%E0%B8%AA%E0%B8%B3%E0%B8%AB%E0%B8%A3%E0%B8%B1%E0%B8%9A-%E0%B8%82%E0%B8%B2%E0%B8%A2?type=used&page_number=89&page_size=26","2020 Toyota FORTUNER 2.8 (ปี 15-25) Legender SUV","🚗🎀TOYOTA FORTUNER 2.8 LEGENDER 2WD 2020🚗🎀 🔑 ทะเบียน 7ขบ 6179 กทม ⏱ไมล์ 195,000 km. ...","Toyota FORTUNER","195 - 200K กม.","กรุงเทพมหานคร","","","เกียร์อัตโนมัติ"
"1786479971-714","https://www.one2car.com/%E0%B8%A3%E0%B8%96-%E0%B8%AA%E0%B8%B3%E0%B8%AB%E0%B8%A3%E0%B8%B1%E0%B8%9A-%E0%B8%82%E0%B8%B2%E0%B8%A2?type=used&page_number=51&page_size=26","https://www.one2car.com/%E0%B8%A3%E0%B8%96-%E0%B8%AA%E0%B8%B3%E0%B8%AB%E0%B8%A3%E0%B8%B1%E0%B8%9A-%E0%B8%82%E0%B8%B2%E0%B8%A2?type=used&page_number=89&page_size=26","2019 Chevrolet TRAILBLAZER 2.5 (ปี 12-16) LTZ SUV","LTZ SUV 7 ที่นั่ง ตัวท็อป พร้อมลุยทุกเส้นทาง ครอบครัวใหญ่เดินทางสบาย ออฟชั่นครบ ...","Chevrolet TRAILBLAZER","128000 กม.","กรุงเทพมหานคร","","","เกียร์อัตโนมัติ"
"1786479971-715","https://www.one2car.com/%E0%B8%A3%E0%B8%96-%E0%B8%AA%E0%B8%B3%E0%B8%AB%E0%B8%A3%E0%B8%B1%E0%B8%9A-%E0%B8%82%E0%B8%B2%E0%B8%A2?type=used&page_number=51&page_size=26","https://www.one2car.com/%E0%B8%A3%E0%B8%96-%E0%B8%AA%E0%B8%B3%E0%B8%AB%E0%B8%A3%E0%B8%B1%E0%B8%9A-%E0%B8%82%E0%B8%B2%E0%B8%A2?type=used&page_number=89&page_size=26","2016 Ford EVEREST 3.2 (ปี 15-22) Titanium SUV - 4WD","✨ 0% 12เดือน หรือ ขับฟรี 60วัน ✨ ดอกเบี้ยพิเศษเริ่มต้นที่ 2.49% ✅ ไม่เคยมีเครดิต ✅ ติดค้ำ ...","Ford EVEREST","230 - 235K กม.","กรุงเทพมหานคร","","","เกียร์อัตโนมัติ"
"1786479971-716","https://www.one2car.com/%E0%B8%A3%E0%B8%96-%E0%B8%AA%E0%B8%B3%E0%B8%AB%E0%B8%A3%E0%B8%B1%E0%B8%9A-%E0%B8%82%E0%B8%B2%E0%B8%A2?type=used&page_number=51&page_size=26","https://www.one2car.com/%E0%B8%A3%E0%B8%96-%E0%B8%AA%E0%B8%B3%E0%B8%AB%E0%B8%A3%E0%B8%B1%E0%B8%9A-%E0%B8%82%E0%B8%B2%E0%B8%A2?type=used&page_number=89&page_size=26","2022 Isuzu MU-X 3.0 (ปี 20-26) Ultimate SUV","ISUZU MU-X 3.0 ULTIMATE AT 2022 ออกรถ 0 บาท รหัสรถ 3B844 Line: @bbcar03 ...","Isuzu MU-X","190 - 195K กม.","กรุงเทพมหานคร","","","เกียร์อัตโนมัติ"
"1786479971-717","https://www.one2car.com/%E0%B8%A3%E0%B8%96-%E0%B8%AA%E0%B8%B3%E0%B8%AB%E0%B8%A3%E0%B8%B1%E0%B8%9A-%E0%B8%82%E0%B8%B2%E0%B8%A2?type=used&page_number=51&page_size=26","https://www.one2car.com/%E0%B8%A3%E0%B8%96-%E0%B8%AA%E0%B8%B3%E0%B8%AB%E0%B8%A3%E0%B8%B1%E0%B8%9A-%E0%B8%82%E0%B8%B2%E0%B8%A2?type=used&page_number=89&page_size=26","2016 Mercedes-Benz GLA250 2.0 W156 (ปี 14-20) AMG Dynamic ...","MERCEDES-BENZ GLA-CLASS GLA250 W156 AT 2016 ออกรถ 0 บาท รหัสรถ 6B843 Line: @bbcar06 ...","Mercedes-Benz GLA250","155 - 160K กม.","กรุงเทพมหานคร","","","เกียร์อัตโนมัติ"
"1786479971-718","https://www.one2car.com/%E0%B8%A3%E0%B8%96-%E0%B8%AA%E0%B8%B3%E0%B8%AB%E0%B8%A3%E0%B8%B1%E0%B8%9A-%E0%B8%82%E0%B8%B2%E0%B8%A2?type=used&page_number=51&page_size=26","https://www.one2car.com/%E0%B8%A3%E0%B8%96-%E0%B8%AA%E0%B8%B3%E0%B8%AB%E0%B8%A3%E0%B8%B1%E0%B8%9A-%E0%B8%82%E0%B8%B2%E0%B8%A2?type=used&page_number=89&page_size=26","2019 BMW X1 2.0 F48 (ปี 16-20) sDrive18d xLine SUV","💥#BMW #X1 (F48) สวยสะดุดตา ประวัติดีพร้อมใช้งาน✨ #คันนี้ฟรีดาวน์ : BMW X1 sDrive18d xLine ...","BMW X1","150 - 155K กม.","กรุงเทพมหานคร","684,000 บาท","มือสอง","เกียร์อัตโนมัติ"
"1786479971-719","https://www.one2car.com/%E0%B8%A3%E0%B8%96-%E0%B8%AA%E0%B8%B3%E0%B8%AB%E0%B8%A3%E0%B8%B1%E0%B8%9A-%E0%B8%82%E0%B8%B2%E0%B8%A2?type=used&page_number=51&page_size=26","https://www.one2car.com/%E0%B8%A3%E0%B8%96-%E0%B8%AA%E0%B8%B3%E0%B8%AB%E0%B8%A3%E0%B8%B1%E0%B8%9A-%E0%B8%82%E0%B8%B2%E0%B8%A2?type=used&page_number=89&page_size=26","2023 Hyundai H-1 2.5 (ปี 18-24) Elite NS Van","HYUNDAI H-1 ปี 2023 ราคา 908,000 บาท รถตู้ MPV 7-11 ที่นั่ง เหมาะสำหรับครอบครัว ธุรกิจ ...","Hyundai H-1","95 - 100K กม.","ระยอง","","","เกียร์อัตโนมัติ"
"1786479971-720","https://www.one2car.com/%E0%B8%A3%E0%B8%96-%E0%B8%AA%E0%B8%B3%E0%B8%AB%E0%B8%A3%E0%B8%B1%E0%B8%9A-%E0%B8%82%E0%B8%B2%E0%B8%A2?type=used&page_number=51&page_size=26","https://www.one2car.com/%E0%B8%A3%E0%B8%96-%E0%B8%AA%E0%B8%B3%E0%B8%AB%E0%B8%A3%E0%B8%B1%E0%B8%9A-%E0%B8%82%E0%B8%B2%E0%B8%A2?type=used&page_number=89&page_size=26","2021 MG Extender 2.0 Double Cab (ปี 19-26) Grand X Pickup ...","เกียร์AUTO 4x4 มีNavi📣 มีใบเซอร์คุณภาพเกรด5A+(เชิญปรึกษาฟรี เช็คเครดิตฟรี มีบริการไฟแนนซ์ ...","","1 กม.","กรุงเทพมหานคร","","","เกียร์อัตโนมัติ"
"1786479971-721","https://www.one2car.com/%E0%B8%A3%E0%B8%96-%E0%B8%AA%E0%B8%B3%E0%B8%AB%E0%B8%A3%E0%B8%B1%E0%B8%9A-%E0%B8%82%E0%B8%B2%E0%B8%A2?type=used&page_number=51&page_size=26","https://www.one2car.com/%E0%B8%A3%E0%B8%96-%E0%B8%AA%E0%B8%B3%E0%B8%AB%E0%B8%A3%E0%B8%B1%E0%B8%9A-%E0%B8%82%E0%B8%B2%E0%B8%A2?type=used&page_number=89&page_size=26","2020 Mazda 3 2.0 (ปี 19-25) SP Sedan","#MAZDA3 #SP #Sedan 2.0 Top ปี 2020 ตัวรถสีดำ Jet Black ไมล์ 8x,xxx km. ...","Mazda 3","85 - 90K กม.","ชลบุรี","569,000 บาท","มือสอง","เกียร์อัตโนมัติ"
"1786479976-722","https://www.one2car.com/%E0%B8%A3%E0%B8%96-%E0%B8%AA%E0%B8%B3%E0%B8%AB%E0%B8%A3%E0%B8%B1%E0%B8%9A-%E0%B8%82%E0%B8%B2%E0%B8%A2?type=used&page_number=51&page_size=26","https://www.one2car.com/%E0%B8%A3%E0%B8%96-%E0%B8%AA%E0%B8%B3%E0%B8%AB%E0%B8%A3%E0%B8%B1%E0%B8%9A-%E0%B8%82%E0%B8%B2%E0%B8%A2?type=used&page_number=90&page_size=26","2021 Mazda CX-30 2.0 (ปี 20-26) SP SUV","#MAZDA #Cx30 #SP 2.0 Top ปี 2021 ตัวรถสีเทา Machine Gray ไมล์ 92,xxx km. ...","","90 - 95K กม.","ชลบุรี","599,000 บาท","มือสอง","เกียร์อัตโนมัติ"
"1786479976-723","https://www.one2car.com/%E0%B8%A3%E0%B8%96-%E0%B8%AA%E0%B8%B3%E0%B8%AB%E0%B8%A3%E0%B8%B1%E0%B8%9A-%E0%B8%82%E0%B8%B2%E0%B8%A2?type=used&page_number=51&page_size=26","https://www.one2car.com/%E0%B8%A3%E0%B8%96-%E0%B8%AA%E0%B8%B3%E0%B8%AB%E0%B8%A3%E0%B8%B1%E0%B8%9A-%E0%B8%82%E0%B8%B2%E0%B8%A2?type=used&page_number=90&page_size=26","2019 Toyota CAMRY 2.5 (ปี 18-24) G Sedan","📌 2019 Toyota Camry 2.5G (Black) ราคา 719,000 ฿ 📍รับเทิร์นรถ ปิดไฟแนนซ์ ให้ราคาสมเหตุสมผล ...","Toyota CAMRY","140 - 145K กม.","ชลบุรี","719,000 บาท","มือสอง","เกียร์อัตโนมัติ"
"1786479976-724","https://www.one2car.com/%E0%B8%A3%E0%B8%96-%E0%B8%AA%E0%B8%B3%E0%B8%AB%E0%B8%A3%E0%B8%B1%E0%B8%9A-%E0%B8%82%E0%B8%B2%E0%B8%A2?type=used&page_number=51&page_size=26","https://www.one2car.com/%E0%B8%A3%E0%B8%96-%E0%B8%AA%E0%B8%B3%E0%B8%AB%E0%B8%A3%E0%B8%B1%E0%B8%9A-%E0%B8%82%E0%B8%B2%E0%B8%A2?type=used&page_number=90&page_size=26","2020 Toyota CAMRY 2.5 (ปี 18-24) G Sedan","📌2019 (จด 2020) Toyota Camry 2.5G (White) ราคา 745,000 ฿ 📍รับเทิร์นรถ ปิดไฟแนนซ์ ...","Toyota CAMRY","145 - 150K กม.","ชลบุรี","739,000 บาท","มือสอง","เกียร์อัตโนมัติ"
"1786479976-725","https://www.one2car.com/%E0%B8%A3%E0%B8%96-%E0%B8%AA%E0%B8%B3%E0%B8%AB%E0%B8%A3%E0%B8%B1%E0%B8%9A-%E0%B8%82%E0%B8%B2%E0%B8%A2?type=used&page_number=51&page_size=26","https://www.one2car.com/%E0%B8%A3%E0%B8%96-%E0%B8%AA%E0%B8%B3%E0%B8%AB%E0%B8%A3%E0%B8%B1%E0%B8%9A-%E0%B8%82%E0%B8%B2%E0%B8%A2?type=used&page_number=90&page_size=26","2018 BMW 320d 2.0 F30 (ปี 11-16) M Sport Sedan","#BMW #320d #Msport #LCI F30 Top ปี 2018 เลขไมล์ 10x,xxx km. เครื่องยนต์ดีเซล ...","BMW 320d","105 - 110K กม.","ชลบุรี","759,000 บาท","มือสอง","เกียร์อัตโนมัติ"
"1786479976-726","https://www.one2car.com/%E0%B8%A3%E0%B8%96-%E0%B8%AA%E0%B8%B3%E0%B8%AB%E0%B8%A3%E0%B8%B1%E0%B8%9A-%E0%B8%82%E0%B8%B2%E0%B8%A2?type=used&page_number=51&page_size=26","https://www.one2car.com/%E0%B8%A3%E0%B8%96-%E0%B8%AA%E0%B8%B3%E0%B8%AB%E0%B8%A3%E0%B8%B1%E0%B8%9A-%E0%B8%82%E0%B8%B2%E0%B8%A2?type=used&page_number=90&page_size=26","2020 Mazda 3 2.0 (ปี 19-25) SP Sports Hatchback","#MAZDA3 #SP 2.0 Top Fastback ปี 2020 ตัวรถสีเทา Machine Gray เลขไมล์ 80,xxx km. ...","Mazda 3","80 - 85K กม.","ชลบุรี","619,000 บาท","มือสอง","เกียร์อัตโนมัติ"
"1786479976-727","https://www.one2car.com/%E0%B8%A3%E0%B8%96-%E0%B8%AA%E0%B8%B3%E0%B8%AB%E0%B8%A3%E0%B8%B1%E0%B8%9A-%E0%B8%82%E0%B8%B2%E0%B8%A2?type=used&page_number=51&page_size=26","https://www.one2car.com/%E0%B8%A3%E0%B8%96-%E0%B8%AA%E0%B8%B3%E0%B8%AB%E0%B8%A3%E0%B8%B1%E0%B8%9A-%E0%B8%82%E0%B8%B2%E0%B8%A2?type=used&page_number=90&page_size=26","2019 Honda CIVIC 1.8 FC (ปี 16-20) EL Sedan","Honda Civic FC 1.8 EL ปี 2019 ราคา 580,000 บาท 📍รับเทิร์นรถ ปิดไฟแนนซ์ ให้ราคาสมเหตุสมผล ...","Honda CIVIC","110 - 115K กม.","ชลบุรี","539,000 บาท","มือสอง","เกียร์อัตโนมัติ"
"1786479976-728","https://www.one2car.com/%E0%B8%A3%E0%B8%96-%E0%B8%AA%E0%B8%B3%E0%B8%AB%E0%B8%A3%E0%B8%B1%E0%B8%9A-%E0%B8%82%E0%B8%B2%E0%B8%A2?type=used&page_number=51&page_size=26","https://www.one2car.com/%E0%B8%A3%E0%B8%96-%E0%B8%AA%E0%B8%B3%E0%B8%AB%E0%B8%A3%E0%B8%B1%E0%B8%9A-%E0%B8%82%E0%B8%B2%E0%B8%A2?type=used&page_number=90&page_size=26","2020 Mazda 2 1.5 (ปี 15-25) XD Sedan","#MAZDA2 #Diesel 1.5 Turbo #XD Sedan ปี 2019 จดทะเบียนปี 2020 ตัวรถสีเทา Machine Gray ...","Mazda 2","135 - 140K กม.","ชลบุรี","419,000 บาท","มือสอง","เกียร์อัตโนมัติ"
"1786479976-729","https://www.one2car.com/%E0%B8%A3%E0%B8%96-%E0%B8%AA%E0%B8%B3%E0%B8%AB%E0%B8%A3%E0%B8%B1%E0%B8%9A-%E0%B8%82%E0%B8%B2%E0%B8%A2?type=used&page_number=51&page_size=26","https://www.one2car.com/%E0%B8%A3%E0%B8%96-%E0%B8%AA%E0%B8%B3%E0%B8%AB%E0%B8%A3%E0%B8%B1%E0%B8%9A-%E0%B8%82%E0%B8%B2%E0%B8%A2?type=used&page_number=90&page_size=26","2020 Mazda CX-30 2.0 (ปี 20-26) SP SUV","📌 New! 2020 Mazda CX-30 SP TOP (Sonic Silver Metallic) 82,xxx km ราคา 579,000 ฿ ...","","80 - 85K กม.","ชลบุรี","589,000 บาท","มือสอง","เกียร์อัตโนมัติ"
"1786479976-730","https://www.one2car.com/%E0%B8%A3%E0%B8%96-%E0%B8%AA%E0%B8%B3%E0%B8%AB%E0%B8%A3%E0%B8%B1%E0%B8%9A-%E0%B8%82%E0%B8%B2%E0%B8%A2?type=used&page_number=51&page_size=26","https://www.one2car.com/%E0%B8%A3%E0%B8%96-%E0%B8%AA%E0%B8%B3%E0%B8%AB%E0%B8%A3%E0%B8%B1%E0%B8%9A-%E0%B8%82%E0%B8%B2%E0%B8%A2?type=used&page_number=90&page_size=26","2015 Nissan ALMERA 1.2 (ปี 11-19) E Sportech Sedan","#Nissan #Almera #Sportech 1.2 E ปี 2015 ตัวรถสีขาว ภายในดำ ไมล์ 9x,xxx km. ชุดแต่ง ...","Nissan ALMERA","90 - 95K กม.","ชลบุรี","179,000 บาท","มือสอง","เกียร์อัตโนมัติ"
"1786479976-731","https://www.one2car.com/%E0%B8%A3%E0%B8%96-%E0%B8%AA%E0%B8%B3%E0%B8%AB%E0%B8%A3%E0%B8%B1%E0%B8%9A-%E0%B8%82%E0%B8%B2%E0%B8%A2?type=used&page_number=51&page_size=26","https://www.one2car.com/%E0%B8%A3%E0%B8%96-%E0%B8%AA%E0%B8%B3%E0%B8%AB%E0%B8%A3%E0%B8%B1%E0%B8%9A-%E0%B8%82%E0%B8%B2%E0%B8%A2?type=used&page_number=90&page_size=26","2023 Toyota HILUX REVO 2.4 Double Cab Prerunner Rocco Pick...","TOYOTA HILUX REVO 2.4 PRERUNER G ROCCO ปี2566 สีขาว 💥ราคาสุดพิเศษ 739,000 บาท💥 ฟรีดาวน์ ...","Toyota HILUX REVO","90 - 95K กม.","เชียงใหม่","739,000 บาท","มือสอง","เกียร์อัตโนมัติ"
"1786479976-732","https://www.one2car.com/%E0%B8%A3%E0%B8%96-%E0%B8%AA%E0%B8%B3%E0%B8%AB%E0%B8%A3%E0%B8%B1%E0%B8%9A-%E0%B8%82%E0%B8%B2%E0%B8%A2?type=used&page_number=51&page_size=26","https://www.one2car.com/%E0%B8%A3%E0%B8%96-%E0%B8%AA%E0%B8%B3%E0%B8%AB%E0%B8%A3%E0%B8%B1%E0%B8%9A-%E0%B8%82%E0%B8%B2%E0%B8%A2?type=used&page_number=90&page_size=26","2022 Honda City 1.0 (ปี 20-26) SV Hatchback - ( 20-25)","HONDA CITY TURBO 1.0 SV Hatchback ปี 2565 สี ขาว . 💥ราคาสุดพิเศษ 499,000 บาท💥 ฟรีดาวน์ ...","Honda City","55 - 60K กม.","เชียงใหม่","499,000 บาท","มือสอง","เกียร์อัตโนมัติ"
"1786479976-733","https://www.one2car.com/%E0%B8%A3%E0%B8%96-%E0%B8%AA%E0%B8%B3%E0%B8%AB%E0%B8%A3%E0%B8%B1%E0%B8%9A-%E0%B8%82%E0%B8%B2%E0%B8%A2?type=used&page_number=51&page_size=26","https://www.one2car.com/%E0%B8%A3%E0%B8%96-%E0%B8%AA%E0%B8%B3%E0%B8%AB%E0%B8%A3%E0%B8%B1%E0%B8%9A-%E0%B8%82%E0%B8%B2%E0%B8%A2?type=used&page_number=90&page_size=26","2022 Ford RANGER 2.2 Double Cab (ปี 15-21) XLT Hi-Rider Pi...","FORD RANGER 2.2 HI-RIDER XLT ปี2565 สีน้ำเงิน . 💥ราคาสุดพิเศษ 549,000 บาท💥 ฟรีดาวน์ ...","Ford RANGER","45 - 50K กม.","เชียงใหม่","549,000 บาท","มือสอง","เกียร์อัตโนมัติ"
"1786479976-734","https://www.one2car.com/%E0%B8%A3%E0%B8%96-%E0%B8%AA%E0%B8%B3%E0%B8%AB%E0%B8%A3%E0%B8%B1%E0%B8%9A-%E0%B8%82%E0%B8%B2%E0%B8%A2?type=used&page_number=51&page_size=26","https://www.one2car.com/%E0%B8%A3%E0%B8%96-%E0%B8%AA%E0%B8%B3%E0%B8%AB%E0%B8%A3%E0%B8%B1%E0%B8%9A-%E0%B8%82%E0%B8%B2%E0%B8%A2?type=used&page_number=90&page_size=26","2023 Honda CR-V 2.0 (ปี 23-29) e:HEV ES SUV - e HEV ES","HONDA CR-V 2.0 e:HEV ES ปี2566 สีดำ . 💥ราคาสุดพิเศษ 1,290,000 บาท💥 ฟรีดาวน์ ไม่ใช้คนค้ำ✅ ...","Honda CR-V","40 - 45K กม.","เชียงใหม่","1,290,000 บาท","มือสอง","เกียร์อัตโนมัติ"
"1786479976-735","https://www.one2car.com/%E0%B8%A3%E0%B8%96-%E0%B8%AA%E0%B8%B3%E0%B8%AB%E0%B8%A3%E0%B8%B1%E0%B8%9A-%E0%B8%82%E0%B8%B2%E0%B8%A2?type=used&page_number=51&page_size=26","https://www.one2car.com/%E0%B8%A3%E0%B8%96-%E0%B8%AA%E0%B8%B3%E0%B8%AB%E0%B8%A3%E0%B8%B1%E0%B8%9A-%E0%B8%82%E0%B8%B2%E0%B8%A2?type=used&page_number=90&page_size=26","2020 Ford RANGER 2.0 Double Cab (ปี 15-21) WildTrak Hi-Rid...","FORD RANGER WILDTRAK 2.0 HI-RIDER ปี2563 สีเทา . 💥ราคา 555,000 บาท 💥 ฟรีดาวน์ ...","Ford RANGER","95 - 100K กม.","เชียงใหม่","555,000 บาท","มือสอง","เกียร์อัตโนมัติ"
"1786479976-736","https://www.one2car.com/%E0%B8%A3%E0%B8%96-%E0%B8%AA%E0%B8%B3%E0%B8%AB%E0%B8%A3%E0%B8%B1%E0%B8%9A-%E0%B8%82%E0%B8%B2%E0%B8%A2?type=used&page_number=51&page_size=26","https://www.one2car.com/%E0%B8%A3%E0%B8%96-%E0%B8%AA%E0%B8%B3%E0%B8%AB%E0%B8%A3%E0%B8%B1%E0%B8%9A-%E0%B8%82%E0%B8%B2%E0%B8%A2?type=used&page_number=90&page_size=26","2020 BMW Z4 2.0 G29 (ปี 19-26) sDrive30i M Sport Convertib...","🚗BMW Z4 sDrive30i M Sport ปี2020 เลขไมล์ 27,xxx km. 📣Specification - สีแดง San Francisco ...","BMW Z4","25 - 30K กม.","กรุงเทพมหานคร","","","เกียร์อัตโนมัติ"
"1786479976-737","https://www.one2car.com/%E0%B8%A3%E0%B8%96-%E0%B8%AA%E0%B8%B3%E0%B8%AB%E0%B8%A3%E0%B8%B1%E0%B8%9A-%E0%B8%82%E0%B8%B2%E0%B8%A2?type=used&page_number=51&page_size=26","https://www.one2car.com/%E0%B8%A3%E0%B8%96-%E0%B8%AA%E0%B8%B3%E0%B8%AB%E0%B8%A3%E0%B8%B1%E0%B8%9A-%E0%B8%82%E0%B8%B2%E0%B8%A2?type=used&page_number=90&page_size=26","2016 Mitsubishi PAJERO SPORT 2.4 (ปี 15-18) GT Premium SUV...","⭐ ดอกเบี้ยพิเศษ 1.99% ⭐ จัดเต็มฟรีดาวน์ออกรถ 0 บาท ⭐ วารันตีศูนย์ MITSUBISHI ทั่วประเทศ ...","Mitsubishi PAJERO SPORT","120 - 125K กม.","กรุงเทพมหานคร","","","เกียร์อัตโนมัติ"
"1786479980-738","https://www.one2car.com/%E0%B8%A3%E0%B8%96-%E0%B8%AA%E0%B8%B3%E0%B8%AB%E0%B8%A3%E0%B8%B1%E0%B8%9A-%E0%B8%82%E0%B8%B2%E0%B8%A2?type=used&page_number=51&page_size=26","https://www.one2car.com/%E0%B8%A3%E0%B8%96-%E0%B8%AA%E0%B8%B3%E0%B8%AB%E0%B8%A3%E0%B8%B1%E0%B8%9A-%E0%B8%82%E0%B8%B2%E0%B8%A2?type=used&page_number=91&page_size=26","2013 Toyota VIOS 1.5 (ปี 07-13) G Sedan","✅เลขไมล์แท้ ✅ไม่เคยชนหนัก ✅ไม่เคยไฟไหม้ ✅ไม่เคยน้ำท่วม ✅ระบบเครื่องยนต์และระบบขับเคลื่อนดี ...","Toyota VIOS","120 - 125K กม.","กรุงเทพมหานคร","","","เกียร์อัตโนมัติ"
"1786479980-739","https://www.one2car.com/%E0%B8%A3%E0%B8%96-%E0%B8%AA%E0%B8%B3%E0%B8%AB%E0%B8%A3%E0%B8%B1%E0%B8%9A-%E0%B8%82%E0%B8%B2%E0%B8%A2?type=used&page_number=51&page_size=26","https://www.one2car.com/%E0%B8%A3%E0%B8%96-%E0%B8%AA%E0%B8%B3%E0%B8%AB%E0%B8%A3%E0%B8%B1%E0%B8%9A-%E0%B8%82%E0%B8%B2%E0%B8%A2?type=used&page_number=91&page_size=26","2022 Mercedes-Benz GLA200 1.3 W247 (ปี 20-27) AMG Dynamic ...","**🔥 เข้าใหม่! Premium Compact SUV สายสปอร์ต ยอดฮิตตลอดกาล 🔥** **Mercedes-Benz GLA200 AMG ...","","55 - 60K กม.","กรุงเทพมหานคร","1,090,000 บาท","มือสอง","เกียร์อัตโนมัติ"
"1786479980-740","https://www.one2car.com/%E0%B8%A3%E0%B8%96-%E0%B8%AA%E0%B8%B3%E0%B8%AB%E0%B8%A3%E0%B8%B1%E0%B8%9A-%E0%B8%82%E0%B8%B2%E0%B8%A2?type=used&page_number=51&page_size=26","https://www.one2car.com/%E0%B8%A3%E0%B8%96-%E0%B8%AA%E0%B8%B3%E0%B8%AB%E0%B8%A3%E0%B8%B1%E0%B8%9A-%E0%B8%82%E0%B8%B2%E0%B8%A2?type=used&page_number=91&page_size=26","2019 Toyota HILUX REVO 2.4 Double Cab G Prerunner Rocco Pi...","⭐ ดอกเบี้ยพิเศษ 1.99% ⭐ จัดเต็มฟรีดาวน์ออกรถ 0 บาท ⭐ วารันตีศูนย์ TOYOTA ทั่วประเทศ ...","Toyota HILUX REVO","145 - 150K กม.","กรุงเทพมหานคร","","","เกียร์ธรรมดา"
"1786479980-741","https://www.one2car.com/%E0%B8%A3%E0%B8%96-%E0%B8%AA%E0%B8%B3%E0%B8%AB%E0%B8%A3%E0%B8%B1%E0%B8%9A-%E0%B8%82%E0%B8%B2%E0%B8%A2?type=used&page_number=51&page_size=26","https://www.one2car.com/%E0%B8%A3%E0%B8%96-%E0%B8%AA%E0%B8%B3%E0%B8%AB%E0%B8%A3%E0%B8%B1%E0%B8%9A-%E0%B8%82%E0%B8%B2%E0%B8%A2?type=used&page_number=91&page_size=26","2024 Toyota Yaris Cross 1.5 (ปี 23-29) HEV Premium Luxury ...","วารันตีศูนย์TOYOTA 5ปี/150,000 Km. รถมือเดียวสภาพป้ายแดง ⭐ ฟรีดาวน์ 0% ⭐กู้ได้ทุกอาชีพ 🎀 ...","","35 - 40K กม.","กรุงเทพมหานคร","","","เกียร์อัตโนมัติ"
"1786479980-742","https://www.one2car.com/%E0%B8%A3%E0%B8%96-%E0%B8%AA%E0%B8%B3%E0%B8%AB%E0%B8%A3%E0%B8%B1%E0%B8%9A-%E0%B8%82%E0%B8%B2%E0%B8%A2?type=used&page_number=51&page_size=26","https://www.one2car.com/%E0%B8%A3%E0%B8%96-%E0%B8%AA%E0%B8%B3%E0%B8%AB%E0%B8%A3%E0%B8%B1%E0%B8%9A-%E0%B8%82%E0%B8%B2%E0%B8%A2?type=used&page_number=91&page_size=26","2020 Subaru FORESTER 2.0 (ปี 19-24) S SUV - AWD","2020 SUBARU FORESTER 2.0 i-S โฉม ปี19-25 #ฟรีดาวน์ 2.0i-S ออฟชั่นเต็ม เนวี่ จอถอย ...","","95 - 100K กม.","นนทบุรี","489,000 บาท","มือสอง","เกียร์อัตโนมัติ"
"1786479980-743","https://www.one2car.com/%E0%B8%A3%E0%B8%96-%E0%B8%AA%E0%B8%B3%E0%B8%AB%E0%B8%A3%E0%B8%B1%E0%B8%9A-%E0%B8%82%E0%B8%B2%E0%B8%A2?type=used&page_number=51&page_size=26","https://www.one2car.com/%E0%B8%A3%E0%B8%96-%E0%B8%AA%E0%B8%B3%E0%B8%AB%E0%B8%A3%E0%B8%B1%E0%B8%9A-%E0%B8%82%E0%B8%B2%E0%B8%A2?type=used&page_number=91&page_size=26","2021 BMW 530e 2.0 G30 (ปี 17-22) M Sport Sedan","🚗BMW 530e M Sport LCI ปี 2021 เลขไมล์ 41,xxx km. 📣Specification - เครื่องยนต์เบนซิน ...","","40 - 45K กม.","กรุงเทพมหานคร","","","เกียร์อัตโนมัติ"
"1786479980-744","https://www.one2car.com/%E0%B8%A3%E0%B8%96-%E0%B8%AA%E0%B8%B3%E0%B8%AB%E0%B8%A3%E0%B8%B1%E0%B8%9A-%E0%B8%82%E0%B8%B2%E0%B8%A2?type=used&page_number=51&page_size=26","https://www.one2car.com/%E0%B8%A3%E0%B8%96-%E0%B8%AA%E0%B8%B3%E0%B8%AB%E0%B8%A3%E0%B8%B1%E0%B8%9A-%E0%B8%82%E0%B8%B2%E0%B8%A2?type=used&page_number=91&page_size=26","2019 Mercedes-Benz C43 3.0 W205 (ปี 14-22) AMG 4MATIC Seda...","🚗Mercedes AMG C43 4MATIC Sedan ปี 2019 เลขไมล์ 46,xxx km. 📣Specification - ...","","45 - 50K กม.","กรุงเทพมหานคร","","","เกียร์อัตโนมัติ"
"1786479980-745","https://www.one2car.com/%E0%B8%A3%E0%B8%96-%E0%B8%AA%E0%B8%B3%E0%B8%AB%E0%B8%A3%E0%B8%B1%E0%B8%9A-%E0%B8%82%E0%B8%B2%E0%B8%A2?type=used&page_number=51&page_size=26","https://www.one2car.com/%E0%B8%A3%E0%B8%96-%E0%B8%AA%E0%B8%B3%E0%B8%AB%E0%B8%A3%E0%B8%B1%E0%B8%9A-%E0%B8%82%E0%B8%B2%E0%B8%A2?type=used&page_number=91&page_size=26","2022 Mazda CX-8 2.5 (ปี 19-26) SP Exclusive SUV","MAZDA CX-8 2.5SP EXCLUSIVE 2022 รถบ้านเเท้ๆมือเดียวไมล์ 7x,xxx kmประวัติศูนย์ครบๆ ...","","75 - 80K กม.","กรุงเทพมหานคร","","","เกียร์อัตโนมัติ"
"1786479980-746","https://www.one2car.com/%E0%B8%A3%E0%B8%96-%E0%B8%AA%E0%B8%B3%E0%B8%AB%E0%B8%A3%E0%B8%B1%E0%B8%9A-%E0%B8%82%E0%B8%B2%E0%B8%A2?type=used&page_number=51&page_size=26","https://www.one2car.com/%E0%B8%A3%E0%B8%96-%E0%B8%AA%E0%B8%B3%E0%B8%AB%E0%B8%A3%E0%B8%B1%E0%B8%9A-%E0%B8%82%E0%B8%B2%E0%B8%A2?type=used&page_number=91&page_size=26","2020 BMW 320d 2.0 G20 (ปี 19-26) M Sport Sedan","🚗BMW 320d M Sport ปี 2020 เลขไมล์ 49,xxx km. 📍Warranty : 27/12/2028 📣Specification - ...","BMW 320d","45 - 50K กม.","กรุงเทพมหานคร","","","เกียร์อัตโนมัติ"
"1786479980-747","https://www.one2car.com/%E0%B8%A3%E0%B8%96-%E0%B8%AA%E0%B8%B3%E0%B8%AB%E0%B8%A3%E0%B8%B1%E0%B8%9A-%E0%B8%82%E0%B8%B2%E0%B8%A2?type=used&page_number=51&page_size=26","https://www.one2car.com/%E0%B8%A3%E0%B8%96-%E0%B8%AA%E0%B8%B3%E0%B8%AB%E0%B8%A3%E0%B8%B1%E0%B8%9A-%E0%B8%82%E0%B8%B2%E0%B8%A2?type=used&page_number=91&page_size=26","2017 Honda JAZZ 1.5 (ปี 14-22) S Hatchback","2017 HONDA JAZZ 1.5 i-VTEC S MT โฉม ปี14-ปัจจุบัน ฟรีดาวน์ ออกรถ0บาท Mag15 โช๊ค H-Drive ...","Honda JAZZ","115 - 120K กม.","กรุงเทพมหานคร","239,000 บาท","มือสอง","เกียร์ธรรมดา"
"1786479980-748","https://www.one2car.com/%E0%B8%A3%E0%B8%96-%E0%B8%AA%E0%B8%B3%E0%B8%AB%E0%B8%A3%E0%B8%B1%E0%B8%9A-%E0%B8%82%E0%B8%B2%E0%B8%A2?type=used&page_number=51&page_size=26","https://www.one2car.com/%E0%B8%A3%E0%B8%96-%E0%B8%AA%E0%B8%B3%E0%B8%AB%E0%B8%A3%E0%B8%B1%E0%B8%9A-%E0%B8%82%E0%B8%B2%E0%B8%A2?type=used&page_number=91&page_size=26","2022 Mercedes-Benz GLA200 1.3 W247 (ปี 20-27) AMG Dynamic ...","Specification - เครื่องยนต์เบนซินเทอร์โบ 4 สูบ 1.3L 1,332cc 163ps/250nm ขับเคลื่อนล้อหน้า ...","","50 - 55K กม.","กรุงเทพมหานคร","","","เกียร์อัตโนมัติ"
"1786479980-749","https://www.one2car.com/%E0%B8%A3%E0%B8%96-%E0%B8%AA%E0%B8%B3%E0%B8%AB%E0%B8%A3%E0%B8%B1%E0%B8%9A-%E0%B8%82%E0%B8%B2%E0%B8%A2?type=used&page_number=51&page_size=26","https://www.one2car.com/%E0%B8%A3%E0%B8%96-%E0%B8%AA%E0%B8%B3%E0%B8%AB%E0%B8%A3%E0%B8%B1%E0%B8%9A-%E0%B8%82%E0%B8%B2%E0%B8%A2?type=used&page_number=91&page_size=26","2012 Mitsubishi Lancer EX 1.8 (ปี 09-15) GLS LTD Sedan","2012 MITSUBISHI LANCER EX 1.8 GLS โฉม EX ปี09-16 #ฟรีดาวน์ รถวิ่ง 62,xxx แท้ มือเดียว ...","Mitsubishi Lancer EX","60 - 65K กม.","กรุงเทพมหานคร","159,000 บาท","มือสอง","เกียร์อัตโนมัติ"
"1786479980-750","https://www.one2car.com/%E0%B8%A3%E0%B8%96-%E0%B8%AA%E0%B8%B3%E0%B8%AB%E0%B8%A3%E0%B8%B1%E0%B8%9A-%E0%B8%82%E0%B8%B2%E0%B8%A2?type=used&page_number=51&page_size=26","https://www.one2car.com/%E0%B8%A3%E0%B8%96-%E0%B8%AA%E0%B8%B3%E0%B8%AB%E0%B8%A3%E0%B8%B1%E0%B8%9A-%E0%B8%82%E0%B8%B2%E0%B8%A2?type=used&page_number=91&page_size=26","2023 Mercedes-Benz C200 2.0 W205 (ปี 14-22) AMG Dynamic Co...","Mercedes-Benz C200 Coupe AMG Dynamic ปี 2023 เลขไมล์ 50,000 km. 📍สนใจ ดูรถได้ที่ สาขา 2 ...","Mercedes-Benz C200","50 - 55K กม.","กรุงเทพมหานคร","","","เกียร์อัตโนมัติ"
"1786479980-751","https://www.one2car.com/%E0%B8%A3%E0%B8%96-%E0%B8%AA%E0%B8%B3%E0%B8%AB%E0%B8%A3%E0%B8%B1%E0%B8%9A-%E0%B8%82%E0%B8%B2%E0%B8%A2?type=used&page_number=51&page_size=26","https://www.one2car.com/%E0%B8%A3%E0%B8%96-%E0%B8%AA%E0%B8%B3%E0%B8%AB%E0%B8%A3%E0%B8%B1%E0%B8%9A-%E0%B8%82%E0%B8%B2%E0%B8%A2?type=used&page_number=91&page_size=26","2020 Isuzu D-MAX 1.9 Spark (ปี 11-17) B Pickup","📌ตู้คาร์โก้บ๊อค เปิดได้ 2 ด้าน ด้านข้าง และ ด้านหลัง รองรับการขนส่งสินค้าได้ดีเยี่ยม ...","Isuzu D-MAX","150 - 155K กม.","กรุงเทพมหานคร","","","เกียร์ธรรมดา"
"1786479980-752","https://www.one2car.com/%E0%B8%A3%E0%B8%96-%E0%B8%AA%E0%B8%B3%E0%B8%AB%E0%B8%A3%E0%B8%B1%E0%B8%9A-%E0%B8%82%E0%B8%B2%E0%B8%A2?type=used&page_number=51&page_size=26","https://www.one2car.com/%E0%B8%A3%E0%B8%96-%E0%B8%AA%E0%B8%B3%E0%B8%AB%E0%B8%A3%E0%B8%B1%E0%B8%9A-%E0%B8%82%E0%B8%B2%E0%B8%A2?type=used&page_number=91&page_size=26","2022 Mercedes-Benz C350 2.0 W206 (ปี 22-30) e AMG Dynamic ...","🚗Mercedes-Benz C350e AMG Dynamic ปี 2022 เลขไมล์ 51,xxx km. 📣Specification - ...","Mercedes-Benz C350","50 - 55K กม.","กรุงเทพมหานคร","","","เกียร์อัตโนมัติ"
"1786479980-753","https://www.one2car.com/%E0%B8%A3%E0%B8%96-%E0%B8%AA%E0%B8%B3%E0%B8%AB%E0%B8%A3%E0%B8%B1%E0%B8%9A-%E0%B8%82%E0%B8%B2%E0%B8%A2?type=used&page_number=51&page_size=26","https://www.one2car.com/%E0%B8%A3%E0%B8%96-%E0%B8%AA%E0%B8%B3%E0%B8%AB%E0%B8%A3%E0%B8%B1%E0%B8%9A-%E0%B8%82%E0%B8%B2%E0%B8%A2?type=used&page_number=91&page_size=26","2022 Honda City 1.0 (ปี 20-26) RS Hatchback - ( 20-25)","ออกจากศูนย์ป้ายแดงทุกคัน เข้าศูนย์ทุกระยะ เช็คประวัติได้ รถสวยสภาพดี ...","Honda City","84902 กม.","กรุงเทพมหานคร","","","เกียร์อัตโนมัติ"
"1786479980-754","https://www.one2car.com/%E0%B8%A3%E0%B8%96-%E0%B8%AA%E0%B8%B3%E0%B8%AB%E0%B8%A3%E0%B8%B1%E0%B8%9A-%E0%B8%82%E0%B8%B2%E0%B8%A2?type=used&page_number=51&page_size=26","https://www.one2car.com/%E0%B8%A3%E0%B8%96-%E0%B8%AA%E0%B8%B3%E0%B8%AB%E0%B8%A3%E0%B8%B1%E0%B8%9A-%E0%B8%82%E0%B8%B2%E0%B8%A2?type=used&page_number=91&page_size=26","2021 Toyota FORTUNER 2.8 (ปี 15-25) Legender SUV - 4WD","🚗Toyota Fortuner 2.8 LEGENDER 4WD ปี 2021 เลขไมล์ 80,xxx km. ⚙️Specification - สีดำ ...","Toyota FORTUNER","80 - 85K กม.","กรุงเทพมหานคร","","","เกียร์อัตโนมัติ"
"1786479980-755","https://www.one2car.com/%E0%B8%A3%E0%B8%96-%E0%B8%AA%E0%B8%B3%E0%B8%AB%E0%B8%A3%E0%B8%B1%E0%B8%9A-%E0%B8%82%E0%B8%B2%E0%B8%A2?type=used&page_number=51&page_size=26","https://www.one2car.com/%E0%B8%A3%E0%B8%96-%E0%B8%AA%E0%B8%B3%E0%B8%AB%E0%B8%A3%E0%B8%B1%E0%B8%9A-%E0%B8%82%E0%B8%B2%E0%B8%A2?type=used&page_number=91&page_size=26","2019 Mitsubishi PAJERO SPORT 2.4 (ปี 19-25) GT Premium SUV...","🚗Mitsubishi Pajero Sport 2.4 GT Premium 2WD ปี 2019 เลขไมล์ 160,xxx km. 📣Specification - ...","Mitsubishi PAJERO SPORT","160 - 165K กม.","กรุงเทพมหานคร","","","เกียร์อัตโนมัติ"
"1786479980-756","https://www.one2car.com/%E0%B8%A3%E0%B8%96-%E0%B8%AA%E0%B8%B3%E0%B8%AB%E0%B8%A3%E0%B8%B1%E0%B8%9A-%E0%B8%82%E0%B8%B2%E0%B8%A2?type=used&page_number=51&page_size=26","https://www.one2car.com/%E0%B8%A3%E0%B8%96-%E0%B8%AA%E0%B8%B3%E0%B8%AB%E0%B8%A3%E0%B8%B1%E0%B8%9A-%E0%B8%82%E0%B8%B2%E0%B8%A2?type=used&page_number=91&page_size=26","2023 BMW 530e 2.0 G30 (ปี 17-22) M Sport Sedan","NEW!! BMW 530e M Sport หายากสวยตรงปก รถเจ้าของมือเดียว ไมล์น้อย น็อตไม่มีขยับเดิมทั้งคัน ...","","60 - 65K กม.","กรุงเทพมหานคร","1,490,000 บาท","มือสอง","เกียร์อัตโนมัติ"
"1786479980-757","https://www.one2car.com/%E0%B8%A3%E0%B8%96-%E0%B8%AA%E0%B8%B3%E0%B8%AB%E0%B8%A3%E0%B8%B1%E0%B8%9A-%E0%B8%82%E0%B8%B2%E0%B8%A2?type=used&page_number=51&page_size=26","https://www.one2car.com/%E0%B8%A3%E0%B8%96-%E0%B8%AA%E0%B8%B3%E0%B8%AB%E0%B8%A3%E0%B8%B1%E0%B8%9A-%E0%B8%82%E0%B8%B2%E0%B8%A2?type=used&page_number=91&page_size=26","2023 Ford EVEREST 2.0 (ปี 22-28) Sport SUV","🚗Ford Everest 2.0 Turbo Sport 6AT 2WD ปี 2022 จด 2023 เลขไมล์ 93,xxx km. 📣Specification - ...","Ford EVEREST","90 - 95K กม.","กรุงเทพมหานคร","","","เกียร์อัตโนมัติ"
"1786479980-758","https://www.one2car.com/%E0%B8%A3%E0%B8%96-%E0%B8%AA%E0%B8%B3%E0%B8%AB%E0%B8%A3%E0%B8%B1%E0%B8%9A-%E0%B8%82%E0%B8%B2%E0%B8%A2?type=used&page_number=51&page_size=26","https://www.one2car.com/%E0%B8%A3%E0%B8%96-%E0%B8%AA%E0%B8%B3%E0%B8%AB%E0%B8%A3%E0%B8%B1%E0%B8%9A-%E0%B8%82%E0%B8%B2%E0%B8%A2?type=used&page_number=91&page_size=26","2022 Toyota Veloz 1.5 (ปี 22-30) Smart Wagon","TOYOTA VELOZ 1.5 SMART AT 2022 ออกรถ 0 บาท จัดได้ 509,000 บ. Line:@bbcar04 ...","","50 - 55K กม.","กรุงเทพมหานคร","","","เกียร์อัตโนมัติ"
"1786479980-759","https://www.one2car.com/%E0%B8%A3%E0%B8%96-%E0%B8%AA%E0%B8%B3%E0%B8%AB%E0%B8%A3%E0%B8%B1%E0%B8%9A-%E0%B8%82%E0%B8%B2%E0%B8%A2?type=used&page_number=51&page_size=26","https://www.one2car.com/%E0%B8%A3%E0%B8%96-%E0%B8%AA%E0%B8%B3%E0%B8%AB%E0%B8%A3%E0%B8%B1%E0%B8%9A-%E0%B8%82%E0%B8%B2%E0%B8%A2?type=used&page_number=91&page_size=26","2023 Mercedes-Benz GLC350 2.0 W254 (ปี 23-30) e 4MATIC AMG...","🚗Mercedes Benz GLC350e AMG Dynamic 4MATIC ปี 2023 เลขไมล์ 39,xxx km. 📍Warranty : ...","","35 - 40K กม.","กรุงเทพมหานคร","","","เกียร์อัตโนมัติ"
"1786479985-760","https://www.one2car.com/%E0%B8%A3%E0%B8%96-%E0%B8%AA%E0%B8%B3%E0%B8%AB%E0%B8%A3%E0%B8%B1%E0%B8%9A-%E0%B8%82%E0%B8%B2%E0%B8%A2?type=used&page_number=51&page_size=26","https://www.one2car.com/%E0%B8%A3%E0%B8%96-%E0%B8%AA%E0%B8%B3%E0%B8%AB%E0%B8%A3%E0%B8%B1%E0%B8%9A-%E0%B8%82%E0%B8%B2%E0%B8%A2?type=used&page_number=92&page_size=26","2021 Ford EVEREST 2.0 (ปี 15-22) Titanium+ SUV - Titanium ...","#FORD EVEREST 2.0 BI-TURBO TITANIUM PLUS 4WD ปี 2021 เกียร์ A/T สีบรอนซ์ 4x4 #มีSunroof ...","Ford EVEREST","80 - 85K กม.","กรุงเทพมหานคร","577,000 บาท","มือสอง","เกียร์อัตโนมัติ"
"1786479985-761","https://www.one2car.com/%E0%B8%A3%E0%B8%96-%E0%B8%AA%E0%B8%B3%E0%B8%AB%E0%B8%A3%E0%B8%B1%E0%B8%9A-%E0%B8%82%E0%B8%B2%E0%B8%A2?type=used&page_number=51&page_size=26","https://www.one2car.com/%E0%B8%A3%E0%B8%96-%E0%B8%AA%E0%B8%B3%E0%B8%AB%E0%B8%A3%E0%B8%B1%E0%B8%9A-%E0%B8%82%E0%B8%B2%E0%B8%A2?type=used&page_number=92&page_size=26","2015 Toyota FORTUNER 2.5 (ปี 12-15) V SUV","#TOYOTA FORTUNER 2.5 V 2WD ปี 2015 เกียร์ A/T สีขาว ✔️ #ดีเซล #รถสวยบอดี้เดิม ราคา ...","Toyota FORTUNER","248344 กม.","กรุงเทพมหานคร","437,000 บาท","มือสอง","เกียร์อัตโนมัติ"
"1786479985-762","https://www.one2car.com/%E0%B8%A3%E0%B8%96-%E0%B8%AA%E0%B8%B3%E0%B8%AB%E0%B8%A3%E0%B8%B1%E0%B8%9A-%E0%B8%82%E0%B8%B2%E0%B8%A2?type=used&page_number=51&page_size=26","https://www.one2car.com/%E0%B8%A3%E0%B8%96-%E0%B8%AA%E0%B8%B3%E0%B8%AB%E0%B8%A3%E0%B8%B1%E0%B8%9A-%E0%B8%82%E0%B8%B2%E0%B8%A2?type=used&page_number=92&page_size=26","2023 BMW X1 2.0 U11 (ปี 23-30) sDrive20i M Sport SUV","🚗BMW X1 sDrive20i M Sport ปี 2023 เลขไมล์ 41,xxx km. 📍BSI หมด 7/04/28📍 📣Specification - ...","BMW X1","40 - 45K กม.","กรุงเทพมหานคร","","","เกียร์อัตโนมัติ"
"1786479985-763","https://www.one2car.com/%E0%B8%A3%E0%B8%96-%E0%B8%AA%E0%B8%B3%E0%B8%AB%E0%B8%A3%E0%B8%B1%E0%B8%9A-%E0%B8%82%E0%B8%B2%E0%B8%A2?type=used&page_number=51&page_size=26","https://www.one2car.com/%E0%B8%A3%E0%B8%96-%E0%B8%AA%E0%B8%B3%E0%B8%AB%E0%B8%A3%E0%B8%B1%E0%B8%9A-%E0%B8%82%E0%B8%B2%E0%B8%A2?type=used&page_number=92&page_size=26","2019 Ford RANGER 2.2 Double Cab (ปี 15-21) XLT Hi-Rider Pi...","#FORD RANGER 2.2 XLT DOUBLE CAB เกียร์ A/T ปี 2019 สีเทา #รถมือเดียว #ไมล์น้อยหลักหมื่น ...","Ford RANGER","8392 กม.","กรุงเทพมหานคร","369,000 บาท","มือสอง","เกียร์อัตโนมัติ"
"1786479985-764","https://www.one2car.com/%E0%B8%A3%E0%B8%96-%E0%B8%AA%E0%B8%B3%E0%B8%AB%E0%B8%A3%E0%B8%B1%E0%B8%9A-%E0%B8%82%E0%B8%B2%E0%B8%A2?type=used&page_number=51&page_size=26","https://www.one2car.com/%E0%B8%A3%E0%B8%96-%E0%B8%AA%E0%B8%B3%E0%B8%AB%E0%B8%A3%E0%B8%B1%E0%B8%9A-%E0%B8%82%E0%B8%B2%E0%B8%A2?type=used&page_number=92&page_size=26","2018 Toyota FORTUNER 2.8 (ปี 15-25) TRD Sportivo (2-Tone) ...","#TOYOTA FORTUNER 2.8 TRD SPORTIVO BLACK TOP 2WD ปี 2018 เกียร์ A/T สี ขาว-ดำ #รถมือเดียว ...","Toyota FORTUNER","195 - 200K กม.","กรุงเทพมหานคร","729,000 บาท","มือสอง","เกียร์อัตโนมัติ"
"1786479985-765","https://www.one2car.com/%E0%B8%A3%E0%B8%96-%E0%B8%AA%E0%B8%B3%E0%B8%AB%E0%B8%A3%E0%B8%B1%E0%B8%9A-%E0%B8%82%E0%B8%B2%E0%B8%A2?type=used&page_number=51&page_size=26","https://www.one2car.com/%E0%B8%A3%E0%B8%96-%E0%B8%AA%E0%B8%B3%E0%B8%AB%E0%B8%A3%E0%B8%B1%E0%B8%9A-%E0%B8%82%E0%B8%B2%E0%B8%A2?type=used&page_number=92&page_size=26","2018 Isuzu MU-X 3.0 (ปี 13-19) DVD SUV","#ISUZU MU-X 3.0 Navi DVD 2WD เกียร์ออโต้ ปี 2018 สีดำ #รถบ้านมือเดียว #มีประกันภัยชั้น1 ...","Isuzu MU-X","145 - 150K กม.","กรุงเทพมหานคร","529,000 บาท","มือสอง","เกียร์อัตโนมัติ"
"1786479985-766","https://www.one2car.com/%E0%B8%A3%E0%B8%96-%E0%B8%AA%E0%B8%B3%E0%B8%AB%E0%B8%A3%E0%B8%B1%E0%B8%9A-%E0%B8%82%E0%B8%B2%E0%B8%A2?type=used&page_number=51&page_size=26","https://www.one2car.com/%E0%B8%A3%E0%B8%96-%E0%B8%AA%E0%B8%B3%E0%B8%AB%E0%B8%A3%E0%B8%B1%E0%B8%9A-%E0%B8%82%E0%B8%B2%E0%B8%A2?type=used&page_number=92&page_size=26","2021 BMW X3 2.0 G01 (ปี 18-23) xDrive30e M Sport SUV","🚗BMW X3 xDrive30e M Sport ปี 2021 เลขไมล์ 128,xxx km. 📍Warranty : 29/06/2569 : 200,000 ...","BMW X3","125 - 130K กม.","กรุงเทพมหานคร","","","เกียร์อัตโนมัติ"
"1786479985-767","https://www.one2car.com/%E0%B8%A3%E0%B8%96-%E0%B8%AA%E0%B8%B3%E0%B8%AB%E0%B8%A3%E0%B8%B1%E0%B8%9A-%E0%B8%82%E0%B8%B2%E0%B8%A2?type=used&page_number=51&page_size=26","https://www.one2car.com/%E0%B8%A3%E0%B8%96-%E0%B8%AA%E0%B8%B3%E0%B8%AB%E0%B8%A3%E0%B8%B1%E0%B8%9A-%E0%B8%82%E0%B8%B2%E0%B8%A2?type=used&page_number=92&page_size=26","2011 Toyota FORTUNER 3.0 (ปี 08-11) V SUV","TOYOTA FORTUNER 3.0 V","Toyota FORTUNER","170 - 175K กม.","อุบลราชธานี","399,000 บาท","มือสอง","เกียร์อัตโนมัติ"
"1786479985-768","https://www.one2car.com/%E0%B8%A3%E0%B8%96-%E0%B8%AA%E0%B8%B3%E0%B8%AB%E0%B8%A3%E0%B8%B1%E0%B8%9A-%E0%B8%82%E0%B8%B2%E0%B8%A2?type=used&page_number=51&page_size=26","https://www.one2car.com/%E0%B8%A3%E0%B8%96-%E0%B8%AA%E0%B8%B3%E0%B8%AB%E0%B8%A3%E0%B8%B1%E0%B8%9A-%E0%B8%82%E0%B8%B2%E0%B8%A2?type=used&page_number=92&page_size=26","2017 Honda HR-V 1.8 (ปี 14-18) E Limited SUV","Honda HR-V 1.8 E Limited CVT","Honda HR-V","60 - 65K กม.","อุบลราชธานี","499,000 บาท","มือสอง","เกียร์อัตโนมัติ"
"1786479985-769","https://www.one2car.com/%E0%B8%A3%E0%B8%96-%E0%B8%AA%E0%B8%B3%E0%B8%AB%E0%B8%A3%E0%B8%B1%E0%B8%9A-%E0%B8%82%E0%B8%B2%E0%B8%A2?type=used&page_number=51&page_size=26","https://www.one2car.com/%E0%B8%A3%E0%B8%96-%E0%B8%AA%E0%B8%B3%E0%B8%AB%E0%B8%A3%E0%B8%B1%E0%B8%9A-%E0%B8%82%E0%B8%B2%E0%B8%A2?type=used&page_number=92&page_size=26","2018 Mitsubishi PAJERO SPORT 2.4 (ปี 15-18) GT Premium SUV...","MITSUBISHI PAJERO SPORT 2.4 GT PREMIUM","Mitsubishi PAJERO SPORT","160 - 165K กม.","อุบลราชธานี","699,000 บาท","มือสอง","เกียร์อัตโนมัติ"
"1786479985-770","https://www.one2car.com/%E0%B8%A3%E0%B8%96-%E0%B8%AA%E0%B8%B3%E0%B8%AB%E0%B8%A3%E0%B8%B1%E0%B8%9A-%E0%B8%82%E0%B8%B2%E0%B8%A2?type=used&page_number=51&page_size=26","https://www.one2car.com/%E0%B8%A3%E0%B8%96-%E0%B8%AA%E0%B8%B3%E0%B8%AB%E0%B8%A3%E0%B8%B1%E0%B8%9A-%E0%B8%82%E0%B8%B2%E0%B8%A2?type=used&page_number=92&page_size=26","2016 Mitsubishi PAJERO SPORT 2.4 (ปี 15-18) GT Premium SUV...","MITSUBISHI PAJERO SPORT 2.4 GT PREMIUM 4WD","Mitsubishi PAJERO SPORT","145 - 150K กม.","อุบลราชธานี","599,000 บาท","มือสอง","เกียร์อัตโนมัติ"
"1786479985-771","https://www.one2car.com/%E0%B8%A3%E0%B8%96-%E0%B8%AA%E0%B8%B3%E0%B8%AB%E0%B8%A3%E0%B8%B1%E0%B8%9A-%E0%B8%82%E0%B8%B2%E0%B8%A2?type=used&page_number=51&page_size=26","https://www.one2car.com/%E0%B8%A3%E0%B8%96-%E0%B8%AA%E0%B8%B3%E0%B8%AB%E0%B8%A3%E0%B8%B1%E0%B8%9A-%E0%B8%82%E0%B8%B2%E0%B8%A2?type=used&page_number=92&page_size=26","2021 Isuzu MU-X 3.0 (ปี 20-26) Ultimate SUV - 4WD","ISUZU MU-X Ultimate 3.0 4WD","Isuzu MU-X","70 - 75K กม.","อุบลราชธานี","929,000 บาท","มือสอง","เกียร์อัตโนมัติ"
"1786479985-772","https://www.one2car.com/%E0%B8%A3%E0%B8%96-%E0%B8%AA%E0%B8%B3%E0%B8%AB%E0%B8%A3%E0%B8%B1%E0%B8%9A-%E0%B8%82%E0%B8%B2%E0%B8%A2?type=used&page_number=51&page_size=26","https://www.one2car.com/%E0%B8%A3%E0%B8%96-%E0%B8%AA%E0%B8%B3%E0%B8%AB%E0%B8%A3%E0%B8%B1%E0%B8%9A-%E0%B8%82%E0%B8%B2%E0%B8%A2?type=used&page_number=92&page_size=26","2018 Toyota FORTUNER 2.8 (ปี 15-25) V SUV - 4WD","TOYOTA FORTUNER 2.8 V 4WD","Toyota FORTUNER","115 - 120K กม.","อุบลราชธานี","899,000 บาท","มือสอง","เกียร์อัตโนมัติ"
"1786479985-773","https://www.one2car.com/%E0%B8%A3%E0%B8%96-%E0%B8%AA%E0%B8%B3%E0%B8%AB%E0%B8%A3%E0%B8%B1%E0%B8%9A-%E0%B8%82%E0%B8%B2%E0%B8%A2?type=used&page_number=51&page_size=26","https://www.one2car.com/%E0%B8%A3%E0%B8%96-%E0%B8%AA%E0%B8%B3%E0%B8%AB%E0%B8%A3%E0%B8%B1%E0%B8%9A-%E0%B8%82%E0%B8%B2%E0%B8%A2?type=used&page_number=92&page_size=26","2024 Mercedes-Benz GLC350 2.0 W254 (ปี 23-30) e 4MATIC AMG...","🚗Mercedes Benz GLC350e AMG ปี2024 ไมล์ 40,xxx km. 📣Specification - ...","","40 - 45K กม.","กรุงเทพมหานคร","","","เกียร์อัตโนมัติ"
"1786479985-774","https://www.one2car.com/%E0%B8%A3%E0%B8%96-%E0%B8%AA%E0%B8%B3%E0%B8%AB%E0%B8%A3%E0%B8%B1%E0%B8%9A-%E0%B8%82%E0%B8%B2%E0%B8%A2?type=used&page_number=51&page_size=26","https://www.one2car.com/%E0%B8%A3%E0%B8%96-%E0%B8%AA%E0%B8%B3%E0%B8%AB%E0%B8%A3%E0%B8%B1%E0%B8%9A-%E0%B8%82%E0%B8%B2%E0%B8%A2?type=used&page_number=92&page_size=26","2023 Toyota ALPHARD 2.5 (ปี 15-23) S C-Package Van","TOYOTA ALPHARD 2.5 SC-Package ปี 2023 - ออโต้ (เบนซิน) ความสะดวกสบาย ...","Toyota ALPHARD","35 - 40K กม.","กรุงเทพมหานคร","2,199,000 บาท","มือสอง","เกียร์อัตโนมัติ"
"1786479985-775","https://www.one2car.com/%E0%B8%A3%E0%B8%96-%E0%B8%AA%E0%B8%B3%E0%B8%AB%E0%B8%A3%E0%B8%B1%E0%B8%9A-%E0%B8%82%E0%B8%B2%E0%B8%A2?type=used&page_number=51&page_size=26","https://www.one2car.com/%E0%B8%A3%E0%B8%96-%E0%B8%AA%E0%B8%B3%E0%B8%AB%E0%B8%A3%E0%B8%B1%E0%B8%9A-%E0%B8%82%E0%B8%B2%E0%B8%A2?type=used&page_number=92&page_size=26","2024 Toyota VELLFIRE 2.5 (ปี 23-32) HEV Van - AWD","🚗 Toyota Vellfire 2.5 HEV ปี 2024 วิ่ง 27,xxx km. 📣 Specification - สีขาว Platinum White ...","Toyota VELLFIRE","25 - 30K กม.","กรุงเทพมหานคร","","","เกียร์อัตโนมัติ"
"1786479985-776","https://www.one2car.com/%E0%B8%A3%E0%B8%96-%E0%B8%AA%E0%B8%B3%E0%B8%AB%E0%B8%A3%E0%B8%B1%E0%B8%9A-%E0%B8%82%E0%B8%B2%E0%B8%A2?type=used&page_number=51&page_size=26","https://www.one2car.com/%E0%B8%A3%E0%B8%96-%E0%B8%AA%E0%B8%B3%E0%B8%AB%E0%B8%A3%E0%B8%B1%E0%B8%9A-%E0%B8%82%E0%B8%B2%E0%B8%A2?type=used&page_number=92&page_size=26","2023 Toyota ALPHARD 2.5 (ปี 15-23) S C-Package Van","TOYOTA ALPHARD 2.5 S C-Package ปี 2023 -ออโต้ (เบนซิน) ตอบโจทย์รถครอบครัวที่สะดวกสบาย ...","Toyota ALPHARD","60 - 65K กม.","กรุงเทพมหานคร","2,090,000 บาท","มือสอง","เกียร์อัตโนมัติ"
"1786479985-777","https://www.one2car.com/%E0%B8%A3%E0%B8%96-%E0%B8%AA%E0%B8%B3%E0%B8%AB%E0%B8%A3%E0%B8%B1%E0%B8%9A-%E0%B8%82%E0%B8%B2%E0%B8%A2?type=used&page_number=51&page_size=26","https://www.one2car.com/%E0%B8%A3%E0%B8%96-%E0%B8%AA%E0%B8%B3%E0%B8%AB%E0%B8%A3%E0%B8%B1%E0%B8%9A-%E0%B8%82%E0%B8%B2%E0%B8%A2?type=used&page_number=92&page_size=26","2024 TESLA Model 3 Long Range Sedan - 0.0 AWD","รุ่นรถ : TESLA MODEL3 LONG RANGE DUAL MOTOR HIGHLAND ปีรถ : 2024 เลขไมล์ : 48,3xx กิโล ...","","48300 กม.","กรุงเทพมหานคร","","","เกียร์อัตโนมัติ"
"1786479985-778","https://www.one2car.com/%E0%B8%A3%E0%B8%96-%E0%B8%AA%E0%B8%B3%E0%B8%AB%E0%B8%A3%E0%B8%B1%E0%B8%9A-%E0%B8%82%E0%B8%B2%E0%B8%A2?type=used&page_number=51&page_size=26","https://www.one2car.com/%E0%B8%A3%E0%B8%96-%E0%B8%AA%E0%B8%B3%E0%B8%AB%E0%B8%A3%E0%B8%B1%E0%B8%9A-%E0%B8%82%E0%B8%B2%E0%B8%A2?type=used&page_number=92&page_size=26","2024 Ford EVEREST 2.0 (ปี 22-28) Sport SUV","🚘 SUV สปอร์ต 7 ที่นั่ง ขับดี นั่งสบาย ฟีลพรีเมี่ยม ฟังก์ชันครบ 📍 FORD ✳️ EVEREST 2.0 ...","Ford EVEREST","75 - 80K กม.","กรุงเทพมหานคร","999,000 บาท","มือสอง","เกียร์อัตโนมัติ"
"1786479985-779","https://www.one2car.com/%E0%B8%A3%E0%B8%96-%E0%B8%AA%E0%B8%B3%E0%B8%AB%E0%B8%A3%E0%B8%B1%E0%B8%9A-%E0%B8%82%E0%B8%B2%E0%B8%A2?type=used&page_number=51&page_size=26","https://www.one2car.com/%E0%B8%A3%E0%B8%96-%E0%B8%AA%E0%B8%B3%E0%B8%AB%E0%B8%A3%E0%B8%B1%E0%B8%9A-%E0%B8%82%E0%B8%B2%E0%B8%A2?type=used&page_number=92&page_size=26","2024 BMW X1 2.0 U11 (ปี 23-30) sDrive20i M Sport SUV","🚘 SUV ทรงสปอร์ตสุดหรู ขับสนุก นั่งสบาย สภาพป้ายแดง 📍 BMW ✳️ X1 sDrive20i M Sport [U11] ✡️ ...","BMW X1","50 - 55K กม.","กรุงเทพมหานคร","1,499,000 บาท","มือสอง","เกียร์อัตโนมัติ"
"1786479994-780","https://www.one2car.com/%E0%B8%A3%E0%B8%96-%E0%B8%AA%E0%B8%B3%E0%B8%AB%E0%B8%A3%E0%B8%B1%E0%B8%9A-%E0%B8%82%E0%B8%B2%E0%B8%A2?type=used&page_number=51&page_size=26","https://www.one2car.com/%E0%B8%A3%E0%B8%96-%E0%B8%AA%E0%B8%B3%E0%B8%AB%E0%B8%A3%E0%B8%B1%E0%B8%9A-%E0%B8%82%E0%B8%B2%E0%B8%A2?type=used&page_number=93&page_size=26","2015 Toyota ALPHARD 2.5 (ปี 15-23) S C-Package Van - S C P...","🚘 รถตู้ VIP สุดหรูยอดฮิต ตัวท็อปสุด ดูแลง่าย นั่งสบาย 📍 TOYOTA ✳️ ALPHARD 2.5 S”C ...","Toyota ALPHARD","225 - 230K กม.","กรุงเทพมหานคร","1,259,000 บาท","มือสอง","เกียร์อัตโนมัติ"
"1786479994-781","https://www.one2car.com/%E0%B8%A3%E0%B8%96-%E0%B8%AA%E0%B8%B3%E0%B8%AB%E0%B8%A3%E0%B8%B1%E0%B8%9A-%E0%B8%82%E0%B8%B2%E0%B8%A2?type=used&page_number=51&page_size=26","https://www.one2car.com/%E0%B8%A3%E0%B8%96-%E0%B8%AA%E0%B8%B3%E0%B8%AB%E0%B8%A3%E0%B8%B1%E0%B8%9A-%E0%B8%82%E0%B8%B2%E0%B8%A2?type=used&page_number=93&page_size=26","2019 Mercedes-Benz C220 2.0 W205 (ปี 14-22) d Exclusive Se...","🚘 ซีดานหรู กับเครื่องดีเซลสุดประหยัด ออฟชั่นจัดเต็ม ขับดีเกินราคา 📍 MERCEDES-BENZ ✳️ ...","","89000 กม.","กรุงเทพมหานคร","959,000 บาท","มือสอง","เกียร์อัตโนมัติ"
"1786479994-782","https://www.one2car.com/%E0%B8%A3%E0%B8%96-%E0%B8%AA%E0%B8%B3%E0%B8%AB%E0%B8%A3%E0%B8%B1%E0%B8%9A-%E0%B8%82%E0%B8%B2%E0%B8%A2?type=used&page_number=51&page_size=26","https://www.one2car.com/%E0%B8%A3%E0%B8%96-%E0%B8%AA%E0%B8%B3%E0%B8%AB%E0%B8%A3%E0%B8%B1%E0%B8%9A-%E0%B8%82%E0%B8%B2%E0%B8%A2?type=used&page_number=93&page_size=26","2020 Honda City 1.0 (ปี 19-26) V Sedan","🚘 สปอร์ต แรง ขับสนุก ประหยัดน้ำมันสุดๆ พร้อมใช้งาน 📍 HONDA ✳️ CITY 1.0 TURBO V ✡️ ...","Honda City","91000 กม.","กรุงเทพมหานคร","359,000 บาท","มือสอง","เกียร์อัตโนมัติ"
"1786479994-783","https://www.one2car.com/%E0%B8%A3%E0%B8%96-%E0%B8%AA%E0%B8%B3%E0%B8%AB%E0%B8%A3%E0%B8%B1%E0%B8%9A-%E0%B8%82%E0%B8%B2%E0%B8%A2?type=used&page_number=51&page_size=26","https://www.one2car.com/%E0%B8%A3%E0%B8%96-%E0%B8%AA%E0%B8%B3%E0%B8%AB%E0%B8%A3%E0%B8%B1%E0%B8%9A-%E0%B8%82%E0%B8%B2%E0%B8%A2?type=used&page_number=93&page_size=26","2012 Mercedes-Benz E200 1.8 W207 (ปี 10-16) AMG CGI BlueEF...","📍 MERCEDES-BENZ ✳️ E200 CGI Coupe AMG [W207] 7G-Tronic ” ชุดแต่ง Facelift รอบคัน ” ✡️ ...","","150 - 155K กม.","กรุงเทพมหานคร","559,000 บาท","มือสอง","เกียร์อัตโนมัติ"
"1786479994-784","https://www.one2car.com/%E0%B8%A3%E0%B8%96-%E0%B8%AA%E0%B8%B3%E0%B8%AB%E0%B8%A3%E0%B8%B1%E0%B8%9A-%E0%B8%82%E0%B8%B2%E0%B8%A2?type=used&page_number=51&page_size=26","https://www.one2car.com/%E0%B8%A3%E0%B8%96-%E0%B8%AA%E0%B8%B3%E0%B8%AB%E0%B8%A3%E0%B8%B1%E0%B8%9A-%E0%B8%82%E0%B8%B2%E0%B8%A2?type=used&page_number=93&page_size=26","2011 Mazda 2 1.5 (ปี 09-14) Groove Sport Hatchback","🚘 สปอร์ต แรง ขับสนุก ประหยัดน้ำมันสุดๆ 📍 MAZDA ✳️ MAZDA 2 1.5 Groove Sport ✡️ เบนซิน 1.5 ...","Mazda 2","145 - 150K กม.","กรุงเทพมหานคร","119,000 บาท","มือสอง","เกียร์อัตโนมัติ"
"1786479994-785","https://www.one2car.com/%E0%B8%A3%E0%B8%96-%E0%B8%AA%E0%B8%B3%E0%B8%AB%E0%B8%A3%E0%B8%B1%E0%B8%9A-%E0%B8%82%E0%B8%B2%E0%B8%A2?type=used&page_number=51&page_size=26","https://www.one2car.com/%E0%B8%A3%E0%B8%96-%E0%B8%AA%E0%B8%B3%E0%B8%AB%E0%B8%A3%E0%B8%B1%E0%B8%9A-%E0%B8%82%E0%B8%B2%E0%B8%A2?type=used&page_number=93&page_size=26","2017 Isuzu D-MAX 1.9 Space Cab (ปี 11-17) Hi-Lander L Pick...","ISUZU D-MAX 1.9 L CAB HI-LANDER MT 2017 ออกรถ 0 บาท จัดได้ 379,000 บ. Line:@BBCAR1 ...","Isuzu D-MAX","140 - 145K กม.","กรุงเทพมหานคร","","","เกียร์ธรรมดา"
"1786479994-786","https://www.one2car.com/%E0%B8%A3%E0%B8%96-%E0%B8%AA%E0%B8%B3%E0%B8%AB%E0%B8%A3%E0%B8%B1%E0%B8%9A-%E0%B8%82%E0%B8%B2%E0%B8%A2?type=used&page_number=51&page_size=26","https://www.one2car.com/%E0%B8%A3%E0%B8%96-%E0%B8%AA%E0%B8%B3%E0%B8%AB%E0%B8%A3%E0%B8%B1%E0%B8%9A-%E0%B8%82%E0%B8%B2%E0%B8%A2?type=used&page_number=93&page_size=26","2021 Nissan Navara 2.3 Double Cab PRO-4X Pickup - 4WD","NISSAN NAVARA 2.3 PRO-4X DOUBLE CAB 4WD AT 2021 ออกรถ 0 บาท รหัส 6B833 Line: ID @bbcar06 ...","","150 - 155K กม.","กรุงเทพมหานคร","","","เกียร์อัตโนมัติ"
"1786479994-787","https://www.one2car.com/%E0%B8%A3%E0%B8%96-%E0%B8%AA%E0%B8%B3%E0%B8%AB%E0%B8%A3%E0%B8%B1%E0%B8%9A-%E0%B8%82%E0%B8%B2%E0%B8%A2?type=used&page_number=51&page_size=26","https://www.one2car.com/%E0%B8%A3%E0%B8%96-%E0%B8%AA%E0%B8%B3%E0%B8%AB%E0%B8%A3%E0%B8%B1%E0%B8%9A-%E0%B8%82%E0%B8%B2%E0%B8%A2?type=used&page_number=93&page_size=26","2015 BMW 420d 2.0 F32 (ปี 13-17) M Sport Package Coupe","Specificafion / สิ่งที่ได้เพิ่มไปด้วย - เบรค M Performance - Parts M4 - เครื่องยนต์ดีเซล ...","","50 - 55K กม.","กรุงเทพมหานคร","","","เกียร์อัตโนมัติ"
"1786479994-788","https://www.one2car.com/%E0%B8%A3%E0%B8%96-%E0%B8%AA%E0%B8%B3%E0%B8%AB%E0%B8%A3%E0%B8%B1%E0%B8%9A-%E0%B8%82%E0%B8%B2%E0%B8%A2?type=used&page_number=51&page_size=26","https://www.one2car.com/%E0%B8%A3%E0%B8%96-%E0%B8%AA%E0%B8%B3%E0%B8%AB%E0%B8%A3%E0%B8%B1%E0%B8%9A-%E0%B8%82%E0%B8%B2%E0%B8%A2?type=used&page_number=93&page_size=26","2024 Mercedes-Benz GLC350 2.0 W254 (ปี 23-30) e 4MATIC AMG...","🖤 Mercedes-Benz GLC350e AMG Dynamic 2023 “The New Generation Plug-in Hybrid SUV ...","","30 - 35K กม.","กรุงเทพมหานคร","","","เกียร์อัตโนมัติ"
"1786479994-789","https://www.one2car.com/%E0%B8%A3%E0%B8%96-%E0%B8%AA%E0%B8%B3%E0%B8%AB%E0%B8%A3%E0%B8%B1%E0%B8%9A-%E0%B8%82%E0%B8%B2%E0%B8%A2?type=used&page_number=51&page_size=26","https://www.one2car.com/%E0%B8%A3%E0%B8%96-%E0%B8%AA%E0%B8%B3%E0%B8%AB%E0%B8%A3%E0%B8%B1%E0%B8%9A-%E0%B8%82%E0%B8%B2%E0%B8%A2?type=used&page_number=93&page_size=26","2021 Mercedes-Benz E220 2.0 W213 (ปี 16-23) d AMG Sport Se...","🚗Mercedes-Benz E220d AMG Sport ปี 2021 เลขไมล์ 57,xxx km. 📣Specification - ...","Mercedes-Benz E220","55 - 60K กม.","กรุงเทพมหานคร","","","เกียร์อัตโนมัติ"
"1786479994-790","https://www.one2car.com/%E0%B8%A3%E0%B8%96-%E0%B8%AA%E0%B8%B3%E0%B8%AB%E0%B8%A3%E0%B8%B1%E0%B8%9A-%E0%B8%82%E0%B8%B2%E0%B8%A2?type=used&page_number=51&page_size=26","https://www.one2car.com/%E0%B8%A3%E0%B8%96-%E0%B8%AA%E0%B8%B3%E0%B8%AB%E0%B8%A3%E0%B8%B1%E0%B8%9A-%E0%B8%82%E0%B8%B2%E0%B8%A2?type=used&page_number=93&page_size=26","2022 Toyota FORTUNER 2.8 (ปี 15-25) Legender SUV - 4WD","🚗Toyota Fortuner 2.8 LEGENDER 4WD ปี 2021 จด 2022 เลขไมล์ 89,xxx km. 📍วารันตี ...","Toyota FORTUNER","85 - 90K กม.","กรุงเทพมหานคร","","","เกียร์อัตโนมัติ"
"1786479994-791","https://www.one2car.com/%E0%B8%A3%E0%B8%96-%E0%B8%AA%E0%B8%B3%E0%B8%AB%E0%B8%A3%E0%B8%B1%E0%B8%9A-%E0%B8%82%E0%B8%B2%E0%B8%A2?type=used&page_number=51&page_size=26","https://www.one2car.com/%E0%B8%A3%E0%B8%96-%E0%B8%AA%E0%B8%B3%E0%B8%AB%E0%B8%A3%E0%B8%B1%E0%B8%9A-%E0%B8%82%E0%B8%B2%E0%B8%A2?type=used&page_number=93&page_size=26","2023 Honda CIVIC 2.0 FE (ปี 21-26) e:HEV RS Sedan - e HEV ...","🚗Honda Civic 2.0 e:HEV RS ปี2023 เลขไมล์ 66,xxx km. 📍Warranty : หมด 28/08/2569 ...","Honda CIVIC","65 - 70K กม.","กรุงเทพมหานคร","","","เกียร์อัตโนมัติ"
"1786479994-792","https://www.one2car.com/%E0%B8%A3%E0%B8%96-%E0%B8%AA%E0%B8%B3%E0%B8%AB%E0%B8%A3%E0%B8%B1%E0%B8%9A-%E0%B8%82%E0%B8%B2%E0%B8%A2?type=used&page_number=51&page_size=26","https://www.one2car.com/%E0%B8%A3%E0%B8%96-%E0%B8%AA%E0%B8%B3%E0%B8%AB%E0%B8%A3%E0%B8%B1%E0%B8%9A-%E0%B8%82%E0%B8%B2%E0%B8%A2?type=used&page_number=93&page_size=26","2022 Mini Countryman 2.0 F60 Cooper S Hightrim Hatchback  ...","🚗Mini Cooper S Countryman Hightrim ปี 2022 ไมล์ 44,xxx km. 📍MSI: 21/10/2027 ...","","40 - 45K กม.","กรุงเทพมหานคร","","","เกียร์อัตโนมัติ"
"1786479994-793","https://www.one2car.com/%E0%B8%A3%E0%B8%96-%E0%B8%AA%E0%B8%B3%E0%B8%AB%E0%B8%A3%E0%B8%B1%E0%B8%9A-%E0%B8%82%E0%B8%B2%E0%B8%A2?type=used&page_number=51&page_size=26","https://www.one2car.com/%E0%B8%A3%E0%B8%96-%E0%B8%AA%E0%B8%B3%E0%B8%AB%E0%B8%A3%E0%B8%B1%E0%B8%9A-%E0%B8%82%E0%B8%B2%E0%B8%A2?type=used&page_number=93&page_size=26","2022 Mercedes-Benz C220 2.0 W206 (ปี 22-30) d AMG Dynamic ...","🚗Mercedes-Benz C220d AMG Dynamic ปี 2022 เลขไมล์ 55,xxx km. 📍Warranty: หมด 21/06/2026 ...","","55 - 60K กม.","กรุงเทพมหานคร","","","เกียร์อัตโนมัติ"
"1786479994-794","https://www.one2car.com/%E0%B8%A3%E0%B8%96-%E0%B8%AA%E0%B8%B3%E0%B8%AB%E0%B8%A3%E0%B8%B1%E0%B8%9A-%E0%B8%82%E0%B8%B2%E0%B8%A2?type=used&page_number=51&page_size=26","https://www.one2car.com/%E0%B8%A3%E0%B8%96-%E0%B8%AA%E0%B8%B3%E0%B8%AB%E0%B8%A3%E0%B8%B1%E0%B8%9A-%E0%B8%82%E0%B8%B2%E0%B8%A2?type=used&page_number=93&page_size=26","2020 Toyota HILUX REVO 2.4 Smart Cab Z Edition Mid Pickup ...","TOYOTA HILUX REVO 2.4 MID Z EDITION SMART CAB MT 2020 ออกรถ 0 บาท รหัส 6B512 Line: ID ...","Toyota HILUX REVO","115 - 120K กม.","กรุงเทพมหานคร","","","เกียร์ธรรมดา"
"1786479994-795","https://www.one2car.com/%E0%B8%A3%E0%B8%96-%E0%B8%AA%E0%B8%B3%E0%B8%AB%E0%B8%A3%E0%B8%B1%E0%B8%9A-%E0%B8%82%E0%B8%B2%E0%B8%A2?type=used&page_number=51&page_size=26","https://www.one2car.com/%E0%B8%A3%E0%B8%96-%E0%B8%AA%E0%B8%B3%E0%B8%AB%E0%B8%A3%E0%B8%B1%E0%B8%9A-%E0%B8%82%E0%B8%B2%E0%B8%A2?type=used&page_number=93&page_size=26","2019 Toyota SIENTA 1.5 (ปี 16-23) V Wagon","🚗 Toyota Sienta 1.5 V Minorchange ปี 2019 วิ่ง 104,xxx km. 📣 Specification - สีขาว Super ...","Toyota SIENTA","100 - 105K กม.","กรุงเทพมหานคร","","","เกียร์อัตโนมัติ"
"1786479994-796","https://www.one2car.com/%E0%B8%A3%E0%B8%96-%E0%B8%AA%E0%B8%B3%E0%B8%AB%E0%B8%A3%E0%B8%B1%E0%B8%9A-%E0%B8%82%E0%B8%B2%E0%B8%A2?type=used&page_number=51&page_size=26","https://www.one2car.com/%E0%B8%A3%E0%B8%96-%E0%B8%AA%E0%B8%B3%E0%B8%AB%E0%B8%A3%E0%B8%B1%E0%B8%9A-%E0%B8%82%E0%B8%B2%E0%B8%A2?type=used&page_number=93&page_size=26","2021 Mercedes-Benz GLA200 1.3 W247 (ปี 20-27) AMG Dynamic ...","🚗Mercedes-Benz GLA200 AMG Dynamic ปี 2021 เลขไมล์ 59,xxx km. 📣Specification - สีขาว Polar ...","","55 - 60K กม.","กรุงเทพมหานคร","","","เกียร์อัตโนมัติ"
"1786479998-797","https://www.one2car.com/%E0%B8%A3%E0%B8%96-%E0%B8%AA%E0%B8%B3%E0%B8%AB%E0%B8%A3%E0%B8%B1%E0%B8%9A-%E0%B8%82%E0%B8%B2%E0%B8%A2?type=used&page_number=51&page_size=26","https://www.one2car.com/%E0%B8%A3%E0%B8%96-%E0%B8%AA%E0%B8%B3%E0%B8%AB%E0%B8%A3%E0%B8%B1%E0%B8%9A-%E0%B8%82%E0%B8%B2%E0%B8%A2?type=used&page_number=94&page_size=26","2016 Toyota Corolla Altis 1.6 (ปี 14-18) G Sedan","ซีดานยอดนิยม ความคุ้มค่าที่ใครก็ปฏิเสธไม่ได้! 🖤 Toyota Corolla Altis 1.6 G AT ปี 2016 ...","Toyota Corolla Altis","165 - 170K กม.","ชลบุรี","299,000 บาท","มือสอง","เกียร์อัตโนมัติ"
"1786479998-798","https://www.one2car.com/%E0%B8%A3%E0%B8%96-%E0%B8%AA%E0%B8%B3%E0%B8%AB%E0%B8%A3%E0%B8%B1%E0%B8%9A-%E0%B8%82%E0%B8%B2%E0%B8%A2?type=used&page_number=51&page_size=26","https://www.one2car.com/%E0%B8%A3%E0%B8%96-%E0%B8%AA%E0%B8%B3%E0%B8%AB%E0%B8%A3%E0%B8%B1%E0%B8%9A-%E0%B8%82%E0%B8%B2%E0%B8%A2?type=used&page_number=94&page_size=26","2020 Toyota C-HR 1.8 (ปี 17-23) Mid SUV","ยนตรกรรมดีไซน์เอกลักษณ์! 💎 Toyota C-HR 1.8 Mid AT ปี 2019 จด 2020 ...","Toyota C-HR","90 - 95K กม.","ชลบุรี","459,000 บาท","มือสอง","เกียร์อัตโนมัติ"
"1786479998-799","https://www.one2car.com/%E0%B8%A3%E0%B8%96-%E0%B8%AA%E0%B8%B3%E0%B8%AB%E0%B8%A3%E0%B8%B1%E0%B8%9A-%E0%B8%82%E0%B8%B2%E0%B8%A2?type=used&page_number=51&page_size=26","https://www.one2car.com/%E0%B8%A3%E0%B8%96-%E0%B8%AA%E0%B8%B3%E0%B8%AB%E0%B8%A3%E0%B8%B1%E0%B8%9A-%E0%B8%82%E0%B8%B2%E0%B8%A2?type=used&page_number=94&page_size=26","2025 Mercedes-Benz C220 2.0 W206 (ปี 22-30) d Avantgarde S...","Baby S-Class ในร่าง C-Class โฉมปัจจุบันมาแล้วครับ! ✨ Mercedes-Benz C220 d Avantgarde ...","","35 - 40K กม.","ชลบุรี","1,699,000 บาท","มือสอง","เกียร์อัตโนมัติ"
"1786479998-800","https://www.one2car.com/%E0%B8%A3%E0%B8%96-%E0%B8%AA%E0%B8%B3%E0%B8%AB%E0%B8%A3%E0%B8%B1%E0%B8%9A-%E0%B8%82%E0%B8%B2%E0%B8%A2?type=used&page_number=51&page_size=26","https://www.one2car.com/%E0%B8%A3%E0%B8%96-%E0%B8%AA%E0%B8%B3%E0%B8%AB%E0%B8%A3%E0%B8%B1%E0%B8%9A-%E0%B8%82%E0%B8%B2%E0%B8%A2?type=used&page_number=94&page_size=26","2015 Mazda 2 1.5 (ปี 15-25) XD High Sedan","อีโคคาร์เครื่องยนต์ดีเซลสุดประหยัด! Mazda 2 สภาพสวย ดีไซน์พรีเมียม พร้อมโปรโมชั่นจัดเต็ม ...","Mazda 2","150 - 155K กม.","ชลบุรี","199,000 บาท","มือสอง","เกียร์อัตโนมัติ"
"1786479998-801","https://www.one2car.com/%E0%B8%A3%E0%B8%96-%E0%B8%AA%E0%B8%B3%E0%B8%AB%E0%B8%A3%E0%B8%B1%E0%B8%9A-%E0%B8%82%E0%B8%B2%E0%B8%A2?type=used&page_number=51&page_size=26","https://www.one2car.com/%E0%B8%A3%E0%B8%96-%E0%B8%AA%E0%B8%B3%E0%B8%AB%E0%B8%A3%E0%B8%B1%E0%B8%9A-%E0%B8%82%E0%B8%B2%E0%B8%A2?type=used&page_number=94&page_size=26","2018 Isuzu D-MAX 1.9 Cab-4 (ปี 11-17) Hi-Lander Z-Prestige...","📢✨ กระบะยอดนิยม! ดีไซน์ดุดัน ฟังก์ชันครบ พร้อมลุยทุกเส้นทาง! ✨ Isuzu D-Max Cab4 1.9 ...","Isuzu D-MAX","150 - 155K กม.","ชลบุรี","469,000 บาท","มือสอง","เกียร์ธรรมดา"
"1786479998-802","https://www.one2car.com/%E0%B8%A3%E0%B8%96-%E0%B8%AA%E0%B8%B3%E0%B8%AB%E0%B8%A3%E0%B8%B1%E0%B8%9A-%E0%B8%82%E0%B8%B2%E0%B8%A2?type=used&page_number=51&page_size=26","https://www.one2car.com/%E0%B8%A3%E0%B8%96-%E0%B8%AA%E0%B8%B3%E0%B8%AB%E0%B8%A3%E0%B8%B1%E0%B8%9A-%E0%B8%82%E0%B8%B2%E0%B8%A2?type=used&page_number=94&page_size=26","2020 Honda City 1.0 (ปี 19-26) S Sedan - ( 19-24)","Sedan Turbo ทรงพลัง! Honda City 1.0 S สภาพพร้อมใช้งาน รุ่นยอดนิยม Honda City Turbo 1.0 S ...","Honda City","110 - 115K กม.","ชลบุรี","339,000 บาท","มือสอง","เกียร์อัตโนมัติ"
"1786479998-803","https://www.one2car.com/%E0%B8%A3%E0%B8%96-%E0%B8%AA%E0%B8%B3%E0%B8%AB%E0%B8%A3%E0%B8%B1%E0%B8%9A-%E0%B8%82%E0%B8%B2%E0%B8%A2?type=used&page_number=51&page_size=26","https://www.one2car.com/%E0%B8%A3%E0%B8%96-%E0%B8%AA%E0%B8%B3%E0%B8%AB%E0%B8%A3%E0%B8%B1%E0%B8%9A-%E0%B8%82%E0%B8%B2%E0%B8%A2?type=used&page_number=94&page_size=26","2021 BMW X4 2.0 G02 (ปี 18-24) xDrive20d M Sport SUV - AWD...","สปอร์ตซีดานในร่าง SUV ที่สะกดทุกสายตา! ⚪️ BMW X4 xDrive20d M Sport ปี 2020 จด 2021 ...","","100 - 105K กม.","ชลบุรี","1,540,000 บาท","มือสอง","เกียร์อัตโนมัติ"
"1786479998-804","https://www.one2car.com/%E0%B8%A3%E0%B8%96-%E0%B8%AA%E0%B8%B3%E0%B8%AB%E0%B8%A3%E0%B8%B1%E0%B8%9A-%E0%B8%82%E0%B8%B2%E0%B8%A2?type=used&page_number=51&page_size=26","https://www.one2car.com/%E0%B8%A3%E0%B8%96-%E0%B8%AA%E0%B8%B3%E0%B8%AB%E0%B8%A3%E0%B8%B1%E0%B8%9A-%E0%B8%82%E0%B8%B2%E0%B8%A2?type=used&page_number=94&page_size=26","2022 BMW 330e 2.0 G20 (ปี 19-26) M Sport Sedan","สปอร์ตพรีเมียม โฉบเฉี่ยวทุกมุมมองมาแล้วครับ! สำหรับ BMW 330e M Sport (G20) ...","BMW 330e","80 - 85K กม.","ชลบุรี","1,150,000 บาท","มือสอง","เกียร์อัตโนมัติ"
"1786479998-805","https://www.one2car.com/%E0%B8%A3%E0%B8%96-%E0%B8%AA%E0%B8%B3%E0%B8%AB%E0%B8%A3%E0%B8%B1%E0%B8%9A-%E0%B8%82%E0%B8%B2%E0%B8%A2?type=used&page_number=51&page_size=26","https://www.one2car.com/%E0%B8%A3%E0%B8%96-%E0%B8%AA%E0%B8%B3%E0%B8%AB%E0%B8%A3%E0%B8%B1%E0%B8%9A-%E0%B8%82%E0%B8%B2%E0%B8%A2?type=used&page_number=94&page_size=26","2022 BMW 330e 2.0 G20 (ปี 19-26) M Sport Sedan","ความหรูหราที่มาในโทนสีดำดุดันและคลาสสิกที่สุดมาแล้วครับ! สำหรับคันนี้ถือเป็นรถยอดนิยมที่สภ ...","BMW 330e","35 - 40K กม.","ชลบุรี","1,090,000 บาท","มือสอง","เกียร์อัตโนมัติ"
"1786479998-806","https://www.one2car.com/%E0%B8%A3%E0%B8%96-%E0%B8%AA%E0%B8%B3%E0%B8%AB%E0%B8%A3%E0%B8%B1%E0%B8%9A-%E0%B8%82%E0%B8%B2%E0%B8%A2?type=used&page_number=51&page_size=26","https://www.one2car.com/%E0%B8%A3%E0%B8%96-%E0%B8%AA%E0%B8%B3%E0%B8%AB%E0%B8%A3%E0%B8%B1%E0%B8%9A-%E0%B8%82%E0%B8%B2%E0%B8%A2?type=used&page_number=94&page_size=26","2020 Mercedes-Benz C300 2.0 W205 (ปี 14-22) e AMG Dynamic ...","BENZ C300e W 205 ปี 2020 * C 300e Plug-in Hybrid AMG Dynamic * ชุดแต่ง AMG * แรงด้วยระบบ ...","Mercedes-Benz C300","10 - 15K กม.","กรุงเทพมหานคร","779,000 บาท","มือสอง","เกียร์อัตโนมัติ"
"1786479998-807","https://www.one2car.com/%E0%B8%A3%E0%B8%96-%E0%B8%AA%E0%B8%B3%E0%B8%AB%E0%B8%A3%E0%B8%B1%E0%B8%9A-%E0%B8%82%E0%B8%B2%E0%B8%A2?type=used&page_number=51&page_size=26","https://www.one2car.com/%E0%B8%A3%E0%B8%96-%E0%B8%AA%E0%B8%B3%E0%B8%AB%E0%B8%A3%E0%B8%B1%E0%B8%9A-%E0%B8%82%E0%B8%B2%E0%B8%A2?type=used&page_number=94&page_size=26","2022 BMW X5 3.0 G05 (ปี 19-25) xDrive45e M Sport SUV - AWD...","รุ่นรถ : BMW X5 XDRIVE45e M SPORT ปีรถ : 2021 เลขไมล์ : 116,4xx กิโล ทะเบียน : 7ขห6531 ...","BMW X5","116400 กม.","กรุงเทพมหานคร","","","เกียร์อัตโนมัติ"
"1786479998-808","https://www.one2car.com/%E0%B8%A3%E0%B8%96-%E0%B8%AA%E0%B8%B3%E0%B8%AB%E0%B8%A3%E0%B8%B1%E0%B8%9A-%E0%B8%82%E0%B8%B2%E0%B8%A2?type=used&page_number=51&page_size=26","https://www.one2car.com/%E0%B8%A3%E0%B8%96-%E0%B8%AA%E0%B8%B3%E0%B8%AB%E0%B8%A3%E0%B8%B1%E0%B8%9A-%E0%B8%82%E0%B8%B2%E0%B8%A2?type=used&page_number=94&page_size=26","2019 Mercedes-Benz CLA200 1.6 W117 (ปี 14-18) Urban Sedan ...","รุ่นรถ : BENZ CLA200 URBAN FACELIFT ปีรถ : 2019 เลขไมล์ : 117,5xx กิโล ทะเบียน : 5ขอ8532 ...","","117500 กม.","กรุงเทพมหานคร","","","เกียร์อัตโนมัติ"
"1786479998-809","https://www.one2car.com/%E0%B8%A3%E0%B8%96-%E0%B8%AA%E0%B8%B3%E0%B8%AB%E0%B8%A3%E0%B8%B1%E0%B8%9A-%E0%B8%82%E0%B8%B2%E0%B8%A2?type=used&page_number=51&page_size=26","https://www.one2car.com/%E0%B8%A3%E0%B8%96-%E0%B8%AA%E0%B8%B3%E0%B8%AB%E0%B8%A3%E0%B8%B1%E0%B8%9A-%E0%B8%82%E0%B8%B2%E0%B8%A2?type=used&page_number=94&page_size=26","2022 Isuzu MU-X 3.0 (ปี 20-26) Ultimate SUV - 4WD","2021 Isuzu MU-X 3.0 (ปี 20-26) Ultimate 4WD SUV เกียร์ AT สีเทา 🔅🔅1,080,000🔅🔅 ...","Isuzu MU-X","45 - 50K กม.","กรุงเทพมหานคร","895,000 บาท","มือสอง","เกียร์อัตโนมัติ"
"1786479998-810","https://www.one2car.com/%E0%B8%A3%E0%B8%96-%E0%B8%AA%E0%B8%B3%E0%B8%AB%E0%B8%A3%E0%B8%B1%E0%B8%9A-%E0%B8%82%E0%B8%B2%E0%B8%A2?type=used&page_number=51&page_size=26","https://www.one2car.com/%E0%B8%A3%E0%B8%96-%E0%B8%AA%E0%B8%B3%E0%B8%AB%E0%B8%A3%E0%B8%B1%E0%B8%9A-%E0%B8%82%E0%B8%B2%E0%B8%A2?type=used&page_number=94&page_size=26","2013 Toyota FORTUNER 3.0 (ปี 12-15) V SUV","2013 Toyota Fortuner 3.0 V SUV เกียร์ AT สีขาว 🔅🔅485,000🔅🔅 ❤️❤️รายละเอียด❤️❤️ - ...","Toyota FORTUNER","195 - 200K กม.","กรุงเทพมหานคร","425,000 บาท","มือสอง","เกียร์อัตโนมัติ"
"1786480003-811","https://www.one2car.com/%E0%B8%A3%E0%B8%96-%E0%B8%AA%E0%B8%B3%E0%B8%AB%E0%B8%A3%E0%B8%B1%E0%B8%9A-%E0%B8%82%E0%B8%B2%E0%B8%A2?type=used&page_number=51&page_size=26","https://www.one2car.com/%E0%B8%A3%E0%B8%96-%E0%B8%AA%E0%B8%B3%E0%B8%AB%E0%B8%A3%E0%B8%B1%E0%B8%9A-%E0%B8%82%E0%B8%B2%E0%B8%A2?type=used&page_number=95&page_size=26","2021 BMW X4 2.0 G02 (ปี 18-24) xDrive20d M Sport SUV - AWD...","รุ่นรถ : BMW X4 XDRIVE20d M SPORT ปีรถ : 2021 เลขไมล์ : 109,4xx กิโล ทะเบียน : 7ขอ4101 ...","","109400 กม.","กรุงเทพมหานคร","","","เกียร์อัตโนมัติ"
"1786480003-812","https://www.one2car.com/%E0%B8%A3%E0%B8%96-%E0%B8%AA%E0%B8%B3%E0%B8%AB%E0%B8%A3%E0%B8%B1%E0%B8%9A-%E0%B8%82%E0%B8%B2%E0%B8%A2?type=used&page_number=51&page_size=26","https://www.one2car.com/%E0%B8%A3%E0%B8%96-%E0%B8%AA%E0%B8%B3%E0%B8%AB%E0%B8%A3%E0%B8%B1%E0%B8%9A-%E0%B8%82%E0%B8%B2%E0%B8%A2?type=used&page_number=95&page_size=26","2026 Suzuki JIMNY 1.5 (ปี 19-26) Off-Road Edition SUV - 4W...","2026 Suzuki Jimny 1.5 Sierra 4wd สีน้ำเงิน (Wrap ชมพู) Mileage : 4,xxx Km ...","","0 - 5K กม.","กรุงเทพมหานคร","","","เกียร์อัตโนมัติ"
"1786480003-813","https://www.one2car.com/%E0%B8%A3%E0%B8%96-%E0%B8%AA%E0%B8%B3%E0%B8%AB%E0%B8%A3%E0%B8%B1%E0%B8%9A-%E0%B8%82%E0%B8%B2%E0%B8%A2?type=used&page_number=51&page_size=26","https://www.one2car.com/%E0%B8%A3%E0%B8%96-%E0%B8%AA%E0%B8%B3%E0%B8%AB%E0%B8%A3%E0%B8%B1%E0%B8%9A-%E0%B8%82%E0%B8%B2%E0%B8%A2?type=used&page_number=95&page_size=26","2023 Ford EVEREST 2.0 (ปี 22-28) Titanium+ SUV - Titanium ...","FORD EVEREST 2.0 BI-TURBO TITANIUM PLUS 4WD AT 2023 ออกรถ 0 บาท รหัสรถ 2B596 Line : ...","Ford EVEREST","85 - 90K กม.","กรุงเทพมหานคร","","","เกียร์อัตโนมัติ"
"1786480003-814","https://www.one2car.com/%E0%B8%A3%E0%B8%96-%E0%B8%AA%E0%B8%B3%E0%B8%AB%E0%B8%A3%E0%B8%B1%E0%B8%9A-%E0%B8%82%E0%B8%B2%E0%B8%A2?type=used&page_number=51&page_size=26","https://www.one2car.com/%E0%B8%A3%E0%B8%96-%E0%B8%AA%E0%B8%B3%E0%B8%AB%E0%B8%A3%E0%B8%B1%E0%B8%9A-%E0%B8%82%E0%B8%B2%E0%B8%A2?type=used&page_number=95&page_size=26","2012 Mercedes-Benz C180 1.8 W204 (ปี 08-14) AMG BlueEFFICI...","BENZ C180 Coupe AMG ปี2012 แต่งสวย สภาพสมบูรณ์ พร้อมใช้งานครับ รถสวย สภาพดี ...","","235 - 240K กม.","กรุงเทพมหานคร","","","เกียร์อัตโนมัติ"
"1786480003-815","https://www.one2car.com/%E0%B8%A3%E0%B8%96-%E0%B8%AA%E0%B8%B3%E0%B8%AB%E0%B8%A3%E0%B8%B1%E0%B8%9A-%E0%B8%82%E0%B8%B2%E0%B8%A2?type=used&page_number=51&page_size=26","https://www.one2car.com/%E0%B8%A3%E0%B8%96-%E0%B8%AA%E0%B8%B3%E0%B8%AB%E0%B8%A3%E0%B8%B1%E0%B8%9A-%E0%B8%82%E0%B8%B2%E0%B8%A2?type=used&page_number=95&page_size=26","2013 Toyota VELLFIRE 2.4 (ปี 08-14) ZG Edition Van","🟧 TOYOTA VELLFIRE 2.4 ZG EDITION ปี2013 🔸มือเดียวออกห้าง บางเดิมทั้งคัน ...","Toyota VELLFIRE","200 - 205K กม.","กรุงเทพมหานคร","","","เกียร์อัตโนมัติ"
"1786480003-816","https://www.one2car.com/%E0%B8%A3%E0%B8%96-%E0%B8%AA%E0%B8%B3%E0%B8%AB%E0%B8%A3%E0%B8%B1%E0%B8%9A-%E0%B8%82%E0%B8%B2%E0%B8%A2?type=used&page_number=51&page_size=26","https://www.one2car.com/%E0%B8%A3%E0%B8%96-%E0%B8%AA%E0%B8%B3%E0%B8%AB%E0%B8%A3%E0%B8%B1%E0%B8%9A-%E0%B8%82%E0%B8%B2%E0%B8%A2?type=used&page_number=95&page_size=26","2015 BMW 528i 2.0 F10 (ปี 10-16) Luxury Sedan","รุ่นรถ : BMW 528i LUXURY LCI ปีรถ : 2015 เลขไมล์ : 131,9xx กิโล ทะเบียน : 7ขบ6712 กทม. ...","","131900 กม.","กรุงเทพมหานคร","","","เกียร์อัตโนมัติ"
"1786480003-817","https://www.one2car.com/%E0%B8%A3%E0%B8%96-%E0%B8%AA%E0%B8%B3%E0%B8%AB%E0%B8%A3%E0%B8%B1%E0%B8%9A-%E0%B8%82%E0%B8%B2%E0%B8%A2?type=used&page_number=51&page_size=26","https://www.one2car.com/%E0%B8%A3%E0%B8%96-%E0%B8%AA%E0%B8%B3%E0%B8%AB%E0%B8%A3%E0%B8%B1%E0%B8%9A-%E0%B8%82%E0%B8%B2%E0%B8%A2?type=used&page_number=95&page_size=26","2018 BMW X2 2.0 F39 (ปี 18-24) sDrive20i M Sport X SUV - S...","AIRBAG ABS เบาะหนังแท้ปรับไฟฟ้า ก.ไฟฟ้า ซ.ล็อก กระจกข้างปรับ+พับไฟฟ้า เครื่องเล่นCD MP3 ...","","100 - 105K กม.","กรุงเทพมหานคร","789,000 บาท","มือสอง","เกียร์อัตโนมัติ"
"1786480003-818","https://www.one2car.com/%E0%B8%A3%E0%B8%96-%E0%B8%AA%E0%B8%B3%E0%B8%AB%E0%B8%A3%E0%B8%B1%E0%B8%9A-%E0%B8%82%E0%B8%B2%E0%B8%A2?type=used&page_number=51&page_size=26","https://www.one2car.com/%E0%B8%A3%E0%B8%96-%E0%B8%AA%E0%B8%B3%E0%B8%AB%E0%B8%A3%E0%B8%B1%E0%B8%9A-%E0%B8%82%E0%B8%B2%E0%B8%A2?type=used&page_number=95&page_size=26","2022 Honda ACCORD 2.0 (ปี 19-23) e:HEV EL+ Sedan - e HEV E...","Honda Accord G10 2.0 e:HEV EL Plus ปี 2022 ซีดานระดับผู้บริหารระบบไฮบริดที่ผสานความประหยัด ...","Honda ACCORD","175 - 180K กม.","กรุงเทพมหานคร","759,000 บาท","มือสอง","เกียร์อัตโนมัติ"
"1786480003-819","https://www.one2car.com/%E0%B8%A3%E0%B8%96-%E0%B8%AA%E0%B8%B3%E0%B8%AB%E0%B8%A3%E0%B8%B1%E0%B8%9A-%E0%B8%82%E0%B8%B2%E0%B8%A2?type=used&page_number=51&page_size=26","https://www.one2car.com/%E0%B8%A3%E0%B8%96-%E0%B8%AA%E0%B8%B3%E0%B8%AB%E0%B8%A3%E0%B8%B1%E0%B8%9A-%E0%B8%82%E0%B8%B2%E0%B8%A2?type=used&page_number=95&page_size=26","2022 BMW 530e 2.0 G30 (ปี 17-22) Elite Sedan - AT","2022 BMW 530e Elite G30 LCI Plug-in Hybrid Steptronic 8-Speed BMW 530e Elite G30 LCI ปี ...","","70 - 75K กม.","กรุงเทพมหานคร","1,090,000 บาท","มือสอง","เกียร์อัตโนมัติ"
"1786480003-820","https://www.one2car.com/%E0%B8%A3%E0%B8%96-%E0%B8%AA%E0%B8%B3%E0%B8%AB%E0%B8%A3%E0%B8%B1%E0%B8%9A-%E0%B8%82%E0%B8%B2%E0%B8%A2?type=used&page_number=51&page_size=26","https://www.one2car.com/%E0%B8%A3%E0%B8%96-%E0%B8%AA%E0%B8%B3%E0%B8%AB%E0%B8%A3%E0%B8%B1%E0%B8%9A-%E0%B8%82%E0%B8%B2%E0%B8%A2?type=used&page_number=95&page_size=26","2022 Honda City 1.0 (ปี 19-26) S Sedan - ( 19-24)","AIRBAG2ใบ ABS เบาะผ้า ก.ไฟฟ้า ซ.ล็อก เครื่องเล่นUSB วิทยุ กระจกข้างปรับไฟฟ้า กุญแจรีโมท ...","Honda City","0 - 5K กม.","กรุงเทพมหานคร","369,000 บาท","มือสอง","เกียร์อัตโนมัติ"
"1786480003-821","https://www.one2car.com/%E0%B8%A3%E0%B8%96-%E0%B8%AA%E0%B8%B3%E0%B8%AB%E0%B8%A3%E0%B8%B1%E0%B8%9A-%E0%B8%82%E0%B8%B2%E0%B8%A2?type=used&page_number=51&page_size=26","https://www.one2car.com/%E0%B8%A3%E0%B8%96-%E0%B8%AA%E0%B8%B3%E0%B8%AB%E0%B8%A3%E0%B8%B1%E0%B8%9A-%E0%B8%82%E0%B8%B2%E0%B8%A2?type=used&page_number=95&page_size=26","2023 Honda CIVIC 2.0 FE (ปี 21-26) e:HEV RS Sedan - e HEV ...","2023 Honda Civic FE 2.0 e:HEV RS Honda Civic FE 2.0 e:HEV RS ปี 2023 ซีดานสปอร์ตระบบ ...","Honda CIVIC","0 - 5K กม.","กรุงเทพมหานคร","819,000 บาท","มือสอง","เกียร์อัตโนมัติ"
"1786480003-822","https://www.one2car.com/%E0%B8%A3%E0%B8%96-%E0%B8%AA%E0%B8%B3%E0%B8%AB%E0%B8%A3%E0%B8%B1%E0%B8%9A-%E0%B8%82%E0%B8%B2%E0%B8%A2?type=used&page_number=51&page_size=26","https://www.one2car.com/%E0%B8%A3%E0%B8%96-%E0%B8%AA%E0%B8%B3%E0%B8%AB%E0%B8%A3%E0%B8%B1%E0%B8%9A-%E0%B8%82%E0%B8%B2%E0%B8%A2?type=used&page_number=95&page_size=26","2019 Honda CIVIC 1.5 FC (ปี 16-20) Turbo RS Sedan","เครื่องยนต์เบนซิน 1.5 ลิตร VTEC Turbo 173 แรงม้า แรงบิด 220 นิวตันเมตร เกียร์อัตโนมัติ ...","Honda CIVIC","80 - 85K กม.","กรุงเทพมหานคร","580,000 บาท","มือสอง","เกียร์อัตโนมัติ"
"1786480003-823","https://www.one2car.com/%E0%B8%A3%E0%B8%96-%E0%B8%AA%E0%B8%B3%E0%B8%AB%E0%B8%A3%E0%B8%B1%E0%B8%9A-%E0%B8%82%E0%B8%B2%E0%B8%A2?type=used&page_number=51&page_size=26","https://www.one2car.com/%E0%B8%A3%E0%B8%96-%E0%B8%AA%E0%B8%B3%E0%B8%AB%E0%B8%A3%E0%B8%B1%E0%B8%9A-%E0%B8%82%E0%B8%B2%E0%B8%A2?type=used&page_number=95&page_size=26","2021 Toyota Corolla Cross 1.8 (ปี 20-26) Hybrid Premium Sa...","2021 Toyota Corolla Cross 1.8 Hybrid Premium Safety e-CVT Toyota Corolla Cross 1.8 Hybrid ...","","150 - 155K กม.","กรุงเทพมหานคร","759,000 บาท","มือสอง","เกียร์อัตโนมัติ"
"1786480003-824","https://www.one2car.com/%E0%B8%A3%E0%B8%96-%E0%B8%AA%E0%B8%B3%E0%B8%AB%E0%B8%A3%E0%B8%B1%E0%B8%9A-%E0%B8%82%E0%B8%B2%E0%B8%A2?type=used&page_number=51&page_size=26","https://www.one2car.com/%E0%B8%A3%E0%B8%96-%E0%B8%AA%E0%B8%B3%E0%B8%AB%E0%B8%A3%E0%B8%B1%E0%B8%9A-%E0%B8%82%E0%B8%B2%E0%B8%A2?type=used&page_number=95&page_size=26","2022 Toyota Corolla Cross 1.8 (ปี 20-26) Hybrid Premium SU...","2022 TOYOTA COROLLA CROSS 1.8 HYBRID PREMIUM e-CVT Toyota Corolla Cross 1.8 Hybrid ...","","90 - 95K กม.","กรุงเทพมหานคร","689,000 บาท","มือสอง","เกียร์อัตโนมัติ"
"1786480003-825","https://www.one2car.com/%E0%B8%A3%E0%B8%96-%E0%B8%AA%E0%B8%B3%E0%B8%AB%E0%B8%A3%E0%B8%B1%E0%B8%9A-%E0%B8%82%E0%B8%B2%E0%B8%A2?type=used&page_number=51&page_size=26","https://www.one2car.com/%E0%B8%A3%E0%B8%96-%E0%B8%AA%E0%B8%B3%E0%B8%AB%E0%B8%A3%E0%B8%B1%E0%B8%9A-%E0%B8%82%E0%B8%B2%E0%B8%A2?type=used&page_number=95&page_size=26","2021 Honda CIVIC 1.5 FE (ปี 21-26) EL+ Sedan - EL","AIRBAG6ใบ ABS เบาะหนังไฟฟ้า ก.ไฟฟ้า ซ.ล็อก กระจกข้างปรับ+พับไฟฟ้า เครื่องเล่น DVD ...","Honda CIVIC","140 - 145K กม.","กรุงเทพมหานคร","610,000 บาท","มือสอง","เกียร์อัตโนมัติ"
"1786480003-826","https://www.one2car.com/%E0%B8%A3%E0%B8%96-%E0%B8%AA%E0%B8%B3%E0%B8%AB%E0%B8%A3%E0%B8%B1%E0%B8%9A-%E0%B8%82%E0%B8%B2%E0%B8%A2?type=used&page_number=51&page_size=26","https://www.one2car.com/%E0%B8%A3%E0%B8%96-%E0%B8%AA%E0%B8%B3%E0%B8%AB%E0%B8%A3%E0%B8%B1%E0%B8%9A-%E0%B8%82%E0%B8%B2%E0%B8%A2?type=used&page_number=95&page_size=26","2021 Mercedes-Benz GLC220 2.0 W253 (ปี 15-22) d SUV","รุ่นรถ : BENZ GLC220d OFF-ROAD ปีรถ : 2021 เลขไมล์ : 108,9xx กิโล ทะเบียน : กฉ5858 ...","","108900 กม.","กรุงเทพมหานคร","","","เกียร์อัตโนมัติ"
"1786480006-827","https://www.one2car.com/%E0%B8%A3%E0%B8%96-%E0%B8%AA%E0%B8%B3%E0%B8%AB%E0%B8%A3%E0%B8%B1%E0%B8%9A-%E0%B8%82%E0%B8%B2%E0%B8%A2?type=used&page_number=51&page_size=26","https://www.one2car.com/%E0%B8%A3%E0%B8%96-%E0%B8%AA%E0%B8%B3%E0%B8%AB%E0%B8%A3%E0%B8%B1%E0%B8%9A-%E0%B8%82%E0%B8%B2%E0%B8%A2?type=used&page_number=96&page_size=26","2018 Honda CIVIC 1.8 FC (ปี 16-20) EL Sedan","#เข้าใหม่อีกคันสดสดจากหน้าร้าน_ทรงสปอร์ต_ขับดี_สีสวยโดดเด่น_ฟังก์ชันครบ_พร้อมใช้งาน 🚘✨ ...","Honda CIVIC","0 - 5K กม.","เชียงใหม่","459,000 บาท","มือสอง","เกียร์อัตโนมัติ"
"1786480006-828","https://www.one2car.com/%E0%B8%A3%E0%B8%96-%E0%B8%AA%E0%B8%B3%E0%B8%AB%E0%B8%A3%E0%B8%B1%E0%B8%9A-%E0%B8%82%E0%B8%B2%E0%B8%A2?type=used&page_number=51&page_size=26","https://www.one2car.com/%E0%B8%A3%E0%B8%96-%E0%B8%AA%E0%B8%B3%E0%B8%AB%E0%B8%A3%E0%B8%B1%E0%B8%9A-%E0%B8%82%E0%B8%B2%E0%B8%A2?type=used&page_number=96&page_size=26","2017 Suzuki Ciaz 1.2 (ปี 15-25) GL Sedan","#อีโค่คาร์เข้าใหม่_ประหยัดน้ำมัน_ดาวน์น้อย_ผ่อนสบาย_สอบถามได้คร้าบบบ 🚗😍 🔴Brand (ยี่ห้อ) : ...","Suzuki Ciaz","145 - 150K กม.","เชียงใหม่","189,000 บาท","มือสอง","เกียร์อัตโนมัติ"
"1786480006-829","https://www.one2car.com/%E0%B8%A3%E0%B8%96-%E0%B8%AA%E0%B8%B3%E0%B8%AB%E0%B8%A3%E0%B8%B1%E0%B8%9A-%E0%B8%82%E0%B8%B2%E0%B8%A2?type=used&page_number=51&page_size=26","https://www.one2car.com/%E0%B8%A3%E0%B8%96-%E0%B8%AA%E0%B8%B3%E0%B8%AB%E0%B8%A3%E0%B8%B1%E0%B8%9A-%E0%B8%82%E0%B8%B2%E0%B8%A2?type=used&page_number=96&page_size=26","2020 Isuzu D-MAX 1.9 Space Cab (ปี 19-26) Hi-Lander L DA P...","#กระบะยกสูงขับดี_รถบ้าน_มือเดียว 🛻✨ #รถสวยปีใหม่_พร้อมใช้งาน ‼️‼️ 🔴Brand (ยี่ห้อ) : ISUZU ...","Isuzu D-MAX","95 - 100K กม.","เชียงใหม่","399,000 บาท","มือสอง","เกียร์ธรรมดา"
"1786480006-830","https://www.one2car.com/%E0%B8%A3%E0%B8%96-%E0%B8%AA%E0%B8%B3%E0%B8%AB%E0%B8%A3%E0%B8%B1%E0%B8%9A-%E0%B8%82%E0%B8%B2%E0%B8%A2?type=used&page_number=51&page_size=26","https://www.one2car.com/%E0%B8%A3%E0%B8%96-%E0%B8%AA%E0%B8%B3%E0%B8%AB%E0%B8%A3%E0%B8%B1%E0%B8%9A-%E0%B8%82%E0%B8%B2%E0%B8%A2?type=used&page_number=96&page_size=26","2019 Toyota ALPHARD 2.5 (ปี 15-23) S C-Package Van","TOYOTA ALPHARD 2.5 SC Package Top ปี2019 ไมล์ 250,000 Km. สภาพสวย สมบูรณ์ พร้อมใช้งานครับ ...","Toyota ALPHARD","255 - 260K กม.","กรุงเทพมหานคร","","","เกียร์อัตโนมัติ"
"1786480006-831","https://www.one2car.com/%E0%B8%A3%E0%B8%96-%E0%B8%AA%E0%B8%B3%E0%B8%AB%E0%B8%A3%E0%B8%B1%E0%B8%9A-%E0%B8%82%E0%B8%B2%E0%B8%A2?type=used&page_number=51&page_size=26","https://www.one2car.com/%E0%B8%A3%E0%B8%96-%E0%B8%AA%E0%B8%B3%E0%B8%AB%E0%B8%A3%E0%B8%B1%E0%B8%9A-%E0%B8%82%E0%B8%B2%E0%B8%A2?type=used&page_number=96&page_size=26","2012 Mercedes-Benz C180 1.8 W204 (ปี 08-14) AMG BlueEFFICI...","BENZ C180 Coupe AMG ปี2012 แต่งสวย สภาพสมบูรณ์ พร้อมใช้งานครับ รถสวย สภาพดี ...","","110 - 115K กม.","กรุงเทพมหานคร","","","เกียร์อัตโนมัติ"
"1786480006-832","https://www.one2car.com/%E0%B8%A3%E0%B8%96-%E0%B8%AA%E0%B8%B3%E0%B8%AB%E0%B8%A3%E0%B8%B1%E0%B8%9A-%E0%B8%82%E0%B8%B2%E0%B8%A2?type=used&page_number=51&page_size=26","https://www.one2car.com/%E0%B8%A3%E0%B8%96-%E0%B8%AA%E0%B8%B3%E0%B8%AB%E0%B8%A3%E0%B8%B1%E0%B8%9A-%E0%B8%82%E0%B8%B2%E0%B8%A2?type=used&page_number=96&page_size=26","2013 BMW 523i 2.5 F10 (ปี 10-16) Sedan","🚘โปรโมชั่นพิเศษขับฟรี 3 เดือน 🚘ดอกเบี้ย 2.49% 🚘ราคาถูกที่สุดในเว็บ สวยเหมือนรถป้ายแดง ...","BMW 523i","0 - 5K กม.","กรุงเทพมหานคร","","","เกียร์อัตโนมัติ"
"1786480006-833","https://www.one2car.com/%E0%B8%A3%E0%B8%96-%E0%B8%AA%E0%B8%B3%E0%B8%AB%E0%B8%A3%E0%B8%B1%E0%B8%9A-%E0%B8%82%E0%B8%B2%E0%B8%A2?type=used&page_number=51&page_size=26","https://www.one2car.com/%E0%B8%A3%E0%B8%96-%E0%B8%AA%E0%B8%B3%E0%B8%AB%E0%B8%A3%E0%B8%B1%E0%B8%9A-%E0%B8%82%E0%B8%B2%E0%B8%A2?type=used&page_number=96&page_size=26","2019 Honda JAZZ 1.5 (ปี 14-22) RS Hatchback","✨ 0% 12เดือน หรือ ขับฟรี 60วัน ✨ ดอกเบี้ยพิเศษเริ่มต้นที่ 2.49% ✅ ไม่เคยมีเครดิต ✅ ติดค้ำ ...","Honda JAZZ","240 - 245K กม.","กรุงเทพมหานคร","","","เกียร์อัตโนมัติ"
"1786480006-834","https://www.one2car.com/%E0%B8%A3%E0%B8%96-%E0%B8%AA%E0%B8%B3%E0%B8%AB%E0%B8%A3%E0%B8%B1%E0%B8%9A-%E0%B8%82%E0%B8%B2%E0%B8%A2?type=used&page_number=51&page_size=26","https://www.one2car.com/%E0%B8%A3%E0%B8%96-%E0%B8%AA%E0%B8%B3%E0%B8%AB%E0%B8%A3%E0%B8%B1%E0%B8%9A-%E0%B8%82%E0%B8%B2%E0%B8%A2?type=used&page_number=96&page_size=26","2024 Honda CR-V 2.0 (ปี 23-29) e:HEV RS SUV - e HEV RS AWD...","🔸CARS X คัดมาให้แล้วรถสวยคุณภาพดี HONDA CR-V 2.0 E:HEV RS 4WD สีขาว เกียร์ AT ปี 2024 ...","Honda CR-V","15 - 20K กม.","สมุทรปราการ","1,329,000 บาท","มือสอง","เกียร์อัตโนมัติ"
"1786480006-835","https://www.one2car.com/%E0%B8%A3%E0%B8%96-%E0%B8%AA%E0%B8%B3%E0%B8%AB%E0%B8%A3%E0%B8%B1%E0%B8%9A-%E0%B8%82%E0%B8%B2%E0%B8%A2?type=used&page_number=51&page_size=26","https://www.one2car.com/%E0%B8%A3%E0%B8%96-%E0%B8%AA%E0%B8%B3%E0%B8%AB%E0%B8%A3%E0%B8%B1%E0%B8%9A-%E0%B8%82%E0%B8%B2%E0%B8%A2?type=used&page_number=96&page_size=26","2021 Mercedes-Benz E300 2.0 W213 (ปี 16-23) e Avantgarde S...","รถLUXURY ผ่อนเริ่ม 21,xxx-./เดือน เครดิตดีฟรีดาวน์* รับประกัน 5 เดือน ...","Mercedes-Benz E300","40 - 45K กม.","กรุงเทพมหานคร","1,259,000 บาท","มือสอง","เกียร์อัตโนมัติ"
"1786480006-836","https://www.one2car.com/%E0%B8%A3%E0%B8%96-%E0%B8%AA%E0%B8%B3%E0%B8%AB%E0%B8%A3%E0%B8%B1%E0%B8%9A-%E0%B8%82%E0%B8%B2%E0%B8%A2?type=used&page_number=51&page_size=26","https://www.one2car.com/%E0%B8%A3%E0%B8%96-%E0%B8%AA%E0%B8%B3%E0%B8%AB%E0%B8%A3%E0%B8%B1%E0%B8%9A-%E0%B8%82%E0%B8%B2%E0%B8%A2?type=used&page_number=96&page_size=26","2022 BMW X3 2.0 G01 (ปี 18-23) xDrive20d M Sport SUV - AWD...","รถหรูระดับพรีเมียม ผ่อนเริ่ม 19,xxx-./เดือน เครดิตดีฟรีดาวน์* รับประกัน 5 เดือน ...","BMW X3","85 - 90K กม.","กรุงเทพมหานคร","1,119,000 บาท","มือสอง","เกียร์อัตโนมัติ"
"1786480006-837","https://www.one2car.com/%E0%B8%A3%E0%B8%96-%E0%B8%AA%E0%B8%B3%E0%B8%AB%E0%B8%A3%E0%B8%B1%E0%B8%9A-%E0%B8%82%E0%B8%B2%E0%B8%A2?type=used&page_number=51&page_size=26","https://www.one2car.com/%E0%B8%A3%E0%B8%96-%E0%B8%AA%E0%B8%B3%E0%B8%AB%E0%B8%A3%E0%B8%B1%E0%B8%9A-%E0%B8%82%E0%B8%B2%E0%B8%A2?type=used&page_number=96&page_size=26","2018 BMW 520d 2.0 G30 (ปี 17-22) Luxury Sedan","รถหรูระดับพรีเมียม ผ่อนเริ่ม 12,xxx-./เดือน เครดิตดีฟรีดาวน์* รับประกัน 5 เดือน ...","BMW 520d","135 - 140K กม.","กรุงเทพมหานคร","749,000 บาท","มือสอง","เกียร์อัตโนมัติ"
"1786480006-838","https://www.one2car.com/%E0%B8%A3%E0%B8%96-%E0%B8%AA%E0%B8%B3%E0%B8%AB%E0%B8%A3%E0%B8%B1%E0%B8%9A-%E0%B8%82%E0%B8%B2%E0%B8%A2?type=used&page_number=51&page_size=26","https://www.one2car.com/%E0%B8%A3%E0%B8%96-%E0%B8%AA%E0%B8%B3%E0%B8%AB%E0%B8%A3%E0%B8%B1%E0%B8%9A-%E0%B8%82%E0%B8%B2%E0%B8%A2?type=used&page_number=96&page_size=26","2019 Toyota HILUX REVO 2.8 Double Cab G Pickup - 4WD","รถกระบะ ผ่อนเริ่ม 13,xxx-./เดือน เครดิตดีฟรีดาวน์* รับประกัน 5 ปี มีรถให้ใช้ระหว่างซ่อม ...","Toyota HILUX REVO","110 - 115K กม.","สมุทรปราการ","759,000 บาท","มือสอง","เกียร์อัตโนมัติ"
"1786480006-839","https://www.one2car.com/%E0%B8%A3%E0%B8%96-%E0%B8%AA%E0%B8%B3%E0%B8%AB%E0%B8%A3%E0%B8%B1%E0%B8%9A-%E0%B8%82%E0%B8%B2%E0%B8%A2?type=used&page_number=51&page_size=26","https://www.one2car.com/%E0%B8%A3%E0%B8%96-%E0%B8%AA%E0%B8%B3%E0%B8%AB%E0%B8%A3%E0%B8%B1%E0%B8%9A-%E0%B8%82%E0%B8%B2%E0%B8%A2?type=used&page_number=96&page_size=26","2021 BMW 330e 2.0 G20 (ปี 19-26) M Sport Sedan","รถสปอร์ตสุดเท่ ผ่อนเริ่ม 16,xxx-./เดือน เครดิตดีฟรีดาวน์* รับประกัน 5 เดือน ...","BMW 330e","81705 กม.","กรุงเทพมหานคร","959,000 บาท","มือสอง","เกียร์อัตโนมัติ"
"1786480006-840","https://www.one2car.com/%E0%B8%A3%E0%B8%96-%E0%B8%AA%E0%B8%B3%E0%B8%AB%E0%B8%A3%E0%B8%B1%E0%B8%9A-%E0%B8%82%E0%B8%B2%E0%B8%A2?type=used&page_number=51&page_size=26","https://www.one2car.com/%E0%B8%A3%E0%B8%96-%E0%B8%AA%E0%B8%B3%E0%B8%AB%E0%B8%A3%E0%B8%B1%E0%B8%9A-%E0%B8%82%E0%B8%B2%E0%B8%A2?type=used&page_number=96&page_size=26","2019 Mitsubishi PAJERO SPORT 2.4 (ปี 19-25) GT Premium SUV...","🔸CARS X คัดมาให้แล้วรถสวยคุณภาพดี MITSUBISHI PAJERO SPORT 2.4 GT PREMIUM 4WD สีขาว เกียร์ ...","Mitsubishi PAJERO SPORT","135 - 140K กม.","กรุงเทพมหานคร","829,000 บาท","มือสอง","เกียร์อัตโนมัติ"
"1786480006-841","https://www.one2car.com/%E0%B8%A3%E0%B8%96-%E0%B8%AA%E0%B8%B3%E0%B8%AB%E0%B8%A3%E0%B8%B1%E0%B8%9A-%E0%B8%82%E0%B8%B2%E0%B8%A2?type=used&page_number=51&page_size=26","https://www.one2car.com/%E0%B8%A3%E0%B8%96-%E0%B8%AA%E0%B8%B3%E0%B8%AB%E0%B8%A3%E0%B8%B1%E0%B8%9A-%E0%B8%82%E0%B8%B2%E0%B8%A2?type=used&page_number=96&page_size=26","2022 Mercedes-Benz C220 2.0 W206 (ปี 22-30) d Avantgarde S...","รถหรูผู้บริหาร ผ่อนเริ่ม 24,xxx-./เดือน เครดิตดีฟรีดาวน์* รับประกัน 5 เดือน ...","","120 - 125K กม.","กรุงเทพมหานคร","1,459,000 บาท","มือสอง","เกียร์อัตโนมัติ"
"1786480006-842","https://www.one2car.com/%E0%B8%A3%E0%B8%96-%E0%B8%AA%E0%B8%B3%E0%B8%AB%E0%B8%A3%E0%B8%B1%E0%B8%9A-%E0%B8%82%E0%B8%B2%E0%B8%A2?type=used&page_number=51&page_size=26","https://www.one2car.com/%E0%B8%A3%E0%B8%96-%E0%B8%AA%E0%B8%B3%E0%B8%AB%E0%B8%A3%E0%B8%B1%E0%B8%9A-%E0%B8%82%E0%B8%B2%E0%B8%A2?type=used&page_number=96&page_size=26","2023 Ford EVEREST 2.0 (ปี 22-28) Titanium+ SUV - Titanium ...","🔸CARS X คัดมาให้แล้วรถสวยคุณภาพดี FORD EVEREST 2.0 TITANIUM+ 4WD สีขาว เกียร์ AT ปี 2023 ...","Ford EVEREST","95 - 100K กม.","กรุงเทพมหานคร","1,199,000 บาท","มือสอง","เกียร์อัตโนมัติ"
"1786480011-843","https://www.one2car.com/%E0%B8%A3%E0%B8%96-%E0%B8%AA%E0%B8%B3%E0%B8%AB%E0%B8%A3%E0%B8%B1%E0%B8%9A-%E0%B8%82%E0%B8%B2%E0%B8%A2?type=used&page_number=51&page_size=26","https://www.one2car.com/%E0%B8%A3%E0%B8%96-%E0%B8%AA%E0%B8%B3%E0%B8%AB%E0%B8%A3%E0%B8%B1%E0%B8%9A-%E0%B8%82%E0%B8%B2%E0%B8%A2?type=used&page_number=97&page_size=26","2022 Honda HR-V 1.5 (ปี 22-28) e:HEV EL SUV - e HEV EL","🔸CARS X คัดมาให้แล้วรถสวยคุณภาพดี HONDA HR-V 1.5 1.5 E:HEV EL สีขาว เกียร์ AT ปี 2022 ...","Honda HR-V","110 - 115K กม.","สมุทรปราการ","669,000 บาท","มือสอง","เกียร์อัตโนมัติ"
"1786480011-844","https://www.one2car.com/%E0%B8%A3%E0%B8%96-%E0%B8%AA%E0%B8%B3%E0%B8%AB%E0%B8%A3%E0%B8%B1%E0%B8%9A-%E0%B8%82%E0%B8%B2%E0%B8%A2?type=used&page_number=51&page_size=26","https://www.one2car.com/%E0%B8%A3%E0%B8%96-%E0%B8%AA%E0%B8%B3%E0%B8%AB%E0%B8%A3%E0%B8%B1%E0%B8%9A-%E0%B8%82%E0%B8%B2%E0%B8%A2?type=used&page_number=97&page_size=26","2014 Mercedes-Benz E300 2.1 W212 (ปี 10-16) Blue TEC Hybri...","Mercedes-Benz E300 BlueTEC Hybrid Estate ปี 2014 ราคา 525,000 บาท • รถศูนย์ Mercedes-Benz ...","Mercedes-Benz E300","155 - 160K กม.","กรุงเทพมหานคร","525,000 บาท","มือสอง","เกียร์อัตโนมัติ"
"1786480011-845","https://www.one2car.com/%E0%B8%A3%E0%B8%96-%E0%B8%AA%E0%B8%B3%E0%B8%AB%E0%B8%A3%E0%B8%B1%E0%B8%9A-%E0%B8%82%E0%B8%B2%E0%B8%A2?type=used&page_number=51&page_size=26","https://www.one2car.com/%E0%B8%A3%E0%B8%96-%E0%B8%AA%E0%B8%B3%E0%B8%AB%E0%B8%A3%E0%B8%B1%E0%B8%9A-%E0%B8%82%E0%B8%B2%E0%B8%A2?type=used&page_number=97&page_size=26","2015 Nissan X-TRAIL 2.5 (ปี 14-20) V SUV - 4WD","2015 NISSAN X-TRAIL 2.5 V 4WD ราคาเพียง 338,000 บาท . ✅ รถสวยย เจ้าของมือเดียว สภาพดี ✅ ...","Nissan X-TRAIL","155 - 160K กม.","กรุงเทพมหานคร","","","เกียร์อัตโนมัติ"
"1786480011-846","https://www.one2car.com/%E0%B8%A3%E0%B8%96-%E0%B8%AA%E0%B8%B3%E0%B8%AB%E0%B8%A3%E0%B8%B1%E0%B8%9A-%E0%B8%82%E0%B8%B2%E0%B8%A2?type=used&page_number=51&page_size=26","https://www.one2car.com/%E0%B8%A3%E0%B8%96-%E0%B8%AA%E0%B8%B3%E0%B8%AB%E0%B8%A3%E0%B8%B1%E0%B8%9A-%E0%B8%82%E0%B8%B2%E0%B8%A2?type=used&page_number=97&page_size=26","2024 Mercedes-Benz E220 2.0 W214 (ปี 24-31) d AMG Line Sed...","Benz E220d AMG Line (Launch Edition) 2024 ออก 07/2024 ราคาดี 2,950,000 เท่านั้น - เลขไมล์ ...","Mercedes-Benz E220","25 - 30K กม.","กรุงเทพมหานคร","2,890,000 บาท","มือสอง","เกียร์อัตโนมัติ"
"1786480011-847","https://www.one2car.com/%E0%B8%A3%E0%B8%96-%E0%B8%AA%E0%B8%B3%E0%B8%AB%E0%B8%A3%E0%B8%B1%E0%B8%9A-%E0%B8%82%E0%B8%B2%E0%B8%A2?type=used&page_number=51&page_size=26","https://www.one2car.com/%E0%B8%A3%E0%B8%96-%E0%B8%AA%E0%B8%B3%E0%B8%AB%E0%B8%A3%E0%B8%B1%E0%B8%9A-%E0%B8%82%E0%B8%B2%E0%B8%A2?type=used&page_number=97&page_size=26","2023 MG EP (ปี 20-27) Plus Wagon - 0.0","2023 MG EP PLUS ราคาเพียง 328,000 บาท . ✅ รับประกันแบตเตอรี่ 8 ปี 180,000 Km. ✅ รถสวย ...","","118600 กม.","กรุงเทพมหานคร","","","เกียร์อัตโนมัติ"
"1786480011-848","https://www.one2car.com/%E0%B8%A3%E0%B8%96-%E0%B8%AA%E0%B8%B3%E0%B8%AB%E0%B8%A3%E0%B8%B1%E0%B8%9A-%E0%B8%82%E0%B8%B2%E0%B8%A2?type=used&page_number=51&page_size=26","https://www.one2car.com/%E0%B8%A3%E0%B8%96-%E0%B8%AA%E0%B8%B3%E0%B8%AB%E0%B8%A3%E0%B8%B1%E0%B8%9A-%E0%B8%82%E0%B8%B2%E0%B8%A2?type=used&page_number=97&page_size=26","2019 Mazda 2 1.3 (ปี 15-25) Sports High Connect Hatchback ...","#รถบ้านมือเดียว_คันเล็กสเปกแน่น_ขับสนุก_ประหยัดน้ำมัน_สีแดงโดดเด่น_สภาพสวย ...","Mazda 2","75 - 80K กม.","เชียงใหม่","299,000 บาท","มือสอง","เกียร์อัตโนมัติ"
"1786480011-849","https://www.one2car.com/%E0%B8%A3%E0%B8%96-%E0%B8%AA%E0%B8%B3%E0%B8%AB%E0%B8%A3%E0%B8%B1%E0%B8%9A-%E0%B8%82%E0%B8%B2%E0%B8%A2?type=used&page_number=51&page_size=26","https://www.one2car.com/%E0%B8%A3%E0%B8%96-%E0%B8%AA%E0%B8%B3%E0%B8%AB%E0%B8%A3%E0%B8%B1%E0%B8%9A-%E0%B8%82%E0%B8%B2%E0%B8%A2?type=used&page_number=97&page_size=26","2021 Honda City 1.0 (ปี 20-26) S+ Hatchback - ( 20-25) S  ...","#รถบ้าน_มือเดียว_ทรงสปอร์ต_เท่ห์สุดสุด 🤍🚗 #ปีใหม่_พร้อมใช้_ไมล์วิ่งเพียง 61,xxx กม. ...","Honda City","60 - 65K กม.","เชียงใหม่","399,000 บาท","มือสอง","เกียร์อัตโนมัติ"
"1786480011-850","https://www.one2car.com/%E0%B8%A3%E0%B8%96-%E0%B8%AA%E0%B8%B3%E0%B8%AB%E0%B8%A3%E0%B8%B1%E0%B8%9A-%E0%B8%82%E0%B8%B2%E0%B8%A2?type=used&page_number=51&page_size=26","https://www.one2car.com/%E0%B8%A3%E0%B8%96-%E0%B8%AA%E0%B8%B3%E0%B8%AB%E0%B8%A3%E0%B8%B1%E0%B8%9A-%E0%B8%82%E0%B8%B2%E0%B8%A2?type=used&page_number=97&page_size=26","2013 Toyota Corolla Altis 1.8 (ปี 08-13) E Sedan","#รถบ้าน_พร้อมใช้งาน_เครื่องยนต์แน่น_ช่วงล่างดี_ราคาเบาๆ เข้าใหม่คร้าบบบ 🚗✨‼️ 🔴Brand ...","Toyota Corolla Altis","250 - 255K กม.","เชียงใหม่","179,000 บาท","มือสอง","เกียร์อัตโนมัติ"
"1786480011-851","https://www.one2car.com/%E0%B8%A3%E0%B8%96-%E0%B8%AA%E0%B8%B3%E0%B8%AB%E0%B8%A3%E0%B8%B1%E0%B8%9A-%E0%B8%82%E0%B8%B2%E0%B8%A2?type=used&page_number=51&page_size=26","https://www.one2car.com/%E0%B8%A3%E0%B8%96-%E0%B8%AA%E0%B8%B3%E0%B8%AB%E0%B8%A3%E0%B8%B1%E0%B8%9A-%E0%B8%82%E0%B8%B2%E0%B8%A2?type=used&page_number=97&page_size=26","2016 Toyota Corolla Altis 1.8 (ปี 14-18) E Sedan","#สวยใส_สไตล์ผู้บริหาร_คัดมาให้แล้ว_ออกง่ายอนุมัติไว_จัดได้เต็ม เอกสารไม่ยุ่งยากครับบบ 📄✨ ...","Toyota Corolla Altis","155 - 160K กม.","เชียงใหม่","329,000 บาท","มือสอง","เกียร์อัตโนมัติ"
"1786480011-852","https://www.one2car.com/%E0%B8%A3%E0%B8%96-%E0%B8%AA%E0%B8%B3%E0%B8%AB%E0%B8%A3%E0%B8%B1%E0%B8%9A-%E0%B8%82%E0%B8%B2%E0%B8%A2?type=used&page_number=51&page_size=26","https://www.one2car.com/%E0%B8%A3%E0%B8%96-%E0%B8%AA%E0%B8%B3%E0%B8%AB%E0%B8%A3%E0%B8%B1%E0%B8%9A-%E0%B8%82%E0%B8%B2%E0%B8%A2?type=used&page_number=97&page_size=26","2014 Mitsubishi PAJERO SPORT 2.5 (ปี 08-15) GT SUV","#Suvขับดี_นั่งสบาย_สมรรถนะเยี่ยม_ พร้อมใช้งานทันที_นัดดูและทดลองขับได้ครับ 😍✨ 🔴Brand ...","Mitsubishi PAJERO SPORT","150 - 155K กม.","เชียงใหม่","379,000 บาท","มือสอง","เกียร์อัตโนมัติ"
"1786480011-853","https://www.one2car.com/%E0%B8%A3%E0%B8%96-%E0%B8%AA%E0%B8%B3%E0%B8%AB%E0%B8%A3%E0%B8%B1%E0%B8%9A-%E0%B8%82%E0%B8%B2%E0%B8%A2?type=used&page_number=51&page_size=26","https://www.one2car.com/%E0%B8%A3%E0%B8%96-%E0%B8%AA%E0%B8%B3%E0%B8%AB%E0%B8%A3%E0%B8%B1%E0%B8%9A-%E0%B8%82%E0%B8%B2%E0%B8%A2?type=used&page_number=97&page_size=26","2021 Toyota HILUX REVO 2.4 Smart Cab Z Edition Entry Picku...","#รถบ้าน_มือเดียว_ออกห้างป้ายแดงเชียงใหม่ ❤️❤️ #กระบะพร้อมใช้_สภาพนางฟ้า_ไมล์วิ่ง40,xxxกม. ...","Toyota HILUX REVO","40 - 45K กม.","เชียงใหม่","399,000 บาท","มือสอง","เกียร์อัตโนมัติ"
"1786480011-854","https://www.one2car.com/%E0%B8%A3%E0%B8%96-%E0%B8%AA%E0%B8%B3%E0%B8%AB%E0%B8%A3%E0%B8%B1%E0%B8%9A-%E0%B8%82%E0%B8%B2%E0%B8%A2?type=used&page_number=51&page_size=26","https://www.one2car.com/%E0%B8%A3%E0%B8%96-%E0%B8%AA%E0%B8%B3%E0%B8%AB%E0%B8%A3%E0%B8%B1%E0%B8%9A-%E0%B8%82%E0%B8%B2%E0%B8%A2?type=used&page_number=97&page_size=26","2018 Toyota YARIS 1.2 (ปี 17-25) E Hatchback","#รถบ้าน_มือเดียว_ไมล์วิ่งเพียง78,xxxกม. 💖 #ทรงสปอร์ต_ประหยัดน้ำมัน_เจ้าของดูแลดี 😍 🔴Brand ...","Toyota YARIS","75 - 80K กม.","เชียงใหม่","299,000 บาท","มือสอง","เกียร์อัตโนมัติ"
"1786480011-855","https://www.one2car.com/%E0%B8%A3%E0%B8%96-%E0%B8%AA%E0%B8%B3%E0%B8%AB%E0%B8%A3%E0%B8%B1%E0%B8%9A-%E0%B8%82%E0%B8%B2%E0%B8%A2?type=used&page_number=51&page_size=26","https://www.one2car.com/%E0%B8%A3%E0%B8%96-%E0%B8%AA%E0%B8%B3%E0%B8%AB%E0%B8%A3%E0%B8%B1%E0%B8%9A-%E0%B8%82%E0%B8%B2%E0%B8%A2?type=used&page_number=97&page_size=26","2009 Toyota CAMRY 2.4 (ปี 06-12) V Sedan","🔥 จ่ายแสนกว่าบาท... แต่ได้นั่งรถระดับผู้บริหาร! Toyota Camry 2.4 V (Navi) ปี 2006 ...","Toyota CAMRY","265 - 270K กม.","สมุทรปราการ","168,000 บาท","มือสอง","เกียร์อัตโนมัติ"
"1786480011-856","https://www.one2car.com/%E0%B8%A3%E0%B8%96-%E0%B8%AA%E0%B8%B3%E0%B8%AB%E0%B8%A3%E0%B8%B1%E0%B8%9A-%E0%B8%82%E0%B8%B2%E0%B8%A2?type=used&page_number=51&page_size=26","https://www.one2car.com/%E0%B8%A3%E0%B8%96-%E0%B8%AA%E0%B8%B3%E0%B8%AB%E0%B8%A3%E0%B8%B1%E0%B8%9A-%E0%B8%82%E0%B8%B2%E0%B8%A2?type=used&page_number=97&page_size=26","2003 Toyota VIOS 1.5 (ปี 02-07) J Sedan","🔥 งบไม่ถึงแสน ได้เก๋งญี่ปุ่นสุดอึด! Toyota Vios 1.5 J ปี 2003 สีเทา ""มือเดียวป้ายแดง"" ...","Toyota VIOS","245 - 250K กม.","สมุทรปราการ","88,000 บาท","มือสอง","เกียร์อัตโนมัติ"
"1786480011-857","https://www.one2car.com/%E0%B8%A3%E0%B8%96-%E0%B8%AA%E0%B8%B3%E0%B8%AB%E0%B8%A3%E0%B8%B1%E0%B8%9A-%E0%B8%82%E0%B8%B2%E0%B8%A2?type=used&page_number=51&page_size=26","https://www.one2car.com/%E0%B8%A3%E0%B8%96-%E0%B8%AA%E0%B8%B3%E0%B8%AB%E0%B8%A3%E0%B8%B1%E0%B8%9A-%E0%B8%82%E0%B8%B2%E0%B8%A2?type=used&page_number=97&page_size=26","2020 Toyota Yaris Ativ 1.2 (ปี 17-22) Entry Sedan","#รถปีใหม่_ประหยัดน้ำมัน_พร้อมใช้_ภายในสะอาด_เจ้าของเดิมดูแลดีมากกก 😍 🔴Brand (ยี่ห้อ) : ...","Toyota Yaris Ativ","115 - 120K กม.","เชียงใหม่","299,000 บาท","มือสอง","เกียร์อัตโนมัติ"
"1786480011-858","https://www.one2car.com/%E0%B8%A3%E0%B8%96-%E0%B8%AA%E0%B8%B3%E0%B8%AB%E0%B8%A3%E0%B8%B1%E0%B8%9A-%E0%B8%82%E0%B8%B2%E0%B8%A2?type=used&page_number=51&page_size=26","https://www.one2car.com/%E0%B8%A3%E0%B8%96-%E0%B8%AA%E0%B8%B3%E0%B8%AB%E0%B8%A3%E0%B8%B1%E0%B8%9A-%E0%B8%82%E0%B8%B2%E0%B8%A2?type=used&page_number=97&page_size=26","2020 Isuzu D-MAX 1.9 Space Cab (ปี 19-26) S Pickup","Isuzu D-Max Spacecab 1.9 Ddi S ปี 2020 กระบะดีเซลยอดนิยม สภาพพร้อมใช้งาน ขับดี ...","Isuzu D-MAX","95 - 100K กม.","กรุงเทพมหานคร","379,000 บาท","มือสอง","เกียร์ธรรมดา"
"1786480015-859","https://www.one2car.com/%E0%B8%A3%E0%B8%96-%E0%B8%AA%E0%B8%B3%E0%B8%AB%E0%B8%A3%E0%B8%B1%E0%B8%9A-%E0%B8%82%E0%B8%B2%E0%B8%A2?type=used&page_number=51&page_size=26","https://www.one2car.com/%E0%B8%A3%E0%B8%96-%E0%B8%AA%E0%B8%B3%E0%B8%AB%E0%B8%A3%E0%B8%B1%E0%B8%9A-%E0%B8%82%E0%B8%B2%E0%B8%A2?type=used&page_number=98&page_size=26","2019 Honda Brio 1.2 (ปี 11-16) V Hatchback","2019 HONDA BRIO 1.2 V CVT ราคาเพียง 238,000 บาท . ✅ รถสวยย สภาพดี พร้อมใช้งาน ✅ ...","Honda Brio","81508 กม.","กรุงเทพมหานคร","","","เกียร์อัตโนมัติ"
"1786480015-860","https://www.one2car.com/%E0%B8%A3%E0%B8%96-%E0%B8%AA%E0%B8%B3%E0%B8%AB%E0%B8%A3%E0%B8%B1%E0%B8%9A-%E0%B8%82%E0%B8%B2%E0%B8%A2?type=used&page_number=51&page_size=26","https://www.one2car.com/%E0%B8%A3%E0%B8%96-%E0%B8%AA%E0%B8%B3%E0%B8%AB%E0%B8%A3%E0%B8%B1%E0%B8%9A-%E0%B8%82%E0%B8%B2%E0%B8%A2?type=used&page_number=98&page_size=26","2021 Toyota HILUX REVO 2.4 Double Cab Prerunner Rocco Pick...","TOYOTA HILUX REVO 2.4 PRERUNNER DOUBLE ROCCO AT 2021 ออกรถ 0 บาท รหัส 6B769 Line: ID ...","Toyota HILUX REVO","120 - 125K กม.","กรุงเทพมหานคร","","","เกียร์อัตโนมัติ"
"1786480015-861","https://www.one2car.com/%E0%B8%A3%E0%B8%96-%E0%B8%AA%E0%B8%B3%E0%B8%AB%E0%B8%A3%E0%B8%B1%E0%B8%9A-%E0%B8%82%E0%B8%B2%E0%B8%A2?type=used&page_number=51&page_size=26","https://www.one2car.com/%E0%B8%A3%E0%B8%96-%E0%B8%AA%E0%B8%B3%E0%B8%AB%E0%B8%A3%E0%B8%B1%E0%B8%9A-%E0%B8%82%E0%B8%B2%E0%B8%A2?type=used&page_number=98&page_size=26","2012 Honda City 1.5 (ปี 08-14) V Sedan","Honda City V 1.5 AT ปี 2012 ราคาเพียง 189,000 บาท เท่านั้น (ป้ายทะเบียนไม่ได้ให้นะค่ะ) ...","Honda City","150 - 155K กม.","กรุงเทพมหานคร","","","เกียร์อัตโนมัติ"
"1786480015-862","https://www.one2car.com/%E0%B8%A3%E0%B8%96-%E0%B8%AA%E0%B8%B3%E0%B8%AB%E0%B8%A3%E0%B8%B1%E0%B8%9A-%E0%B8%82%E0%B8%B2%E0%B8%A2?type=used&page_number=51&page_size=26","https://www.one2car.com/%E0%B8%A3%E0%B8%96-%E0%B8%AA%E0%B8%B3%E0%B8%AB%E0%B8%A3%E0%B8%B1%E0%B8%9A-%E0%B8%82%E0%B8%B2%E0%B8%A2?type=used&page_number=98&page_size=26","2020 Toyota Yaris Ativ 1.2 (ปี 17-22) S Sedan","TOYOTA YARIS ATIV 1.2 S AT 2020 ออกรถ 0 บาท จัดได้ 289,000 บ. Line:@bbcar04 ...","Toyota Yaris Ativ","80 - 85K กม.","กรุงเทพมหานคร","","","เกียร์อัตโนมัติ"
"1786480015-863","https://www.one2car.com/%E0%B8%A3%E0%B8%96-%E0%B8%AA%E0%B8%B3%E0%B8%AB%E0%B8%A3%E0%B8%B1%E0%B8%9A-%E0%B8%82%E0%B8%B2%E0%B8%A2?type=used&page_number=51&page_size=26","https://www.one2car.com/%E0%B8%A3%E0%B8%96-%E0%B8%AA%E0%B8%B3%E0%B8%AB%E0%B8%A3%E0%B8%B1%E0%B8%9A-%E0%B8%82%E0%B8%B2%E0%B8%A2?type=used&page_number=98&page_size=26","2018 Nissan URVAN 2.5 (ปี 13-25) NV350 CNG Van","🚩รุ่น2.5 เบนซิน+CNG📌รถสวยคัดพิเศษ มีใบเซอร์คุณภาพเกรด5A+(เชิญปรึกษาฟรี เช็คเครดิตฟรี ...","Nissan URVAN","110 - 115K กม.","กรุงเทพมหานคร","","","เกียร์ธรรมดา"
"1786480015-864","https://www.one2car.com/%E0%B8%A3%E0%B8%96-%E0%B8%AA%E0%B8%B3%E0%B8%AB%E0%B8%A3%E0%B8%B1%E0%B8%9A-%E0%B8%82%E0%B8%B2%E0%B8%A2?type=used&page_number=51&page_size=26","https://www.one2car.com/%E0%B8%A3%E0%B8%96-%E0%B8%AA%E0%B8%B3%E0%B8%AB%E0%B8%A3%E0%B8%B1%E0%B8%9A-%E0%B8%82%E0%B8%B2%E0%B8%A2?type=used&page_number=98&page_size=26","2018 Isuzu D-MAX 1.9 Cab-4 (ปี 11-17) S Pickup","ทะเบียน 9159 ปี18 Isuzu D-MAX 1.9 Cab-4 S Mt. อีซูซุ ดีแม็กซ์ 4ประตู เครื่องยนต์ 1.9 ...","Isuzu D-MAX","125 - 130K กม.","กรุงเทพมหานคร","389,000 บาท","มือสอง","เกียร์ธรรมดา"
"1786480015-865","https://www.one2car.com/%E0%B8%A3%E0%B8%96-%E0%B8%AA%E0%B8%B3%E0%B8%AB%E0%B8%A3%E0%B8%B1%E0%B8%9A-%E0%B8%82%E0%B8%B2%E0%B8%A2?type=used&page_number=51&page_size=26","https://www.one2car.com/%E0%B8%A3%E0%B8%96-%E0%B8%AA%E0%B8%B3%E0%B8%AB%E0%B8%A3%E0%B8%B1%E0%B8%9A-%E0%B8%82%E0%B8%B2%E0%B8%A2?type=used&page_number=98&page_size=26","2019 Toyota VELLFIRE 2.5 (ปี 15-23) Van","AIRBAG ABS เบาะหนังแท้ปรับไฟฟ้า+เมมโมรี่3จุด เบาะหลังหัวหมอนมิกกี้เม้า ก.ไฟฟ้า ซ.ล็อก ...","Toyota VELLFIRE","0 - 5K กม.","กรุงเทพมหานคร","1,389,000 บาท","มือสอง","เกียร์อัตโนมัติ"
"1786480015-866","https://www.one2car.com/%E0%B8%A3%E0%B8%96-%E0%B8%AA%E0%B8%B3%E0%B8%AB%E0%B8%A3%E0%B8%B1%E0%B8%9A-%E0%B8%82%E0%B8%B2%E0%B8%A2?type=used&page_number=51&page_size=26","https://www.one2car.com/%E0%B8%A3%E0%B8%96-%E0%B8%AA%E0%B8%B3%E0%B8%AB%E0%B8%A3%E0%B8%B1%E0%B8%9A-%E0%B8%82%E0%B8%B2%E0%B8%A2?type=used&page_number=98&page_size=26","2020 Honda ACCORD 2.0 (ปี 19-23) Hybrid Sedan","Honda Accord 2.0 Hybrid ปี 2020 • ราคาเพียง 799,000 บาท 👉 รถสภาพสวย พร้อมใช้งาน 👉 ...","Honda ACCORD","120 - 125K กม.","กรุงเทพมหานคร","799,000 บาท","มือสอง","เกียร์อัตโนมัติ"
"1786480015-867","https://www.one2car.com/%E0%B8%A3%E0%B8%96-%E0%B8%AA%E0%B8%B3%E0%B8%AB%E0%B8%A3%E0%B8%B1%E0%B8%9A-%E0%B8%82%E0%B8%B2%E0%B8%A2?type=used&page_number=51&page_size=26","https://www.one2car.com/%E0%B8%A3%E0%B8%96-%E0%B8%AA%E0%B8%B3%E0%B8%AB%E0%B8%A3%E0%B8%B1%E0%B8%9A-%E0%B8%82%E0%B8%B2%E0%B8%A2?type=used&page_number=98&page_size=26","2024 BMW X5 3.0 G05 (ปี 19-25) xDrive30d M Sport SUV - AWD...","X5 ดีเซลล้วน LCI โฉมปัจจุบัน ของหายากราคาดี 3.39 ล้าน พร้อมให้คุณเป็นเจ้าของได้แล้วที่ ...","BMW X5","65 - 70K กม.","กรุงเทพมหานคร","3,390,000 บาท","มือสอง","เกียร์อัตโนมัติ"
"1786480015-868","https://www.one2car.com/%E0%B8%A3%E0%B8%96-%E0%B8%AA%E0%B8%B3%E0%B8%AB%E0%B8%A3%E0%B8%B1%E0%B8%9A-%E0%B8%82%E0%B8%B2%E0%B8%A2?type=used&page_number=51&page_size=26","https://www.one2car.com/%E0%B8%A3%E0%B8%96-%E0%B8%AA%E0%B8%B3%E0%B8%AB%E0%B8%A3%E0%B8%B1%E0%B8%9A-%E0%B8%82%E0%B8%B2%E0%B8%A2?type=used&page_number=98&page_size=26","2017 Mercedes-Benz E200 2.0 W207 (ปี 10-16) AMG Dynamic Co...","✅ สปอร์ตหรู 2ประตู เปิดประทุนไฟฟ้าหลังคาผ้า 4 ที่นั่ง มาพร้อมชุดแต่ง Amg หล่อๆรอบคัน โช๊ค ...","","110 - 115K กม.","ปทุมธานี","1,190,000 บาท","มือสอง","เกียร์อัตโนมัติ"
"1786480015-869","https://www.one2car.com/%E0%B8%A3%E0%B8%96-%E0%B8%AA%E0%B8%B3%E0%B8%AB%E0%B8%A3%E0%B8%B1%E0%B8%9A-%E0%B8%82%E0%B8%B2%E0%B8%A2?type=used&page_number=51&page_size=26","https://www.one2car.com/%E0%B8%A3%E0%B8%96-%E0%B8%AA%E0%B8%B3%E0%B8%AB%E0%B8%A3%E0%B8%B1%E0%B8%9A-%E0%B8%82%E0%B8%B2%E0%B8%A2?type=used&page_number=98&page_size=26","2016 Honda City 1.5 (ปี 14-18) V Sedan","HONDA CITY 1.5 V AT 2016 ออกรถ 0 บาท รหัสรถ 3B825 Line: ID @bbcar03 ...","Honda City","235 - 240K กม.","กรุงเทพมหานคร","","","เกียร์อัตโนมัติ"
"1786480015-870","https://www.one2car.com/%E0%B8%A3%E0%B8%96-%E0%B8%AA%E0%B8%B3%E0%B8%AB%E0%B8%A3%E0%B8%B1%E0%B8%9A-%E0%B8%82%E0%B8%B2%E0%B8%A2?type=used&page_number=51&page_size=26","https://www.one2car.com/%E0%B8%A3%E0%B8%96-%E0%B8%AA%E0%B8%B3%E0%B8%AB%E0%B8%A3%E0%B8%B1%E0%B8%9A-%E0%B8%82%E0%B8%B2%E0%B8%A2?type=used&page_number=98&page_size=26","2018 Mazda BT-50 PRO 2.2 Double Cab Hi-Racer Pickup","MAZDA BT-50 PRO 2.2 HI-RACER DOUBLE CAB MT 2018 ออกรถ 0 บาท รหัสรถ 3B813 Line: @bbcar03 ...","Mazda BT-50 PRO","170 - 175K กม.","กรุงเทพมหานคร","","","เกียร์ธรรมดา"
"1786480015-871","https://www.one2car.com/%E0%B8%A3%E0%B8%96-%E0%B8%AA%E0%B8%B3%E0%B8%AB%E0%B8%A3%E0%B8%B1%E0%B8%9A-%E0%B8%82%E0%B8%B2%E0%B8%A2?type=used&page_number=51&page_size=26","https://www.one2car.com/%E0%B8%A3%E0%B8%96-%E0%B8%AA%E0%B8%B3%E0%B8%AB%E0%B8%A3%E0%B8%B1%E0%B8%9A-%E0%B8%82%E0%B8%B2%E0%B8%A2?type=used&page_number=98&page_size=26","2015 Mazda 3 2.0 (ปี 14-18) S Sedan","2015 Mazda 3 2.0E Sedan 💥 𝕡𝕣𝕠𝕞𝕠𝕥𝕚𝕠𝕟 💥 🔥 ลดเหลือเพียง 300,000 บาท เท่านั้น ‼ 🔥 ❌ จากราคา ...","Mazda 3","155 - 160K กม.","กรุงเทพมหานคร","","","เกียร์อัตโนมัติ"
"1786480020-872","https://www.one2car.com/%E0%B8%A3%E0%B8%96-%E0%B8%AA%E0%B8%B3%E0%B8%AB%E0%B8%A3%E0%B8%B1%E0%B8%9A-%E0%B8%82%E0%B8%B2%E0%B8%A2?type=used&page_number=51&page_size=26","https://www.one2car.com/%E0%B8%A3%E0%B8%96-%E0%B8%AA%E0%B8%B3%E0%B8%AB%E0%B8%A3%E0%B8%B1%E0%B8%9A-%E0%B8%82%E0%B8%B2%E0%B8%A2?type=used&page_number=99&page_size=26","2014 Mazda 3 1.6 (ปี 11-14) Spirit Sedan","MAZDA 3 SPIRIT 1.6 AT ปี 2013จด2014 ราคาเพียง 199,000 บาท เท่านั้น รถสวย สภาพดี ...","Mazda 3","110 - 115K กม.","กรุงเทพมหานคร","","","เกียร์อัตโนมัติ"
"1786480020-873","https://www.one2car.com/%E0%B8%A3%E0%B8%96-%E0%B8%AA%E0%B8%B3%E0%B8%AB%E0%B8%A3%E0%B8%B1%E0%B8%9A-%E0%B8%82%E0%B8%B2%E0%B8%A2?type=used&page_number=51&page_size=26","https://www.one2car.com/%E0%B8%A3%E0%B8%96-%E0%B8%AA%E0%B8%B3%E0%B8%AB%E0%B8%A3%E0%B8%B1%E0%B8%9A-%E0%B8%82%E0%B8%B2%E0%B8%A2?type=used&page_number=99&page_size=26","2016 BMW X5 2.0 F15 (ปี 13-17) sDrive25d SUV","🚘 คันนี้เป็นรุ่นพิเศษฉลองครบรอบ 100 ปี รถปี 2016 แท้ 🔥ออฟชั่นพิเศษ ...","BMW X5","0 - 5K กม.","กรุงเทพมหานคร","","","เกียร์อัตโนมัติ"
"1786480020-874","https://www.one2car.com/%E0%B8%A3%E0%B8%96-%E0%B8%AA%E0%B8%B3%E0%B8%AB%E0%B8%A3%E0%B8%B1%E0%B8%9A-%E0%B8%82%E0%B8%B2%E0%B8%A2?type=used&page_number=51&page_size=26","https://www.one2car.com/%E0%B8%A3%E0%B8%96-%E0%B8%AA%E0%B8%B3%E0%B8%AB%E0%B8%A3%E0%B8%B1%E0%B8%9A-%E0%B8%82%E0%B8%B2%E0%B8%A2?type=used&page_number=99&page_size=26","2015 Toyota VELLFIRE 2.5 (ปี 15-23) V Van","Toyota Vellfire V 2.5 ปี 2015 เบนซินเบาะหนังสีเบจ ออฟชั่นเต็ม ราคาเบาๆ สภาพสวย ไม่เคยชน ...","Toyota VELLFIRE","130 - 135K กม.","กรุงเทพมหานคร","1,270,000 บาท","มือสอง","เกียร์อัตโนมัติ"
"1786480020-875","https://www.one2car.com/%E0%B8%A3%E0%B8%96-%E0%B8%AA%E0%B8%B3%E0%B8%AB%E0%B8%A3%E0%B8%B1%E0%B8%9A-%E0%B8%82%E0%B8%B2%E0%B8%A2?type=used&page_number=51&page_size=26","https://www.one2car.com/%E0%B8%A3%E0%B8%96-%E0%B8%AA%E0%B8%B3%E0%B8%AB%E0%B8%A3%E0%B8%B1%E0%B8%9A-%E0%B8%82%E0%B8%B2%E0%B8%A2?type=used&page_number=99&page_size=26","2023 Toyota FORTUNER 2.8 (ปี 15-25) GR Sport SUV - 4WD","2023 Fortuner 4x4 GR Sport เร้าใจสุดๆ มาใหม่ ไมล์ 83XXX ราคาเพียง 1,390,000 บาท OPTION ...","Toyota FORTUNER","80 - 85K กม.","กรุงเทพมหานคร","1,390,000 บาท","มือสอง","เกียร์อัตโนมัติ"
"1786480020-876","https://www.one2car.com/%E0%B8%A3%E0%B8%96-%E0%B8%AA%E0%B8%B3%E0%B8%AB%E0%B8%A3%E0%B8%B1%E0%B8%9A-%E0%B8%82%E0%B8%B2%E0%B8%A2?type=used&page_number=51&page_size=26","https://www.one2car.com/%E0%B8%A3%E0%B8%96-%E0%B8%AA%E0%B8%B3%E0%B8%AB%E0%B8%A3%E0%B8%B1%E0%B8%9A-%E0%B8%82%E0%B8%B2%E0%B8%A2?type=used&page_number=99&page_size=26","2015 Toyota VELLFIRE 2.5 (ปี 15-23) V Van","ฟรีดาวน์ สภาพสวยมาก Toyota Vellfire V โฉม 30 ปี 2015 เบนซิน เครื่อง 2.5 ลิตร ของเดิมๆ ...","Toyota VELLFIRE","210 - 215K กม.","กรุงเทพมหานคร","1,130,000 บาท","มือสอง","เกียร์อัตโนมัติ"
"1786480020-877","https://www.one2car.com/%E0%B8%A3%E0%B8%96-%E0%B8%AA%E0%B8%B3%E0%B8%AB%E0%B8%A3%E0%B8%B1%E0%B8%9A-%E0%B8%82%E0%B8%B2%E0%B8%A2?type=used&page_number=51&page_size=26","https://www.one2car.com/%E0%B8%A3%E0%B8%96-%E0%B8%AA%E0%B8%B3%E0%B8%AB%E0%B8%A3%E0%B8%B1%E0%B8%9A-%E0%B8%82%E0%B8%B2%E0%B8%A2?type=used&page_number=99&page_size=26","2023 Ford EVEREST 2.0 (ปี 22-28) Titanium+ SUV - Titanium ...","Ford Everest ดีเซล ปี 2023 นิยามใหม่ของความแกร่ง เหนือระดับทุกเส้นทาง ราคา 945,000 บาท ...","Ford EVEREST","45 - 50K กม.","กรุงเทพมหานคร","945,000 บาท","มือสอง","เกียร์อัตโนมัติ"
"1786480020-878","https://www.one2car.com/%E0%B8%A3%E0%B8%96-%E0%B8%AA%E0%B8%B3%E0%B8%AB%E0%B8%A3%E0%B8%B1%E0%B8%9A-%E0%B8%82%E0%B8%B2%E0%B8%A2?type=used&page_number=51&page_size=26","https://www.one2car.com/%E0%B8%A3%E0%B8%96-%E0%B8%AA%E0%B8%B3%E0%B8%AB%E0%B8%A3%E0%B8%B1%E0%B8%9A-%E0%B8%82%E0%B8%B2%E0%B8%A2?type=used&page_number=99&page_size=26","2019 Toyota ALPHARD 2.5 (ปี 15-23) Hybrid SR C-Package E-F...","TOYOTA ALPHARD SR-C ปี 2019 ตัวท็อป สภาพพร้อมใช้ หรู นั่งสบาย ...","Toyota ALPHARD","240 - 245K กม.","กรุงเทพมหานคร","1,470,000 บาท","มือสอง","เกียร์อัตโนมัติ"
"1786480020-879","https://www.one2car.com/%E0%B8%A3%E0%B8%96-%E0%B8%AA%E0%B8%B3%E0%B8%AB%E0%B8%A3%E0%B8%B1%E0%B8%9A-%E0%B8%82%E0%B8%B2%E0%B8%A2?type=used&page_number=51&page_size=26","https://www.one2car.com/%E0%B8%A3%E0%B8%96-%E0%B8%AA%E0%B8%B3%E0%B8%AB%E0%B8%A3%E0%B8%B1%E0%B8%9A-%E0%B8%82%E0%B8%B2%E0%B8%A2?type=used&page_number=99&page_size=26","2017 Mercedes-Benz SLC300 2.0 R172 (ปี 16-20) AMG Dynamic ...","The Stylish Roadster: Mercedes-Benz SLC300 AMG Dynamic 2017 🖤✨ “โรดสเตอร์สายหล่อ ขับสนุก ...","","70 - 75K กม.","กรุงเทพมหานคร","","","เกียร์อัตโนมัติ"
"1786480020-880","https://www.one2car.com/%E0%B8%A3%E0%B8%96-%E0%B8%AA%E0%B8%B3%E0%B8%AB%E0%B8%A3%E0%B8%B1%E0%B8%9A-%E0%B8%82%E0%B8%B2%E0%B8%A2?type=used&page_number=51&page_size=26","https://www.one2car.com/%E0%B8%A3%E0%B8%96-%E0%B8%AA%E0%B8%B3%E0%B8%AB%E0%B8%A3%E0%B8%B1%E0%B8%9A-%E0%B8%82%E0%B8%B2%E0%B8%A2?type=used&page_number=99&page_size=26","2018 Toyota ALPHARD 2.5 (ปี 15-23) S C-Package Van","Toyota Alphard 2.5 SC Package ปี 2018 แท้ รถมือเดียว วิ่ง 12x,xxx km ไม่เคยมีอุบัติเหตุ ...","Toyota ALPHARD","120 - 125K กม.","กรุงเทพมหานคร","1,490,000 บาท","มือสอง","เกียร์อัตโนมัติ"
"1786480020-881","https://www.one2car.com/%E0%B8%A3%E0%B8%96-%E0%B8%AA%E0%B8%B3%E0%B8%AB%E0%B8%A3%E0%B8%B1%E0%B8%9A-%E0%B8%82%E0%B8%B2%E0%B8%A2?type=used&page_number=51&page_size=26","https://www.one2car.com/%E0%B8%A3%E0%B8%96-%E0%B8%AA%E0%B8%B3%E0%B8%AB%E0%B8%A3%E0%B8%B1%E0%B8%9A-%E0%B8%82%E0%B8%B2%E0%B8%A2?type=used&page_number=99&page_size=26","2015 Toyota HIACE 3.0 Commuter (ปี 05-19) D4D Van","ตามหากันอยู่ใช่ไหมครับ? สเปกออโต้โฉมหน้าสั้นยอดนิยม! พบกับ Toyota Commuter 3.0 GL ...","Toyota HIACE","295 - 300K กม.","สุราษฎร์ธานี","559,000 บาท","มือสอง","เกียร์ธรรมดา"
"1786480020-882","https://www.one2car.com/%E0%B8%A3%E0%B8%96-%E0%B8%AA%E0%B8%B3%E0%B8%AB%E0%B8%A3%E0%B8%B1%E0%B8%9A-%E0%B8%82%E0%B8%B2%E0%B8%A2?type=used&page_number=51&page_size=26","https://www.one2car.com/%E0%B8%A3%E0%B8%96-%E0%B8%AA%E0%B8%B3%E0%B8%AB%E0%B8%A3%E0%B8%B1%E0%B8%9A-%E0%B8%82%E0%B8%B2%E0%B8%A2?type=used&page_number=99&page_size=26","2019 Toyota FORTUNER 2.4 (ปี 15-25) V SUV","TOYOTA FORTUNER 2.4 V AT 2019 ออกรถ 0 บาท รหัสรถ 2B595 Line ID : @bbcar02 ...","Toyota FORTUNER","125 - 130K กม.","กรุงเทพมหานคร","","","เกียร์อัตโนมัติ"
"1786480020-883","https://www.one2car.com/%E0%B8%A3%E0%B8%96-%E0%B8%AA%E0%B8%B3%E0%B8%AB%E0%B8%A3%E0%B8%B1%E0%B8%9A-%E0%B8%82%E0%B8%B2%E0%B8%A2?type=used&page_number=51&page_size=26","https://www.one2car.com/%E0%B8%A3%E0%B8%96-%E0%B8%AA%E0%B8%B3%E0%B8%AB%E0%B8%A3%E0%B8%B1%E0%B8%9A-%E0%B8%82%E0%B8%B2%E0%B8%A2?type=used&page_number=99&page_size=26","2026 Porsche CAYENNE 3.0 (ปี 18-25) E-Hybrid SUV - AWD","✨ 0% 12เดือน หรือ ขับฟรี 60วัน ✨ ดอกเบี้ยพิเศษเริ่มต้นที่ 2.49% ✅ ไม่เคยมีเครดิต ✅ ติดค้ำ ...","Porsche CAYENNE","10 - 15K กม.","กรุงเทพมหานคร","","","เกียร์อัตโนมัติ"
"1786480020-884","https://www.one2car.com/%E0%B8%A3%E0%B8%96-%E0%B8%AA%E0%B8%B3%E0%B8%AB%E0%B8%A3%E0%B8%B1%E0%B8%9A-%E0%B8%82%E0%B8%B2%E0%B8%A2?type=used&page_number=51&page_size=26","https://www.one2car.com/%E0%B8%A3%E0%B8%96-%E0%B8%AA%E0%B8%B3%E0%B8%AB%E0%B8%A3%E0%B8%B1%E0%B8%9A-%E0%B8%82%E0%B8%B2%E0%B8%A2?type=used&page_number=99&page_size=26","2019 Toyota Corolla Altis 1.6 (ปี 14-18) G Sedan","สวยสะกดทุกสายตา! พบกับ Toyota Corolla Altis 1.6 G ปี 2019 มาพร้อม สีเทาอมฟ้า Celestite ...","Toyota Corolla Altis","140 - 145K กม.","สุราษฎร์ธานี","429,000 บาท","มือสอง","เกียร์อัตโนมัติ"
"1786480020-885","https://www.one2car.com/%E0%B8%A3%E0%B8%96-%E0%B8%AA%E0%B8%B3%E0%B8%AB%E0%B8%A3%E0%B8%B1%E0%B8%9A-%E0%B8%82%E0%B8%B2%E0%B8%A2?type=used&page_number=51&page_size=26","https://www.one2car.com/%E0%B8%A3%E0%B8%96-%E0%B8%AA%E0%B8%B3%E0%B8%AB%E0%B8%A3%E0%B8%B1%E0%B8%9A-%E0%B8%82%E0%B8%B2%E0%B8%A2?type=used&page_number=99&page_size=26","2020 Honda CIVIC 1.8 FC (ปี 16-20) EL Sedan","Honda Civic FC 1.8 EL MNC 2020 สีขาว - ซีดานรุ่นนิยม ขับสนุก ใช้งานง่าย ราคา 469,000.- ✨ ...","Honda CIVIC","200 - 205K กม.","กรุงเทพมหานคร","469,000 บาท","มือสอง","เกียร์อัตโนมัติ"
"1786480020-886","https://www.one2car.com/%E0%B8%A3%E0%B8%96-%E0%B8%AA%E0%B8%B3%E0%B8%AB%E0%B8%A3%E0%B8%B1%E0%B8%9A-%E0%B8%82%E0%B8%B2%E0%B8%A2?type=used&page_number=51&page_size=26","https://www.one2car.com/%E0%B8%A3%E0%B8%96-%E0%B8%AA%E0%B8%B3%E0%B8%AB%E0%B8%A3%E0%B8%B1%E0%B8%9A-%E0%B8%82%E0%B8%B2%E0%B8%A2?type=used&page_number=99&page_size=26","2017 Honda CR-V 2.0 (ปี 12-16) E SUV - AWD","✨ 0% 12เดือน หรือ ขับฟรี 60วัน ✨ ดอกเบี้ยพิเศษเริ่มต้นที่ 2.49% ✅ ไม่เคยมีเครดิต ✅ ติดค้ำ ...","Honda CR-V","175 - 180K กม.","กรุงเทพมหานคร","","","เกียร์อัตโนมัติ"
"1786480026-887","https://www.one2car.com/%E0%B8%A3%E0%B8%96-%E0%B8%AA%E0%B8%B3%E0%B8%AB%E0%B8%A3%E0%B8%B1%E0%B8%9A-%E0%B8%82%E0%B8%B2%E0%B8%A2?type=used&page_number=51&page_size=26","https://www.one2car.com/%E0%B8%A3%E0%B8%96-%E0%B8%AA%E0%B8%B3%E0%B8%AB%E0%B8%A3%E0%B8%B1%E0%B8%9A-%E0%B8%82%E0%B8%B2%E0%B8%A2?type=used&page_number=100&page_size=26","2021 Mazda CX-8 2.2 (ปี 19-26) XDL SUV","🚘โปรโมชั่นพิเศษขับฟรี 3 เดือน 🚘ดอกเบี้ย 2.49% 🚘ราคาถูกที่สุดในเว็บ สวยเหมือนรถป้ายแดง ...","","95 - 100K กม.","กรุงเทพมหานคร","","","เกียร์อัตโนมัติ"
"1786480026-888","https://www.one2car.com/%E0%B8%A3%E0%B8%96-%E0%B8%AA%E0%B8%B3%E0%B8%AB%E0%B8%A3%E0%B8%B1%E0%B8%9A-%E0%B8%82%E0%B8%B2%E0%B8%A2?type=used&page_number=51&page_size=26","https://www.one2car.com/%E0%B8%A3%E0%B8%96-%E0%B8%AA%E0%B8%B3%E0%B8%AB%E0%B8%A3%E0%B8%B1%E0%B8%9A-%E0%B8%82%E0%B8%B2%E0%B8%A2?type=used&page_number=100&page_size=26","2021 Honda JAZZ 1.5 (ปี 14-22) V Hatchback","HONDA JAZZ 1.5 V AT 2021 ออกรถ 0 บาท รหัส 6B531 Line: ID @bbcar06 ...","Honda JAZZ","90 - 95K กม.","กรุงเทพมหานคร","","","เกียร์อัตโนมัติ"
"1786480026-889","https://www.one2car.com/%E0%B8%A3%E0%B8%96-%E0%B8%AA%E0%B8%B3%E0%B8%AB%E0%B8%A3%E0%B8%B1%E0%B8%9A-%E0%B8%82%E0%B8%B2%E0%B8%A2?type=used&page_number=51&page_size=26","https://www.one2car.com/%E0%B8%A3%E0%B8%96-%E0%B8%AA%E0%B8%B3%E0%B8%AB%E0%B8%A3%E0%B8%B1%E0%B8%9A-%E0%B8%82%E0%B8%B2%E0%B8%A2?type=used&page_number=100&page_size=26","2021 Toyota FORTUNER 2.8 (ปี 15-25) Legender SUV","💯 น้องใหม่มารายงานตัว ครับบบ🔥🥰 ⭐แค่บัตรประชาชนบัตรเดียวจบรับรถได้เลย ...","Toyota FORTUNER","49620 กม.","กรุงเทพมหานคร","1,179,000 บาท","มือสอง","เกียร์อัตโนมัติ"
"1786480026-890","https://www.one2car.com/%E0%B8%A3%E0%B8%96-%E0%B8%AA%E0%B8%B3%E0%B8%AB%E0%B8%A3%E0%B8%B1%E0%B8%9A-%E0%B8%82%E0%B8%B2%E0%B8%A2?type=used&page_number=51&page_size=26","https://www.one2car.com/%E0%B8%A3%E0%B8%96-%E0%B8%AA%E0%B8%B3%E0%B8%AB%E0%B8%A3%E0%B8%B1%E0%B8%9A-%E0%B8%82%E0%B8%B2%E0%B8%A2?type=used&page_number=100&page_size=26","2023 Ford EVEREST 2.0 (ปี 22-28) Trend SUV","💯 น้องใหม่มารายงานตัว ครับบบ🔥🥰 ⭐บัตรประชาชนบัตรเดียว จบรับรถได้เลย ⭐ เคดิตรดีฟรีดาวน์ ⭐ 🚘 ...","Ford EVEREST","50 - 55K กม.","กรุงเทพมหานคร","999,000 บาท","มือสอง","เกียร์อัตโนมัติ"
"1786480026-891","https://www.one2car.com/%E0%B8%A3%E0%B8%96-%E0%B8%AA%E0%B8%B3%E0%B8%AB%E0%B8%A3%E0%B8%B1%E0%B8%9A-%E0%B8%82%E0%B8%B2%E0%B8%A2?type=used&page_number=51&page_size=26","https://www.one2car.com/%E0%B8%A3%E0%B8%96-%E0%B8%AA%E0%B8%B3%E0%B8%AB%E0%B8%A3%E0%B8%B1%E0%B8%9A-%E0%B8%82%E0%B8%B2%E0%B8%A2?type=used&page_number=100&page_size=26","2018 Toyota HILUX REVO 2.8 Double Cab G Prerunner Rocco Pi...","💯 น้องใหม่มารายงานตัว ครับบบ🔥🥰 ⭐บัตรประชาชนบัตรเดียว จบรับรถได้เลย ⭐ เคดิตรดีฟรีดาวน์ ⭐ 🚘 ...","Toyota HILUX REVO","80 - 85K กม.","กรุงเทพมหานคร","699,000 บาท","มือสอง","เกียร์อัตโนมัติ"
"1786480026-892","https://www.one2car.com/%E0%B8%A3%E0%B8%96-%E0%B8%AA%E0%B8%B3%E0%B8%AB%E0%B8%A3%E0%B8%B1%E0%B8%9A-%E0%B8%82%E0%B8%B2%E0%B8%A2?type=used&page_number=51&page_size=26","https://www.one2car.com/%E0%B8%A3%E0%B8%96-%E0%B8%AA%E0%B8%B3%E0%B8%AB%E0%B8%A3%E0%B8%B1%E0%B8%9A-%E0%B8%82%E0%B8%B2%E0%B8%A2?type=used&page_number=100&page_size=26","2021 Toyota FORTUNER 2.4 (ปี 15-25) V SUV","💯 น้องใหม่มารายงานตัว ครับบบ🔥🥰 ⭐แค่บัตรประชาชนบัตรเดียวจบรับรถได้เลย ...","Toyota FORTUNER","85365 กม.","กรุงเทพมหานคร","1,029,000 บาท","มือสอง","เกียร์อัตโนมัติ"
"1786480026-893","https://www.one2car.com/%E0%B8%A3%E0%B8%96-%E0%B8%AA%E0%B8%B3%E0%B8%AB%E0%B8%A3%E0%B8%B1%E0%B8%9A-%E0%B8%82%E0%B8%B2%E0%B8%A2?type=used&page_number=51&page_size=26","https://www.one2car.com/%E0%B8%A3%E0%B8%96-%E0%B8%AA%E0%B8%B3%E0%B8%AB%E0%B8%A3%E0%B8%B1%E0%B8%9A-%E0%B8%82%E0%B8%B2%E0%B8%A2?type=used&page_number=100&page_size=26","2023 Isuzu MU-X 3.0 (ปี 20-26) Ultimate SUV - 4WD","💯 น้องใหม่มารายงานตัว ครับบบ🔥🥰 ⭐บัตรประชาชนบัตรเดียว จบรับรถได้เลย ⭐ เคดิตรดีฟรีดาวน์ ⭐ 🚘 ...","Isuzu MU-X","50 - 55K กม.","กรุงเทพมหานคร","1,049,000 บาท","มือสอง","เกียร์อัตโนมัติ"
"1786480026-894","https://www.one2car.com/%E0%B8%A3%E0%B8%96-%E0%B8%AA%E0%B8%B3%E0%B8%AB%E0%B8%A3%E0%B8%B1%E0%B8%9A-%E0%B8%82%E0%B8%B2%E0%B8%A2?type=used&page_number=51&page_size=26","https://www.one2car.com/%E0%B8%A3%E0%B8%96-%E0%B8%AA%E0%B8%B3%E0%B8%AB%E0%B8%A3%E0%B8%B1%E0%B8%9A-%E0%B8%82%E0%B8%B2%E0%B8%A2?type=used&page_number=100&page_size=26","2024 Isuzu MU-X 1.9 (ปี 20-26) Active SUV","💯 น้องใหม่มารายงานตัว ครับบบ🔥🥰 ⭐บัตรประชาชนบัตรเดียว จบรับรถได้เลย ⭐ เคดิตรดีฟรีดาวน์ ⭐ 🚘 ...","Isuzu MU-X","28562 กม.","กรุงเทพมหานคร","929,000 บาท","มือสอง","เกียร์อัตโนมัติ"
"1786480026-895","https://www.one2car.com/%E0%B8%A3%E0%B8%96-%E0%B8%AA%E0%B8%B3%E0%B8%AB%E0%B8%A3%E0%B8%B1%E0%B8%9A-%E0%B8%82%E0%B8%B2%E0%B8%A2?type=used&page_number=51&page_size=26","https://www.one2car.com/%E0%B8%A3%E0%B8%96-%E0%B8%AA%E0%B8%B3%E0%B8%AB%E0%B8%A3%E0%B8%B1%E0%B8%9A-%E0%B8%82%E0%B8%B2%E0%B8%A2?type=used&page_number=100&page_size=26","2023 Honda City 1.0 (ปี 20-26) SV Hatchback","💯 น้องใหม่มารายงานตัว ครับบบ🔥🥰 ⭐ เคดิตรดีฟรีดาวน์ ⭐ 🚘 Honda City 1.0 SV Hatchback ปี2023 ...","Honda City","90946 กม.","กรุงเทพมหานคร","479,000 บาท","มือสอง","เกียร์อัตโนมัติ"
"1786480026-896","https://www.one2car.com/%E0%B8%A3%E0%B8%96-%E0%B8%AA%E0%B8%B3%E0%B8%AB%E0%B8%A3%E0%B8%B1%E0%B8%9A-%E0%B8%82%E0%B8%B2%E0%B8%A2?type=used&page_number=51&page_size=26","https://www.one2car.com/%E0%B8%A3%E0%B8%96-%E0%B8%AA%E0%B8%B3%E0%B8%AB%E0%B8%A3%E0%B8%B1%E0%B8%9A-%E0%B8%82%E0%B8%B2%E0%B8%A2?type=used&page_number=100&page_size=26","2025 Ford EVEREST 2.0 (ปี 22-28) Titanium+ SUV - Titanium ...","💯 น้องใหม่มารายงานตัว ครับบบ🔥🥰 ⭐บัตรประชาชนบัตรเดียว จบรับรถได้เลย ⭐ เคดิตรดีฟรีดาวน์ ⭐ 🚘 ...","Ford EVEREST","33725 กม.","กรุงเทพมหานคร","1,519,000 บาท","มือสอง","เกียร์อัตโนมัติ"
"1786480026-897","https://www.one2car.com/%E0%B8%A3%E0%B8%96-%E0%B8%AA%E0%B8%B3%E0%B8%AB%E0%B8%A3%E0%B8%B1%E0%B8%9A-%E0%B8%82%E0%B8%B2%E0%B8%A2?type=used&page_number=51&page_size=26","https://www.one2car.com/%E0%B8%A3%E0%B8%96-%E0%B8%AA%E0%B8%B3%E0%B8%AB%E0%B8%A3%E0%B8%B1%E0%B8%9A-%E0%B8%82%E0%B8%B2%E0%B8%A2?type=used&page_number=100&page_size=26","2016 Toyota FORTUNER 2.8 (ปี 15-25) TRD Sportivo SUV - 4WD...","💯 น้องใหม่มารายงานตัว ครับบบ🔥🥰 ⭐แค่บัตรประชาชนบัตรเดียวจบรับรถได้เลย ...","Toyota FORTUNER","112086 กม.","กรุงเทพมหานคร","819,000 บาท","มือสอง","เกียร์อัตโนมัติ"
"1786480026-898","https://www.one2car.com/%E0%B8%A3%E0%B8%96-%E0%B8%AA%E0%B8%B3%E0%B8%AB%E0%B8%A3%E0%B8%B1%E0%B8%9A-%E0%B8%82%E0%B8%B2%E0%B8%A2?type=used&page_number=51&page_size=26","https://www.one2car.com/%E0%B8%A3%E0%B8%96-%E0%B8%AA%E0%B8%B3%E0%B8%AB%E0%B8%A3%E0%B8%B1%E0%B8%9A-%E0%B8%82%E0%B8%B2%E0%B8%A2?type=used&page_number=100&page_size=26","2022 Honda City 1.0 (ปี 19-26) RS Sedan - ( 19-24)","💯 น้องใหม่มารายงานตัว ครับบบ🔥🥰 ⭐ เคดิตรดีฟรีดาวน์ ⭐ 🚘 Honda City 1.0 RS Sedan ปี2022 ...","Honda City","19900 กม.","กรุงเทพมหานคร","459,000 บาท","มือสอง","เกียร์อัตโนมัติ"
"1786480026-899","https://www.one2car.com/%E0%B8%A3%E0%B8%96-%E0%B8%AA%E0%B8%B3%E0%B8%AB%E0%B8%A3%E0%B8%B1%E0%B8%9A-%E0%B8%82%E0%B8%B2%E0%B8%A2?type=used&page_number=51&page_size=26","https://www.one2car.com/%E0%B8%A3%E0%B8%96-%E0%B8%AA%E0%B8%B3%E0%B8%AB%E0%B8%A3%E0%B8%B1%E0%B8%9A-%E0%B8%82%E0%B8%B2%E0%B8%A2?type=used&page_number=100&page_size=26","2016 Toyota FORTUNER 2.8 (ปี 15-25) V SUV","💯 น้องใหม่มารายงานตัว ครับบบ🔥🥰 ⭐บัตรประชาชนบัตรเดียว จบรับรถได้เลย ⭐ เคดิตรดีฟรีดาวน์ ⭐ 🚘 ...","Toyota FORTUNER","186365 กม.","กรุงเทพมหานคร","768,000 บาท","มือสอง","เกียร์อัตโนมัติ"
"1786480026-900","https://www.one2car.com/%E0%B8%A3%E0%B8%96-%E0%B8%AA%E0%B8%B3%E0%B8%AB%E0%B8%A3%E0%B8%B1%E0%B8%9A-%E0%B8%82%E0%B8%B2%E0%B8%A2?type=used&page_number=51&page_size=26","https://www.one2car.com/%E0%B8%A3%E0%B8%96-%E0%B8%AA%E0%B8%B3%E0%B8%AB%E0%B8%A3%E0%B8%B1%E0%B8%9A-%E0%B8%82%E0%B8%B2%E0%B8%A2?type=used&page_number=100&page_size=26","2021 Toyota FORTUNER 2.8 (ปี 15-25) Legender SUV - 4WD","💯 น้องใหม่มารายงานตัว ครับบบ🔥🥰 ⭐แค่บัตรประชาชนบัตรเดียวจบรับรถได้เลย ...","Toyota FORTUNER","64507 กม.","กรุงเทพมหานคร","1,219,000 บาท","มือสอง","เกียร์อัตโนมัติ"
"1786480026-901","https://www.one2car.com/%E0%B8%A3%E0%B8%96-%E0%B8%AA%E0%B8%B3%E0%B8%AB%E0%B8%A3%E0%B8%B1%E0%B8%9A-%E0%B8%82%E0%B8%B2%E0%B8%A2?type=used&page_number=51&page_size=26","https://www.one2car.com/%E0%B8%A3%E0%B8%96-%E0%B8%AA%E0%B8%B3%E0%B8%AB%E0%B8%A3%E0%B8%B1%E0%B8%9A-%E0%B8%82%E0%B8%B2%E0%B8%A2?type=used&page_number=100&page_size=26","2025 Isuzu MU-X 2.2 (ปี 20-26) RS SUV","💯 น้องใหม่มารายงานตัว ครับบบ🔥🥰 ⭐บัตรประชาชนบัตรเดียว จบรับรถได้เลย ⭐ เคดิตรดีฟรีดาวน์ ⭐ 🚘 ...","Isuzu MU-X","21964 กม.","กรุงเทพมหานคร","1,399,000 บาท","มือสอง","เกียร์อัตโนมัติ"
"1786480026-902","https://www.one2car.com/%E0%B8%A3%E0%B8%96-%E0%B8%AA%E0%B8%B3%E0%B8%AB%E0%B8%A3%E0%B8%B1%E0%B8%9A-%E0%B8%82%E0%B8%B2%E0%B8%A2?type=used&page_number=51&page_size=26","https://www.one2car.com/%E0%B8%A3%E0%B8%96-%E0%B8%AA%E0%B8%B3%E0%B8%AB%E0%B8%A3%E0%B8%B1%E0%B8%9A-%E0%B8%82%E0%B8%B2%E0%B8%A2?type=used&page_number=100&page_size=26","2019 Toyota Corolla Altis 1.8 (ปี 19-25) Hybrid Entry Seda...","💯 น้องใหม่มารายงานตัว ครับบบ🔥🥰 ⭐ เคดิตรดีฟรีดาวน์ ⭐ 🚘 Toyota Corolla Altis 1.8 Hybrid ...","Toyota Corolla Altis","138166 กม.","กรุงเทพมหานคร","489,000 บาท","มือสอง","เกียร์อัตโนมัติ"
"1786480026-903","https://www.one2car.com/%E0%B8%A3%E0%B8%96-%E0%B8%AA%E0%B8%B3%E0%B8%AB%E0%B8%A3%E0%B8%B1%E0%B8%9A-%E0%B8%82%E0%B8%B2%E0%B8%A2?type=used&page_number=51&page_size=26","https://www.one2car.com/%E0%B8%A3%E0%B8%96-%E0%B8%AA%E0%B8%B3%E0%B8%AB%E0%B8%A3%E0%B8%B1%E0%B8%9A-%E0%B8%82%E0%B8%B2%E0%B8%A2?type=used&page_number=100&page_size=26","2022 Toyota FORTUNER 2.8 (ปี 15-25) Legender SUV","💯 น้องใหม่มารายงานตัว ครับบบ🔥🥰 ⭐แค่บัตรประชาชนบัตรเดียวจบรับรถได้เลย ...","Toyota FORTUNER","72789 กม.","กรุงเทพมหานคร","1,219,000 บาท","มือสอง","เกียร์อัตโนมัติ"
"1786480026-904","https://www.one2car.com/%E0%B8%A3%E0%B8%96-%E0%B8%AA%E0%B8%B3%E0%B8%AB%E0%B8%A3%E0%B8%B1%E0%B8%9A-%E0%B8%82%E0%B8%B2%E0%B8%A2?type=used&page_number=51&page_size=26","https://www.one2car.com/%E0%B8%A3%E0%B8%96-%E0%B8%AA%E0%B8%B3%E0%B8%AB%E0%B8%A3%E0%B8%B1%E0%B8%9A-%E0%B8%82%E0%B8%B2%E0%B8%A2?type=used&page_number=100&page_size=26","2023 Honda City 1.0 (ปี 20-26) SV Hatchback - ( 20-25)","💯 น้องใหม่มารายงานตัว ครับบบ🔥🥰 ⭐ เคดิตรดีฟรีดาวน์ ⭐ 🚘 Honda City 1.0 SV Hatchback ปี2023 ...","Honda City","13476 กม.","กรุงเทพมหานคร","499,000 บาท","มือสอง","เกียร์อัตโนมัติ"
"1786480026-905","https://www.one2car.com/%E0%B8%A3%E0%B8%96-%E0%B8%AA%E0%B8%B3%E0%B8%AB%E0%B8%A3%E0%B8%B1%E0%B8%9A-%E0%B8%82%E0%B8%B2%E0%B8%A2?type=used&page_number=51&page_size=26","https://www.one2car.com/%E0%B8%A3%E0%B8%96-%E0%B8%AA%E0%B8%B3%E0%B8%AB%E0%B8%A3%E0%B8%B1%E0%B8%9A-%E0%B8%82%E0%B8%B2%E0%B8%A2?type=used&page_number=100&page_size=26","2022 Ford RANGER 2.0 Double Cab (ปี 22-28) WildTrak Hi-Rid...","💯 น้องใหม่มารายงานตัว ครับบบ🔥🥰 ⭐แค่บัตรประชาชนบัตรเดียวจบรับรถได้เลย ...","Ford RANGER","75 - 80K กม.","กรุงเทพมหานคร","899,000 บาท","มือสอง","เกียร์อัตโนมัติ"
"1786480026-906","https://www.one2car.com/%E0%B8%A3%E0%B8%96-%E0%B8%AA%E0%B8%B3%E0%B8%AB%E0%B8%A3%E0%B8%B1%E0%B8%9A-%E0%B8%82%E0%B8%B2%E0%B8%A2?type=used&page_number=51&page_size=26","https://www.one2car.com/%E0%B8%A3%E0%B8%96-%E0%B8%AA%E0%B8%B3%E0%B8%AB%E0%B8%A3%E0%B8%B1%E0%B8%9A-%E0%B8%82%E0%B8%B2%E0%B8%A2?type=used&page_number=100&page_size=26","2022 Toyota FORTUNER 2.8 (ปี 15-25) GR Sport SUV - 4WD","💯 น้องใหม่มารายงานตัว ครับบบ🔥🥰 ⭐แค่บัตรประชาชนบัตรเดียวจบรับรถได้เลย ...","Toyota FORTUNER","36396 กม.","กรุงเทพมหานคร","1,399,000 บาท","มือสอง","เกียร์อัตโนมัติ"
"1786480026-907","https://www.one2car.com/%E0%B8%A3%E0%B8%96-%E0%B8%AA%E0%B8%B3%E0%B8%AB%E0%B8%A3%E0%B8%B1%E0%B8%9A-%E0%B8%82%E0%B8%B2%E0%B8%A2?type=used&page_number=51&page_size=26","https://www.one2car.com/%E0%B8%A3%E0%B8%96-%E0%B8%AA%E0%B8%B3%E0%B8%AB%E0%B8%A3%E0%B8%B1%E0%B8%9A-%E0%B8%82%E0%B8%B2%E0%B8%A2?type=used&page_number=100&page_size=26","2021 Toyota FORTUNER 2.4 (ปี 15-25) Legender SUV","💯 น้องใหม่มารายงานตัว ครับบบ🔥🥰 ⭐แค่บัตรประชาชนบัตรเดียวจบรับรถได้เลย ...","Toyota FORTUNER","70442 กม.","กรุงเทพมหานคร","1,119,000 บาท","มือสอง","เกียร์อัตโนมัติ"
"1786480026-908","https://www.one2car.com/%E0%B8%A3%E0%B8%96-%E0%B8%AA%E0%B8%B3%E0%B8%AB%E0%B8%A3%E0%B8%B1%E0%B8%9A-%E0%B8%82%E0%B8%B2%E0%B8%A2?type=used&page_number=51&page_size=26","https://www.one2car.com/%E0%B8%A3%E0%B8%96-%E0%B8%AA%E0%B8%B3%E0%B8%AB%E0%B8%A3%E0%B8%B1%E0%B8%9A-%E0%B8%82%E0%B8%B2%E0%B8%A2?type=used&page_number=100&page_size=26","2022 Toyota FORTUNER 2.8 (ปี 15-25) Legender SUV","💯 น้องใหม่มารายงานตัว ครับบบ🔥🥰 ⭐แค่บัตรประชาชนบัตรเดียวจบรับรถได้เลย ...","Toyota FORTUNER","126665 กม.","กรุงเทพมหานคร","1,099,000 บาท","มือสอง","เกียร์อัตโนมัติ"
"1786480026-909","https://www.one2car.com/%E0%B8%A3%E0%B8%96-%E0%B8%AA%E0%B8%B3%E0%B8%AB%E0%B8%A3%E0%B8%B1%E0%B8%9A-%E0%B8%82%E0%B8%B2%E0%B8%A2?type=used&page_number=51&page_size=26","https://www.one2car.com/%E0%B8%A3%E0%B8%96-%E0%B8%AA%E0%B8%B3%E0%B8%AB%E0%B8%A3%E0%B8%B1%E0%B8%9A-%E0%B8%82%E0%B8%B2%E0%B8%A2?type=used&page_number=100&page_size=26","2021 Honda City 1.0 (ปี 20-26) RS Hatchback","💯 น้องใหม่มารายงานตัว ครับบบ🔥🥰 ⭐ เคดิตรดีฟรีดาวน์ ⭐ 🚘 Honda City 1.0 RS Hatchbackปี2021 ...","Honda City","28834 กม.","กรุงเทพมหานคร","499,000 บาท","มือสอง","เกียร์อัตโนมัติ"
"1786480026-910","https://www.one2car.com/%E0%B8%A3%E0%B8%96-%E0%B8%AA%E0%B8%B3%E0%B8%AB%E0%B8%A3%E0%B8%B1%E0%B8%9A-%E0%B8%82%E0%B8%B2%E0%B8%A2?type=used&page_number=51&page_size=26","https://www.one2car.com/%E0%B8%A3%E0%B8%96-%E0%B8%AA%E0%B8%B3%E0%B8%AB%E0%B8%A3%E0%B8%B1%E0%B8%9A-%E0%B8%82%E0%B8%B2%E0%B8%A2?type=used&page_number=100&page_size=26","2012 Toyota FORTUNER 3.0 (ปี 12-15) V 50th Anniversary SUV...","💯 น้องใหม่มารายงานตัว ครับบบ🔥🥰 ⭐แค่บัตรประชาชนบัตรเดียวจบรับรถได้เลย ...","Toyota FORTUNER","207078 กม.","กรุงเทพมหานคร","499,000 บาท","มือสอง","เกียร์อัตโนมัติ"
"1786480026-911","https://www.one2car.com/%E0%B8%A3%E0%B8%96-%E0%B8%AA%E0%B8%B3%E0%B8%AB%E0%B8%A3%E0%B8%B1%E0%B8%9A-%E0%B8%82%E0%B8%B2%E0%B8%A2?type=used&page_number=51&page_size=26","https://www.one2car.com/%E0%B8%A3%E0%B8%96-%E0%B8%AA%E0%B8%B3%E0%B8%AB%E0%B8%A3%E0%B8%B1%E0%B8%9A-%E0%B8%82%E0%B8%B2%E0%B8%A2?type=used&page_number=100&page_size=26","2019 Toyota CAMRY 2.0 (ปี 18-24) G Sedan","💯 น้องใหม่มารายงานตัว ครับบบ🔥🥰 ⭐ เคดิตรดีฟรีดาวน์ ⭐ 🚘 Toyota Camry 2.0G ปี2019 👍ไมล์ ...","Toyota CAMRY","96118 กม.","กรุงเทพมหานคร","679,000 บาท","มือสอง","เกียร์อัตโนมัติ"
"1786480030-912","https://www.one2car.com/%E0%B8%A3%E0%B8%96-%E0%B8%AA%E0%B8%B3%E0%B8%AB%E0%B8%A3%E0%B8%B1%E0%B8%9A-%E0%B8%82%E0%B8%B2%E0%B8%A2?type=used&page_number=51&page_size=26","https://www.one2car.com/%E0%B8%A3%E0%B8%96-%E0%B8%AA%E0%B8%B3%E0%B8%AB%E0%B8%A3%E0%B8%B1%E0%B8%9A-%E0%B8%82%E0%B8%B2%E0%B8%A2?type=used&page_number=101&page_size=26","2024 Toyota FORTUNER 2.4 (ปี 15-25) Leader V SUV - 4WD","💯 น้องใหม่มารายงานตัว ครับบบ🔥🥰 ⭐แค่บัตรประชาชนบัตรเดียวจบรับรถได้เลย ...","Toyota FORTUNER","30 - 35K กม.","กรุงเทพมหานคร","1,189,000 บาท","มือสอง","เกียร์อัตโนมัติ"
"1786480030-913","https://www.one2car.com/%E0%B8%A3%E0%B8%96-%E0%B8%AA%E0%B8%B3%E0%B8%AB%E0%B8%A3%E0%B8%B1%E0%B8%9A-%E0%B8%82%E0%B8%B2%E0%B8%A2?type=used&page_number=51&page_size=26","https://www.one2car.com/%E0%B8%A3%E0%B8%96-%E0%B8%AA%E0%B8%B3%E0%B8%AB%E0%B8%A3%E0%B8%B1%E0%B8%9A-%E0%B8%82%E0%B8%B2%E0%B8%A2?type=used&page_number=101&page_size=26","2019 Toyota YARIS 1.2 (ปี 17-25) High Cross Hatchback","💯 น้องใหม่มารายงานตัว ครับบบ🔥🥰 ⭐ เคดิตรดีฟรีดาวน์ ⭐ 🚘 Toyota YARIS 1.2 (ปี 17-25) High ...","Toyota YARIS","96433 กม.","กรุงเทพมหานคร","419,000 บาท","มือสอง","เกียร์อัตโนมัติ"
"1786480030-914","https://www.one2car.com/%E0%B8%A3%E0%B8%96-%E0%B8%AA%E0%B8%B3%E0%B8%AB%E0%B8%A3%E0%B8%B1%E0%B8%9A-%E0%B8%82%E0%B8%B2%E0%B8%A2?type=used&page_number=51&page_size=26","https://www.one2car.com/%E0%B8%A3%E0%B8%96-%E0%B8%AA%E0%B8%B3%E0%B8%AB%E0%B8%A3%E0%B8%B1%E0%B8%9A-%E0%B8%82%E0%B8%B2%E0%B8%A2?type=used&page_number=101&page_size=26","2020 Toyota FORTUNER 2.8 (ปี 15-25) Legender SUV","💯 น้องใหม่มารายงานตัว ครับบบ🔥🥰 ⭐แค่บัตรประชาชนบัตรเดียวจบรับรถได้เลย ...","Toyota FORTUNER","110 - 115K กม.","กรุงเทพมหานคร","1,069,000 บาท","มือสอง","เกียร์อัตโนมัติ"
"1786480030-915","https://www.one2car.com/%E0%B8%A3%E0%B8%96-%E0%B8%AA%E0%B8%B3%E0%B8%AB%E0%B8%A3%E0%B8%B1%E0%B8%9A-%E0%B8%82%E0%B8%B2%E0%B8%A2?type=used&page_number=51&page_size=26","https://www.one2car.com/%E0%B8%A3%E0%B8%96-%E0%B8%AA%E0%B8%B3%E0%B8%AB%E0%B8%A3%E0%B8%B1%E0%B8%9A-%E0%B8%82%E0%B8%B2%E0%B8%A2?type=used&page_number=101&page_size=26","2023 Honda City 1.0 (ปี 20-26) SV Hatchback","💯 น้องใหม่มารายงานตัว ครับบบ🔥🥰 ⭐ เคดิตรดีฟรีดาวน์ ⭐ 🚘 Honda City 1.0 SV Hatchback ปี2023 ...","Honda City","10 - 15K กม.","กรุงเทพมหานคร","499,000 บาท","มือสอง","เกียร์อัตโนมัติ"
"1786480030-916","https://www.one2car.com/%E0%B8%A3%E0%B8%96-%E0%B8%AA%E0%B8%B3%E0%B8%AB%E0%B8%A3%E0%B8%B1%E0%B8%9A-%E0%B8%82%E0%B8%B2%E0%B8%A2?type=used&page_number=51&page_size=26","https://www.one2car.com/%E0%B8%A3%E0%B8%96-%E0%B8%AA%E0%B8%B3%E0%B8%AB%E0%B8%A3%E0%B8%B1%E0%B8%9A-%E0%B8%82%E0%B8%B2%E0%B8%A2?type=used&page_number=101&page_size=26","2020 Toyota Corolla Cross 1.8 (ปี 20-26) Hybrid Premium SU...","💯 น้องใหม่มารายงานตัว ครับบบ🔥🥰 ⭐ เคดิตรดีฟรีดาวน์ ⭐ 🚘 Toyota Corolla Cross 1.8 Hybrid ...","","60 - 65K กม.","กรุงเทพมหานคร","759,000 บาท","มือสอง","เกียร์อัตโนมัติ"
"1786480030-917","https://www.one2car.com/%E0%B8%A3%E0%B8%96-%E0%B8%AA%E0%B8%B3%E0%B8%AB%E0%B8%A3%E0%B8%B1%E0%B8%9A-%E0%B8%82%E0%B8%B2%E0%B8%A2?type=used&page_number=51&page_size=26","https://www.one2car.com/%E0%B8%A3%E0%B8%96-%E0%B8%AA%E0%B8%B3%E0%B8%AB%E0%B8%A3%E0%B8%B1%E0%B8%9A-%E0%B8%82%E0%B8%B2%E0%B8%A2?type=used&page_number=101&page_size=26","2016 Toyota FORTUNER 2.8 (ปี 15-25) V SUV","💯 น้องใหม่มารายงานตัว ครับบบ🔥🥰 ⭐บัตรประชาชนบัตรเดียว จบรับรถได้เลย ⭐ เคดิตรดีฟรีดาวน์ ⭐ 🚘 ...","Toyota FORTUNER","185 - 190K กม.","กรุงเทพมหานคร","759,000 บาท","มือสอง","เกียร์อัตโนมัติ"
"1786480030-918","https://www.one2car.com/%E0%B8%A3%E0%B8%96-%E0%B8%AA%E0%B8%B3%E0%B8%AB%E0%B8%A3%E0%B8%B1%E0%B8%9A-%E0%B8%82%E0%B8%B2%E0%B8%A2?type=used&page_number=51&page_size=26","https://www.one2car.com/%E0%B8%A3%E0%B8%96-%E0%B8%AA%E0%B8%B3%E0%B8%AB%E0%B8%A3%E0%B8%B1%E0%B8%9A-%E0%B8%82%E0%B8%B2%E0%B8%A2?type=used&page_number=101&page_size=26","2022 Isuzu MU-X 3.0 (ปี 20-26) Ultimate SUV","💯 น้องใหม่มารายงานตัว ครับบบ🔥🥰 ⭐บัตรประชาชนบัตรเดียว จบรับรถได้เลย ⭐ เคดิตรดีฟรีดาวน์ ⭐ 🚘 ...","Isuzu MU-X","62630 กม.","กรุงเทพมหานคร","959,000 บาท","มือสอง","เกียร์อัตโนมัติ"
"1786480030-919","https://www.one2car.com/%E0%B8%A3%E0%B8%96-%E0%B8%AA%E0%B8%B3%E0%B8%AB%E0%B8%A3%E0%B8%B1%E0%B8%9A-%E0%B8%82%E0%B8%B2%E0%B8%A2?type=used&page_number=51&page_size=26","https://www.one2car.com/%E0%B8%A3%E0%B8%96-%E0%B8%AA%E0%B8%B3%E0%B8%AB%E0%B8%A3%E0%B8%B1%E0%B8%9A-%E0%B8%82%E0%B8%B2%E0%B8%A2?type=used&page_number=101&page_size=26","2022 Toyota Corolla Cross 1.8 (ปี 20-26) Sport Plus SUV   ...","🔥 SUV รถสวยสภาพดี ราคานี้หาไม่ได้อีกแล้ว 🚗 TOYOTA COROLLA CROSS 1.8 SPORT PLUS ปี 2022 สี ...","","250 - 255K กม.","นนทบุรี","529,000 บาท","มือสอง","เกียร์อัตโนมัติ"
"1786480030-920","https://www.one2car.com/%E0%B8%A3%E0%B8%96-%E0%B8%AA%E0%B8%B3%E0%B8%AB%E0%B8%A3%E0%B8%B1%E0%B8%9A-%E0%B8%82%E0%B8%B2%E0%B8%A2?type=used&page_number=51&page_size=26","https://www.one2car.com/%E0%B8%A3%E0%B8%96-%E0%B8%AA%E0%B8%B3%E0%B8%AB%E0%B8%A3%E0%B8%B1%E0%B8%9A-%E0%B8%82%E0%B8%B2%E0%B8%A2?type=used&page_number=101&page_size=26","2019 Toyota C-HR 1.8 (ปี 17-23) HV Hi SUV","🚘 สปอร์ตพรีเมียม ตัวท็อปสุด! ประหยัดน้ำมันตอบโจทย์ทุกการเดินทาง TOYOTA C-HR 1.8 HV Hi ปี ...","Toyota C-HR","10 - 15K กม.","กรุงเทพมหานคร","459,000 บาท","มือสอง","เกียร์อัตโนมัติ"
"1786480030-921","https://www.one2car.com/%E0%B8%A3%E0%B8%96-%E0%B8%AA%E0%B8%B3%E0%B8%AB%E0%B8%A3%E0%B8%B1%E0%B8%9A-%E0%B8%82%E0%B8%B2%E0%B8%A2?type=used&page_number=51&page_size=26","https://www.one2car.com/%E0%B8%A3%E0%B8%96-%E0%B8%AA%E0%B8%B3%E0%B8%AB%E0%B8%A3%E0%B8%B1%E0%B8%9A-%E0%B8%82%E0%B8%B2%E0%B8%A2?type=used&page_number=101&page_size=26","2021 Toyota Corolla Cross 1.8 (ปี 20-26) Hybrid Premium Sa...","TOYOTA COROLLA CROSS 1.8 HYBRID PREMIUM SAFETY ปี 2021 (หลังคา Sunroof) ♨️ ราคาพิเศษ ...","","15 - 20K กม.","กรุงเทพมหานคร","599,000 บาท","มือสอง","เกียร์อัตโนมัติ"
