web_scraper_order,web_scraper_start_url,pagination,data,price,data2,data3,data4,rating,data6,data16
"1786479238-1","https://www.one2car.com/%E0%B8%A3%E0%B8%96%E0%B8%A1%E0%B8%B7%E0%B8%AD%E0%B8%AA%E0%B8%AD%E0%B8%87-%E0%B8%AA%E0%B8%B3%E0%B8%AB%E0%B8%A3%E0%B8%B1%E0%B8%9A-%E0%B8%82%E0%B8%B2%E0%B8%A2","","2015 Honda City 1.5 (ปี 14-18) SV+ Sedan - SV","269,000 บาท","HONDA CITY, 1.5 SV+ i-VTEC 2015 รถบ้านแท้มือเดียวป้ายแดง วิ่ง 173,114 KM -กุญแจครบ 2 ดอก ...","170 - 175K กม.","กรุงเทพมหานคร","Honda City","มือสอง","เกียร์อัตโนมัติ"
"1786479238-2","https://www.one2car.com/%E0%B8%A3%E0%B8%96%E0%B8%A1%E0%B8%B7%E0%B8%AD%E0%B8%AA%E0%B8%AD%E0%B8%87-%E0%B8%AA%E0%B8%B3%E0%B8%AB%E0%B8%A3%E0%B8%B1%E0%B8%9A-%E0%B8%82%E0%B8%B2%E0%B8%A2","","2023 Honda City 1.0 (ปี 19-26) SV Sedan","359,000 บาท","'23 Honda City SV 1.0 Turbo ตัว Top รถมือเดียว ไมล์น้อย 5หมื่น กม. ...","30 - 35K กม.","สมุทรปราการ","Honda City","มือสอง","เกียร์อัตโนมัติ"
"1786479238-3","https://www.one2car.com/%E0%B8%A3%E0%B8%96%E0%B8%A1%E0%B8%B7%E0%B8%AD%E0%B8%AA%E0%B8%AD%E0%B8%87-%E0%B8%AA%E0%B8%B3%E0%B8%AB%E0%B8%A3%E0%B8%B1%E0%B8%9A-%E0%B8%82%E0%B8%B2%E0%B8%A2","","2025 BMW 220i 2.0 F44 (ปี 20-27) Gran M Sport Coupe","1,250,000 บาท","💢เจ้าของขายเองครับ💢 '25 แท้ BMW 220i M sport Top สุด 💥ออกรถ 20/4/25 ที่ Millennium Auto ...","30 - 35K กม.","สมุทรปราการ","","มือสอง","เกียร์อัตโนมัติ"
"1786479238-4","https://www.one2car.com/%E0%B8%A3%E0%B8%96%E0%B8%A1%E0%B8%B7%E0%B8%AD%E0%B8%AA%E0%B8%AD%E0%B8%87-%E0%B8%AA%E0%B8%B3%E0%B8%AB%E0%B8%A3%E0%B8%B1%E0%B8%9A-%E0%B8%82%E0%B8%B2%E0%B8%A2","","2022 Toyota HILUX REVO 2.4 Double Cab Z Edition Entry Pick...","449,000 บาท","เกียร์ออโต้ ขับง่าย จดทะเบียนปี 2022 ( คศ 2021 ) โฉม TOYOTA REVO 4 ประตู 2.4 Z Edition ...","110 - 115K กม.","กรุงเทพมหานคร","Toyota HILUX REVO","มือสอง","เกียร์อัตโนมัติ"
"1786479238-5","https://www.one2car.com/%E0%B8%A3%E0%B8%96%E0%B8%A1%E0%B8%B7%E0%B8%AD%E0%B8%AA%E0%B8%AD%E0%B8%87-%E0%B8%AA%E0%B8%B3%E0%B8%AB%E0%B8%A3%E0%B8%B1%E0%B8%9A-%E0%B8%82%E0%B8%B2%E0%B8%A2","","2015 Honda City 1.5 (ปี 14-18) SV Sedan","259,000 บาท","ออกรถวันนี้ 1,000 บาท การันตีคุณภาพรถ ตรวจสภาพ 5 ดาวน์ ฟรีเปลี่ยนถ่ายของเหลว ...","20 - 25K กม.","กรุงเทพมหานคร","Honda City","มือสอง","เกียร์อัตโนมัติ"
"1786479238-6","https://www.one2car.com/%E0%B8%A3%E0%B8%96%E0%B8%A1%E0%B8%B7%E0%B8%AD%E0%B8%AA%E0%B8%AD%E0%B8%87-%E0%B8%AA%E0%B8%B3%E0%B8%AB%E0%B8%A3%E0%B8%B1%E0%B8%9A-%E0%B8%82%E0%B8%B2%E0%B8%A2","","2016 Porsche 911 4.0 991 GT3 RS Coupe","15,990,000 บาท","✨Porsche 911 GT3 RS (2016) DNA จากรถแข่งในสนามส่งตรงสู่ 911 คันนี้ ...","10 - 15K กม.","กรุงเทพมหานคร","Porsche 911","มือสอง","เกียร์อัตโนมัติ"
"1786479238-7","https://www.one2car.com/%E0%B8%A3%E0%B8%96%E0%B8%A1%E0%B8%B7%E0%B8%AD%E0%B8%AA%E0%B8%AD%E0%B8%87-%E0%B8%AA%E0%B8%B3%E0%B8%AB%E0%B8%A3%E0%B8%B1%E0%B8%9A-%E0%B8%82%E0%B8%B2%E0%B8%A2","","2012 Toyota CAMRY 2.0 (ปี 12-18) G Sedan","259,000 บาท","รถบ้าน พร้อมใช้งาน ซื้อสดไม่มี Vat กุญแจครบ เล่มพร้อมโอน ผ่อน 6,500 บาทตลอด สัญญา ...","205 - 210K กม.","ปทุมธานี","Toyota CAMRY","มือสอง","เกียร์อัตโนมัติ"
"1786479238-8","https://www.one2car.com/%E0%B8%A3%E0%B8%96%E0%B8%A1%E0%B8%B7%E0%B8%AD%E0%B8%AA%E0%B8%AD%E0%B8%87-%E0%B8%AA%E0%B8%B3%E0%B8%AB%E0%B8%A3%E0%B8%B1%E0%B8%9A-%E0%B8%82%E0%B8%B2%E0%B8%A2","","2021 Isuzu MU-X 3.0 (ปี 20-26) Ultimate SUV","819,000 บาท","2021 ISUZU MU-X 3.0 ULTIMATE A/T 4x2 (64,063KM) 2ขช3978 - ราคา 819,000.- ...","60 - 65K กม.","กรุงเทพมหานคร","Isuzu MU-X","มือสอง","เกียร์อัตโนมัติ"
"1786479238-9","https://www.one2car.com/%E0%B8%A3%E0%B8%96%E0%B8%A1%E0%B8%B7%E0%B8%AD%E0%B8%AA%E0%B8%AD%E0%B8%87-%E0%B8%AA%E0%B8%B3%E0%B8%AB%E0%B8%A3%E0%B8%B1%E0%B8%9A-%E0%B8%82%E0%B8%B2%E0%B8%A2","","2014 Toyota YARIS 1.2 (ปี 13-17) E Hatchback","229,000 บาท","รถHatchback ผ่อนเริ่ม 5,xxx-./เดือน เครดิตดีฟรีดาวน์* รับประกัน 5 ปี ...","105 - 110K กม.","ชลบุรี","Toyota YARIS","มือสอง","เกียร์อัตโนมัติ"
"1786479238-10","https://www.one2car.com/%E0%B8%A3%E0%B8%96%E0%B8%A1%E0%B8%B7%E0%B8%AD%E0%B8%AA%E0%B8%AD%E0%B8%87-%E0%B8%AA%E0%B8%B3%E0%B8%AB%E0%B8%A3%E0%B8%B1%E0%B8%9A-%E0%B8%82%E0%B8%B2%E0%B8%A2","","2025 Isuzu D-MAX 2.2 Space Cab (ปี 19-26) L Pickup","589,000 บาท","รถกระบะ ผ่อนเริ่ม 10,xxx-./เดือน เครดิตดีฟรีดาวน์* รับประกัน 5 ปี มีรถให้ใช้ระหว่างซ่อม ...","20 - 25K กม.","ชลบุรี","Isuzu D-MAX","มือสอง","เกียร์ธรรมดา"
"1786479238-11","https://www.one2car.com/%E0%B8%A3%E0%B8%96%E0%B8%A1%E0%B8%B7%E0%B8%AD%E0%B8%AA%E0%B8%AD%E0%B8%87-%E0%B8%AA%E0%B8%B3%E0%B8%AB%E0%B8%A3%E0%B8%B1%E0%B8%9A-%E0%B8%82%E0%B8%B2%E0%B8%A2","","2014 Honda City 1.5 (ปี 14-18) SV Sedan","269,000 บาท","รถเก่งเล็ก ผ่อนเริ่ม 5,xxx-./เดือน เครดิตดีฟรีดาวน์* รับประกัน 5 ปี มีรถให้ใช้ระหว่างซ่อม ...","117152 กม.","ระยอง","Honda City","มือสอง","เกียร์อัตโนมัติ"
"1786479238-12","https://www.one2car.com/%E0%B8%A3%E0%B8%96%E0%B8%A1%E0%B8%B7%E0%B8%AD%E0%B8%AA%E0%B8%AD%E0%B8%87-%E0%B8%AA%E0%B8%B3%E0%B8%AB%E0%B8%A3%E0%B8%B1%E0%B8%9A-%E0%B8%82%E0%B8%B2%E0%B8%A2","","2023 Isuzu D-MAX 1.9 Cab-4 (ปี 19-26) Hi-Lander Z Pickup  ...","639,000 บาท","รถกระบะ ผ่อนเริ่ม 11,xxx-./เดือน เครดิตดีฟรีดาวน์* รับประกัน 5 ปี มีรถให้ใช้ระหว่างซ่อม ...","110 - 115K กม.","สมุทรปราการ","Isuzu D-MAX","มือสอง","เกียร์อัตโนมัติ"
"1786479238-13","https://www.one2car.com/%E0%B8%A3%E0%B8%96%E0%B8%A1%E0%B8%B7%E0%B8%AD%E0%B8%AA%E0%B8%AD%E0%B8%87-%E0%B8%AA%E0%B8%B3%E0%B8%AB%E0%B8%A3%E0%B8%B1%E0%B8%9A-%E0%B8%82%E0%B8%B2%E0%B8%A2","","2021 Toyota Corolla Altis 1.6 (ปี 19-25) G Sedan","459,000 บาท","🔥 ด่วนที่สุด! เลือกรับโปรที่ชอบที่ CARS X ออกรถเดือนนี้ เลือกรับ “ประกันภัยชั้น 1 ” หรือ ...","89245 กม.","กรุงเทพมหานคร","Toyota Corolla Altis","มือสอง","เกียร์อัตโนมัติ"
"1786479238-14","https://www.one2car.com/%E0%B8%A3%E0%B8%96%E0%B8%A1%E0%B8%B7%E0%B8%AD%E0%B8%AA%E0%B8%AD%E0%B8%87-%E0%B8%AA%E0%B8%B3%E0%B8%AB%E0%B8%A3%E0%B8%B1%E0%B8%9A-%E0%B8%82%E0%B8%B2%E0%B8%A2","","2020 Isuzu D-MAX 1.9 Cab-4 (ปี 19-26) X-Series Hi-Lander Z...","659,000 บาท","รถกระบะ ผ่อนเริ่ม 11,xxx-./เดือน เครดิตดีฟรีดาวน์* รับประกัน 5 ปี มีรถให้ใช้ระหว่างซ่อม ...","75378 กม.","กรุงเทพมหานคร","Isuzu D-MAX","มือสอง","เกียร์อัตโนมัติ"
"1786479238-15","https://www.one2car.com/%E0%B8%A3%E0%B8%96%E0%B8%A1%E0%B8%B7%E0%B8%AD%E0%B8%AA%E0%B8%AD%E0%B8%87-%E0%B8%AA%E0%B8%B3%E0%B8%AB%E0%B8%A3%E0%B8%B1%E0%B8%9A-%E0%B8%82%E0%B8%B2%E0%B8%A2","","2022 Toyota CAMRY 2.5 (ปี 18-24) Premium Sedan","899,000 บาท","🔸CARS X คัดมาให้แล้วรถสวยคุณภาพดี TOYOTA CAMRY 2.5 PREMIUM สีดำ เกียร์ AT ปี 2022 เลขไมล์ ...","93414 กม.","กรุงเทพมหานคร","Toyota CAMRY","มือสอง","เกียร์อัตโนมัติ"
"1786479238-16","https://www.one2car.com/%E0%B8%A3%E0%B8%96%E0%B8%A1%E0%B8%B7%E0%B8%AD%E0%B8%AA%E0%B8%AD%E0%B8%87-%E0%B8%AA%E0%B8%B3%E0%B8%AB%E0%B8%A3%E0%B8%B1%E0%B8%9A-%E0%B8%82%E0%B8%B2%E0%B8%A2","","2023 Isuzu D-MAX 1.9 Spark (ปี 19-26) B Pickup","399,000 บาท","รถกระบะ ผ่อนเริ่ม 7,xxx-./เดือน เครดิตดีฟรีดาวน์* รับประกัน 5 ปี มีรถให้ใช้ระหว่างซ่อม ...","130 - 135K กม.","นครปฐม","Isuzu D-MAX","มือสอง","เกียร์ธรรมดา"
"1786479238-17","https://www.one2car.com/%E0%B8%A3%E0%B8%96%E0%B8%A1%E0%B8%B7%E0%B8%AD%E0%B8%AA%E0%B8%AD%E0%B8%87-%E0%B8%AA%E0%B8%B3%E0%B8%AB%E0%B8%A3%E0%B8%B1%E0%B8%9A-%E0%B8%82%E0%B8%B2%E0%B8%A2","","2025 Isuzu D-MAX 2.2 Cab-4 (ปี 19-26) Hi-Lander M Pickup  ...","869,000 บาท","รถกระบะ ผ่อนเริ่ม 15,xxx-./เดือน เครดิตดีฟรีดาวน์* รับประกัน 5 ปี มีรถให้ใช้ระหว่างซ่อม ...","20 - 25K กม.","กรุงเทพมหานคร","Isuzu D-MAX","มือสอง","เกียร์อัตโนมัติ"
"1786479238-18","https://www.one2car.com/%E0%B8%A3%E0%B8%96%E0%B8%A1%E0%B8%B7%E0%B8%AD%E0%B8%AA%E0%B8%AD%E0%B8%87-%E0%B8%AA%E0%B8%B3%E0%B8%AB%E0%B8%A3%E0%B8%B1%E0%B8%9A-%E0%B8%82%E0%B8%B2%E0%B8%A2","","2020 Mazda 3 2.0 (ปี 19-25) S Sedan","409,000 บาท","รถซีดานสุดเท่ ผ่อนเริ่ม 6,xxx-./เดือน เครดิตดีฟรีดาวน์* รับประกัน 5 ปี ...","100182 กม.","นครปฐม","Mazda 3","มือสอง","เกียร์อัตโนมัติ"
"1786479238-19","https://www.one2car.com/%E0%B8%A3%E0%B8%96%E0%B8%A1%E0%B8%B7%E0%B8%AD%E0%B8%AA%E0%B8%AD%E0%B8%87-%E0%B8%AA%E0%B8%B3%E0%B8%AB%E0%B8%A3%E0%B8%B1%E0%B8%9A-%E0%B8%82%E0%B8%B2%E0%B8%A2","","2019 Toyota HILUX REVO 2.8 Double Cab G Pickup - 4WD","759,000 บาท","รถกระบะ ผ่อนเริ่ม 13,xxx-./เดือน เครดิตดีฟรีดาวน์* รับประกัน 5 ปี มีรถให้ใช้ระหว่างซ่อม ...","110 - 115K กม.","สมุทรปราการ","Toyota HILUX REVO","มือสอง","เกียร์อัตโนมัติ"
"1786479238-20","https://www.one2car.com/%E0%B8%A3%E0%B8%96%E0%B8%A1%E0%B8%B7%E0%B8%AD%E0%B8%AA%E0%B8%AD%E0%B8%87-%E0%B8%AA%E0%B8%B3%E0%B8%AB%E0%B8%A3%E0%B8%B1%E0%B8%9A-%E0%B8%82%E0%B8%B2%E0%B8%A2","","2020 Ford RANGER 2.2 Open Cab (ปี 15-21) XLT Hi-Rider Pick...","429,000 บาท","รถกระบะ ผ่อนเริ่ม 7,xxx-./เดือน เครดิตดีฟรีดาวน์* รับประกัน 5 เดือน มีรถให้ใช้ระหว่างซ่อม ...","73636 กม.","กรุงเทพมหานคร","Ford RANGER","มือสอง","เกียร์อัตโนมัติ"
"1786479238-21","https://www.one2car.com/%E0%B8%A3%E0%B8%96%E0%B8%A1%E0%B8%B7%E0%B8%AD%E0%B8%AA%E0%B8%AD%E0%B8%87-%E0%B8%AA%E0%B8%B3%E0%B8%AB%E0%B8%A3%E0%B8%B1%E0%B8%9A-%E0%B8%82%E0%B8%B2%E0%B8%A2","","2023 Isuzu D-MAX 1.9 Cab-4 (ปี 19-26) Hi-Lander Z Pickup  ...","649,000 บาท","รถกระบะ ผ่อนเริ่ม 11,xxx-./เดือน เครดิตดีฟรีดาวน์* รับประกัน 5 ปี มีรถให้ใช้ระหว่างซ่อม ...","95 - 100K กม.","นครปฐม","Isuzu D-MAX","มือสอง","เกียร์อัตโนมัติ"
"1786479238-22","https://www.one2car.com/%E0%B8%A3%E0%B8%96%E0%B8%A1%E0%B8%B7%E0%B8%AD%E0%B8%AA%E0%B8%AD%E0%B8%87-%E0%B8%AA%E0%B8%B3%E0%B8%AB%E0%B8%A3%E0%B8%B1%E0%B8%9A-%E0%B8%82%E0%B8%B2%E0%B8%A2","","2023 Ford EVEREST 2.0 (ปี 22-28) Titanium+ SUV - Titanium ...","1,199,000 บาท","ออกรถ 55 บาท ผ่อนเพียง 20,XXX **-. /เดือน ราคาพิเศษ 1,199,000 ...","98144 กม.","กรุงเทพมหานคร","Ford EVEREST","มือสอง","เกียร์อัตโนมัติ"
"1786479238-23","https://www.one2car.com/%E0%B8%A3%E0%B8%96%E0%B8%A1%E0%B8%B7%E0%B8%AD%E0%B8%AA%E0%B8%AD%E0%B8%87-%E0%B8%AA%E0%B8%B3%E0%B8%AB%E0%B8%A3%E0%B8%B1%E0%B8%9A-%E0%B8%82%E0%B8%B2%E0%B8%A2","","2024 Toyota Corolla Cross 1.8 (ปี 20-26) HEV Premium SUV  ...","919,000 บาท","🔸CARS X คัดมาให้แล้วรถสวยคุณภาพดี TOYOTA COROLLA CROSS 1.8 HEV PREMIUM สีบรอนซ์ เกียร์ AT ...","35 - 40K กม.","ระยอง","","มือสอง","เกียร์อัตโนมัติ"
"1786479238-24","https://www.one2car.com/%E0%B8%A3%E0%B8%96%E0%B8%A1%E0%B8%B7%E0%B8%AD%E0%B8%AA%E0%B8%AD%E0%B8%87-%E0%B8%AA%E0%B8%B3%E0%B8%AB%E0%B8%A3%E0%B8%B1%E0%B8%9A-%E0%B8%82%E0%B8%B2%E0%B8%A2","","2022 Mercedes-Benz C220 2.0 W206 (ปี 22-30) d Avantgarde S...","1,459,000 บาท","ออกรถ 55 บาท ผ่อนเพียง 24,XXX **-. /เดือน ราคาพิเศษ 1,459,000 ราคากลาง : 1,750,000 ...","124261 กม.","กรุงเทพมหานคร","","มือสอง","เกียร์อัตโนมัติ"
"1786479242-25","https://www.one2car.com/%E0%B8%A3%E0%B8%96%E0%B8%A1%E0%B8%B7%E0%B8%AD%E0%B8%AA%E0%B8%AD%E0%B8%87-%E0%B8%AA%E0%B8%B3%E0%B8%AB%E0%B8%A3%E0%B8%B1%E0%B8%9A-%E0%B8%82%E0%B8%B2%E0%B8%A2","https://www.one2car.com/%E0%B8%A3%E0%B8%96-%E0%B8%AA%E0%B8%B3%E0%B8%AB%E0%B8%A3%E0%B8%B1%E0%B8%9A-%E0%B8%82%E0%B8%B2%E0%B8%A2?type=used&page_number=2&page_size=26","2014 Volvo V40 2.0 (ปี 13-16) T5 S Wagon","269,000 บาท","💥 เพียง 269,000.- เท่านั้น! 💥 🔥 VOLVO V40 T5 S TURBO — 213 HP 5 สูบ 🔥 269,000-. แรงสะใจ ...","140 - 145K กม.","กรุงเทพมหานคร","","มือสอง","เกียร์อัตโนมัติ"
"1786479242-26","https://www.one2car.com/%E0%B8%A3%E0%B8%96%E0%B8%A1%E0%B8%B7%E0%B8%AD%E0%B8%AA%E0%B8%AD%E0%B8%87-%E0%B8%AA%E0%B8%B3%E0%B8%AB%E0%B8%A3%E0%B8%B1%E0%B8%9A-%E0%B8%82%E0%B8%B2%E0%B8%A2","https://www.one2car.com/%E0%B8%A3%E0%B8%96-%E0%B8%AA%E0%B8%B3%E0%B8%AB%E0%B8%A3%E0%B8%B1%E0%B8%9A-%E0%B8%82%E0%B8%B2%E0%B8%A2?type=used&page_number=2&page_size=26","2023 Toyota HILUX REVO 2.4 Smart Cab Prerunner Mid Pickup ...","688,000 บาท","เลขไมล์น้อย 40,000 กิโล ( รับประกันเลขไมล์แท้ ) รถบ้านแท้ เจ้าของเดียวจากป้ายแดง Toyota ...","40000 กม.","สมุทรปราการ","Toyota HILUX REVO","มือสอง","เกียร์อัตโนมัติ"
"1786479242-27","https://www.one2car.com/%E0%B8%A3%E0%B8%96%E0%B8%A1%E0%B8%B7%E0%B8%AD%E0%B8%AA%E0%B8%AD%E0%B8%87-%E0%B8%AA%E0%B8%B3%E0%B8%AB%E0%B8%A3%E0%B8%B1%E0%B8%9A-%E0%B8%82%E0%B8%B2%E0%B8%A2","https://www.one2car.com/%E0%B8%A3%E0%B8%96-%E0%B8%AA%E0%B8%B3%E0%B8%AB%E0%B8%A3%E0%B8%B1%E0%B8%9A-%E0%B8%82%E0%B8%B2%E0%B8%A2?type=used&page_number=2&page_size=26","2018 Ford RANGER 3.2 Double Cab (ปี 15-21) WildTrak Pickup...","499,000 บาท","🚘FORD RANGER WILDTRAK 3.2 DOUBLE CAB 4WD 2018‘ สีเทา ตัวท้อป ขับ4 ✅ราคา 499,000 บาท ...","150 - 155K กม.","กรุงเทพมหานคร","Ford RANGER","มือสอง","เกียร์อัตโนมัติ"
"1786479242-28","https://www.one2car.com/%E0%B8%A3%E0%B8%96%E0%B8%A1%E0%B8%B7%E0%B8%AD%E0%B8%AA%E0%B8%AD%E0%B8%87-%E0%B8%AA%E0%B8%B3%E0%B8%AB%E0%B8%A3%E0%B8%B1%E0%B8%9A-%E0%B8%82%E0%B8%B2%E0%B8%A2","https://www.one2car.com/%E0%B8%A3%E0%B8%96-%E0%B8%AA%E0%B8%B3%E0%B8%AB%E0%B8%A3%E0%B8%B1%E0%B8%9A-%E0%B8%82%E0%B8%B2%E0%B8%A2?type=used&page_number=2&page_size=26","2020 Mercedes-Benz GLC300 2.0 W253 (ปี 15-22) e 4MATIC AMG...","1,399,000 บาท","🚘BENZ GLC300e COUPE AMG DYNAMIC SUNROOF FACELIFT 2020 สีเทากราไฟต์ รุ่นท้อป คูเป้ ✅ราคา ...","140 - 145K กม.","กรุงเทพมหานคร","","มือสอง","เกียร์อัตโนมัติ"
"1786479242-29","https://www.one2car.com/%E0%B8%A3%E0%B8%96%E0%B8%A1%E0%B8%B7%E0%B8%AD%E0%B8%AA%E0%B8%AD%E0%B8%87-%E0%B8%AA%E0%B8%B3%E0%B8%AB%E0%B8%A3%E0%B8%B1%E0%B8%9A-%E0%B8%82%E0%B8%B2%E0%B8%A2","https://www.one2car.com/%E0%B8%A3%E0%B8%96-%E0%B8%AA%E0%B8%B3%E0%B8%AB%E0%B8%A3%E0%B8%B1%E0%B8%9A-%E0%B8%82%E0%B8%B2%E0%B8%A2?type=used&page_number=2&page_size=26","2020 Toyota HILUX REVO 2.4 Double Cab Prerunner High Picku...","659,000 บาท","🚘TOYOTA HILUX REVO 2.4 HIGH PRERUNNER DOUBLECAB 2WD AT 2020 สีขาว ตัวท้อป 🛣️วิ่งน้อย ...","30 - 35K กม.","กรุงเทพมหานคร","Toyota HILUX REVO","มือสอง","เกียร์อัตโนมัติ"
"1786479242-30","https://www.one2car.com/%E0%B8%A3%E0%B8%96%E0%B8%A1%E0%B8%B7%E0%B8%AD%E0%B8%AA%E0%B8%AD%E0%B8%87-%E0%B8%AA%E0%B8%B3%E0%B8%AB%E0%B8%A3%E0%B8%B1%E0%B8%9A-%E0%B8%82%E0%B8%B2%E0%B8%A2","https://www.one2car.com/%E0%B8%A3%E0%B8%96-%E0%B8%AA%E0%B8%B3%E0%B8%AB%E0%B8%A3%E0%B8%B1%E0%B8%9A-%E0%B8%82%E0%B8%B2%E0%B8%A2?type=used&page_number=2&page_size=26","2019 BMW X3 2.0 G01 (ปี 18-23) xDrive20d xLine SUV - AWD  ...","1,090,000 บาท","🚘BMW X3 xDrive20d XLINE 4WD G01 2019 ดีเซล สีดำ ✅ราคา 1,090,000 บาท 🛣️เลขไมล์ 120,000 ...","120 - 125K กม.","กรุงเทพมหานคร","BMW X3","มือสอง","เกียร์อัตโนมัติ"
"1786479242-31","https://www.one2car.com/%E0%B8%A3%E0%B8%96%E0%B8%A1%E0%B8%B7%E0%B8%AD%E0%B8%AA%E0%B8%AD%E0%B8%87-%E0%B8%AA%E0%B8%B3%E0%B8%AB%E0%B8%A3%E0%B8%B1%E0%B8%9A-%E0%B8%82%E0%B8%B2%E0%B8%A2","https://www.one2car.com/%E0%B8%A3%E0%B8%96-%E0%B8%AA%E0%B8%B3%E0%B8%AB%E0%B8%A3%E0%B8%B1%E0%B8%9A-%E0%B8%82%E0%B8%B2%E0%B8%A2?type=used&page_number=2&page_size=26","2024 Honda CR-V 2.0 (ปี 23-29) e:HEV ES SUV - e HEV ES","1,180,000 บาท","🚘HONDA CR-V e:HEV ES 2WD 5 ที่นั่ง 2024 สีเทา ไฮบริด ✅ราคา 1,180,000 บาท 🛣️วิ่งน้อย ...","30 - 35K กม.","กรุงเทพมหานคร","Honda CR-V","มือสอง","เกียร์อัตโนมัติ"
"1786479242-32","https://www.one2car.com/%E0%B8%A3%E0%B8%96%E0%B8%A1%E0%B8%B7%E0%B8%AD%E0%B8%AA%E0%B8%AD%E0%B8%87-%E0%B8%AA%E0%B8%B3%E0%B8%AB%E0%B8%A3%E0%B8%B1%E0%B8%9A-%E0%B8%82%E0%B8%B2%E0%B8%A2","https://www.one2car.com/%E0%B8%A3%E0%B8%96-%E0%B8%AA%E0%B8%B3%E0%B8%AB%E0%B8%A3%E0%B8%B1%E0%B8%9A-%E0%B8%82%E0%B8%B2%E0%B8%A2?type=used&page_number=2&page_size=26","2022 ORA Good Cat (ปี 21-27) 400 Pro Hatchback - 0.0","420,000 บาท","GWM ORA GOODCAT 400 PRO 2022 สีขาว ราคา 420,000 บาท วิ่งน้อย 50,000 กม. รถไฟฟ้า ...","50 - 55K กม.","กรุงเทพมหานคร","","มือสอง","เกียร์อัตโนมัติ"
"1786479242-33","https://www.one2car.com/%E0%B8%A3%E0%B8%96%E0%B8%A1%E0%B8%B7%E0%B8%AD%E0%B8%AA%E0%B8%AD%E0%B8%87-%E0%B8%AA%E0%B8%B3%E0%B8%AB%E0%B8%A3%E0%B8%B1%E0%B8%9A-%E0%B8%82%E0%B8%B2%E0%B8%A2","https://www.one2car.com/%E0%B8%A3%E0%B8%96-%E0%B8%AA%E0%B8%B3%E0%B8%AB%E0%B8%A3%E0%B8%B1%E0%B8%9A-%E0%B8%82%E0%B8%B2%E0%B8%A2?type=used&page_number=2&page_size=26","2017 Volkswagen CARAVELLE 2.0 (ปี 17-25) TDi Van","799,000 บาท","🚘Volkswagen caravelle 2.0 BI TDI T6 2017 สีน้ำตาล ✅ราคา 799,000 บาท 🛣️วิ่ง 150,000 ...","150 - 155K กม.","กรุงเทพมหานคร","","มือสอง","เกียร์อัตโนมัติ"
"1786479242-34","https://www.one2car.com/%E0%B8%A3%E0%B8%96%E0%B8%A1%E0%B8%B7%E0%B8%AD%E0%B8%AA%E0%B8%AD%E0%B8%87-%E0%B8%AA%E0%B8%B3%E0%B8%AB%E0%B8%A3%E0%B8%B1%E0%B8%9A-%E0%B8%82%E0%B8%B2%E0%B8%A2","https://www.one2car.com/%E0%B8%A3%E0%B8%96-%E0%B8%AA%E0%B8%B3%E0%B8%AB%E0%B8%A3%E0%B8%B1%E0%B8%9A-%E0%B8%82%E0%B8%B2%E0%B8%A2?type=used&page_number=2&page_size=26","2017 BMW 520d 2.0 G30 (ปี 17-22) Sport Sedan","829,000 บาท","🚘BMW SERIES5 520d SPORT LINE G30 2017 สีดำ มือเดียว ดีเซล ✅ราคา 829,000 บาท 🛣️วิ่ง ...","140 - 145K กม.","กรุงเทพมหานคร","BMW 520d","มือสอง","เกียร์อัตโนมัติ"
"1786479242-35","https://www.one2car.com/%E0%B8%A3%E0%B8%96%E0%B8%A1%E0%B8%B7%E0%B8%AD%E0%B8%AA%E0%B8%AD%E0%B8%87-%E0%B8%AA%E0%B8%B3%E0%B8%AB%E0%B8%A3%E0%B8%B1%E0%B8%9A-%E0%B8%82%E0%B8%B2%E0%B8%A2","https://www.one2car.com/%E0%B8%A3%E0%B8%96-%E0%B8%AA%E0%B8%B3%E0%B8%AB%E0%B8%A3%E0%B8%B1%E0%B8%9A-%E0%B8%82%E0%B8%B2%E0%B8%A2?type=used&page_number=2&page_size=26","2015 Toyota CAMRY 2.0 (ปี 12-18) G Extremo Sedan","399,000 บาท","TOYOTA CAMRY 2.0 G EXTREMO 2015 สีขาวมุก ตัวท้อป ราคา 450,000 บาท ไมล์ 160,000 กิโลเมตร ...","160 - 165K กม.","กรุงเทพมหานคร","Toyota CAMRY","มือสอง","เกียร์อัตโนมัติ"
"1786479242-36","https://www.one2car.com/%E0%B8%A3%E0%B8%96%E0%B8%A1%E0%B8%B7%E0%B8%AD%E0%B8%AA%E0%B8%AD%E0%B8%87-%E0%B8%AA%E0%B8%B3%E0%B8%AB%E0%B8%A3%E0%B8%B1%E0%B8%9A-%E0%B8%82%E0%B8%B2%E0%B8%A2","https://www.one2car.com/%E0%B8%A3%E0%B8%96-%E0%B8%AA%E0%B8%B3%E0%B8%AB%E0%B8%A3%E0%B8%B1%E0%B8%9A-%E0%B8%82%E0%B8%B2%E0%B8%A2?type=used&page_number=2&page_size=26","2016 Nissan NP 300 Navara 2.5 King Cab E Pickup","268,000 บาท","NISSAN NAVARA NP300 2.5 E M/T KING CAB ปี 2016 รถมือเดียวป้ายแดง รถใช้น้อยจริง ...","68033 กม.","พระนครศรีอยุธยา","Nissan NP 300 Navara","มือสอง","เกียร์ธรรมดา"
"1786479242-37","https://www.one2car.com/%E0%B8%A3%E0%B8%96%E0%B8%A1%E0%B8%B7%E0%B8%AD%E0%B8%AA%E0%B8%AD%E0%B8%87-%E0%B8%AA%E0%B8%B3%E0%B8%AB%E0%B8%A3%E0%B8%B1%E0%B8%9A-%E0%B8%82%E0%B8%B2%E0%B8%A2","https://www.one2car.com/%E0%B8%A3%E0%B8%96-%E0%B8%AA%E0%B8%B3%E0%B8%AB%E0%B8%A3%E0%B8%B1%E0%B8%9A-%E0%B8%82%E0%B8%B2%E0%B8%A2?type=used&page_number=2&page_size=26","2023 Isuzu MU-X 3.0 (ปี 20-26) Elegant SUV","849,000 บาท","ผ่อน 14,XXX บาท ออกรถ 999 มือแรก ประวัติเช็คศูนย์ สีเดิมบาง SUV 7 ที่นั่ง ...","85 - 90K กม.","กรุงเทพมหานคร","Isuzu MU-X","มือสอง","เกียร์อัตโนมัติ"
"1786479242-38","https://www.one2car.com/%E0%B8%A3%E0%B8%96%E0%B8%A1%E0%B8%B7%E0%B8%AD%E0%B8%AA%E0%B8%AD%E0%B8%87-%E0%B8%AA%E0%B8%B3%E0%B8%AB%E0%B8%A3%E0%B8%B1%E0%B8%9A-%E0%B8%82%E0%B8%B2%E0%B8%A2","https://www.one2car.com/%E0%B8%A3%E0%B8%96-%E0%B8%AA%E0%B8%B3%E0%B8%AB%E0%B8%A3%E0%B8%B1%E0%B8%9A-%E0%B8%82%E0%B8%B2%E0%B8%A2?type=used&page_number=2&page_size=26","2020 Toyota CAMRY 2.0 (ปี 18-24) G Sedan","599,000 บาท","ผ่อน 10,XXX บาท ออกรถ 999 มือแรก ประวัติเช็คศูนย์ สีเดิมบาง ซีดานพรีเมียมยอดนิยม ...","95 - 100K กม.","กรุงเทพมหานคร","Toyota CAMRY","มือสอง","เกียร์อัตโนมัติ"
"1786479242-39","https://www.one2car.com/%E0%B8%A3%E0%B8%96%E0%B8%A1%E0%B8%B7%E0%B8%AD%E0%B8%AA%E0%B8%AD%E0%B8%87-%E0%B8%AA%E0%B8%B3%E0%B8%AB%E0%B8%A3%E0%B8%B1%E0%B8%9A-%E0%B8%82%E0%B8%B2%E0%B8%A2","https://www.one2car.com/%E0%B8%A3%E0%B8%96-%E0%B8%AA%E0%B8%B3%E0%B8%AB%E0%B8%A3%E0%B8%B1%E0%B8%9A-%E0%B8%82%E0%B8%B2%E0%B8%A2?type=used&page_number=2&page_size=26","2021 Mitsubishi PAJERO SPORT 2.4 (ปี 19-25) GT Plus SUV   ...","689,000 บาท","ผ่อน 11,XXX บาท SUV 7 ที่นั่ง รุ่นยอดนิยม ขุมพลังดีเซลเทอร์โบ แรง ประหยัดน้ำมัน ออปชันครบ ...","95 - 100K กม.","กรุงเทพมหานคร","Mitsubishi PAJERO SPORT","มือสอง","เกียร์อัตโนมัติ"
"1786479242-40","https://www.one2car.com/%E0%B8%A3%E0%B8%96%E0%B8%A1%E0%B8%B7%E0%B8%AD%E0%B8%AA%E0%B8%AD%E0%B8%87-%E0%B8%AA%E0%B8%B3%E0%B8%AB%E0%B8%A3%E0%B8%B1%E0%B8%9A-%E0%B8%82%E0%B8%B2%E0%B8%A2","https://www.one2car.com/%E0%B8%A3%E0%B8%96-%E0%B8%AA%E0%B8%B3%E0%B8%AB%E0%B8%A3%E0%B8%B1%E0%B8%9A-%E0%B8%82%E0%B8%B2%E0%B8%A2?type=used&page_number=2&page_size=26","2022 Toyota FORTUNER 2.4 (ปี 15-25) V SUV","799,000 บาท","ผ่อน 13,xxx ออกรถ 999 มือแรก ประวัติเช็คศูนย์ สีเดิมบาง 7 ที่นั่งยอดนิยม ดีเซล ขับสบาย ...","95 - 100K กม.","กรุงเทพมหานคร","Toyota FORTUNER","มือสอง","เกียร์อัตโนมัติ"
"1786479242-41","https://www.one2car.com/%E0%B8%A3%E0%B8%96%E0%B8%A1%E0%B8%B7%E0%B8%AD%E0%B8%AA%E0%B8%AD%E0%B8%87-%E0%B8%AA%E0%B8%B3%E0%B8%AB%E0%B8%A3%E0%B8%B1%E0%B8%9A-%E0%B8%82%E0%B8%B2%E0%B8%A2","https://www.one2car.com/%E0%B8%A3%E0%B8%96-%E0%B8%AA%E0%B8%B3%E0%B8%AB%E0%B8%A3%E0%B8%B1%E0%B8%9A-%E0%B8%82%E0%B8%B2%E0%B8%A2?type=used&page_number=2&page_size=26","2019 Honda CR-V 2.4 (ปี 17-21) E SUV","569,000 บาท","ผ่อน 9,XXX บาท SUV ยอดนิยม 5 ที่นั่ง ขับนุ่ม นั่งสบาย เครื่องยนต์เบนซิน 2.4 ลิตร ...","95 - 100K กม.","กรุงเทพมหานคร","Honda CR-V","มือสอง","เกียร์อัตโนมัติ"
"1786479242-42","https://www.one2car.com/%E0%B8%A3%E0%B8%96%E0%B8%A1%E0%B8%B7%E0%B8%AD%E0%B8%AA%E0%B8%AD%E0%B8%87-%E0%B8%AA%E0%B8%B3%E0%B8%AB%E0%B8%A3%E0%B8%B1%E0%B8%9A-%E0%B8%82%E0%B8%B2%E0%B8%A2","https://www.one2car.com/%E0%B8%A3%E0%B8%96-%E0%B8%AA%E0%B8%B3%E0%B8%AB%E0%B8%A3%E0%B8%B1%E0%B8%9A-%E0%B8%82%E0%B8%B2%E0%B8%A2?type=used&page_number=2&page_size=26","2019 Honda HR-V 1.8 (ปี 14-18) E SUV","459,000 บาท","ผ่อน 7,XXX ออกรถ 999 มือแรก ประวัติเช็คศูนย์ สีเดิมบาง สปอร์ตครอสโอเวอร์ยอดนิยม ...","60 - 65K กม.","กรุงเทพมหานคร","Honda HR-V","มือสอง","เกียร์อัตโนมัติ"
"1786479242-43","https://www.one2car.com/%E0%B8%A3%E0%B8%96%E0%B8%A1%E0%B8%B7%E0%B8%AD%E0%B8%AA%E0%B8%AD%E0%B8%87-%E0%B8%AA%E0%B8%B3%E0%B8%AB%E0%B8%A3%E0%B8%B1%E0%B8%9A-%E0%B8%82%E0%B8%B2%E0%B8%A2","https://www.one2car.com/%E0%B8%A3%E0%B8%96-%E0%B8%AA%E0%B8%B3%E0%B8%AB%E0%B8%A3%E0%B8%B1%E0%B8%9A-%E0%B8%82%E0%B8%B2%E0%B8%A2?type=used&page_number=2&page_size=26","2019 Mercedes-Benz E350 2.0 W213 (ปี 16-23) e Avantgarde S...","679,000 บาท","ผ่อน 13,xxx มือเดียว ประวัติเช็คศูนย์ รับประกันศูนย์สองปี 70,000 กิโล ...","95 - 100K กม.","กรุงเทพมหานคร","Mercedes-Benz E350","มือสอง","เกียร์อัตโนมัติ"
"1786479242-44","https://www.one2car.com/%E0%B8%A3%E0%B8%96%E0%B8%A1%E0%B8%B7%E0%B8%AD%E0%B8%AA%E0%B8%AD%E0%B8%87-%E0%B8%AA%E0%B8%B3%E0%B8%AB%E0%B8%A3%E0%B8%B1%E0%B8%9A-%E0%B8%82%E0%B8%B2%E0%B8%A2","https://www.one2car.com/%E0%B8%A3%E0%B8%96-%E0%B8%AA%E0%B8%B3%E0%B8%AB%E0%B8%A3%E0%B8%B1%E0%B8%9A-%E0%B8%82%E0%B8%B2%E0%B8%A2?type=used&page_number=2&page_size=26","2018 Isuzu MU-X 1.9 (ปี 13-19) DVD SUV","579,000 บาท","ผ่อน 10,XXX ออกรถ 999 มือแรก ประวัติเช็คศูนย์ สีเดิมบาง 7 ที่นั่ง ขุมพลังดีเซล Ddi Blue ...","95 - 100K กม.","กรุงเทพมหานคร","Isuzu MU-X","มือสอง","เกียร์อัตโนมัติ"
"1786479242-45","https://www.one2car.com/%E0%B8%A3%E0%B8%96%E0%B8%A1%E0%B8%B7%E0%B8%AD%E0%B8%AA%E0%B8%AD%E0%B8%87-%E0%B8%AA%E0%B8%B3%E0%B8%AB%E0%B8%A3%E0%B8%B1%E0%B8%9A-%E0%B8%82%E0%B8%B2%E0%B8%A2","https://www.one2car.com/%E0%B8%A3%E0%B8%96-%E0%B8%AA%E0%B8%B3%E0%B8%AB%E0%B8%A3%E0%B8%B1%E0%B8%9A-%E0%B8%82%E0%B8%B2%E0%B8%A2?type=used&page_number=2&page_size=26","2021 Honda City 1.0 (ปี 20-26) S+ Hatchback - ( 20-25) S  ...","389,000 บาท","ผ่อน 6,XXX ออกรถ 999 ราคา 389,000 บาท แฮทช์แบ็กทรงสปอร์ต ขับสนุก ประหยัดน้ำมัน ...","95 - 100K กม.","กรุงเทพมหานคร","Honda City","มือสอง","เกียร์อัตโนมัติ"
"1786479246-46","https://www.one2car.com/%E0%B8%A3%E0%B8%96%E0%B8%A1%E0%B8%B7%E0%B8%AD%E0%B8%AA%E0%B8%AD%E0%B8%87-%E0%B8%AA%E0%B8%B3%E0%B8%AB%E0%B8%A3%E0%B8%B1%E0%B8%9A-%E0%B8%82%E0%B8%B2%E0%B8%A2","https://www.one2car.com/%E0%B8%A3%E0%B8%96-%E0%B8%AA%E0%B8%B3%E0%B8%AB%E0%B8%A3%E0%B8%B1%E0%B8%9A-%E0%B8%82%E0%B8%B2%E0%B8%A2?type=used&page_number=3&page_size=26","2021 Isuzu MU-X 1.9 (ปี 20-26) Active SUV","649,000 บาท","ผ่อน 11,XXX บาท ออกรถ 999 มือแรก ประวัติเช็คศูนย์ สีเดิมบาง SUV 7 ที่นั่ง ...","95 - 100K กม.","กรุงเทพมหานคร","Isuzu MU-X","มือสอง","เกียร์อัตโนมัติ"
"1786479246-47","https://www.one2car.com/%E0%B8%A3%E0%B8%96%E0%B8%A1%E0%B8%B7%E0%B8%AD%E0%B8%AA%E0%B8%AD%E0%B8%87-%E0%B8%AA%E0%B8%B3%E0%B8%AB%E0%B8%A3%E0%B8%B1%E0%B8%9A-%E0%B8%82%E0%B8%B2%E0%B8%A2","https://www.one2car.com/%E0%B8%A3%E0%B8%96-%E0%B8%AA%E0%B8%B3%E0%B8%AB%E0%B8%A3%E0%B8%B1%E0%B8%9A-%E0%B8%82%E0%B8%B2%E0%B8%A2?type=used&page_number=3&page_size=26","2021 Toyota Corolla Altis 1.6 (ปี 19-25) G Sedan","399,000 บาท","ผ่อน 6,XXX ออกรถ 999 มือแรก ประวัติเช็คศูนย์ สีเดิมบาง ผ่านการตรวจโครงสร้างมาตรฐาน ...","95 - 100K กม.","กรุงเทพมหานคร","Toyota Corolla Altis","มือสอง","เกียร์อัตโนมัติ"
"1786479246-48","https://www.one2car.com/%E0%B8%A3%E0%B8%96%E0%B8%A1%E0%B8%B7%E0%B8%AD%E0%B8%AA%E0%B8%AD%E0%B8%87-%E0%B8%AA%E0%B8%B3%E0%B8%AB%E0%B8%A3%E0%B8%B1%E0%B8%9A-%E0%B8%82%E0%B8%B2%E0%B8%A2","https://www.one2car.com/%E0%B8%A3%E0%B8%96-%E0%B8%AA%E0%B8%B3%E0%B8%AB%E0%B8%A3%E0%B8%B1%E0%B8%9A-%E0%B8%82%E0%B8%B2%E0%B8%A2?type=used&page_number=3&page_size=26","2015 Ford RANGER 2.5 Open Cab (ปี 12-15) XL Pickup","199,000 บาท","ผ่อน 3,XXX ออกรถ 999 สีเดิมบาง เจ้าของเดิมใช้งานน้อยมาก สภาพสมบูรณ์ ...","5 - 10K กม.","กรุงเทพมหานคร","Ford RANGER","มือสอง","เกียร์ธรรมดา"
"1786479246-49","https://www.one2car.com/%E0%B8%A3%E0%B8%96%E0%B8%A1%E0%B8%B7%E0%B8%AD%E0%B8%AA%E0%B8%AD%E0%B8%87-%E0%B8%AA%E0%B8%B3%E0%B8%AB%E0%B8%A3%E0%B8%B1%E0%B8%9A-%E0%B8%82%E0%B8%B2%E0%B8%A2","https://www.one2car.com/%E0%B8%A3%E0%B8%96-%E0%B8%AA%E0%B8%B3%E0%B8%AB%E0%B8%A3%E0%B8%B1%E0%B8%9A-%E0%B8%82%E0%B8%B2%E0%B8%A2?type=used&page_number=3&page_size=26","2019 Toyota CAMRY 2.0 (ปี 18-24) G Sedan","589,000 บาท","ผ่อน 10,XXX.- รถสวยเดิม ประวัติเช็คศูนย์ มือแรกออกห้าง ดีไซน์สปอร์ตโฉมปัจจุบันทั้งภายนอกภา ...","95 - 100K กม.","กรุงเทพมหานคร","Toyota CAMRY","มือสอง","เกียร์อัตโนมัติ"
"1786479246-50","https://www.one2car.com/%E0%B8%A3%E0%B8%96%E0%B8%A1%E0%B8%B7%E0%B8%AD%E0%B8%AA%E0%B8%AD%E0%B8%87-%E0%B8%AA%E0%B8%B3%E0%B8%AB%E0%B8%A3%E0%B8%B1%E0%B8%9A-%E0%B8%82%E0%B8%B2%E0%B8%A2","https://www.one2car.com/%E0%B8%A3%E0%B8%96-%E0%B8%AA%E0%B8%B3%E0%B8%AB%E0%B8%A3%E0%B8%B1%E0%B8%9A-%E0%B8%82%E0%B8%B2%E0%B8%A2?type=used&page_number=3&page_size=26","2022 Honda CR-V 2.4 (ปี 17-21) E SUV","659,000 บาท","ผ่อนเพียง 11,000 บาท ออกรถ 999 บาทยอดนิยม ขับดี นั่งสบาย ห้องโดยสารกว้าง เครื่องยนต์ 2.4 ...","95 - 100K กม.","กรุงเทพมหานคร","Honda CR-V","มือสอง","เกียร์อัตโนมัติ"
"1786479246-51","https://www.one2car.com/%E0%B8%A3%E0%B8%96%E0%B8%A1%E0%B8%B7%E0%B8%AD%E0%B8%AA%E0%B8%AD%E0%B8%87-%E0%B8%AA%E0%B8%B3%E0%B8%AB%E0%B8%A3%E0%B8%B1%E0%B8%9A-%E0%B8%82%E0%B8%B2%E0%B8%A2","https://www.one2car.com/%E0%B8%A3%E0%B8%96-%E0%B8%AA%E0%B8%B3%E0%B8%AB%E0%B8%A3%E0%B8%B1%E0%B8%9A-%E0%B8%82%E0%B8%B2%E0%B8%A2?type=used&page_number=3&page_size=26","2025 Honda HR-V 1.5 (ปี 22-28) e:HEV E SUV - e HEV E","799,000 บาท","ผ่อน 12,XXX ออกรถ 999 มือแรก ประวัติเช็คศูนย์ สีเดิมบาง ไมล์น้อยมากเพียง 12,268 กม. ...","5 - 10K กม.","กรุงเทพมหานคร","Honda HR-V","มือสอง","เกียร์อัตโนมัติ"
"1786479246-52","https://www.one2car.com/%E0%B8%A3%E0%B8%96%E0%B8%A1%E0%B8%B7%E0%B8%AD%E0%B8%AA%E0%B8%AD%E0%B8%87-%E0%B8%AA%E0%B8%B3%E0%B8%AB%E0%B8%A3%E0%B8%B1%E0%B8%9A-%E0%B8%82%E0%B8%B2%E0%B8%A2","https://www.one2car.com/%E0%B8%A3%E0%B8%96-%E0%B8%AA%E0%B8%B3%E0%B8%AB%E0%B8%A3%E0%B8%B1%E0%B8%9A-%E0%B8%82%E0%B8%B2%E0%B8%A2?type=used&page_number=3&page_size=26","2024 Honda HR-V 1.5 (ปี 22-28) e:HEV EL SUV - e HEV EL","729,000 บาท","ผ่อน 12,000 ออกรถ 999 มือแรก ประวัติเช็คศูนย์ สีเดิมบาง SUV ไฮบริดยอดนิยม สีขาวสวย ...","95 - 100K กม.","กรุงเทพมหานคร","Honda HR-V","มือสอง","เกียร์อัตโนมัติ"
"1786479246-53","https://www.one2car.com/%E0%B8%A3%E0%B8%96%E0%B8%A1%E0%B8%B7%E0%B8%AD%E0%B8%AA%E0%B8%AD%E0%B8%87-%E0%B8%AA%E0%B8%B3%E0%B8%AB%E0%B8%A3%E0%B8%B1%E0%B8%9A-%E0%B8%82%E0%B8%B2%E0%B8%A2","https://www.one2car.com/%E0%B8%A3%E0%B8%96-%E0%B8%AA%E0%B8%B3%E0%B8%AB%E0%B8%A3%E0%B8%B1%E0%B8%9A-%E0%B8%82%E0%B8%B2%E0%B8%A2?type=used&page_number=3&page_size=26","2023 Mitsubishi PAJERO SPORT 2.4 (ปี 19-25) GT Plus SUV   ...","749,000 บาท","ผ่อน 12,XXX ออกรถ 999 รับประกัน 70,000 กม. SUV 7 ที่นั่ง เครื่องดีเซล 2.4 แรง ประหยัด ...","95 - 100K กม.","กรุงเทพมหานคร","Mitsubishi PAJERO SPORT","มือสอง","เกียร์อัตโนมัติ"
"1786479246-54","https://www.one2car.com/%E0%B8%A3%E0%B8%96%E0%B8%A1%E0%B8%B7%E0%B8%AD%E0%B8%AA%E0%B8%AD%E0%B8%87-%E0%B8%AA%E0%B8%B3%E0%B8%AB%E0%B8%A3%E0%B8%B1%E0%B8%9A-%E0%B8%82%E0%B8%B2%E0%B8%A2","https://www.one2car.com/%E0%B8%A3%E0%B8%96-%E0%B8%AA%E0%B8%B3%E0%B8%AB%E0%B8%A3%E0%B8%B1%E0%B8%9A-%E0%B8%82%E0%B8%B2%E0%B8%A2?type=used&page_number=3&page_size=26","2018 Mazda CX-5 2.0 (ปี 17-26) S SUV","469,000 บาท","Mazda CX-5 2.0 S 2WD | ปี : 2018 sาคา : 469,000 บาท เริ่มผ่อน : 7,xxx บาท / งวด เกียร์ : ...","135 - 140K กม.","กรุงเทพมหานคร","Mazda CX-5","มือสอง","เกียร์อัตโนมัติ"
"1786479246-55","https://www.one2car.com/%E0%B8%A3%E0%B8%96%E0%B8%A1%E0%B8%B7%E0%B8%AD%E0%B8%AA%E0%B8%AD%E0%B8%87-%E0%B8%AA%E0%B8%B3%E0%B8%AB%E0%B8%A3%E0%B8%B1%E0%B8%9A-%E0%B8%82%E0%B8%B2%E0%B8%A2","https://www.one2car.com/%E0%B8%A3%E0%B8%96-%E0%B8%AA%E0%B8%B3%E0%B8%AB%E0%B8%A3%E0%B8%B1%E0%B8%9A-%E0%B8%82%E0%B8%B2%E0%B8%A2?type=used&page_number=3&page_size=26","2018 Mazda CX-5 2.0 (ปี 17-26) SP SUV","459,000 บาท","Mazda CX-5 2.0 SP 2WD | ปีจด : 2018 sาคา Promotion : 459,000 บาท เริ่มผ่อน : 7,xxx บาท / ...","195 - 200K กม.","กรุงเทพมหานคร","Mazda CX-5","มือสอง","เกียร์อัตโนมัติ"
"1786479246-56","https://www.one2car.com/%E0%B8%A3%E0%B8%96%E0%B8%A1%E0%B8%B7%E0%B8%AD%E0%B8%AA%E0%B8%AD%E0%B8%87-%E0%B8%AA%E0%B8%B3%E0%B8%AB%E0%B8%A3%E0%B8%B1%E0%B8%9A-%E0%B8%82%E0%B8%B2%E0%B8%A2","https://www.one2car.com/%E0%B8%A3%E0%B8%96-%E0%B8%AA%E0%B8%B3%E0%B8%AB%E0%B8%A3%E0%B8%B1%E0%B8%9A-%E0%B8%82%E0%B8%B2%E0%B8%A2?type=used&page_number=3&page_size=26","2010 Honda CIVIC 1.8 FD (ปี 05-12) E Sedan","189,000 บาท","สายHondaCivicFDไม่ควรพลาด ตัวท็อปแอร์ออโต้ดิจิตอล sถในฝันของวัยรุ่นหลายๆท่าน ...","155 - 160K กม.","สมุทรปราการ","Honda CIVIC","มือสอง","เกียร์อัตโนมัติ"
"1786479246-57","https://www.one2car.com/%E0%B8%A3%E0%B8%96%E0%B8%A1%E0%B8%B7%E0%B8%AD%E0%B8%AA%E0%B8%AD%E0%B8%87-%E0%B8%AA%E0%B8%B3%E0%B8%AB%E0%B8%A3%E0%B8%B1%E0%B8%9A-%E0%B8%82%E0%B8%B2%E0%B8%A2","https://www.one2car.com/%E0%B8%A3%E0%B8%96-%E0%B8%AA%E0%B8%B3%E0%B8%AB%E0%B8%A3%E0%B8%B1%E0%B8%9A-%E0%B8%82%E0%B8%B2%E0%B8%A2?type=used&page_number=3&page_size=26","2018 Toyota Yaris Ativ 1.2 (ปี 17-22) G Sedan","329,000 บาท","รถเล็ก ผ่อนเริ่ม 5,xxx-./เดือน เครดิตดีฟรีดาวน์* รับประกัน 5 ปี มีรถให้ใช้ระหว่างซ่อม ...","130 - 135K กม.","กรุงเทพมหานคร","Toyota Yaris Ativ","มือสอง","เกียร์อัตโนมัติ"
"1786479246-58","https://www.one2car.com/%E0%B8%A3%E0%B8%96%E0%B8%A1%E0%B8%B7%E0%B8%AD%E0%B8%AA%E0%B8%AD%E0%B8%87-%E0%B8%AA%E0%B8%B3%E0%B8%AB%E0%B8%A3%E0%B8%B1%E0%B8%9A-%E0%B8%82%E0%B8%B2%E0%B8%A2","https://www.one2car.com/%E0%B8%A3%E0%B8%96-%E0%B8%AA%E0%B8%B3%E0%B8%AB%E0%B8%A3%E0%B8%B1%E0%B8%9A-%E0%B8%82%E0%B8%B2%E0%B8%A2?type=used&page_number=3&page_size=26","2021 Honda JAZZ 1.5 (ปี 14-22) V Hatchback","439,000 บาท","รถ Hatchback ผ่อนเริ่ม 7,xxx-./เดือน เครดิตดีฟรีดาวน์* รับประกัน 5 ปี ...","100 - 105K กม.","สมุทรปราการ","Honda JAZZ","มือสอง","เกียร์อัตโนมัติ"
"1786479246-59","https://www.one2car.com/%E0%B8%A3%E0%B8%96%E0%B8%A1%E0%B8%B7%E0%B8%AD%E0%B8%AA%E0%B8%AD%E0%B8%87-%E0%B8%AA%E0%B8%B3%E0%B8%AB%E0%B8%A3%E0%B8%B1%E0%B8%9A-%E0%B8%82%E0%B8%B2%E0%B8%A2","https://www.one2car.com/%E0%B8%A3%E0%B8%96-%E0%B8%AA%E0%B8%B3%E0%B8%AB%E0%B8%A3%E0%B8%B1%E0%B8%9A-%E0%B8%82%E0%B8%B2%E0%B8%A2?type=used&page_number=3&page_size=26","2017 Toyota YARIS 1.2 (ปี 17-25) E Hatchback","269,000 บาท","รถเล็ก ผ่อนเริ่ม 4,xxx-./เดือน เครดิตดีฟรีดาวน์* รับประกัน 5 ปี มีรถให้ใช้ระหว่างซ่อม ...","170 - 175K กม.","สมุทรปราการ","Toyota YARIS","มือสอง","เกียร์อัตโนมัติ"
"1786479246-60","https://www.one2car.com/%E0%B8%A3%E0%B8%96%E0%B8%A1%E0%B8%B7%E0%B8%AD%E0%B8%AA%E0%B8%AD%E0%B8%87-%E0%B8%AA%E0%B8%B3%E0%B8%AB%E0%B8%A3%E0%B8%B1%E0%B8%9A-%E0%B8%82%E0%B8%B2%E0%B8%A2","https://www.one2car.com/%E0%B8%A3%E0%B8%96-%E0%B8%AA%E0%B8%B3%E0%B8%AB%E0%B8%A3%E0%B8%B1%E0%B8%9A-%E0%B8%82%E0%B8%B2%E0%B8%A2?type=used&page_number=3&page_size=26","2023 Mitsubishi TRITON 2.5 Mega Cab (ปี 18-23) GLX Pickup ...","419,000 บาท","รถกระบะ ผ่อนเริ่ม 7,xxx-./เดือน เครดิตดีฟรีดาวน์* รับประกัน 5 ปี มีรถให้ใช้ระหว่างซ่อม ...","70 - 75K กม.","กรุงเทพมหานคร","Mitsubishi TRITON","มือสอง","เกียร์ธรรมดา"
"1786479246-61","https://www.one2car.com/%E0%B8%A3%E0%B8%96%E0%B8%A1%E0%B8%B7%E0%B8%AD%E0%B8%AA%E0%B8%AD%E0%B8%87-%E0%B8%AA%E0%B8%B3%E0%B8%AB%E0%B8%A3%E0%B8%B1%E0%B8%9A-%E0%B8%82%E0%B8%B2%E0%B8%A2","https://www.one2car.com/%E0%B8%A3%E0%B8%96-%E0%B8%AA%E0%B8%B3%E0%B8%AB%E0%B8%A3%E0%B8%B1%E0%B8%9A-%E0%B8%82%E0%B8%B2%E0%B8%A2?type=used&page_number=3&page_size=26","2023 Isuzu D-MAX 3.0 Cab-4 (ปี 19-26) Vcross M Pickup - 4W...","959,000 บาท","รถกระบะ ผ่อนเริ่ม 17,xxx-./เดือน เครดิตดีฟรีดาวน์* รับประกัน 5 ปี มีรถให้ใช้ระหว่างซ่อม ...","35 - 40K กม.","กรุงเทพมหานคร","Isuzu D-MAX","มือสอง","เกียร์อัตโนมัติ"
"1786479246-62","https://www.one2car.com/%E0%B8%A3%E0%B8%96%E0%B8%A1%E0%B8%B7%E0%B8%AD%E0%B8%AA%E0%B8%AD%E0%B8%87-%E0%B8%AA%E0%B8%B3%E0%B8%AB%E0%B8%A3%E0%B8%B1%E0%B8%9A-%E0%B8%82%E0%B8%B2%E0%B8%A2","https://www.one2car.com/%E0%B8%A3%E0%B8%96-%E0%B8%AA%E0%B8%B3%E0%B8%AB%E0%B8%A3%E0%B8%B1%E0%B8%9A-%E0%B8%82%E0%B8%B2%E0%B8%A2?type=used&page_number=3&page_size=26","2024 Honda City 1.5 (ปี 19-26) e:HEV SV Sedan - e HEV SV  ...","549,000 บาท","เก๋งเล็กใช้งานสะดวก ผ่อนเริ่ม 9,xxx-./เดือน เครดิตดีฟรีดาวน์* รับประกัน 5 ปี ...","15 - 20K กม.","กรุงเทพมหานคร","Honda City","มือสอง","เกียร์อัตโนมัติ"
"1786479246-63","https://www.one2car.com/%E0%B8%A3%E0%B8%96%E0%B8%A1%E0%B8%B7%E0%B8%AD%E0%B8%AA%E0%B8%AD%E0%B8%87-%E0%B8%AA%E0%B8%B3%E0%B8%AB%E0%B8%A3%E0%B8%B1%E0%B8%9A-%E0%B8%82%E0%B8%B2%E0%B8%A2","https://www.one2car.com/%E0%B8%A3%E0%B8%96-%E0%B8%AA%E0%B8%B3%E0%B8%AB%E0%B8%A3%E0%B8%B1%E0%B8%9A-%E0%B8%82%E0%B8%B2%E0%B8%A2?type=used&page_number=3&page_size=26","2022 Toyota Yaris Ativ 1.2 (ปี 22-28) Smart Sedan","469,000 บาท","รถซีดาน ผ่อนเริ่ม 8,xxx-./เดือน เครดิตดีฟรีดาวน์* รับประกัน 5 ปี มีรถให้ใช้ระหว่างซ่อม ...","125 - 130K กม.","กรุงเทพมหานคร","Toyota Yaris Ativ","มือสอง","เกียร์อัตโนมัติ"
"1786479246-64","https://www.one2car.com/%E0%B8%A3%E0%B8%96%E0%B8%A1%E0%B8%B7%E0%B8%AD%E0%B8%AA%E0%B8%AD%E0%B8%87-%E0%B8%AA%E0%B8%B3%E0%B8%AB%E0%B8%A3%E0%B8%B1%E0%B8%9A-%E0%B8%82%E0%B8%B2%E0%B8%A2","https://www.one2car.com/%E0%B8%A3%E0%B8%96-%E0%B8%AA%E0%B8%B3%E0%B8%AB%E0%B8%A3%E0%B8%B1%E0%B8%9A-%E0%B8%82%E0%B8%B2%E0%B8%A2?type=used&page_number=3&page_size=26","2020 Mitsubishi PAJERO SPORT 2.4 (ปี 19-25) GT Premium SUV...","839,000 บาท","🔸CARS X คัดมาให้แล้วรถสวยคุณภาพดี MITSUBISHI PAJERO SPORT 2.4 GT PREMIUM 4WD สีขาว เกียร์ ...","145 - 150K กม.","กรุงเทพมหานคร","Mitsubishi PAJERO SPORT","มือสอง","เกียร์อัตโนมัติ"
"1786479246-65","https://www.one2car.com/%E0%B8%A3%E0%B8%96%E0%B8%A1%E0%B8%B7%E0%B8%AD%E0%B8%AA%E0%B8%AD%E0%B8%87-%E0%B8%AA%E0%B8%B3%E0%B8%AB%E0%B8%A3%E0%B8%B1%E0%B8%9A-%E0%B8%82%E0%B8%B2%E0%B8%A2","https://www.one2car.com/%E0%B8%A3%E0%B8%96-%E0%B8%AA%E0%B8%B3%E0%B8%AB%E0%B8%A3%E0%B8%B1%E0%B8%9A-%E0%B8%82%E0%B8%B2%E0%B8%A2?type=used&page_number=3&page_size=26","2019 Honda ACCORD 2.0 (ปี 13-19) Hybrid Sedan","569,000 บาท","ออกรถ 55 บาท ผ่อนเพียง 9,XXX **-. /เดือน ราคาพิเศษ 569,000 ราคากลาง : 540,000 ...","133150 กม.","สมุทรปราการ","Honda ACCORD","มือสอง","เกียร์อัตโนมัติ"
"1786479246-66","https://www.one2car.com/%E0%B8%A3%E0%B8%96%E0%B8%A1%E0%B8%B7%E0%B8%AD%E0%B8%AA%E0%B8%AD%E0%B8%87-%E0%B8%AA%E0%B8%B3%E0%B8%AB%E0%B8%A3%E0%B8%B1%E0%B8%9A-%E0%B8%82%E0%B8%B2%E0%B8%A2","https://www.one2car.com/%E0%B8%A3%E0%B8%96-%E0%B8%AA%E0%B8%B3%E0%B8%AB%E0%B8%A3%E0%B8%B1%E0%B8%9A-%E0%B8%82%E0%B8%B2%E0%B8%A2?type=used&page_number=3&page_size=26","2020 Isuzu D-MAX 1.9 Cab-4 (ปี 19-26) X-Series Hi-Lander Z...","659,000 บาท","รถกระบะ ผ่อนเริ่ม 11,xxx-./เดือน เครดิตดีฟรีดาวน์* รับประกัน 5 ปี มีรถให้ใช้ระหว่างซ่อม ...","75 - 80K กม.","กรุงเทพมหานคร","Isuzu D-MAX","มือสอง","เกียร์อัตโนมัติ"
"1786479246-67","https://www.one2car.com/%E0%B8%A3%E0%B8%96%E0%B8%A1%E0%B8%B7%E0%B8%AD%E0%B8%AA%E0%B8%AD%E0%B8%87-%E0%B8%AA%E0%B8%B3%E0%B8%AB%E0%B8%A3%E0%B8%B1%E0%B8%9A-%E0%B8%82%E0%B8%B2%E0%B8%A2","https://www.one2car.com/%E0%B8%A3%E0%B8%96-%E0%B8%AA%E0%B8%B3%E0%B8%AB%E0%B8%A3%E0%B8%B1%E0%B8%9A-%E0%B8%82%E0%B8%B2%E0%B8%A2?type=used&page_number=3&page_size=26","2022 Isuzu MU-X 1.9 (ปี 20-26) Active SUV","819,000 บาท","รถ PPV ผ่อนเริ่ม 14,xxx-./เดือน เครดิตดีฟรีดาวน์* รับประกัน 5 ปี มีรถให้ใช้ระหว่างซ่อม ...","80 - 85K กม.","ฉะเชิงเทรา","Isuzu MU-X","มือสอง","เกียร์อัตโนมัติ"
"1786479246-68","https://www.one2car.com/%E0%B8%A3%E0%B8%96%E0%B8%A1%E0%B8%B7%E0%B8%AD%E0%B8%AA%E0%B8%AD%E0%B8%87-%E0%B8%AA%E0%B8%B3%E0%B8%AB%E0%B8%A3%E0%B8%B1%E0%B8%9A-%E0%B8%82%E0%B8%B2%E0%B8%A2","https://www.one2car.com/%E0%B8%A3%E0%B8%96-%E0%B8%AA%E0%B8%B3%E0%B8%AB%E0%B8%A3%E0%B8%B1%E0%B8%9A-%E0%B8%82%E0%B8%B2%E0%B8%A2?type=used&page_number=3&page_size=26","2022 Suzuki SWIFT 1.2 (ปี 18-25) GL Plus Hatchback","369,000 บาท","รถเล็ก ผ่อนเริ่ม 6,xxx-./เดือน เครดิตดีฟรีดาวน์* รับประกัน 5 ปี มีรถให้ใช้ระหว่างซ่อม ...","70 - 75K กม.","กรุงเทพมหานคร","Suzuki SWIFT","มือสอง","เกียร์อัตโนมัติ"
"1786479246-69","https://www.one2car.com/%E0%B8%A3%E0%B8%96%E0%B8%A1%E0%B8%B7%E0%B8%AD%E0%B8%AA%E0%B8%AD%E0%B8%87-%E0%B8%AA%E0%B8%B3%E0%B8%AB%E0%B8%A3%E0%B8%B1%E0%B8%9A-%E0%B8%82%E0%B8%B2%E0%B8%A2","https://www.one2car.com/%E0%B8%A3%E0%B8%96-%E0%B8%AA%E0%B8%B3%E0%B8%AB%E0%B8%A3%E0%B8%B1%E0%B8%9A-%E0%B8%82%E0%B8%B2%E0%B8%A2?type=used&page_number=3&page_size=26","2021 Toyota VIOS 1.5 (ปี 17-22) High Sedan","399,000 บาท","รถเล็ก ผ่อนเริ่ม 6,xxx-./เดือน เครดิตดีฟรีดาวน์* รับประกัน 5 ปี มีรถให้ใช้ระหว่างซ่อม ...","145 - 150K กม.","ชลบุรี","Toyota VIOS","มือสอง","เกียร์อัตโนมัติ"
"1786479251-70","https://www.one2car.com/%E0%B8%A3%E0%B8%96%E0%B8%A1%E0%B8%B7%E0%B8%AD%E0%B8%AA%E0%B8%AD%E0%B8%87-%E0%B8%AA%E0%B8%B3%E0%B8%AB%E0%B8%A3%E0%B8%B1%E0%B8%9A-%E0%B8%82%E0%B8%B2%E0%B8%A2","https://www.one2car.com/%E0%B8%A3%E0%B8%96-%E0%B8%AA%E0%B8%B3%E0%B8%AB%E0%B8%A3%E0%B8%B1%E0%B8%9A-%E0%B8%82%E0%B8%B2%E0%B8%A2?type=used&page_number=4&page_size=26","2023 Isuzu D-MAX 1.9 Cab-4 (ปี 19-26) Hi-Lander Z Pickup  ...","639,000 บาท","รถกระบะ ผ่อนเริ่ม 11,xxx-./เดือน เครดิตดีฟรีดาวน์* รับประกัน 5 ปี มีรถให้ใช้ระหว่างซ่อม ...","110 - 115K กม.","กรุงเทพมหานคร","Isuzu D-MAX","มือสอง","เกียร์อัตโนมัติ"
"1786479251-71","https://www.one2car.com/%E0%B8%A3%E0%B8%96%E0%B8%A1%E0%B8%B7%E0%B8%AD%E0%B8%AA%E0%B8%AD%E0%B8%87-%E0%B8%AA%E0%B8%B3%E0%B8%AB%E0%B8%A3%E0%B8%B1%E0%B8%9A-%E0%B8%82%E0%B8%B2%E0%B8%A2","https://www.one2car.com/%E0%B8%A3%E0%B8%96-%E0%B8%AA%E0%B8%B3%E0%B8%AB%E0%B8%A3%E0%B8%B1%E0%B8%9A-%E0%B8%82%E0%B8%B2%E0%B8%A2?type=used&page_number=4&page_size=26","2019 Ford RANGER 2.2 Double Cab (ปี 15-21) XLT Hi-Rider Pi...","429,000 บาท","รถกระบะทำเงิน ผ่อนเริ่ม 7,xxx-./เดือน เครดิตดีฟรีดาวน์* รับประกัน 5 เดือน ...","45 - 50K กม.","ระยอง","Ford RANGER","มือสอง","เกียร์อัตโนมัติ"
"1786479251-72","https://www.one2car.com/%E0%B8%A3%E0%B8%96%E0%B8%A1%E0%B8%B7%E0%B8%AD%E0%B8%AA%E0%B8%AD%E0%B8%87-%E0%B8%AA%E0%B8%B3%E0%B8%AB%E0%B8%A3%E0%B8%B1%E0%B8%9A-%E0%B8%82%E0%B8%B2%E0%B8%A2","https://www.one2car.com/%E0%B8%A3%E0%B8%96-%E0%B8%AA%E0%B8%B3%E0%B8%AB%E0%B8%A3%E0%B8%B1%E0%B8%9A-%E0%B8%82%E0%B8%B2%E0%B8%A2?type=used&page_number=4&page_size=26","2023 Toyota Corolla Cross 1.8 (ปี 20-26) Hybrid Smart SUV ...","629,000 บาท","🔸 CARS X คัดมาให้แล้วรถสวยคุณภาพดี TOYOTA COROLLA CROSS 1.8 HYBRID SMART สีบรอนซ์ เกียร์ ...","180 - 185K กม.","กรุงเทพมหานคร","","มือสอง","เกียร์อัตโนมัติ"
"1786479251-73","https://www.one2car.com/%E0%B8%A3%E0%B8%96%E0%B8%A1%E0%B8%B7%E0%B8%AD%E0%B8%AA%E0%B8%AD%E0%B8%87-%E0%B8%AA%E0%B8%B3%E0%B8%AB%E0%B8%A3%E0%B8%B1%E0%B8%9A-%E0%B8%82%E0%B8%B2%E0%B8%A2","https://www.one2car.com/%E0%B8%A3%E0%B8%96-%E0%B8%AA%E0%B8%B3%E0%B8%AB%E0%B8%A3%E0%B8%B1%E0%B8%9A-%E0%B8%82%E0%B8%B2%E0%B8%A2?type=used&page_number=4&page_size=26","2022 Isuzu MU-X 3.0 (ปี 20-26) Ultimate SUV - 4WD","979,000 บาท","🔸CARS X คัดมาให้แล้วรถสวยคุณภาพดี ISUZU MU-X 3.0 ULTIMATE 4WD สีเทาดำ เกียร์ AT ปี 2022 ...","115 - 120K กม.","กรุงเทพมหานคร","Isuzu MU-X","มือสอง","เกียร์อัตโนมัติ"
"1786479251-74","https://www.one2car.com/%E0%B8%A3%E0%B8%96%E0%B8%A1%E0%B8%B7%E0%B8%AD%E0%B8%AA%E0%B8%AD%E0%B8%87-%E0%B8%AA%E0%B8%B3%E0%B8%AB%E0%B8%A3%E0%B8%B1%E0%B8%9A-%E0%B8%82%E0%B8%B2%E0%B8%A2","https://www.one2car.com/%E0%B8%A3%E0%B8%96-%E0%B8%AA%E0%B8%B3%E0%B8%AB%E0%B8%A3%E0%B8%B1%E0%B8%9A-%E0%B8%82%E0%B8%B2%E0%B8%A2?type=used&page_number=4&page_size=26","2024 Isuzu D-MAX 1.9 Cab-4 (ปี 19-26) Hi-Lander L DA Picku...","649,000 บาท","ออกรถ 55 บาท ผ่อนเพียง 11,XXX **-. /เดือน ราคาพิเศษ 649,000 ราคากลาง : 660,000 ...","28166 กม.","ชลบุรี","Isuzu D-MAX","มือสอง","เกียร์ธรรมดา"
"1786479251-75","https://www.one2car.com/%E0%B8%A3%E0%B8%96%E0%B8%A1%E0%B8%B7%E0%B8%AD%E0%B8%AA%E0%B8%AD%E0%B8%87-%E0%B8%AA%E0%B8%B3%E0%B8%AB%E0%B8%A3%E0%B8%B1%E0%B8%9A-%E0%B8%82%E0%B8%B2%E0%B8%A2","https://www.one2car.com/%E0%B8%A3%E0%B8%96-%E0%B8%AA%E0%B8%B3%E0%B8%AB%E0%B8%A3%E0%B8%B1%E0%B8%9A-%E0%B8%82%E0%B8%B2%E0%B8%A2?type=used&page_number=4&page_size=26","2022 Toyota YARIS 1.2 (ปี 17-25) Sport Premium X Hatchback...","429,000 บาท","รถ Hatchback ผ่อนเริ่ม 7,xxx-./เดือน เครดิตดีฟรีดาวน์* รับประกัน 5 ปี ...","75 - 80K กม.","ชลบุรี","Toyota YARIS","มือสอง","เกียร์อัตโนมัติ"
"1786479251-76","https://www.one2car.com/%E0%B8%A3%E0%B8%96%E0%B8%A1%E0%B8%B7%E0%B8%AD%E0%B8%AA%E0%B8%AD%E0%B8%87-%E0%B8%AA%E0%B8%B3%E0%B8%AB%E0%B8%A3%E0%B8%B1%E0%B8%9A-%E0%B8%82%E0%B8%B2%E0%B8%A2","https://www.one2car.com/%E0%B8%A3%E0%B8%96-%E0%B8%AA%E0%B8%B3%E0%B8%AB%E0%B8%A3%E0%B8%B1%E0%B8%9A-%E0%B8%82%E0%B8%B2%E0%B8%A2?type=used&page_number=4&page_size=26","2022 Mazda CX-5 2.0 (ปี 17-26) SP SUV","659,000 บาท","🔸CARS X คัดมาให้แล้วรถสวยคุณภาพดี MAZDA CX-5 2.0 SP สีเทา เกียร์ AT ปี 2021 เลขไมล์ ...","160 - 165K กม.","นครปฐม","Mazda CX-5","มือสอง","เกียร์อัตโนมัติ"
"1786479251-77","https://www.one2car.com/%E0%B8%A3%E0%B8%96%E0%B8%A1%E0%B8%B7%E0%B8%AD%E0%B8%AA%E0%B8%AD%E0%B8%87-%E0%B8%AA%E0%B8%B3%E0%B8%AB%E0%B8%A3%E0%B8%B1%E0%B8%9A-%E0%B8%82%E0%B8%B2%E0%B8%A2","https://www.one2car.com/%E0%B8%A3%E0%B8%96-%E0%B8%AA%E0%B8%B3%E0%B8%AB%E0%B8%A3%E0%B8%B1%E0%B8%9A-%E0%B8%82%E0%B8%B2%E0%B8%A2?type=used&page_number=4&page_size=26","2021 Honda CR-V 2.4 (ปี 17-21) ES SUV - AWD","739,000 บาท","รถSUV ผ่อนเริ่ม 12,xxx-./เดือน เครดิตดีฟรีดาวน์* รับประกัน 5 ปี มีรถให้ใช้ระหว่างซ่อม ...","120 - 125K กม.","สมุทรปราการ","Honda CR-V","มือสอง","เกียร์อัตโนมัติ"
"1786479251-78","https://www.one2car.com/%E0%B8%A3%E0%B8%96%E0%B8%A1%E0%B8%B7%E0%B8%AD%E0%B8%AA%E0%B8%AD%E0%B8%87-%E0%B8%AA%E0%B8%B3%E0%B8%AB%E0%B8%A3%E0%B8%B1%E0%B8%9A-%E0%B8%82%E0%B8%B2%E0%B8%A2","https://www.one2car.com/%E0%B8%A3%E0%B8%96-%E0%B8%AA%E0%B8%B3%E0%B8%AB%E0%B8%A3%E0%B8%B1%E0%B8%9A-%E0%B8%82%E0%B8%B2%E0%B8%A2?type=used&page_number=4&page_size=26","2022 Toyota HILUX REVO 2.4 Smart Cab Prerunner Entry Picku...","549,000 บาท","รถกระบะ ผ่อนเริ่ม 9,xxx-./เดือน เครดิตดีฟรีดาวน์* รับประกัน 5 ปี มีรถให้ใช้ระหว่างซ่อม ...","140 - 145K กม.","กรุงเทพมหานคร","Toyota HILUX REVO","มือสอง","เกียร์อัตโนมัติ"
"1786479251-79","https://www.one2car.com/%E0%B8%A3%E0%B8%96%E0%B8%A1%E0%B8%B7%E0%B8%AD%E0%B8%AA%E0%B8%AD%E0%B8%87-%E0%B8%AA%E0%B8%B3%E0%B8%AB%E0%B8%A3%E0%B8%B1%E0%B8%9A-%E0%B8%82%E0%B8%B2%E0%B8%A2","https://www.one2car.com/%E0%B8%A3%E0%B8%96-%E0%B8%AA%E0%B8%B3%E0%B8%AB%E0%B8%A3%E0%B8%B1%E0%B8%9A-%E0%B8%82%E0%B8%B2%E0%B8%A2?type=used&page_number=4&page_size=26","2019 Honda ACCORD 1.5 (ปี 19-23) Turbo EL Sedan","649,000 บาท","🔥 ด่วนที่สุด! เลือกรับโปรที่ชอบที่ CARS X ออกรถเดือนนี้ เลือกรับ ""ดอกเบี้ยพิเศษ 1.99% (4 ...","115 - 120K กม.","ระยอง","Honda ACCORD","มือสอง","เกียร์อัตโนมัติ"
"1786479251-80","https://www.one2car.com/%E0%B8%A3%E0%B8%96%E0%B8%A1%E0%B8%B7%E0%B8%AD%E0%B8%AA%E0%B8%AD%E0%B8%87-%E0%B8%AA%E0%B8%B3%E0%B8%AB%E0%B8%A3%E0%B8%B1%E0%B8%9A-%E0%B8%82%E0%B8%B2%E0%B8%A2","https://www.one2car.com/%E0%B8%A3%E0%B8%96-%E0%B8%AA%E0%B8%B3%E0%B8%AB%E0%B8%A3%E0%B8%B1%E0%B8%9A-%E0%B8%82%E0%B8%B2%E0%B8%A2?type=used&page_number=4&page_size=26","2018 Toyota CAMRY 2.0 (ปี 18-24) G Sedan","619,000 บาท","🔸CARS X คัดมาให้แล้วรถสวยคุณภาพดี TOYOTA CAMRY 2.0 G สีบรอนซ์ เกียร์ AT ปี 2018 เลขไมล์ ...","100 - 105K กม.","กรุงเทพมหานคร","Toyota CAMRY","มือสอง","เกียร์อัตโนมัติ"
"1786479251-81","https://www.one2car.com/%E0%B8%A3%E0%B8%96%E0%B8%A1%E0%B8%B7%E0%B8%AD%E0%B8%AA%E0%B8%AD%E0%B8%87-%E0%B8%AA%E0%B8%B3%E0%B8%AB%E0%B8%A3%E0%B8%B1%E0%B8%9A-%E0%B8%82%E0%B8%B2%E0%B8%A2","https://www.one2car.com/%E0%B8%A3%E0%B8%96-%E0%B8%AA%E0%B8%B3%E0%B8%AB%E0%B8%A3%E0%B8%B1%E0%B8%9A-%E0%B8%82%E0%B8%B2%E0%B8%A2?type=used&page_number=4&page_size=26","2020 Toyota ALPHARD 2.5 (ปี 15-23) HV Van - 4WD","1,649,000 บาท","🔸 CARS X คัดมาให้แล้วรถสวยคุณภาพดี TOYOTA ALPHARD 2.5 HV 4WD สีขาว เกียร์ AT ปี 2020 ...","130 - 135K กม.","กรุงเทพมหานคร","Toyota ALPHARD","มือสอง","เกียร์อัตโนมัติ"
"1786479251-82","https://www.one2car.com/%E0%B8%A3%E0%B8%96%E0%B8%A1%E0%B8%B7%E0%B8%AD%E0%B8%AA%E0%B8%AD%E0%B8%87-%E0%B8%AA%E0%B8%B3%E0%B8%AB%E0%B8%A3%E0%B8%B1%E0%B8%9A-%E0%B8%82%E0%B8%B2%E0%B8%A2","https://www.one2car.com/%E0%B8%A3%E0%B8%96-%E0%B8%AA%E0%B8%B3%E0%B8%AB%E0%B8%A3%E0%B8%B1%E0%B8%9A-%E0%B8%82%E0%B8%B2%E0%B8%A2?type=used&page_number=4&page_size=26","2014 Toyota FORTUNER 3.0 (ปี 12-15) V SUV","459,000 บาท","☆ F/N ออกง่าย อนุมัติไวใน 20 นาที ☆ เอกสารไม่ยุ่งยาก ออกได้ทุกจังหวัด ☆️ ...","225 - 230K กม.","เชียงใหม่","Toyota FORTUNER","มือสอง","เกียร์อัตโนมัติ"
"1786479251-83","https://www.one2car.com/%E0%B8%A3%E0%B8%96%E0%B8%A1%E0%B8%B7%E0%B8%AD%E0%B8%AA%E0%B8%AD%E0%B8%87-%E0%B8%AA%E0%B8%B3%E0%B8%AB%E0%B8%A3%E0%B8%B1%E0%B8%9A-%E0%B8%82%E0%B8%B2%E0%B8%A2","https://www.one2car.com/%E0%B8%A3%E0%B8%96-%E0%B8%AA%E0%B8%B3%E0%B8%AB%E0%B8%A3%E0%B8%B1%E0%B8%9A-%E0%B8%82%E0%B8%B2%E0%B8%A2?type=used&page_number=4&page_size=26","2022 Isuzu D-MAX 1.9 Cab-4 (ปี 19-26) L DA Pickup","479,000 บาท","🚩 ขายด่วน!! Isuzu Dmax Cab4 1.9 Ddi L M/T รถสวยสภาพป้ายแดง สภาพใหม่กริป สภาพแบบนี้ ...","25 - 30K กม.","กรุงเทพมหานคร","Isuzu D-MAX","มือสอง","เกียร์ธรรมดา"
"1786479251-84","https://www.one2car.com/%E0%B8%A3%E0%B8%96%E0%B8%A1%E0%B8%B7%E0%B8%AD%E0%B8%AA%E0%B8%AD%E0%B8%87-%E0%B8%AA%E0%B8%B3%E0%B8%AB%E0%B8%A3%E0%B8%B1%E0%B8%9A-%E0%B8%82%E0%B8%B2%E0%B8%A2","https://www.one2car.com/%E0%B8%A3%E0%B8%96-%E0%B8%AA%E0%B8%B3%E0%B8%AB%E0%B8%A3%E0%B8%B1%E0%B8%9A-%E0%B8%82%E0%B8%B2%E0%B8%A2?type=used&page_number=4&page_size=26","2013 Toyota AVANZA 1.5 (ปี 12-16) G Wagon","189,000 บาท","ผ่อน4️⃣1️⃣4️⃣9️⃣บ. 👉รถบ้านเทริน์ออกรถใหม่ป้ายแดง ❎️ไม่ใช่รถลานประมูล❎️ ...","135 - 140K กม.","สมุทรปราการ","","มือสอง","เกียร์อัตโนมัติ"
"1786479251-85","https://www.one2car.com/%E0%B8%A3%E0%B8%96%E0%B8%A1%E0%B8%B7%E0%B8%AD%E0%B8%AA%E0%B8%AD%E0%B8%87-%E0%B8%AA%E0%B8%B3%E0%B8%AB%E0%B8%A3%E0%B8%B1%E0%B8%9A-%E0%B8%82%E0%B8%B2%E0%B8%A2","https://www.one2car.com/%E0%B8%A3%E0%B8%96-%E0%B8%AA%E0%B8%B3%E0%B8%AB%E0%B8%A3%E0%B8%B1%E0%B8%9A-%E0%B8%82%E0%B8%B2%E0%B8%A2?type=used&page_number=4&page_size=26","2015 Toyota HILUX REVO 2.4 Smart Cab E Prerunner Pickup   ...","259,000 บาท","☆ F/N ออกง่าย อนุมัติไวใน 20 นาที ☆ เอกสารไม่ยุ่งยาก ออกได้ทุกจังหวัด ☆️ ...","165 - 170K กม.","เชียงใหม่","Toyota HILUX REVO","มือสอง","เกียร์ธรรมดา"
"1786479251-86","https://www.one2car.com/%E0%B8%A3%E0%B8%96%E0%B8%A1%E0%B8%B7%E0%B8%AD%E0%B8%AA%E0%B8%AD%E0%B8%87-%E0%B8%AA%E0%B8%B3%E0%B8%AB%E0%B8%A3%E0%B8%B1%E0%B8%9A-%E0%B8%82%E0%B8%B2%E0%B8%A2","https://www.one2car.com/%E0%B8%A3%E0%B8%96-%E0%B8%AA%E0%B8%B3%E0%B8%AB%E0%B8%A3%E0%B8%B1%E0%B8%9A-%E0%B8%82%E0%B8%B2%E0%B8%A2?type=used&page_number=4&page_size=26","2022 Hyundai H-1 2.5 (ปี 18-24) Elite NS Van","938,000 บาท","Hyundai H1 2.5 ดีเซล Elite NS ปี 2022 สีขาว *** ได้ชุดแต่ง VIP ภายใน ภายนอก 1 แสน กว่าๆ ...","95 - 100K กม.","กรุงเทพมหานคร","Hyundai H-1","มือสอง","เกียร์อัตโนมัติ"
"1786479251-87","https://www.one2car.com/%E0%B8%A3%E0%B8%96%E0%B8%A1%E0%B8%B7%E0%B8%AD%E0%B8%AA%E0%B8%AD%E0%B8%87-%E0%B8%AA%E0%B8%B3%E0%B8%AB%E0%B8%A3%E0%B8%B1%E0%B8%9A-%E0%B8%82%E0%B8%B2%E0%B8%A2","https://www.one2car.com/%E0%B8%A3%E0%B8%96-%E0%B8%AA%E0%B8%B3%E0%B8%AB%E0%B8%A3%E0%B8%B1%E0%B8%9A-%E0%B8%82%E0%B8%B2%E0%B8%A2?type=used&page_number=4&page_size=26","2022 Toyota Yaris Ativ 1.2 (ปี 17-22) Entry Sedan","378,000 บาท","Coming Soon !!! Toyota Yaris ปี 2022 ฟรีดาวน์ ผ่อน 6,100 บาท ตลอดสัญญา ✅ รับประกัน ...","55 - 60K กม.","กรุงเทพมหานคร","Toyota Yaris Ativ","มือสอง","เกียร์อัตโนมัติ"
"1786479251-88","https://www.one2car.com/%E0%B8%A3%E0%B8%96%E0%B8%A1%E0%B8%B7%E0%B8%AD%E0%B8%AA%E0%B8%AD%E0%B8%87-%E0%B8%AA%E0%B8%B3%E0%B8%AB%E0%B8%A3%E0%B8%B1%E0%B8%9A-%E0%B8%82%E0%B8%B2%E0%B8%A2","https://www.one2car.com/%E0%B8%A3%E0%B8%96-%E0%B8%AA%E0%B8%B3%E0%B8%AB%E0%B8%A3%E0%B8%B1%E0%B8%9A-%E0%B8%82%E0%B8%B2%E0%B8%A2?type=used&page_number=4&page_size=26","2018 Hyundai H-1 2.5 (ปี 08-17) Deluxe Van","758,000 บาท","Hyundai H1 2.5 ดีเซล Deluxe แต่ง VIP ปี 2018 สีดำ ภายในแต่ง VIP มา 1 แสน กว่าๆบาท ...","140000 กม.","กรุงเทพมหานคร","Hyundai H-1","มือสอง","เกียร์อัตโนมัติ"
"1786479251-89","https://www.one2car.com/%E0%B8%A3%E0%B8%96%E0%B8%A1%E0%B8%B7%E0%B8%AD%E0%B8%AA%E0%B8%AD%E0%B8%87-%E0%B8%AA%E0%B8%B3%E0%B8%AB%E0%B8%A3%E0%B8%B1%E0%B8%9A-%E0%B8%82%E0%B8%B2%E0%B8%A2","https://www.one2car.com/%E0%B8%A3%E0%B8%96-%E0%B8%AA%E0%B8%B3%E0%B8%AB%E0%B8%A3%E0%B8%B1%E0%B8%9A-%E0%B8%82%E0%B8%B2%E0%B8%A2?type=used&page_number=4&page_size=26","2014 Hyundai H-1 2.5 (ปี 08-17) Deluxe Van","528,000 บาท","Hyundai H1 2.5 ดีเซล Deluxe Minorchange ปี 2014 ประตูสไลด์ไฟฟ้า 2 บาน เบาะที่นั่ง 11 ...","0 - 5K กม.","กรุงเทพมหานคร","Hyundai H-1","มือสอง","เกียร์อัตโนมัติ"
"1786479251-90","https://www.one2car.com/%E0%B8%A3%E0%B8%96%E0%B8%A1%E0%B8%B7%E0%B8%AD%E0%B8%AA%E0%B8%AD%E0%B8%87-%E0%B8%AA%E0%B8%B3%E0%B8%AB%E0%B8%A3%E0%B8%B1%E0%B8%9A-%E0%B8%82%E0%B8%B2%E0%B8%A2","https://www.one2car.com/%E0%B8%A3%E0%B8%96-%E0%B8%AA%E0%B8%B3%E0%B8%AB%E0%B8%A3%E0%B8%B1%E0%B8%9A-%E0%B8%82%E0%B8%B2%E0%B8%A2?type=used&page_number=4&page_size=26","2018 Toyota VELLFIRE 2.5 (ปี 15-23) ZG Edition Van","1,450,000 บาท","Toyota Vellfire 2.5 ZG Top ปี 2018 สีขาว *** รถบ้านแท้ เจ้าของเดียวจากป้ายแดง *** ...","125 - 130K กม.","กรุงเทพมหานคร","Toyota VELLFIRE","มือสอง","เกียร์อัตโนมัติ"
"1786479257-91","https://www.one2car.com/%E0%B8%A3%E0%B8%96%E0%B8%A1%E0%B8%B7%E0%B8%AD%E0%B8%AA%E0%B8%AD%E0%B8%87-%E0%B8%AA%E0%B8%B3%E0%B8%AB%E0%B8%A3%E0%B8%B1%E0%B8%9A-%E0%B8%82%E0%B8%B2%E0%B8%A2","https://www.one2car.com/%E0%B8%A3%E0%B8%96-%E0%B8%AA%E0%B8%B3%E0%B8%AB%E0%B8%A3%E0%B8%B1%E0%B8%9A-%E0%B8%82%E0%B8%B2%E0%B8%A2?type=used&page_number=5&page_size=26","2022 Toyota YARIS 1.2 (ปี 17-25) Entry Hatchback","398,000 บาท","เลขไมล์ 19,000 กิโล (รับประกันเลขไมล์แท้ ) ✅ รถบ้าน สภาพดี + เลขไมล์น้อย Rare Items ...","10 - 15K กม.","กรุงเทพมหานคร","Toyota YARIS","มือสอง","เกียร์อัตโนมัติ"
"1786479257-92","https://www.one2car.com/%E0%B8%A3%E0%B8%96%E0%B8%A1%E0%B8%B7%E0%B8%AD%E0%B8%AA%E0%B8%AD%E0%B8%87-%E0%B8%AA%E0%B8%B3%E0%B8%AB%E0%B8%A3%E0%B8%B1%E0%B8%9A-%E0%B8%82%E0%B8%B2%E0%B8%A2","https://www.one2car.com/%E0%B8%A3%E0%B8%96-%E0%B8%AA%E0%B8%B3%E0%B8%AB%E0%B8%A3%E0%B8%B1%E0%B8%9A-%E0%B8%82%E0%B8%B2%E0%B8%A2?type=used&page_number=5&page_size=26","2017 Ford RANGER 2.2 Double Cab (ปี 15-21) WildTrak Hi-Rid...","399,000 บาท","☆ F/N ออกง่าย อนุมัติไวใน 20 นาที ☆ เอกสารไม่ยุ่งยาก ออกได้ทุกจังหวัด ☆️ ...","255 - 260K กม.","เชียงใหม่","Ford RANGER","มือสอง","เกียร์อัตโนมัติ"
"1786479257-93","https://www.one2car.com/%E0%B8%A3%E0%B8%96%E0%B8%A1%E0%B8%B7%E0%B8%AD%E0%B8%AA%E0%B8%AD%E0%B8%87-%E0%B8%AA%E0%B8%B3%E0%B8%AB%E0%B8%A3%E0%B8%B1%E0%B8%9A-%E0%B8%82%E0%B8%B2%E0%B8%A2","https://www.one2car.com/%E0%B8%A3%E0%B8%96-%E0%B8%AA%E0%B8%B3%E0%B8%AB%E0%B8%A3%E0%B8%B1%E0%B8%9A-%E0%B8%82%E0%B8%B2%E0%B8%A2?type=used&page_number=5&page_size=26","2018 Mercedes-Benz GLA250 2.0 W156 (ปี 14-20) AMG Dynamic ...","699,000 บาท","Mercedes Benz GLA250 Amg ปี 2018 ไมล์ 66,000 km. รถเจ้าจองเดียว รถศูนย์ Benz Thailand ...","65 - 70K กม.","กรุงเทพมหานคร","Mercedes-Benz GLA250","มือสอง","เกียร์อัตโนมัติ"
"1786479257-94","https://www.one2car.com/%E0%B8%A3%E0%B8%96%E0%B8%A1%E0%B8%B7%E0%B8%AD%E0%B8%AA%E0%B8%AD%E0%B8%87-%E0%B8%AA%E0%B8%B3%E0%B8%AB%E0%B8%A3%E0%B8%B1%E0%B8%9A-%E0%B8%82%E0%B8%B2%E0%B8%A2","https://www.one2car.com/%E0%B8%A3%E0%B8%96-%E0%B8%AA%E0%B8%B3%E0%B8%AB%E0%B8%A3%E0%B8%B1%E0%B8%9A-%E0%B8%82%E0%B8%B2%E0%B8%A2?type=used&page_number=5&page_size=26","2023 BMW 320d 2.0 G20 (ปี 19-26) M Sport Sedan","1,490,000 บาท","BMW 320d M sport LCI 2023 BMW 320d Msport ปี 2023 LCI - BSI มค. 2028 วารันตี ถึง 2028 ( ...","90 - 95K กม.","กรุงเทพมหานคร","BMW 320d","มือสอง","เกียร์อัตโนมัติ"
"1786479257-95","https://www.one2car.com/%E0%B8%A3%E0%B8%96%E0%B8%A1%E0%B8%B7%E0%B8%AD%E0%B8%AA%E0%B8%AD%E0%B8%87-%E0%B8%AA%E0%B8%B3%E0%B8%AB%E0%B8%A3%E0%B8%B1%E0%B8%9A-%E0%B8%82%E0%B8%B2%E0%B8%A2","https://www.one2car.com/%E0%B8%A3%E0%B8%96-%E0%B8%AA%E0%B8%B3%E0%B8%AB%E0%B8%A3%E0%B8%B1%E0%B8%9A-%E0%B8%82%E0%B8%B2%E0%B8%A2?type=used&page_number=5&page_size=26","2016 Toyota ALPHARD 3.5 (ปี 15-23) Executive Lounge Van   ...","1,580,000 บาท","Toyota Alphard 3.5 Exclusive ปี 2016 เลขไมล์ 80,000 กิโล ( รับประกันเลขไมล์แท้ ) ...","75 - 80K กม.","กรุงเทพมหานคร","Toyota ALPHARD","มือสอง","เกียร์อัตโนมัติ"
"1786479257-96","https://www.one2car.com/%E0%B8%A3%E0%B8%96%E0%B8%A1%E0%B8%B7%E0%B8%AD%E0%B8%AA%E0%B8%AD%E0%B8%87-%E0%B8%AA%E0%B8%B3%E0%B8%AB%E0%B8%A3%E0%B8%B1%E0%B8%9A-%E0%B8%82%E0%B8%B2%E0%B8%A2","https://www.one2car.com/%E0%B8%A3%E0%B8%96-%E0%B8%AA%E0%B8%B3%E0%B8%AB%E0%B8%A3%E0%B8%B1%E0%B8%9A-%E0%B8%82%E0%B8%B2%E0%B8%A2?type=used&page_number=5&page_size=26","2016 Toyota ALPHARD 2.5 (ปี 15-23) S C-Package Van","1,350,000 บาท","Toyota Alphard 2.5 เบนซิน ราคาพิเศษมากๆ ✅ ราคาเพียง 1,350,000 บาท เท่านั้น รถแปลงโฉม + ...","125 - 130K กม.","กรุงเทพมหานคร","Toyota ALPHARD","มือสอง","เกียร์อัตโนมัติ"
"1786479257-97","https://www.one2car.com/%E0%B8%A3%E0%B8%96%E0%B8%A1%E0%B8%B7%E0%B8%AD%E0%B8%AA%E0%B8%AD%E0%B8%87-%E0%B8%AA%E0%B8%B3%E0%B8%AB%E0%B8%A3%E0%B8%B1%E0%B8%9A-%E0%B8%82%E0%B8%B2%E0%B8%A2","https://www.one2car.com/%E0%B8%A3%E0%B8%96-%E0%B8%AA%E0%B8%B3%E0%B8%AB%E0%B8%A3%E0%B8%B1%E0%B8%9A-%E0%B8%82%E0%B8%B2%E0%B8%A2?type=used&page_number=5&page_size=26","2020 Toyota ALPHARD 2.5 (ปี 15-23) S C-Package Van","1,680,000 บาท","Toyota Alphard 2.5 SC Package MNC ปี 2020 สีขาว เลขไมล์น้อย 90,000 กิโล ( ...","85 - 90K กม.","กรุงเทพมหานคร","Toyota ALPHARD","มือสอง","เกียร์อัตโนมัติ"
"1786479257-98","https://www.one2car.com/%E0%B8%A3%E0%B8%96%E0%B8%A1%E0%B8%B7%E0%B8%AD%E0%B8%AA%E0%B8%AD%E0%B8%87-%E0%B8%AA%E0%B8%B3%E0%B8%AB%E0%B8%A3%E0%B8%B1%E0%B8%9A-%E0%B8%82%E0%B8%B2%E0%B8%A2","https://www.one2car.com/%E0%B8%A3%E0%B8%96-%E0%B8%AA%E0%B8%B3%E0%B8%AB%E0%B8%A3%E0%B8%B1%E0%B8%9A-%E0%B8%82%E0%B8%B2%E0%B8%A2?type=used&page_number=5&page_size=26","2021 Ford EVEREST 2.0 (ปี 15-22) Titanium+ SUV - Titanium ...","788,000 บาท","เลขไมล์ 70,000 กิโล ( รับประกันเลขไมล์แท้ ) Ford Everest 2.0 Titanium + หลังคาแก้ว ปี ...","65 - 70K กม.","กรุงเทพมหานคร","Ford EVEREST","มือสอง","เกียร์อัตโนมัติ"
"1786479257-99","https://www.one2car.com/%E0%B8%A3%E0%B8%96%E0%B8%A1%E0%B8%B7%E0%B8%AD%E0%B8%AA%E0%B8%AD%E0%B8%87-%E0%B8%AA%E0%B8%B3%E0%B8%AB%E0%B8%A3%E0%B8%B1%E0%B8%9A-%E0%B8%82%E0%B8%B2%E0%B8%A2","https://www.one2car.com/%E0%B8%A3%E0%B8%96-%E0%B8%AA%E0%B8%B3%E0%B8%AB%E0%B8%A3%E0%B8%B1%E0%B8%9A-%E0%B8%82%E0%B8%B2%E0%B8%A2?type=used&page_number=5&page_size=26","2021 Ford EVEREST 2.0 (ปี 15-22) Titanium+ SUV - Titanium ...","758,000 บาท","Ford Everest 2.0 Titanium + หลังคาแก้ว ปี 2021 ✅ราคาโปรโมชั่น 758,000 บาท เท่านั้น รถปี ...","100000 กม.","กรุงเทพมหานคร","Ford EVEREST","มือสอง","เกียร์อัตโนมัติ"
"1786479257-100","https://www.one2car.com/%E0%B8%A3%E0%B8%96%E0%B8%A1%E0%B8%B7%E0%B8%AD%E0%B8%AA%E0%B8%AD%E0%B8%87-%E0%B8%AA%E0%B8%B3%E0%B8%AB%E0%B8%A3%E0%B8%B1%E0%B8%9A-%E0%B8%82%E0%B8%B2%E0%B8%A2","https://www.one2car.com/%E0%B8%A3%E0%B8%96-%E0%B8%AA%E0%B8%B3%E0%B8%AB%E0%B8%A3%E0%B8%B1%E0%B8%9A-%E0%B8%82%E0%B8%B2%E0%B8%A2?type=used&page_number=5&page_size=26","2023 Ford EVEREST 2.0 (ปี 22-28) Titanium+ SUV - Titanium ...","1,050,000 บาท","Ford Everest 2.0 Titanium + Sunroof ปี 2023 ราคาเพียง 1,050,000 บาท เท่านั้น รับประกัน 5 ...","85 - 90K กม.","กรุงเทพมหานคร","Ford EVEREST","มือสอง","เกียร์อัตโนมัติ"
"1786479257-101","https://www.one2car.com/%E0%B8%A3%E0%B8%96%E0%B8%A1%E0%B8%B7%E0%B8%AD%E0%B8%AA%E0%B8%AD%E0%B8%87-%E0%B8%AA%E0%B8%B3%E0%B8%AB%E0%B8%A3%E0%B8%B1%E0%B8%9A-%E0%B8%82%E0%B8%B2%E0%B8%A2","https://www.one2car.com/%E0%B8%A3%E0%B8%96-%E0%B8%AA%E0%B8%B3%E0%B8%AB%E0%B8%A3%E0%B8%B1%E0%B8%9A-%E0%B8%82%E0%B8%B2%E0%B8%A2?type=used&page_number=5&page_size=26","2020 Ford EVEREST 2.0 (ปี 15-22) Titanium+ SUV - Titanium ...","778,000 บาท","รับประกันเครื่อง เกียร์ 10 ปี หรือ 150,000 กิโล Ford Everest 2.0 4WD Bi Turbo Topสุด ปี ...","0 - 5K กม.","กรุงเทพมหานคร","Ford EVEREST","มือสอง","เกียร์อัตโนมัติ"
"1786479257-102","https://www.one2car.com/%E0%B8%A3%E0%B8%96%E0%B8%A1%E0%B8%B7%E0%B8%AD%E0%B8%AA%E0%B8%AD%E0%B8%87-%E0%B8%AA%E0%B8%B3%E0%B8%AB%E0%B8%A3%E0%B8%B1%E0%B8%9A-%E0%B8%82%E0%B8%B2%E0%B8%A2","https://www.one2car.com/%E0%B8%A3%E0%B8%96-%E0%B8%AA%E0%B8%B3%E0%B8%AB%E0%B8%A3%E0%B8%B1%E0%B8%9A-%E0%B8%82%E0%B8%B2%E0%B8%A2?type=used&page_number=5&page_size=26","2012 Honda JAZZ 1.5 (ปี 08-14) V Hatchback","268,000 บาท","*** เลขไมล์ 90,000 กิโล ( รับประกันเลขไมล์แท้ ) *** รถบ้านแท้ เจ้าของเดียวจากป้ายแดง ...","90000 กม.","กรุงเทพมหานคร","Honda JAZZ","มือสอง","เกียร์อัตโนมัติ"
"1786479257-103","https://www.one2car.com/%E0%B8%A3%E0%B8%96%E0%B8%A1%E0%B8%B7%E0%B8%AD%E0%B8%AA%E0%B8%AD%E0%B8%87-%E0%B8%AA%E0%B8%B3%E0%B8%AB%E0%B8%A3%E0%B8%B1%E0%B8%9A-%E0%B8%82%E0%B8%B2%E0%B8%A2","https://www.one2car.com/%E0%B8%A3%E0%B8%96-%E0%B8%AA%E0%B8%B3%E0%B8%AB%E0%B8%A3%E0%B8%B1%E0%B8%9A-%E0%B8%82%E0%B8%B2%E0%B8%A2?type=used&page_number=5&page_size=26","2019 Honda CIVIC 1.8 FC (ปี 16-20) EL Sedan","498,000 บาท","Honda Civic FC 1.8 EL Minorchange ปี 2019 สีขาว โฉม Minorchange แล้ว รถบ้านแท้ ...","140 - 145K กม.","กรุงเทพมหานคร","Honda CIVIC","มือสอง","เกียร์อัตโนมัติ"
"1786479257-104","https://www.one2car.com/%E0%B8%A3%E0%B8%96%E0%B8%A1%E0%B8%B7%E0%B8%AD%E0%B8%AA%E0%B8%AD%E0%B8%87-%E0%B8%AA%E0%B8%B3%E0%B8%AB%E0%B8%A3%E0%B8%B1%E0%B8%9A-%E0%B8%82%E0%B8%B2%E0%B8%A2","https://www.one2car.com/%E0%B8%A3%E0%B8%96-%E0%B8%AA%E0%B8%B3%E0%B8%AB%E0%B8%A3%E0%B8%B1%E0%B8%9A-%E0%B8%82%E0%B8%B2%E0%B8%A2?type=used&page_number=5&page_size=26","2021 Toyota Corolla Altis 1.6 (ปี 19-25) G Sedan","498,000 บาท","Toyota Altis 1.6G เกียร์ออโต้ ปี 2021 รถปี 2021 ค.ศ. 2021 แท้ๆ รุ่น 1.6G Top เครื่อง 1600 ...","100000 กม.","กรุงเทพมหานคร","Toyota Corolla Altis","มือสอง","เกียร์อัตโนมัติ"
"1786479257-105","https://www.one2car.com/%E0%B8%A3%E0%B8%96%E0%B8%A1%E0%B8%B7%E0%B8%AD%E0%B8%AA%E0%B8%AD%E0%B8%87-%E0%B8%AA%E0%B8%B3%E0%B8%AB%E0%B8%A3%E0%B8%B1%E0%B8%9A-%E0%B8%82%E0%B8%B2%E0%B8%A2","https://www.one2car.com/%E0%B8%A3%E0%B8%96-%E0%B8%AA%E0%B8%B3%E0%B8%AB%E0%B8%A3%E0%B8%B1%E0%B8%9A-%E0%B8%82%E0%B8%B2%E0%B8%A2?type=used&page_number=5&page_size=26","2023 Ford EVEREST 2.0 (ปี 22-28) Titanium+ SUV - Titanium ...","1,150,000 บาท","Ford Everest 2.0 4WD Bi Turbo Top สุด ปี 2023 *** รุ่น Top สุด 4WD Bi Turbo นะครับ *** ...","85 - 90K กม.","กรุงเทพมหานคร","Ford EVEREST","มือสอง","เกียร์อัตโนมัติ"
"1786479257-106","https://www.one2car.com/%E0%B8%A3%E0%B8%96%E0%B8%A1%E0%B8%B7%E0%B8%AD%E0%B8%AA%E0%B8%AD%E0%B8%87-%E0%B8%AA%E0%B8%B3%E0%B8%AB%E0%B8%A3%E0%B8%B1%E0%B8%9A-%E0%B8%82%E0%B8%B2%E0%B8%A2","https://www.one2car.com/%E0%B8%A3%E0%B8%96-%E0%B8%AA%E0%B8%B3%E0%B8%AB%E0%B8%A3%E0%B8%B1%E0%B8%9A-%E0%B8%82%E0%B8%B2%E0%B8%A2?type=used&page_number=5&page_size=26","2021 Honda ACCORD 2.0 (ปี 19-23) Hybrid Sedan","798,000 บาท","เลขไมล์น้อย 70,000 กิโล ( รับประกันเลขไมล์แท้ ) Honda Accord Hybrid ปี 2021 รถปี 2021 ...","65 - 70K กม.","กรุงเทพมหานคร","Honda ACCORD","มือสอง","เกียร์อัตโนมัติ"
"1786479257-107","https://www.one2car.com/%E0%B8%A3%E0%B8%96%E0%B8%A1%E0%B8%B7%E0%B8%AD%E0%B8%AA%E0%B8%AD%E0%B8%87-%E0%B8%AA%E0%B8%B3%E0%B8%AB%E0%B8%A3%E0%B8%B1%E0%B8%9A-%E0%B8%82%E0%B8%B2%E0%B8%A2","https://www.one2car.com/%E0%B8%A3%E0%B8%96-%E0%B8%AA%E0%B8%B3%E0%B8%AB%E0%B8%A3%E0%B8%B1%E0%B8%9A-%E0%B8%82%E0%B8%B2%E0%B8%A2?type=used&page_number=5&page_size=26","2021 Honda CR-V 2.4 (ปี 17-21) ES SUV - AWD","678,000 บาท","Honda CR-V 2.4 ES Sunroof Minorchange ปี 2021 *** โฉม Minorchange แล้ว *** ✅ ราคาเพียง ...","0 - 5K กม.","กรุงเทพมหานคร","Honda CR-V","มือสอง","เกียร์อัตโนมัติ"
"1786479257-108","https://www.one2car.com/%E0%B8%A3%E0%B8%96%E0%B8%A1%E0%B8%B7%E0%B8%AD%E0%B8%AA%E0%B8%AD%E0%B8%87-%E0%B8%AA%E0%B8%B3%E0%B8%AB%E0%B8%A3%E0%B8%B1%E0%B8%9A-%E0%B8%82%E0%B8%B2%E0%B8%A2","https://www.one2car.com/%E0%B8%A3%E0%B8%96-%E0%B8%AA%E0%B8%B3%E0%B8%AB%E0%B8%A3%E0%B8%B1%E0%B8%9A-%E0%B8%82%E0%B8%B2%E0%B8%A2?type=used&page_number=5&page_size=26","2023 Honda CIVIC 2.0 FE (ปี 21-26) e:HEV EL+ Sedan - e HEV...","738,000 บาท","ใครที่พลาดคันที่แล้วไป คันนี้อย่าพลาดอีกนะครับ Honda Civic FE 2.0 EL+ Hybrid ปี 2023 ...","125 - 130K กม.","กรุงเทพมหานคร","Honda CIVIC","มือสอง","เกียร์อัตโนมัติ"
"1786479257-109","https://www.one2car.com/%E0%B8%A3%E0%B8%96%E0%B8%A1%E0%B8%B7%E0%B8%AD%E0%B8%AA%E0%B8%AD%E0%B8%87-%E0%B8%AA%E0%B8%B3%E0%B8%AB%E0%B8%A3%E0%B8%B1%E0%B8%9A-%E0%B8%82%E0%B8%B2%E0%B8%A2","https://www.one2car.com/%E0%B8%A3%E0%B8%96-%E0%B8%AA%E0%B8%B3%E0%B8%AB%E0%B8%A3%E0%B8%B1%E0%B8%9A-%E0%B8%82%E0%B8%B2%E0%B8%A2?type=used&page_number=5&page_size=26","2021 Honda ACCORD 1.5 (ปี 19-23) Turbo EL Sedan","828,000 บาท","เลขไมล์ 80,000 กิโล ( รับประกันเลขไมล์แท้ ) Honda Accord 1.5 EL Turbo เบนซิน ปี 2021 รถปี ...","80 - 85K กม.","กรุงเทพมหานคร","Honda ACCORD","มือสอง","เกียร์อัตโนมัติ"
"1786479257-110","https://www.one2car.com/%E0%B8%A3%E0%B8%96%E0%B8%A1%E0%B8%B7%E0%B8%AD%E0%B8%AA%E0%B8%AD%E0%B8%87-%E0%B8%AA%E0%B8%B3%E0%B8%AB%E0%B8%A3%E0%B8%B1%E0%B8%9A-%E0%B8%82%E0%B8%B2%E0%B8%A2","https://www.one2car.com/%E0%B8%A3%E0%B8%96-%E0%B8%AA%E0%B8%B3%E0%B8%AB%E0%B8%A3%E0%B8%B1%E0%B8%9A-%E0%B8%82%E0%B8%B2%E0%B8%A2?type=used&page_number=5&page_size=26","2022 Ford RANGER 2.2 Double Cab (ปี 15-21) XLT Hi-Rider Pi...","528,000 บาท","Ford Ranger 2.2 XLT 4ประตู เกียร์ธรรมดา ปี 2022 สีดำ รถปี 2022 ค.ศ. 2022 แท้ๆ ✅ ฟรีดาวน์ ...","40000 กม.","กรุงเทพมหานคร","Ford RANGER","มือสอง","เกียร์ธรรมดา"
"1786479257-111","https://www.one2car.com/%E0%B8%A3%E0%B8%96%E0%B8%A1%E0%B8%B7%E0%B8%AD%E0%B8%AA%E0%B8%AD%E0%B8%87-%E0%B8%AA%E0%B8%B3%E0%B8%AB%E0%B8%A3%E0%B8%B1%E0%B8%9A-%E0%B8%82%E0%B8%B2%E0%B8%A2","https://www.one2car.com/%E0%B8%A3%E0%B8%96-%E0%B8%AA%E0%B8%B3%E0%B8%AB%E0%B8%A3%E0%B8%B1%E0%B8%9A-%E0%B8%82%E0%B8%B2%E0%B8%A2?type=used&page_number=5&page_size=26","2019 Honda City 1.5 (ปี 14-18) S Sedan","378,000 บาท","เลขไมล์ 90,000 กิโล ( รับประกันเลขไมล์แท้ ) Honda City 1.5 Minorchange ปี 2019 สีขาว รถปี ...","85 - 90K กม.","กรุงเทพมหานคร","Honda City","มือสอง","เกียร์อัตโนมัติ"
"1786479257-112","https://www.one2car.com/%E0%B8%A3%E0%B8%96%E0%B8%A1%E0%B8%B7%E0%B8%AD%E0%B8%AA%E0%B8%AD%E0%B8%87-%E0%B8%AA%E0%B8%B3%E0%B8%AB%E0%B8%A3%E0%B8%B1%E0%B8%9A-%E0%B8%82%E0%B8%B2%E0%B8%A2","https://www.one2car.com/%E0%B8%A3%E0%B8%96-%E0%B8%AA%E0%B8%B3%E0%B8%AB%E0%B8%A3%E0%B8%B1%E0%B8%9A-%E0%B8%82%E0%B8%B2%E0%B8%A2?type=used&page_number=5&page_size=26","2023 Honda CIVIC 1.5 FE (ปี 21-26) EL Sedan","728,000 บาท","เลขไมล์ 20,000 กิโล ( รับประกันเลขไมล์แท้ ) รับประกัน รถสวยมาก เลขไมล์น้อยมาก ...","15 - 20K กม.","กรุงเทพมหานคร","Honda CIVIC","มือสอง","เกียร์อัตโนมัติ"
"1786479257-113","https://www.one2car.com/%E0%B8%A3%E0%B8%96%E0%B8%A1%E0%B8%B7%E0%B8%AD%E0%B8%AA%E0%B8%AD%E0%B8%87-%E0%B8%AA%E0%B8%B3%E0%B8%AB%E0%B8%A3%E0%B8%B1%E0%B8%9A-%E0%B8%82%E0%B8%B2%E0%B8%A2","https://www.one2car.com/%E0%B8%A3%E0%B8%96-%E0%B8%AA%E0%B8%B3%E0%B8%AB%E0%B8%A3%E0%B8%B1%E0%B8%9A-%E0%B8%82%E0%B8%B2%E0%B8%A2?type=used&page_number=5&page_size=26","2021 Honda ACCORD 2.0 (ปี 19-23) Hybrid Sedan","778,000 บาท","ราคาดีงามที่สุดในตลาด Honda Accord Hybrid ปี 2021 ✅ ราคาเพียง 778,000 บาท เท่านั้น *** ...","0 - 5K กม.","กรุงเทพมหานคร","Honda ACCORD","มือสอง","เกียร์อัตโนมัติ"
"1786479257-114","https://www.one2car.com/%E0%B8%A3%E0%B8%96%E0%B8%A1%E0%B8%B7%E0%B8%AD%E0%B8%AA%E0%B8%AD%E0%B8%87-%E0%B8%AA%E0%B8%B3%E0%B8%AB%E0%B8%A3%E0%B8%B1%E0%B8%9A-%E0%B8%82%E0%B8%B2%E0%B8%A2","https://www.one2car.com/%E0%B8%A3%E0%B8%96-%E0%B8%AA%E0%B8%B3%E0%B8%AB%E0%B8%A3%E0%B8%B1%E0%B8%9A-%E0%B8%82%E0%B8%B2%E0%B8%A2?type=used&page_number=5&page_size=26","2019 Ford EVEREST 2.0 (ปี 15-22) Titanium+ SUV - Titanium ...","698,000 บาท","Everest 2.0 Bi-Turbo 4WD รับประกัน สวย และ ประวัติดีที่สุดในรุ่น รถบ้านแท้ ...","115 - 120K กม.","กรุงเทพมหานคร","Ford EVEREST","มือสอง","เกียร์อัตโนมัติ"
"1786479257-115","https://www.one2car.com/%E0%B8%A3%E0%B8%96%E0%B8%A1%E0%B8%B7%E0%B8%AD%E0%B8%AA%E0%B8%AD%E0%B8%87-%E0%B8%AA%E0%B8%B3%E0%B8%AB%E0%B8%A3%E0%B8%B1%E0%B8%9A-%E0%B8%82%E0%B8%B2%E0%B8%A2","https://www.one2car.com/%E0%B8%A3%E0%B8%96-%E0%B8%AA%E0%B8%B3%E0%B8%AB%E0%B8%A3%E0%B8%B1%E0%B8%9A-%E0%B8%82%E0%B8%B2%E0%B8%A2?type=used&page_number=5&page_size=26","2023 BMW X6 3.0 G06 (ปี 20-25) xDrive40i M Sport SUV - AWD...","2,590,000 บาท","BMW X6 40i Msport 2022 จด 23 วิ่ง 74,000 km. สีเดิมทุกชิ้น ยางใหม่ 2025 ประกันชั้น 1 ถึง ...","70 - 75K กม.","กรุงเทพมหานคร","","มือสอง","เกียร์อัตโนมัติ"
"1786479257-116","https://www.one2car.com/%E0%B8%A3%E0%B8%96%E0%B8%A1%E0%B8%B7%E0%B8%AD%E0%B8%AA%E0%B8%AD%E0%B8%87-%E0%B8%AA%E0%B8%B3%E0%B8%AB%E0%B8%A3%E0%B8%B1%E0%B8%9A-%E0%B8%82%E0%B8%B2%E0%B8%A2","https://www.one2car.com/%E0%B8%A3%E0%B8%96-%E0%B8%AA%E0%B8%B3%E0%B8%AB%E0%B8%A3%E0%B8%B1%E0%B8%9A-%E0%B8%82%E0%B8%B2%E0%B8%A2?type=used&page_number=5&page_size=26","2024 BMW X1 2.0 U11 (ปี 23-30) sDrive20i M Sport SUV - 1.5...","1,590,000 บาท","Bmw X1 20i M Sport S Drive ปี 2024 ไมล์ 49,500 km รถเจ้าของเดียว ป้ายแดง รถศูนย์ Bmw ...","40 - 45K กม.","กรุงเทพมหานคร","BMW X1","มือสอง","เกียร์อัตโนมัติ"
"1786479261-117","https://www.one2car.com/%E0%B8%A3%E0%B8%96%E0%B8%A1%E0%B8%B7%E0%B8%AD%E0%B8%AA%E0%B8%AD%E0%B8%87-%E0%B8%AA%E0%B8%B3%E0%B8%AB%E0%B8%A3%E0%B8%B1%E0%B8%9A-%E0%B8%82%E0%B8%B2%E0%B8%A2","https://www.one2car.com/%E0%B8%A3%E0%B8%96-%E0%B8%AA%E0%B8%B3%E0%B8%AB%E0%B8%A3%E0%B8%B1%E0%B8%9A-%E0%B8%82%E0%B8%B2%E0%B8%A2?type=used&page_number=6&page_size=26","2021 Mitsubishi PAJERO SPORT 2.4 (ปี 19-25) GT Premium Eli...","898,000 บาท","เลขไมล์ 30,000 กิโล ( รับประกันเลขไมล์แท้ ) Mitsubishi Pajero Elite Edition ปี 2021 สีดำ ...","30000 กม.","กรุงเทพมหานคร","Mitsubishi PAJERO SPORT","มือสอง","เกียร์อัตโนมัติ"
"1786479261-118","https://www.one2car.com/%E0%B8%A3%E0%B8%96%E0%B8%A1%E0%B8%B7%E0%B8%AD%E0%B8%AA%E0%B8%AD%E0%B8%87-%E0%B8%AA%E0%B8%B3%E0%B8%AB%E0%B8%A3%E0%B8%B1%E0%B8%9A-%E0%B8%82%E0%B8%B2%E0%B8%A2","https://www.one2car.com/%E0%B8%A3%E0%B8%96-%E0%B8%AA%E0%B8%B3%E0%B8%AB%E0%B8%A3%E0%B8%B1%E0%B8%9A-%E0%B8%82%E0%B8%B2%E0%B8%A2?type=used&page_number=6&page_size=26","2024 Mitsubishi TRITON 2.4 Double Cab (ปี 23-29) Plus Ultr...","698,000 บาท","เลขไมล์ 30,000 กิโล ( รับประกัน เลขไมล์แท้ ) Mitsubishi Triton ULTRA Top2WD เกียร์ออโต้ ...","30 - 35K กม.","กรุงเทพมหานคร","Mitsubishi TRITON","มือสอง","เกียร์อัตโนมัติ"
"1786479261-119","https://www.one2car.com/%E0%B8%A3%E0%B8%96%E0%B8%A1%E0%B8%B7%E0%B8%AD%E0%B8%AA%E0%B8%AD%E0%B8%87-%E0%B8%AA%E0%B8%B3%E0%B8%AB%E0%B8%A3%E0%B8%B1%E0%B8%9A-%E0%B8%82%E0%B8%B2%E0%B8%A2","https://www.one2car.com/%E0%B8%A3%E0%B8%96-%E0%B8%AA%E0%B8%B3%E0%B8%AB%E0%B8%A3%E0%B8%B1%E0%B8%9A-%E0%B8%82%E0%B8%B2%E0%B8%A2?type=used&page_number=6&page_size=26","2020 Mitsubishi TRITON 2.4 Double Cab (ปี 18-23) GLS Plus ...","458,000 บาท","Mitsubishi Triton 4ประตู Plus เกียร์ธรรมดา ปี 2020 ราคาโปรโมชั่น 458,000 บาท เท่านั้น ✅ ...","100 กม.","กรุงเทพมหานคร","Mitsubishi TRITON","มือสอง","เกียร์ธรรมดา"
"1786479261-120","https://www.one2car.com/%E0%B8%A3%E0%B8%96%E0%B8%A1%E0%B8%B7%E0%B8%AD%E0%B8%AA%E0%B8%AD%E0%B8%87-%E0%B8%AA%E0%B8%B3%E0%B8%AB%E0%B8%A3%E0%B8%B1%E0%B8%9A-%E0%B8%82%E0%B8%B2%E0%B8%A2","https://www.one2car.com/%E0%B8%A3%E0%B8%96-%E0%B8%AA%E0%B8%B3%E0%B8%AB%E0%B8%A3%E0%B8%B1%E0%B8%9A-%E0%B8%82%E0%B8%B2%E0%B8%A2?type=used&page_number=6&page_size=26","2024 Mitsubishi TRITON 2.4 Double Cab (ปี 23-29) Plus Prim...","638,000 บาท","Mitsubishi Triton โฉมปัจจุบัน เกียร์ออโต้ ปี 2024 มีรับประกันจากศูนย์ Mitsubishi ...","50000 กม.","กรุงเทพมหานคร","Mitsubishi TRITON","มือสอง","เกียร์อัตโนมัติ"
"1786479261-121","https://www.one2car.com/%E0%B8%A3%E0%B8%96%E0%B8%A1%E0%B8%B7%E0%B8%AD%E0%B8%AA%E0%B8%AD%E0%B8%87-%E0%B8%AA%E0%B8%B3%E0%B8%AB%E0%B8%A3%E0%B8%B1%E0%B8%9A-%E0%B8%82%E0%B8%B2%E0%B8%A2","https://www.one2car.com/%E0%B8%A3%E0%B8%96-%E0%B8%AA%E0%B8%B3%E0%B8%AB%E0%B8%A3%E0%B8%B1%E0%B8%9A-%E0%B8%82%E0%B8%B2%E0%B8%A2?type=used&page_number=6&page_size=26","2020 Mitsubishi PAJERO SPORT 2.4 (ปี 19-25) GT Premium Eli...","848,000 บาท","เลขไมล์ 60,000 กิโล ( รับประกันเลขไมล์แท้ ) Mitsubishi Pajero Elite Edition ปี 2020 สีขาว ...","60000 กม.","กรุงเทพมหานคร","Mitsubishi PAJERO SPORT","มือสอง","เกียร์อัตโนมัติ"
"1786479261-122","https://www.one2car.com/%E0%B8%A3%E0%B8%96%E0%B8%A1%E0%B8%B7%E0%B8%AD%E0%B8%AA%E0%B8%AD%E0%B8%87-%E0%B8%AA%E0%B8%B3%E0%B8%AB%E0%B8%A3%E0%B8%B1%E0%B8%9A-%E0%B8%82%E0%B8%B2%E0%B8%A2","https://www.one2car.com/%E0%B8%A3%E0%B8%96-%E0%B8%AA%E0%B8%B3%E0%B8%AB%E0%B8%A3%E0%B8%B1%E0%B8%9A-%E0%B8%82%E0%B8%B2%E0%B8%A2?type=used&page_number=6&page_size=26","2017 Mitsubishi PAJERO SPORT 2.4 (ปี 15-18) GT SUV","638,000 บาท","Mitsubishi Pajero Sport 2.4 GT ปี 2017 สีขาว ✅ คันนี้แนะนำ รถสวย ประวัติดี ราคาน่าสนใจ ...","0 - 5K กม.","กรุงเทพมหานคร","Mitsubishi PAJERO SPORT","มือสอง","เกียร์อัตโนมัติ"
"1786479261-123","https://www.one2car.com/%E0%B8%A3%E0%B8%96%E0%B8%A1%E0%B8%B7%E0%B8%AD%E0%B8%AA%E0%B8%AD%E0%B8%87-%E0%B8%AA%E0%B8%B3%E0%B8%AB%E0%B8%A3%E0%B8%B1%E0%B8%9A-%E0%B8%82%E0%B8%B2%E0%B8%A2","https://www.one2car.com/%E0%B8%A3%E0%B8%96-%E0%B8%AA%E0%B8%B3%E0%B8%AB%E0%B8%A3%E0%B8%B1%E0%B8%9A-%E0%B8%82%E0%B8%B2%E0%B8%A2?type=used&page_number=6&page_size=26","2024 Mitsubishi TRITON 2.4 Double Cab (ปี 23-29) Plus Ultr...","698,000 บาท","เลขไมล์ 2,000 กิโล ( รับประกัน เลขไมล์แท้ ) Mitsubishi Triton ULTRA Top2WD เกียร์ออโต้ ปี ...","2000 กม.","กรุงเทพมหานคร","Mitsubishi TRITON","มือสอง","เกียร์อัตโนมัติ"
"1786479261-124","https://www.one2car.com/%E0%B8%A3%E0%B8%96%E0%B8%A1%E0%B8%B7%E0%B8%AD%E0%B8%AA%E0%B8%AD%E0%B8%87-%E0%B8%AA%E0%B8%B3%E0%B8%AB%E0%B8%A3%E0%B8%B1%E0%B8%9A-%E0%B8%82%E0%B8%B2%E0%B8%A2","https://www.one2car.com/%E0%B8%A3%E0%B8%96-%E0%B8%AA%E0%B8%B3%E0%B8%AB%E0%B8%A3%E0%B8%B1%E0%B8%9A-%E0%B8%82%E0%B8%B2%E0%B8%A2?type=used&page_number=6&page_size=26","2019 Isuzu MU-X 1.9 (ปี 13-19) DVD SUV","648,000 บาท","Isuzu MU-X 1.9 DVD Minorchange เกียร์ออโต้ ปี 2019 *** รถบ้านแท้ เจ้าของเดียวจากป้ายแดง ...","150000 กม.","กรุงเทพมหานคร","Isuzu MU-X","มือสอง","เกียร์อัตโนมัติ"
"1786479261-125","https://www.one2car.com/%E0%B8%A3%E0%B8%96%E0%B8%A1%E0%B8%B7%E0%B8%AD%E0%B8%AA%E0%B8%AD%E0%B8%87-%E0%B8%AA%E0%B8%B3%E0%B8%AB%E0%B8%A3%E0%B8%B1%E0%B8%9A-%E0%B8%82%E0%B8%B2%E0%B8%A2","https://www.one2car.com/%E0%B8%A3%E0%B8%96-%E0%B8%AA%E0%B8%B3%E0%B8%AB%E0%B8%A3%E0%B8%B1%E0%B8%9A-%E0%B8%82%E0%B8%B2%E0%B8%A2?type=used&page_number=6&page_size=26","2014 Isuzu D-MAX 2.5 Space Cab (ปี 11-17) Hi-Lander Z (VGS...","288,000 บาท","รถอย่างเทพ เอาใจสายแต่ง จัดทรง ( ทำมาดี ) ครับ *** มีของเดิม ให้ นะครับ อยากได้เดิมๆ ...","110000 กม.","กรุงเทพมหานคร","Isuzu D-MAX","มือสอง","เกียร์ธรรมดา"
"1786479261-126","https://www.one2car.com/%E0%B8%A3%E0%B8%96%E0%B8%A1%E0%B8%B7%E0%B8%AD%E0%B8%AA%E0%B8%AD%E0%B8%87-%E0%B8%AA%E0%B8%B3%E0%B8%AB%E0%B8%A3%E0%B8%B1%E0%B8%9A-%E0%B8%82%E0%B8%B2%E0%B8%A2","https://www.one2car.com/%E0%B8%A3%E0%B8%96-%E0%B8%AA%E0%B8%B3%E0%B8%AB%E0%B8%A3%E0%B8%B1%E0%B8%9A-%E0%B8%82%E0%B8%B2%E0%B8%A2?type=used&page_number=6&page_size=26","2019 Mitsubishi PAJERO SPORT 2.4 (ปี 15-18) GT SUV","638,000 บาท","Mitsubishi Pajero 2.4 ดีเซล ปี 2019 เลขไมล์ 110,000 กิโล ( รับประกันเลขไมล์แท้ ) *** ...","110000 กม.","กรุงเทพมหานคร","Mitsubishi PAJERO SPORT","มือสอง","เกียร์อัตโนมัติ"
"1786479261-127","https://www.one2car.com/%E0%B8%A3%E0%B8%96%E0%B8%A1%E0%B8%B7%E0%B8%AD%E0%B8%AA%E0%B8%AD%E0%B8%87-%E0%B8%AA%E0%B8%B3%E0%B8%AB%E0%B8%A3%E0%B8%B1%E0%B8%9A-%E0%B8%82%E0%B8%B2%E0%B8%A2","https://www.one2car.com/%E0%B8%A3%E0%B8%96-%E0%B8%AA%E0%B8%B3%E0%B8%AB%E0%B8%A3%E0%B8%B1%E0%B8%9A-%E0%B8%82%E0%B8%B2%E0%B8%A2?type=used&page_number=6&page_size=26","2023 Mazda BT-50 1.9 Double Cab S Hi-Racer Pickup","498,000 บาท","Mazda BT50 1.9 S 4ประตู Hi-Racer ปี 2023 ราคาเพียง 498,000 บาท เท่านั้น +++ ฟรีดาวน์ ...","50000 กม.","กรุงเทพมหานคร","Mazda BT-50","มือสอง","เกียร์ธรรมดา"
"1786479261-128","https://www.one2car.com/%E0%B8%A3%E0%B8%96%E0%B8%A1%E0%B8%B7%E0%B8%AD%E0%B8%AA%E0%B8%AD%E0%B8%87-%E0%B8%AA%E0%B8%B3%E0%B8%AB%E0%B8%A3%E0%B8%B1%E0%B8%9A-%E0%B8%82%E0%B8%B2%E0%B8%A2","https://www.one2car.com/%E0%B8%A3%E0%B8%96-%E0%B8%AA%E0%B8%B3%E0%B8%AB%E0%B8%A3%E0%B8%B1%E0%B8%9A-%E0%B8%82%E0%B8%B2%E0%B8%A2?type=used&page_number=6&page_size=26","2019 Isuzu MU-X 1.9 (ปี 13-19) The Iconic SUV","688,000 บาท","Isuzu MU-X 1.9 Iconic ปี 2019 สีขาว *** รถบ้านแท้ เจ้าของเดียวจากป้ายแดง *** โฉมสุดท้าย + ...","0 - 5K กม.","กรุงเทพมหานคร","Isuzu MU-X","มือสอง","เกียร์อัตโนมัติ"
"1786479261-129","https://www.one2car.com/%E0%B8%A3%E0%B8%96%E0%B8%A1%E0%B8%B7%E0%B8%AD%E0%B8%AA%E0%B8%AD%E0%B8%87-%E0%B8%AA%E0%B8%B3%E0%B8%AB%E0%B8%A3%E0%B8%B1%E0%B8%9A-%E0%B8%82%E0%B8%B2%E0%B8%A2","https://www.one2car.com/%E0%B8%A3%E0%B8%96-%E0%B8%AA%E0%B8%B3%E0%B8%AB%E0%B8%A3%E0%B8%B1%E0%B8%9A-%E0%B8%82%E0%B8%B2%E0%B8%A2?type=used&page_number=6&page_size=26","2021 Isuzu MU-X 3.0 (ปี 20-26) Ultimate SUV","898,000 บาท","เลขไมล์ 50,000 กิโล ( รับประกันเลขไมล์แท้ ) Isuzu MU-X 3.0 Ultimate ปี 2021 รถปี 2021 ...","50000 กม.","กรุงเทพมหานคร","Isuzu MU-X","มือสอง","เกียร์อัตโนมัติ"
"1786479261-130","https://www.one2car.com/%E0%B8%A3%E0%B8%96%E0%B8%A1%E0%B8%B7%E0%B8%AD%E0%B8%AA%E0%B8%AD%E0%B8%87-%E0%B8%AA%E0%B8%B3%E0%B8%AB%E0%B8%A3%E0%B8%B1%E0%B8%9A-%E0%B8%82%E0%B8%B2%E0%B8%A2","https://www.one2car.com/%E0%B8%A3%E0%B8%96-%E0%B8%AA%E0%B8%B3%E0%B8%AB%E0%B8%A3%E0%B8%B1%E0%B8%9A-%E0%B8%82%E0%B8%B2%E0%B8%A2?type=used&page_number=6&page_size=26","2018 Nissan ALMERA 1.2 (ปี 11-19) E Sportech Sedan","268,000 บาท","เลขไมล์ 70,000 กิโล ( รับประกันเลขไมล์แท้ ) *** ฟรีดาวน์ ผ่อน 4,800 บาท ตลอดสัญญา *** ...","65 - 70K กม.","กรุงเทพมหานคร","Nissan ALMERA","มือสอง","เกียร์อัตโนมัติ"
"1786479261-131","https://www.one2car.com/%E0%B8%A3%E0%B8%96%E0%B8%A1%E0%B8%B7%E0%B8%AD%E0%B8%AA%E0%B8%AD%E0%B8%87-%E0%B8%AA%E0%B8%B3%E0%B8%AB%E0%B8%A3%E0%B8%B1%E0%B8%9A-%E0%B8%82%E0%B8%B2%E0%B8%A2","https://www.one2car.com/%E0%B8%A3%E0%B8%96-%E0%B8%AA%E0%B8%B3%E0%B8%AB%E0%B8%A3%E0%B8%B1%E0%B8%9A-%E0%B8%82%E0%B8%B2%E0%B8%A2?type=used&page_number=6&page_size=26","2021 Nissan ALMERA 1.0 (ปี 19-25) V Sedan","388,000 บาท","เลขไมล์ 50,000 กิโล ( รับประกันเลขไมล์แท้ ) Nissan Almera V เกียร์ออโต้ ปี 2021 รถปี 2021 ...","50 - 55K กม.","กรุงเทพมหานคร","Nissan ALMERA","มือสอง","เกียร์อัตโนมัติ"
"1786479261-132","https://www.one2car.com/%E0%B8%A3%E0%B8%96%E0%B8%A1%E0%B8%B7%E0%B8%AD%E0%B8%AA%E0%B8%AD%E0%B8%87-%E0%B8%AA%E0%B8%B3%E0%B8%AB%E0%B8%A3%E0%B8%B1%E0%B8%9A-%E0%B8%82%E0%B8%B2%E0%B8%A2","https://www.one2car.com/%E0%B8%A3%E0%B8%96-%E0%B8%AA%E0%B8%B3%E0%B8%AB%E0%B8%A3%E0%B8%B1%E0%B8%9A-%E0%B8%82%E0%B8%B2%E0%B8%A2?type=used&page_number=6&page_size=26","2022 Mitsubishi TRITON 2.4 Single Cab (ปี 18-23) GL Pickup...","498,000 บาท","กระบะ หัวเดียว 4WD เกียร์ออโต้ ที่หลายๆคนตามหา ที่สำคัญ มาพร้อมชุดแต่งง+ ล้อ + คอกหลัง ...","100 - 105K กม.","กรุงเทพมหานคร","Mitsubishi TRITON","มือสอง","เกียร์อัตโนมัติ"
"1786479261-133","https://www.one2car.com/%E0%B8%A3%E0%B8%96%E0%B8%A1%E0%B8%B7%E0%B8%AD%E0%B8%AA%E0%B8%AD%E0%B8%87-%E0%B8%AA%E0%B8%B3%E0%B8%AB%E0%B8%A3%E0%B8%B1%E0%B8%9A-%E0%B8%82%E0%B8%B2%E0%B8%A2","https://www.one2car.com/%E0%B8%A3%E0%B8%96-%E0%B8%AA%E0%B8%B3%E0%B8%AB%E0%B8%A3%E0%B8%B1%E0%B8%9A-%E0%B8%82%E0%B8%B2%E0%B8%A2?type=used&page_number=6&page_size=26","2018 Mazda CX-5 2.0 (ปี 17-26) SP SUV","548,000 บาท","เลขไมล์น้อย 85,000 กิโล ( รับประกันเลขไมล์แท้ ) Mazda CX-5 2.0 SP Top เบนซิน ปี 2018 สีดำ ...","80 - 85K กม.","กรุงเทพมหานคร","Mazda CX-5","มือสอง","เกียร์อัตโนมัติ"
"1786479261-134","https://www.one2car.com/%E0%B8%A3%E0%B8%96%E0%B8%A1%E0%B8%B7%E0%B8%AD%E0%B8%AA%E0%B8%AD%E0%B8%87-%E0%B8%AA%E0%B8%B3%E0%B8%AB%E0%B8%A3%E0%B8%B1%E0%B8%9A-%E0%B8%82%E0%B8%B2%E0%B8%A2","https://www.one2car.com/%E0%B8%A3%E0%B8%96-%E0%B8%AA%E0%B8%B3%E0%B8%AB%E0%B8%A3%E0%B8%B1%E0%B8%9A-%E0%B8%82%E0%B8%B2%E0%B8%A2?type=used&page_number=6&page_size=26","2023 Nissan Terra 2.3 (ปี 18-26) VL SUV - 4WD","758,000 บาท","Nissan Terra 2.3 4WD Top สุด ปี 2023 รถปี 2023 ค.ศ. 2023 แท้ๆ รุ่น Top สุด 4WD ครับ รถสวย ...","0 - 5K กม.","กรุงเทพมหานคร","","มือสอง","เกียร์อัตโนมัติ"
"1786479261-135","https://www.one2car.com/%E0%B8%A3%E0%B8%96%E0%B8%A1%E0%B8%B7%E0%B8%AD%E0%B8%AA%E0%B8%AD%E0%B8%87-%E0%B8%AA%E0%B8%B3%E0%B8%AB%E0%B8%A3%E0%B8%B1%E0%B8%9A-%E0%B8%82%E0%B8%B2%E0%B8%A2","https://www.one2car.com/%E0%B8%A3%E0%B8%96-%E0%B8%AA%E0%B8%B3%E0%B8%AB%E0%B8%A3%E0%B8%B1%E0%B8%9A-%E0%B8%82%E0%B8%B2%E0%B8%A2?type=used&page_number=6&page_size=26","2011 Nissan TEANA 2.5 (ปี 09-13) 250 XV Sunroof Sedan","228,000 บาท","รับประกันสวยที่สุดในรุ่น + ประวัติดี + เอกสารครบ รถบ้านแท้ เจ้าของเดียว + ใช้งานน้อยมาก ...","185 - 190K กม.","กรุงเทพมหานคร","Nissan TEANA","มือสอง","เกียร์อัตโนมัติ"
"1786479261-136","https://www.one2car.com/%E0%B8%A3%E0%B8%96%E0%B8%A1%E0%B8%B7%E0%B8%AD%E0%B8%AA%E0%B8%AD%E0%B8%87-%E0%B8%AA%E0%B8%B3%E0%B8%AB%E0%B8%A3%E0%B8%B1%E0%B8%9A-%E0%B8%82%E0%B8%B2%E0%B8%A2","https://www.one2car.com/%E0%B8%A3%E0%B8%96-%E0%B8%AA%E0%B8%B3%E0%B8%AB%E0%B8%A3%E0%B8%B1%E0%B8%9A-%E0%B8%82%E0%B8%B2%E0%B8%A2?type=used&page_number=6&page_size=26","2019 Nissan ALMERA 1.2 (ปี 11-19) E Sportech Sedan","268,000 บาท","Nissan Almera 1.2 Sportech MNC เกียร์ออโต้ ปี 2019 ฟรีดาวน์ ผ่อนสบายๆ 4,800 บาท ตลอดสัญญา ...","100 - 105K กม.","กรุงเทพมหานคร","Nissan ALMERA","มือสอง","เกียร์อัตโนมัติ"
"1786479261-137","https://www.one2car.com/%E0%B8%A3%E0%B8%96%E0%B8%A1%E0%B8%B7%E0%B8%AD%E0%B8%AA%E0%B8%AD%E0%B8%87-%E0%B8%AA%E0%B8%B3%E0%B8%AB%E0%B8%A3%E0%B8%B1%E0%B8%9A-%E0%B8%82%E0%B8%B2%E0%B8%A2","https://www.one2car.com/%E0%B8%A3%E0%B8%96-%E0%B8%AA%E0%B8%B3%E0%B8%AB%E0%B8%A3%E0%B8%B1%E0%B8%9A-%E0%B8%82%E0%B8%B2%E0%B8%A2?type=used&page_number=6&page_size=26","2025 Nissan ALMERA 1.0 (ปี 19-25) VL Sedan","498,000 บาท","Nissan Almera VL Minorchange Top เกียร์ออโต้ ปี 2025 รถออกศูนย์ 2025 + Bookservice มีครบ ...","15 - 20K กม.","กรุงเทพมหานคร","Nissan ALMERA","มือสอง","เกียร์อัตโนมัติ"
"1786479261-138","https://www.one2car.com/%E0%B8%A3%E0%B8%96%E0%B8%A1%E0%B8%B7%E0%B8%AD%E0%B8%AA%E0%B8%AD%E0%B8%87-%E0%B8%AA%E0%B8%B3%E0%B8%AB%E0%B8%A3%E0%B8%B1%E0%B8%9A-%E0%B8%82%E0%B8%B2%E0%B8%A2","https://www.one2car.com/%E0%B8%A3%E0%B8%96-%E0%B8%AA%E0%B8%B3%E0%B8%AB%E0%B8%A3%E0%B8%B1%E0%B8%9A-%E0%B8%82%E0%B8%B2%E0%B8%A2?type=used&page_number=6&page_size=26","2020 Mazda 3 2.0 (ปี 19-25) SP Sedan","568,000 บาท","Mazda3 2.0SP ( Top สุด ) ปี 2020 เลขไมล์น้อย 80,000 กิโล ( รับประกันเลขไมล์แท้ ) ✅ ...","75 - 80K กม.","กรุงเทพมหานคร","Mazda 3","มือสอง","เกียร์อัตโนมัติ"
"1786479261-139","https://www.one2car.com/%E0%B8%A3%E0%B8%96%E0%B8%A1%E0%B8%B7%E0%B8%AD%E0%B8%AA%E0%B8%AD%E0%B8%87-%E0%B8%AA%E0%B8%B3%E0%B8%AB%E0%B8%A3%E0%B8%B1%E0%B8%9A-%E0%B8%82%E0%B8%B2%E0%B8%A2","https://www.one2car.com/%E0%B8%A3%E0%B8%96-%E0%B8%AA%E0%B8%B3%E0%B8%AB%E0%B8%A3%E0%B8%B1%E0%B8%9A-%E0%B8%82%E0%B8%B2%E0%B8%A2?type=used&page_number=6&page_size=26","2023 Mazda 3 2.0 (ปี 19-25) SP Sedan","698,000 บาท","Mazda3 2.0 SP Sunroof Minorchange ปี 2023 สีขาว *** โฉม Minorchange Sunroof แล้ว *** ✅ ...","75 - 80K กม.","กรุงเทพมหานคร","Mazda 3","มือสอง","เกียร์อัตโนมัติ"
"1786479261-140","https://www.one2car.com/%E0%B8%A3%E0%B8%96%E0%B8%A1%E0%B8%B7%E0%B8%AD%E0%B8%AA%E0%B8%AD%E0%B8%87-%E0%B8%AA%E0%B8%B3%E0%B8%AB%E0%B8%A3%E0%B8%B1%E0%B8%9A-%E0%B8%82%E0%B8%B2%E0%B8%A2","https://www.one2car.com/%E0%B8%A3%E0%B8%96-%E0%B8%AA%E0%B8%B3%E0%B8%AB%E0%B8%A3%E0%B8%B1%E0%B8%9A-%E0%B8%82%E0%B8%B2%E0%B8%A2?type=used&page_number=6&page_size=26","2021 Mazda 3 2.0 (ปี 19-25) SP Sports Hatchback","588,000 บาท","Mazda3 2.0 SP 5ประตู Hatchback ปี 2021 เลขไมล์ 100,000 กิโล ( รับประกันเลขไมล์ ) ✅ ...","95 - 100K กม.","กรุงเทพมหานคร","Mazda 3","มือสอง","เกียร์อัตโนมัติ"
"1786479261-141","https://www.one2car.com/%E0%B8%A3%E0%B8%96%E0%B8%A1%E0%B8%B7%E0%B8%AD%E0%B8%AA%E0%B8%AD%E0%B8%87-%E0%B8%AA%E0%B8%B3%E0%B8%AB%E0%B8%A3%E0%B8%B1%E0%B8%9A-%E0%B8%82%E0%B8%B2%E0%B8%A2","https://www.one2car.com/%E0%B8%A3%E0%B8%96-%E0%B8%AA%E0%B8%B3%E0%B8%AB%E0%B8%A3%E0%B8%B1%E0%B8%9A-%E0%B8%82%E0%B8%B2%E0%B8%A2?type=used&page_number=6&page_size=26","2022 Mazda CX-30 2.0 (ปี 20-26) SP SUV","628,000 บาท","Mazda CX-30 2.0 SP Sunroof Top สุด ปี 2022 รถปี 2022 ค.ศ. 2022 แท้ๆ รถสวย เลขไมล์แท้ ✅ ...","0 - 5K กม.","กรุงเทพมหานคร","","มือสอง","เกียร์อัตโนมัติ"
"1786479261-142","https://www.one2car.com/%E0%B8%A3%E0%B8%96%E0%B8%A1%E0%B8%B7%E0%B8%AD%E0%B8%AA%E0%B8%AD%E0%B8%87-%E0%B8%AA%E0%B8%B3%E0%B8%AB%E0%B8%A3%E0%B8%B1%E0%B8%9A-%E0%B8%82%E0%B8%B2%E0%B8%A2","https://www.one2car.com/%E0%B8%A3%E0%B8%96-%E0%B8%AA%E0%B8%B3%E0%B8%AB%E0%B8%A3%E0%B8%B1%E0%B8%9A-%E0%B8%82%E0%B8%B2%E0%B8%A2?type=used&page_number=6&page_size=26","2020 Nissan ALMERA 1.0 (ปี 19-25) V Sedan","348,000 บาท","ฟรีดาวน์ ผ่อน 5,600 บาท ตลอดสัญญา ยอดผ่อนถูกมาก และ ยังฟรีดาวน์ ออกรถๆได้เลย Nissan ...","85 - 90K กม.","กรุงเทพมหานคร","Nissan ALMERA","มือสอง","เกียร์อัตโนมัติ"
"1786479265-143","https://www.one2car.com/%E0%B8%A3%E0%B8%96%E0%B8%A1%E0%B8%B7%E0%B8%AD%E0%B8%AA%E0%B8%AD%E0%B8%87-%E0%B8%AA%E0%B8%B3%E0%B8%AB%E0%B8%A3%E0%B8%B1%E0%B8%9A-%E0%B8%82%E0%B8%B2%E0%B8%A2","https://www.one2car.com/%E0%B8%A3%E0%B8%96-%E0%B8%AA%E0%B8%B3%E0%B8%AB%E0%B8%A3%E0%B8%B1%E0%B8%9A-%E0%B8%82%E0%B8%B2%E0%B8%A2?type=used&page_number=7&page_size=26","2018 Toyota C-HR 1.8 (ปี 17-23) HV Hi SUV","488,000 บาท","Toyota C-HR HV Hi รุ่น Top สุด ปี 2018 ✅ ฟรีดาวน์ ผ่อน 8,200 บาท ตลอดสัญญา ได้รุ่น Top ...","155 - 160K กม.","กรุงเทพมหานคร","Toyota C-HR","มือสอง","เกียร์อัตโนมัติ"
"1786479265-144","https://www.one2car.com/%E0%B8%A3%E0%B8%96%E0%B8%A1%E0%B8%B7%E0%B8%AD%E0%B8%AA%E0%B8%AD%E0%B8%87-%E0%B8%AA%E0%B8%B3%E0%B8%AB%E0%B8%A3%E0%B8%B1%E0%B8%9A-%E0%B8%82%E0%B8%B2%E0%B8%A2","https://www.one2car.com/%E0%B8%A3%E0%B8%96-%E0%B8%AA%E0%B8%B3%E0%B8%AB%E0%B8%A3%E0%B8%B1%E0%B8%9A-%E0%B8%82%E0%B8%B2%E0%B8%A2?type=used&page_number=7&page_size=26","2023 Hyundai Stargazer 1.5 (ปี 23-30) Smart 6 Wagon","548,000 บาท","เลขไมล์น้อย 30,000 กิโล ( รับประกันเลขไมล์แท้ ) Hyundai Stargazer Smart 6 ( 6 ที่นั่ง ) ...","25 - 30K กม.","กรุงเทพมหานคร","","มือสอง","เกียร์อัตโนมัติ"
"1786479265-145","https://www.one2car.com/%E0%B8%A3%E0%B8%96%E0%B8%A1%E0%B8%B7%E0%B8%AD%E0%B8%AA%E0%B8%AD%E0%B8%87-%E0%B8%AA%E0%B8%B3%E0%B8%AB%E0%B8%A3%E0%B8%B1%E0%B8%9A-%E0%B8%82%E0%B8%B2%E0%B8%A2","https://www.one2car.com/%E0%B8%A3%E0%B8%96-%E0%B8%AA%E0%B8%B3%E0%B8%AB%E0%B8%A3%E0%B8%B1%E0%B8%9A-%E0%B8%82%E0%B8%B2%E0%B8%A2?type=used&page_number=7&page_size=26","2021 Suzuki XL7 1.5 (ปี 20-26) GLX Wagon","429,000 บาท","ดีจริงสมาร์ทคาร์ ศูนย์รถเดอะเบสท์5 กาญจนาภิเษก แวะมาดูรถจริงคุยกันได้ครับ ...","85 - 90K กม.","กรุงเทพมหานคร","","มือสอง","เกียร์อัตโนมัติ"
"1786479265-146","https://www.one2car.com/%E0%B8%A3%E0%B8%96%E0%B8%A1%E0%B8%B7%E0%B8%AD%E0%B8%AA%E0%B8%AD%E0%B8%87-%E0%B8%AA%E0%B8%B3%E0%B8%AB%E0%B8%A3%E0%B8%B1%E0%B8%9A-%E0%B8%82%E0%B8%B2%E0%B8%A2","https://www.one2car.com/%E0%B8%A3%E0%B8%96-%E0%B8%AA%E0%B8%B3%E0%B8%AB%E0%B8%A3%E0%B8%B1%E0%B8%9A-%E0%B8%82%E0%B8%B2%E0%B8%A2?type=used&page_number=7&page_size=26","2017 BMW 320d 2.0 F30 (ปี 11-16) Luxury Sedan","529,000 บาท","ดีจริงสมาร์ทคาร์ ศูนย์รถเดอะเบสท์5 กาญจนาภิเษก แวะมาดูรถจริงคุยกันได้ครับ ...","165 - 170K กม.","กรุงเทพมหานคร","BMW 320d","มือสอง","เกียร์อัตโนมัติ"
"1786479265-147","https://www.one2car.com/%E0%B8%A3%E0%B8%96%E0%B8%A1%E0%B8%B7%E0%B8%AD%E0%B8%AA%E0%B8%AD%E0%B8%87-%E0%B8%AA%E0%B8%B3%E0%B8%AB%E0%B8%A3%E0%B8%B1%E0%B8%9A-%E0%B8%82%E0%B8%B2%E0%B8%A2","https://www.one2car.com/%E0%B8%A3%E0%B8%96-%E0%B8%AA%E0%B8%B3%E0%B8%AB%E0%B8%A3%E0%B8%B1%E0%B8%9A-%E0%B8%82%E0%B8%B2%E0%B8%A2?type=used&page_number=7&page_size=26","2023 Ford RANGER 2.0 Double Cab (ปี 22-28) WildTrak Hi-Rid...","799,000 บาท","ดีจริงสมาร์ทคาร์ ศูนย์รถเดอะเบสท์5 กาญจนาภิเษก แวะมาดูรถจริงคุยกันได้ครับ ...","40 - 45K กม.","กรุงเทพมหานคร","Ford RANGER","มือสอง","เกียร์อัตโนมัติ"
"1786479265-148","https://www.one2car.com/%E0%B8%A3%E0%B8%96%E0%B8%A1%E0%B8%B7%E0%B8%AD%E0%B8%AA%E0%B8%AD%E0%B8%87-%E0%B8%AA%E0%B8%B3%E0%B8%AB%E0%B8%A3%E0%B8%B1%E0%B8%9A-%E0%B8%82%E0%B8%B2%E0%B8%A2","https://www.one2car.com/%E0%B8%A3%E0%B8%96-%E0%B8%AA%E0%B8%B3%E0%B8%AB%E0%B8%A3%E0%B8%B1%E0%B8%9A-%E0%B8%82%E0%B8%B2%E0%B8%A2?type=used&page_number=7&page_size=26","2019 Toyota HIACE 3.0 Commuter (ปี 05-19) D4D Van","769,000 บาท","ดีจริงสมาร์ทคาร์ ศูนย์รถเดอะเบสท์5 กาญจนาภิเษก แวะมาดูรถจริงคุยกันได้ครับ ...","160 - 165K กม.","กรุงเทพมหานคร","Toyota HIACE","มือสอง","เกียร์อัตโนมัติ"
"1786479265-149","https://www.one2car.com/%E0%B8%A3%E0%B8%96%E0%B8%A1%E0%B8%B7%E0%B8%AD%E0%B8%AA%E0%B8%AD%E0%B8%87-%E0%B8%AA%E0%B8%B3%E0%B8%AB%E0%B8%A3%E0%B8%B1%E0%B8%9A-%E0%B8%82%E0%B8%B2%E0%B8%A2","https://www.one2car.com/%E0%B8%A3%E0%B8%96-%E0%B8%AA%E0%B8%B3%E0%B8%AB%E0%B8%A3%E0%B8%B1%E0%B8%9A-%E0%B8%82%E0%B8%B2%E0%B8%A2?type=used&page_number=7&page_size=26","2023 Mazda 3 2.0 (ปี 19-25) C Sedan","598,000 บาท","Mazda3 2.0 ปี 2023 สีขาว เลขไมล์ 90,000 กิโล ( รับประกันเลขไมล์แท้ ) ✅ ราคาเพียง 598,000 ...","90 - 95K กม.","กรุงเทพมหานคร","Mazda 3","มือสอง","เกียร์อัตโนมัติ"
"1786479265-150","https://www.one2car.com/%E0%B8%A3%E0%B8%96%E0%B8%A1%E0%B8%B7%E0%B8%AD%E0%B8%AA%E0%B8%AD%E0%B8%87-%E0%B8%AA%E0%B8%B3%E0%B8%AB%E0%B8%A3%E0%B8%B1%E0%B8%9A-%E0%B8%82%E0%B8%B2%E0%B8%A2","https://www.one2car.com/%E0%B8%A3%E0%B8%96-%E0%B8%AA%E0%B8%B3%E0%B8%AB%E0%B8%A3%E0%B8%B1%E0%B8%9A-%E0%B8%82%E0%B8%B2%E0%B8%A2?type=used&page_number=7&page_size=26","2025 Mazda BT-50 2.2 Double Cab Hi-Racer XT Pickup","688,000 บาท","Mazda BT50 XT Minorchange 4ประตู เกียร์ออโต้ 2025 เลขไมล์ 10,000 กิโล ( ...","10 - 15K กม.","กรุงเทพมหานคร","Mazda BT-50","มือสอง","เกียร์อัตโนมัติ"
"1786479265-151","https://www.one2car.com/%E0%B8%A3%E0%B8%96%E0%B8%A1%E0%B8%B7%E0%B8%AD%E0%B8%AA%E0%B8%AD%E0%B8%87-%E0%B8%AA%E0%B8%B3%E0%B8%AB%E0%B8%A3%E0%B8%B1%E0%B8%9A-%E0%B8%82%E0%B8%B2%E0%B8%A2","https://www.one2car.com/%E0%B8%A3%E0%B8%96-%E0%B8%AA%E0%B8%B3%E0%B8%AB%E0%B8%A3%E0%B8%B1%E0%B8%9A-%E0%B8%82%E0%B8%B2%E0%B8%A2?type=used&page_number=7&page_size=26","2017 Toyota FORTUNER 2.8 (ปี 15-25) TRD Sportivo SUV","749,000 บาท","ดีจริงสมาร์ทคาร์ ศูนย์รถเดอะเบสท์5 กาญจนาภิเษก แวะมาดูรถจริงคุยกันได้ครับ ...","125 - 130K กม.","กรุงเทพมหานคร","Toyota FORTUNER","มือสอง","เกียร์อัตโนมัติ"
"1786479265-152","https://www.one2car.com/%E0%B8%A3%E0%B8%96%E0%B8%A1%E0%B8%B7%E0%B8%AD%E0%B8%AA%E0%B8%AD%E0%B8%87-%E0%B8%AA%E0%B8%B3%E0%B8%AB%E0%B8%A3%E0%B8%B1%E0%B8%9A-%E0%B8%82%E0%B8%B2%E0%B8%A2","https://www.one2car.com/%E0%B8%A3%E0%B8%96-%E0%B8%AA%E0%B8%B3%E0%B8%AB%E0%B8%A3%E0%B8%B1%E0%B8%9A-%E0%B8%82%E0%B8%B2%E0%B8%A2?type=used&page_number=7&page_size=26","2020 Mitsubishi TRITON 2.4 Double Cab (ปี 18-23) GT Premiu...","498,000 บาท","Mitsubishi Triton GT Premium 4WD เกียร์ออโต้ ปี 2020 ✅ ราคาเพียง 498,000 บาท เท่านั้น *** ...","0 - 5K กม.","กรุงเทพมหานคร","Mitsubishi TRITON","มือสอง","เกียร์อัตโนมัติ"
"1786479265-153","https://www.one2car.com/%E0%B8%A3%E0%B8%96%E0%B8%A1%E0%B8%B7%E0%B8%AD%E0%B8%AA%E0%B8%AD%E0%B8%87-%E0%B8%AA%E0%B8%B3%E0%B8%AB%E0%B8%A3%E0%B8%B1%E0%B8%9A-%E0%B8%82%E0%B8%B2%E0%B8%A2","https://www.one2car.com/%E0%B8%A3%E0%B8%96-%E0%B8%AA%E0%B8%B3%E0%B8%AB%E0%B8%A3%E0%B8%B1%E0%B8%9A-%E0%B8%82%E0%B8%B2%E0%B8%A2?type=used&page_number=7&page_size=26","2022 Ford RANGER 2.2 Double Cab (ปี 15-21) XLT Hi-Rider Pi...","498,000 บาท","เลขไมล์น้อย 60,000 กิโล ( รับประกันเลขไมล์แท้ ) Ford Ranger 2.2 XLT ยกสูง 4ประตู ...","55 - 60K กม.","กรุงเทพมหานคร","Ford RANGER","มือสอง","เกียร์อัตโนมัติ"
"1786479265-154","https://www.one2car.com/%E0%B8%A3%E0%B8%96%E0%B8%A1%E0%B8%B7%E0%B8%AD%E0%B8%AA%E0%B8%AD%E0%B8%87-%E0%B8%AA%E0%B8%B3%E0%B8%AB%E0%B8%A3%E0%B8%B1%E0%B8%9A-%E0%B8%82%E0%B8%B2%E0%B8%A2","https://www.one2car.com/%E0%B8%A3%E0%B8%96-%E0%B8%AA%E0%B8%B3%E0%B8%AB%E0%B8%A3%E0%B8%B1%E0%B8%9A-%E0%B8%82%E0%B8%B2%E0%B8%A2?type=used&page_number=7&page_size=26","2019 Toyota Yaris Ativ 1.2 (ปี 17-22) S+ Sedan - S","348,000 บาท","*** ฟรีดาวน์ ผ่อนเพียง 5,600 บาท เท่านั้น *** เลขไมล์น้อย 50,000 กิโล ( ...","45 - 50K กม.","กรุงเทพมหานคร","Toyota Yaris Ativ","มือสอง","เกียร์อัตโนมัติ"
"1786479265-155","https://www.one2car.com/%E0%B8%A3%E0%B8%96%E0%B8%A1%E0%B8%B7%E0%B8%AD%E0%B8%AA%E0%B8%AD%E0%B8%87-%E0%B8%AA%E0%B8%B3%E0%B8%AB%E0%B8%A3%E0%B8%B1%E0%B8%9A-%E0%B8%82%E0%B8%B2%E0%B8%A2","https://www.one2car.com/%E0%B8%A3%E0%B8%96-%E0%B8%AA%E0%B8%B3%E0%B8%AB%E0%B8%A3%E0%B8%B1%E0%B8%9A-%E0%B8%82%E0%B8%B2%E0%B8%A2?type=used&page_number=7&page_size=26","2020 Nissan ALMERA 1.0 (ปี 19-25) VL Sedan","348,000 บาท","เลขไมล์ 80,000 กิโล ( รับประกันเลขไมล์แท้ ) Nissan Almera VL รุ่น Top เกียร์ออโต้ ปี 2020 ...","75 - 80K กม.","กรุงเทพมหานคร","Nissan ALMERA","มือสอง","เกียร์อัตโนมัติ"
"1786479265-156","https://www.one2car.com/%E0%B8%A3%E0%B8%96%E0%B8%A1%E0%B8%B7%E0%B8%AD%E0%B8%AA%E0%B8%AD%E0%B8%87-%E0%B8%AA%E0%B8%B3%E0%B8%AB%E0%B8%A3%E0%B8%B1%E0%B8%9A-%E0%B8%82%E0%B8%B2%E0%B8%A2","https://www.one2car.com/%E0%B8%A3%E0%B8%96-%E0%B8%AA%E0%B8%B3%E0%B8%AB%E0%B8%A3%E0%B8%B1%E0%B8%9A-%E0%B8%82%E0%B8%B2%E0%B8%A2?type=used&page_number=7&page_size=26","2022 Mazda CX-30 2.0 (ปี 20-26) SP SUV","618,000 บาท","Mazda CX-30 2.0 SP Sunroof Top สุด ปี 2022 รถปี 2022 ค.ศ. 2022 แท้ๆ รถสวย คุณภาพดี ...","0 - 5K กม.","กรุงเทพมหานคร","","มือสอง","เกียร์อัตโนมัติ"
"1786479265-157","https://www.one2car.com/%E0%B8%A3%E0%B8%96%E0%B8%A1%E0%B8%B7%E0%B8%AD%E0%B8%AA%E0%B8%AD%E0%B8%87-%E0%B8%AA%E0%B8%B3%E0%B8%AB%E0%B8%A3%E0%B8%B1%E0%B8%9A-%E0%B8%82%E0%B8%B2%E0%B8%A2","https://www.one2car.com/%E0%B8%A3%E0%B8%96-%E0%B8%AA%E0%B8%B3%E0%B8%AB%E0%B8%A3%E0%B8%B1%E0%B8%9A-%E0%B8%82%E0%B8%B2%E0%B8%A2?type=used&page_number=7&page_size=26","2021 Toyota VIOS 1.5 (ปี 17-22) Mid Sedan","388,000 บาท","*** ฟรีดาวน์ ผ่อน 6,300 บาท ตลอดสัญญา *** Toyota Vios 1.5 Mid เกียร์ออโต้ ปี 2021 เลขไมล์ ...","95 - 100K กม.","กรุงเทพมหานคร","Toyota VIOS","มือสอง","เกียร์อัตโนมัติ"
"1786479265-158","https://www.one2car.com/%E0%B8%A3%E0%B8%96%E0%B8%A1%E0%B8%B7%E0%B8%AD%E0%B8%AA%E0%B8%AD%E0%B8%87-%E0%B8%AA%E0%B8%B3%E0%B8%AB%E0%B8%A3%E0%B8%B1%E0%B8%9A-%E0%B8%82%E0%B8%B2%E0%B8%A2","https://www.one2car.com/%E0%B8%A3%E0%B8%96-%E0%B8%AA%E0%B8%B3%E0%B8%AB%E0%B8%A3%E0%B8%B1%E0%B8%9A-%E0%B8%82%E0%B8%B2%E0%B8%A2?type=used&page_number=7&page_size=26","2018 Mazda 2 1.3 (ปี 15-25) Sports High Plus Hatchback","268,000 บาท","*** ฟรีดาวน์ ผ่อน 4,900 บาท ตลอดสัญญา *** Mazda 2 1.3 5ประตู Hatchback ปี 2018 ✅ ...","0 - 5K กม.","กรุงเทพมหานคร","Mazda 2","มือสอง","เกียร์อัตโนมัติ"
"1786479265-159","https://www.one2car.com/%E0%B8%A3%E0%B8%96%E0%B8%A1%E0%B8%B7%E0%B8%AD%E0%B8%AA%E0%B8%AD%E0%B8%87-%E0%B8%AA%E0%B8%B3%E0%B8%AB%E0%B8%A3%E0%B8%B1%E0%B8%9A-%E0%B8%82%E0%B8%B2%E0%B8%A2","https://www.one2car.com/%E0%B8%A3%E0%B8%96-%E0%B8%AA%E0%B8%B3%E0%B8%AB%E0%B8%A3%E0%B8%B1%E0%B8%9A-%E0%B8%82%E0%B8%B2%E0%B8%A2?type=used&page_number=7&page_size=26","2022 Mitsubishi PAJERO SPORT 2.4 (ปี 19-25) GT Premium SUV...","928,000 บาท","เลขไมล์ 50,000 กิโล ( รับประกันเลขไมล์แท้ ) Mitsubishi Pajero 2.4 GT Premium Top 2WD ปี ...","45 - 50K กม.","กรุงเทพมหานคร","Mitsubishi PAJERO SPORT","มือสอง","เกียร์อัตโนมัติ"
"1786479265-160","https://www.one2car.com/%E0%B8%A3%E0%B8%96%E0%B8%A1%E0%B8%B7%E0%B8%AD%E0%B8%AA%E0%B8%AD%E0%B8%87-%E0%B8%AA%E0%B8%B3%E0%B8%AB%E0%B8%A3%E0%B8%B1%E0%B8%9A-%E0%B8%82%E0%B8%B2%E0%B8%A2","https://www.one2car.com/%E0%B8%A3%E0%B8%96-%E0%B8%AA%E0%B8%B3%E0%B8%AB%E0%B8%A3%E0%B8%B1%E0%B8%9A-%E0%B8%82%E0%B8%B2%E0%B8%A2?type=used&page_number=7&page_size=26","2016 Mitsubishi ATTRAGE 1.2 (ปี 13-18) GLX Sedan","188,000 บาท","Mitsubishi Attrage เกียร์ออโต้ ปี 2016 ✅ ราคาน่ารัก 188,000 บาท เท่านั้น *** ฟรีดาวน์ ...","0 - 5K กม.","กรุงเทพมหานคร","Mitsubishi ATTRAGE","มือสอง","เกียร์อัตโนมัติ"
"1786479265-161","https://www.one2car.com/%E0%B8%A3%E0%B8%96%E0%B8%A1%E0%B8%B7%E0%B8%AD%E0%B8%AA%E0%B8%AD%E0%B8%87-%E0%B8%AA%E0%B8%B3%E0%B8%AB%E0%B8%A3%E0%B8%B1%E0%B8%9A-%E0%B8%82%E0%B8%B2%E0%B8%A2","https://www.one2car.com/%E0%B8%A3%E0%B8%96-%E0%B8%AA%E0%B8%B3%E0%B8%AB%E0%B8%A3%E0%B8%B1%E0%B8%9A-%E0%B8%82%E0%B8%B2%E0%B8%A2?type=used&page_number=7&page_size=26","2019 Kia GRAND CARNIVAL 2.2 (ปี 15-20) SXL Wagon","759,000 บาท","ดีจริงสมาร์ทคาร์ ศูนย์รถเดอะเบสท์5 กาญจนาภิเษก แวะมาดูรถจริงคุยกันได้ครับ ...","145 - 150K กม.","กรุงเทพมหานคร","Kia GRAND CARNIVAL","มือสอง","เกียร์อัตโนมัติ"
"1786479265-162","https://www.one2car.com/%E0%B8%A3%E0%B8%96%E0%B8%A1%E0%B8%B7%E0%B8%AD%E0%B8%AA%E0%B8%AD%E0%B8%87-%E0%B8%AA%E0%B8%B3%E0%B8%AB%E0%B8%A3%E0%B8%B1%E0%B8%9A-%E0%B8%82%E0%B8%B2%E0%B8%A2","https://www.one2car.com/%E0%B8%A3%E0%B8%96-%E0%B8%AA%E0%B8%B3%E0%B8%AB%E0%B8%A3%E0%B8%B1%E0%B8%9A-%E0%B8%82%E0%B8%B2%E0%B8%A2?type=used&page_number=7&page_size=26","2013 Honda CIVIC 1.8 FB (ปี 12-16) E Sedan","298,000 บาท","Honda Civic FB 1.8 E เกียร์ออโต้ ปี 2013 ✅ ราคาเพียง 298,000 บาท เท่านั้น ฟรีดาวน์ 5,400 ...","0 - 5K กม.","กรุงเทพมหานคร","Honda CIVIC","มือสอง","เกียร์อัตโนมัติ"
"1786479265-163","https://www.one2car.com/%E0%B8%A3%E0%B8%96%E0%B8%A1%E0%B8%B7%E0%B8%AD%E0%B8%AA%E0%B8%AD%E0%B8%87-%E0%B8%AA%E0%B8%B3%E0%B8%AB%E0%B8%A3%E0%B8%B1%E0%B8%9A-%E0%B8%82%E0%B8%B2%E0%B8%A2","https://www.one2car.com/%E0%B8%A3%E0%B8%96-%E0%B8%AA%E0%B8%B3%E0%B8%AB%E0%B8%A3%E0%B8%B1%E0%B8%9A-%E0%B8%82%E0%B8%B2%E0%B8%A2?type=used&page_number=7&page_size=26","2022 Toyota YARIS 1.2 (ปี 17-25) Entry Hatchback","398,000 บาท","เลขไมล์ 19,000 กิโล (รับประกันเลขไมล์แท้ ) ✅ รถบ้าน สภาพดี + เลขไมล์น้อย Rare Items ...","10 - 15K กม.","กรุงเทพมหานคร","Toyota YARIS","มือสอง","เกียร์อัตโนมัติ"
"1786479265-164","https://www.one2car.com/%E0%B8%A3%E0%B8%96%E0%B8%A1%E0%B8%B7%E0%B8%AD%E0%B8%AA%E0%B8%AD%E0%B8%87-%E0%B8%AA%E0%B8%B3%E0%B8%AB%E0%B8%A3%E0%B8%B1%E0%B8%9A-%E0%B8%82%E0%B8%B2%E0%B8%A2","https://www.one2car.com/%E0%B8%A3%E0%B8%96-%E0%B8%AA%E0%B8%B3%E0%B8%AB%E0%B8%A3%E0%B8%B1%E0%B8%9A-%E0%B8%82%E0%B8%B2%E0%B8%A2?type=used&page_number=7&page_size=26","2023 Isuzu MU-X 1.9 (ปี 20-26) Elegant SUV","948,000 บาท","Isuzu MU-X 1.9 Elegance Minorchange ปี 2023 *** โฉม Minorchange แล้ว *** ✅ รถบ้านแท้ ...","55 - 60K กม.","กรุงเทพมหานคร","Isuzu MU-X","มือสอง","เกียร์อัตโนมัติ"
"1786479265-165","https://www.one2car.com/%E0%B8%A3%E0%B8%96%E0%B8%A1%E0%B8%B7%E0%B8%AD%E0%B8%AA%E0%B8%AD%E0%B8%87-%E0%B8%AA%E0%B8%B3%E0%B8%AB%E0%B8%A3%E0%B8%B1%E0%B8%9A-%E0%B8%82%E0%B8%B2%E0%B8%A2","https://www.one2car.com/%E0%B8%A3%E0%B8%96-%E0%B8%AA%E0%B8%B3%E0%B8%AB%E0%B8%A3%E0%B8%B1%E0%B8%9A-%E0%B8%82%E0%B8%B2%E0%B8%A2?type=used&page_number=7&page_size=26","2023 Mazda BT-50 1.9 Double Cab S Hi-Racer Pickup","478,000 บาท","จัดให้ ราคาโปรโมชั่น คันเดียวเท่านั้น !!! ( ลองอ่านราคา และ ยอดผ่อนดีๆ แล้วคุณๆจะเข้าใจ ) ...","35 - 40K กม.","กรุงเทพมหานคร","Mazda BT-50","มือสอง","เกียร์ธรรมดา"
"1786479265-166","https://www.one2car.com/%E0%B8%A3%E0%B8%96%E0%B8%A1%E0%B8%B7%E0%B8%AD%E0%B8%AA%E0%B8%AD%E0%B8%87-%E0%B8%AA%E0%B8%B3%E0%B8%AB%E0%B8%A3%E0%B8%B1%E0%B8%9A-%E0%B8%82%E0%B8%B2%E0%B8%A2","https://www.one2car.com/%E0%B8%A3%E0%B8%96-%E0%B8%AA%E0%B8%B3%E0%B8%AB%E0%B8%A3%E0%B8%B1%E0%B8%9A-%E0%B8%82%E0%B8%B2%E0%B8%A2?type=used&page_number=7&page_size=26","2020 Nissan X-TRAIL 2.5 (ปี 14-20) VL SUV - 4WD","548,000 บาท","เลขไมล์น้อย 70,000 กิโล ( รับประกันเลขไมล์แท้ ) Nissan X-Trail 2.5 VL 4WD เบนซิน MNC ปี ...","65 - 70K กม.","กรุงเทพมหานคร","Nissan X-TRAIL","มือสอง","เกียร์อัตโนมัติ"
"1786479265-167","https://www.one2car.com/%E0%B8%A3%E0%B8%96%E0%B8%A1%E0%B8%B7%E0%B8%AD%E0%B8%AA%E0%B8%AD%E0%B8%87-%E0%B8%AA%E0%B8%B3%E0%B8%AB%E0%B8%A3%E0%B8%B1%E0%B8%9A-%E0%B8%82%E0%B8%B2%E0%B8%A2","https://www.one2car.com/%E0%B8%A3%E0%B8%96-%E0%B8%AA%E0%B8%B3%E0%B8%AB%E0%B8%A3%E0%B8%B1%E0%B8%9A-%E0%B8%82%E0%B8%B2%E0%B8%A2?type=used&page_number=7&page_size=26","2020 Mitsubishi PAJERO SPORT 2.4 (ปี 19-25) GT Premium SUV...","758,000 บาท","Mitsubishi Pajero 2.4 GT Premium Top 2WD ปี 2020 ✅ ราคาเพียง 758,000 บาท เท่านั้น ออปชั่น ...","125 - 130K กม.","กรุงเทพมหานคร","Mitsubishi PAJERO SPORT","มือสอง","เกียร์อัตโนมัติ"
"1786479265-168","https://www.one2car.com/%E0%B8%A3%E0%B8%96%E0%B8%A1%E0%B8%B7%E0%B8%AD%E0%B8%AA%E0%B8%AD%E0%B8%87-%E0%B8%AA%E0%B8%B3%E0%B8%AB%E0%B8%A3%E0%B8%B1%E0%B8%9A-%E0%B8%82%E0%B8%B2%E0%B8%A2","https://www.one2car.com/%E0%B8%A3%E0%B8%96-%E0%B8%AA%E0%B8%B3%E0%B8%AB%E0%B8%A3%E0%B8%B1%E0%B8%9A-%E0%B8%82%E0%B8%B2%E0%B8%A2?type=used&page_number=7&page_size=26","2023 Mazda CX-3 2.0 (ปี 15-26) Comfort SUV","538,000 บาท","เลขไมล์น้อย 20,000 กิโล ( รับประกันเลขไมล์แท้ ) Mazda CX-3 2.0 Comfort Sunroof Top สุด ปี ...","15 - 20K กม.","กรุงเทพมหานคร","Mazda CX-3","มือสอง","เกียร์อัตโนมัติ"
"1786479272-169","https://www.one2car.com/%E0%B8%A3%E0%B8%96%E0%B8%A1%E0%B8%B7%E0%B8%AD%E0%B8%AA%E0%B8%AD%E0%B8%87-%E0%B8%AA%E0%B8%B3%E0%B8%AB%E0%B8%A3%E0%B8%B1%E0%B8%9A-%E0%B8%82%E0%B8%B2%E0%B8%A2","https://www.one2car.com/%E0%B8%A3%E0%B8%96-%E0%B8%AA%E0%B8%B3%E0%B8%AB%E0%B8%A3%E0%B8%B1%E0%B8%9A-%E0%B8%82%E0%B8%B2%E0%B8%A2?type=used&page_number=8&page_size=26","2023 Honda CR-V 1.5 (ปี 23-29) E SUV","988,000 บาท","เลขไมล์น้อย 40,000 กิโล ( รับประกันเลขไมล์แท้ ) Honda CR-V 1.5 E Turbo ปี 2023 สีขาว รถปี ...","35 - 40K กม.","กรุงเทพมหานคร","Honda CR-V","มือสอง","เกียร์อัตโนมัติ"
"1786479272-170","https://www.one2car.com/%E0%B8%A3%E0%B8%96%E0%B8%A1%E0%B8%B7%E0%B8%AD%E0%B8%AA%E0%B8%AD%E0%B8%87-%E0%B8%AA%E0%B8%B3%E0%B8%AB%E0%B8%A3%E0%B8%B1%E0%B8%9A-%E0%B8%82%E0%B8%B2%E0%B8%A2","https://www.one2car.com/%E0%B8%A3%E0%B8%96-%E0%B8%AA%E0%B8%B3%E0%B8%AB%E0%B8%A3%E0%B8%B1%E0%B8%9A-%E0%B8%82%E0%B8%B2%E0%B8%A2?type=used&page_number=8&page_size=26","2023 Toyota Corolla Altis 1.6 (ปี 19-25) G Sedan","538,000 บาท","Toyota Altis 1.6G เกียร์ออโต้ ปี 2023 *** ฟรีดาวน์ ผ่อนเพียง 8,700 บาท ตลอดสัญญา *** ...","100 - 105K กม.","กรุงเทพมหานคร","Toyota Corolla Altis","มือสอง","เกียร์อัตโนมัติ"
"1786479272-171","https://www.one2car.com/%E0%B8%A3%E0%B8%96%E0%B8%A1%E0%B8%B7%E0%B8%AD%E0%B8%AA%E0%B8%AD%E0%B8%87-%E0%B8%AA%E0%B8%B3%E0%B8%AB%E0%B8%A3%E0%B8%B1%E0%B8%9A-%E0%B8%82%E0%B8%B2%E0%B8%A2","https://www.one2car.com/%E0%B8%A3%E0%B8%96-%E0%B8%AA%E0%B8%B3%E0%B8%AB%E0%B8%A3%E0%B8%B1%E0%B8%9A-%E0%B8%82%E0%B8%B2%E0%B8%A2?type=used&page_number=8&page_size=26","2023 Ford EVEREST 2.0 (ปี 22-28) Sport SUV","928,000 บาท","รับประกัน ราคาดีงามที่สุดในตลาด Ford Everest Next Gen 2.0 Sport ปี 2023 *** ราคาเพียง ...","0 - 5K กม.","กรุงเทพมหานคร","Ford EVEREST","มือสอง","เกียร์อัตโนมัติ"
"1786479272-172","https://www.one2car.com/%E0%B8%A3%E0%B8%96%E0%B8%A1%E0%B8%B7%E0%B8%AD%E0%B8%AA%E0%B8%AD%E0%B8%87-%E0%B8%AA%E0%B8%B3%E0%B8%AB%E0%B8%A3%E0%B8%B1%E0%B8%9A-%E0%B8%82%E0%B8%B2%E0%B8%A2","https://www.one2car.com/%E0%B8%A3%E0%B8%96-%E0%B8%AA%E0%B8%B3%E0%B8%AB%E0%B8%A3%E0%B8%B1%E0%B8%9A-%E0%B8%82%E0%B8%B2%E0%B8%A2?type=used&page_number=8&page_size=26","2022 Toyota Yaris Ativ 1.2 (ปี 22-28) Smart Sedan","429,000 บาท","รถสวยเดิม","105 - 110K กม.","กรุงเทพมหานคร","Toyota Yaris Ativ","มือสอง","เกียร์อัตโนมัติ"
"1786479272-173","https://www.one2car.com/%E0%B8%A3%E0%B8%96%E0%B8%A1%E0%B8%B7%E0%B8%AD%E0%B8%AA%E0%B8%AD%E0%B8%87-%E0%B8%AA%E0%B8%B3%E0%B8%AB%E0%B8%A3%E0%B8%B1%E0%B8%9A-%E0%B8%82%E0%B8%B2%E0%B8%A2","https://www.one2car.com/%E0%B8%A3%E0%B8%96-%E0%B8%AA%E0%B8%B3%E0%B8%AB%E0%B8%A3%E0%B8%B1%E0%B8%9A-%E0%B8%82%E0%B8%B2%E0%B8%A2?type=used&page_number=8&page_size=26","2019 Mazda 3 2.0 (ปี 19-25) SP Sedan","549,000 บาท","คันนี้รถบ้านมือเดียว การันตีสภาพ 5 ดาว มาพร้อมรับประกันเครื่องเกียร์ 24 เดือน 20,000 ...","40 - 45K กม.","กรุงเทพมหานคร","Mazda 3","มือสอง","เกียร์อัตโนมัติ"
"1786479272-174","https://www.one2car.com/%E0%B8%A3%E0%B8%96%E0%B8%A1%E0%B8%B7%E0%B8%AD%E0%B8%AA%E0%B8%AD%E0%B8%87-%E0%B8%AA%E0%B8%B3%E0%B8%AB%E0%B8%A3%E0%B8%B1%E0%B8%9A-%E0%B8%82%E0%B8%B2%E0%B8%A2","https://www.one2car.com/%E0%B8%A3%E0%B8%96-%E0%B8%AA%E0%B8%B3%E0%B8%AB%E0%B8%A3%E0%B8%B1%E0%B8%9A-%E0%B8%82%E0%B8%B2%E0%B8%A2?type=used&page_number=8&page_size=26","2020 Mitsubishi PAJERO SPORT 2.4 (ปี 19-25) GT Premium SUV...","758,000 บาท","Mitsubishi Pajero 2.4 GT Premium Top 2WD ปี 2020 ✅ ราคาเพียง 758,000 บาท เท่านั้น ออปชั่น ...","145 - 150K กม.","กรุงเทพมหานคร","Mitsubishi PAJERO SPORT","มือสอง","เกียร์อัตโนมัติ"
"1786479272-175","https://www.one2car.com/%E0%B8%A3%E0%B8%96%E0%B8%A1%E0%B8%B7%E0%B8%AD%E0%B8%AA%E0%B8%AD%E0%B8%87-%E0%B8%AA%E0%B8%B3%E0%B8%AB%E0%B8%A3%E0%B8%B1%E0%B8%9A-%E0%B8%82%E0%B8%B2%E0%B8%A2","https://www.one2car.com/%E0%B8%A3%E0%B8%96-%E0%B8%AA%E0%B8%B3%E0%B8%AB%E0%B8%A3%E0%B8%B1%E0%B8%9A-%E0%B8%82%E0%B8%B2%E0%B8%A2?type=used&page_number=8&page_size=26","2018 Mazda CX-5 2.0 (ปี 17-26) SP SUV","558,000 บาท","Mazda CX-5 2.0 SP Top เบนซิน ปี 2018 สีขาว รุ่น Top 2.0 SP เบนซิน ครับ *** รถสวยมาก ...","140 - 145K กม.","กรุงเทพมหานคร","Mazda CX-5","มือสอง","เกียร์อัตโนมัติ"
"1786479272-176","https://www.one2car.com/%E0%B8%A3%E0%B8%96%E0%B8%A1%E0%B8%B7%E0%B8%AD%E0%B8%AA%E0%B8%AD%E0%B8%87-%E0%B8%AA%E0%B8%B3%E0%B8%AB%E0%B8%A3%E0%B8%B1%E0%B8%9A-%E0%B8%82%E0%B8%B2%E0%B8%A2","https://www.one2car.com/%E0%B8%A3%E0%B8%96-%E0%B8%AA%E0%B8%B3%E0%B8%AB%E0%B8%A3%E0%B8%B1%E0%B8%9A-%E0%B8%82%E0%B8%B2%E0%B8%A2?type=used&page_number=8&page_size=26","2017 Toyota Corolla Altis 1.6 (ปี 14-18) G Sedan","388,000 บาท","Toyota Altis 1.6 G Minorchange ปี 2017 เลขไมล์ 140,000 กิโล ( รับประกันเลขไมล์แท้ ) ✅ ...","135 - 140K กม.","กรุงเทพมหานคร","Toyota Corolla Altis","มือสอง","เกียร์อัตโนมัติ"
"1786479272-177","https://www.one2car.com/%E0%B8%A3%E0%B8%96%E0%B8%A1%E0%B8%B7%E0%B8%AD%E0%B8%AA%E0%B8%AD%E0%B8%87-%E0%B8%AA%E0%B8%B3%E0%B8%AB%E0%B8%A3%E0%B8%B1%E0%B8%9A-%E0%B8%82%E0%B8%B2%E0%B8%A2","https://www.one2car.com/%E0%B8%A3%E0%B8%96-%E0%B8%AA%E0%B8%B3%E0%B8%AB%E0%B8%A3%E0%B8%B1%E0%B8%9A-%E0%B8%82%E0%B8%B2%E0%B8%A2?type=used&page_number=8&page_size=26","2022 Mazda 2 1.3 (ปี 15-25) C Sports Hatchback","388,000 บาท","เลขไมล์ 20,000 กิโล ( รับประกันเลขไมล์แท้ ) Mazda 2 5 ประตู Hatchback เกียร์ออโต้ ปี 2022 ...","15 - 20K กม.","กรุงเทพมหานคร","Mazda 2","มือสอง","เกียร์อัตโนมัติ"
"1786479272-178","https://www.one2car.com/%E0%B8%A3%E0%B8%96%E0%B8%A1%E0%B8%B7%E0%B8%AD%E0%B8%AA%E0%B8%AD%E0%B8%87-%E0%B8%AA%E0%B8%B3%E0%B8%AB%E0%B8%A3%E0%B8%B1%E0%B8%9A-%E0%B8%82%E0%B8%B2%E0%B8%A2","https://www.one2car.com/%E0%B8%A3%E0%B8%96-%E0%B8%AA%E0%B8%B3%E0%B8%AB%E0%B8%A3%E0%B8%B1%E0%B8%9A-%E0%B8%82%E0%B8%B2%E0%B8%A2?type=used&page_number=8&page_size=26","2022 Mitsubishi PAJERO SPORT 2.4 (ปี 19-25) GT Premium Eli...","958,000 บาท","Mitsubishi Pajero Elite Edition 4WD Top สุด ปี 2022 *** รุ่น Top สุด Elite Edition 4WD ...","100 - 105K กม.","กรุงเทพมหานคร","Mitsubishi PAJERO SPORT","มือสอง","เกียร์อัตโนมัติ"
"1786479272-179","https://www.one2car.com/%E0%B8%A3%E0%B8%96%E0%B8%A1%E0%B8%B7%E0%B8%AD%E0%B8%AA%E0%B8%AD%E0%B8%87-%E0%B8%AA%E0%B8%B3%E0%B8%AB%E0%B8%A3%E0%B8%B1%E0%B8%9A-%E0%B8%82%E0%B8%B2%E0%B8%A2","https://www.one2car.com/%E0%B8%A3%E0%B8%96-%E0%B8%AA%E0%B8%B3%E0%B8%AB%E0%B8%A3%E0%B8%B1%E0%B8%9A-%E0%B8%82%E0%B8%B2%E0%B8%A2?type=used&page_number=8&page_size=26","2022 Toyota Corolla Altis 1.6 (ปี 19-25) G Sedan","518,000 บาท","Toyota Altis 1.6G เกียร์ออโต้ ปี 2022 รถปี 2022 ค.ศ. 2022 แท้ๆ รุ่น 1.6G Top เครื่อง 1600 ...","100 - 105K กม.","กรุงเทพมหานคร","Toyota Corolla Altis","มือสอง","เกียร์อัตโนมัติ"
"1786479272-180","https://www.one2car.com/%E0%B8%A3%E0%B8%96%E0%B8%A1%E0%B8%B7%E0%B8%AD%E0%B8%AA%E0%B8%AD%E0%B8%87-%E0%B8%AA%E0%B8%B3%E0%B8%AB%E0%B8%A3%E0%B8%B1%E0%B8%9A-%E0%B8%82%E0%B8%B2%E0%B8%A2","https://www.one2car.com/%E0%B8%A3%E0%B8%96-%E0%B8%AA%E0%B8%B3%E0%B8%AB%E0%B8%A3%E0%B8%B1%E0%B8%9A-%E0%B8%82%E0%B8%B2%E0%B8%A2?type=used&page_number=8&page_size=26","2023 Ford EVEREST 2.0 (ปี 22-28) Titanium+ SUV - Titanium ...","1,160,000 บาท","Ford Everest 2.0 4WD Bi Turbo Top สุด ปี 2023 *** รุ่น Top สุด 4WD Bi Turbo นะครับ *** ✅ ...","0 - 5K กม.","กรุงเทพมหานคร","Ford EVEREST","มือสอง","เกียร์อัตโนมัติ"
"1786479272-181","https://www.one2car.com/%E0%B8%A3%E0%B8%96%E0%B8%A1%E0%B8%B7%E0%B8%AD%E0%B8%AA%E0%B8%AD%E0%B8%87-%E0%B8%AA%E0%B8%B3%E0%B8%AB%E0%B8%A3%E0%B8%B1%E0%B8%9A-%E0%B8%82%E0%B8%B2%E0%B8%A2","https://www.one2car.com/%E0%B8%A3%E0%B8%96-%E0%B8%AA%E0%B8%B3%E0%B8%AB%E0%B8%A3%E0%B8%B1%E0%B8%9A-%E0%B8%82%E0%B8%B2%E0%B8%A2?type=used&page_number=8&page_size=26","2021 Isuzu MU-X 3.0 (ปี 20-26) Ultimate SUV","798,000 บาท","🔥 Promotion สุดร้อนแรง 🔥 Isuzu MU-X 3.0 Ultimate ปี 2021 ✅ ราคาพิเศษ 798,000 บาท ย้ำว่า ...","0 - 5K กม.","กรุงเทพมหานคร","Isuzu MU-X","มือสอง","เกียร์อัตโนมัติ"
"1786479272-182","https://www.one2car.com/%E0%B8%A3%E0%B8%96%E0%B8%A1%E0%B8%B7%E0%B8%AD%E0%B8%AA%E0%B8%AD%E0%B8%87-%E0%B8%AA%E0%B8%B3%E0%B8%AB%E0%B8%A3%E0%B8%B1%E0%B8%9A-%E0%B8%82%E0%B8%B2%E0%B8%A2","https://www.one2car.com/%E0%B8%A3%E0%B8%96-%E0%B8%AA%E0%B8%B3%E0%B8%AB%E0%B8%A3%E0%B8%B1%E0%B8%9A-%E0%B8%82%E0%B8%B2%E0%B8%A2?type=used&page_number=8&page_size=26","2023 Isuzu MU-X 1.9 (ปี 20-26) Ultimate SUV","998,000 บาท","เลขไมล์ 50,000 กิโล ( รับประกันเลขไมล์แท้ ) Isuzu MU-X 1.9 Ultimate Minorchange ปี 2023 ...","45 - 50K กม.","กรุงเทพมหานคร","Isuzu MU-X","มือสอง","เกียร์อัตโนมัติ"
"1786479272-183","https://www.one2car.com/%E0%B8%A3%E0%B8%96%E0%B8%A1%E0%B8%B7%E0%B8%AD%E0%B8%AA%E0%B8%AD%E0%B8%87-%E0%B8%AA%E0%B8%B3%E0%B8%AB%E0%B8%A3%E0%B8%B1%E0%B8%9A-%E0%B8%82%E0%B8%B2%E0%B8%A2","https://www.one2car.com/%E0%B8%A3%E0%B8%96-%E0%B8%AA%E0%B8%B3%E0%B8%AB%E0%B8%A3%E0%B8%B1%E0%B8%9A-%E0%B8%82%E0%B8%B2%E0%B8%A2?type=used&page_number=8&page_size=26","2021 Toyota VIOS 1.5 (ปี 17-22) Mid Sedan","398,000 บาท","เลขไมล์น้อย 80,000 กิโล ( รับประกันเลขไมล์แท้ ) Toyota Vios 1.5 Mid เกียร์ออโต้ ปี 2021 ✅ ...","75 - 80K กม.","กรุงเทพมหานคร","Toyota VIOS","มือสอง","เกียร์อัตโนมัติ"
"1786479272-184","https://www.one2car.com/%E0%B8%A3%E0%B8%96%E0%B8%A1%E0%B8%B7%E0%B8%AD%E0%B8%AA%E0%B8%AD%E0%B8%87-%E0%B8%AA%E0%B8%B3%E0%B8%AB%E0%B8%A3%E0%B8%B1%E0%B8%9A-%E0%B8%82%E0%B8%B2%E0%B8%A2","https://www.one2car.com/%E0%B8%A3%E0%B8%96-%E0%B8%AA%E0%B8%B3%E0%B8%AB%E0%B8%A3%E0%B8%B1%E0%B8%9A-%E0%B8%82%E0%B8%B2%E0%B8%A2?type=used&page_number=8&page_size=26","2016 Honda HR-V 1.8 (ปี 14-18) E Limited SUV","418,000 บาท","Honda HR-V E Limited ปี 2016 สีขาว ✅ ราคาโปรโมชั่น 418,000 บาท เท่านั้น *** ฟรีดาวน์ ...","100 - 105K กม.","กรุงเทพมหานคร","Honda HR-V","มือสอง","เกียร์อัตโนมัติ"
"1786479272-185","https://www.one2car.com/%E0%B8%A3%E0%B8%96%E0%B8%A1%E0%B8%B7%E0%B8%AD%E0%B8%AA%E0%B8%AD%E0%B8%87-%E0%B8%AA%E0%B8%B3%E0%B8%AB%E0%B8%A3%E0%B8%B1%E0%B8%9A-%E0%B8%82%E0%B8%B2%E0%B8%A2","https://www.one2car.com/%E0%B8%A3%E0%B8%96-%E0%B8%AA%E0%B8%B3%E0%B8%AB%E0%B8%A3%E0%B8%B1%E0%B8%9A-%E0%B8%82%E0%B8%B2%E0%B8%A2?type=used&page_number=8&page_size=26","2024 Mazda 3 2.0 (ปี 19-25) C Sedan","648,000 บาท","Mazda3 2.0C Minorchange ปี 2024 สีดำ ✅ ราคาเพียง 648,000 บาท เท่านั้น *** ฟรีดาวน์ ผ่อน ...","50 - 55K กม.","กรุงเทพมหานคร","Mazda 3","มือสอง","เกียร์อัตโนมัติ"
"1786479272-186","https://www.one2car.com/%E0%B8%A3%E0%B8%96%E0%B8%A1%E0%B8%B7%E0%B8%AD%E0%B8%AA%E0%B8%AD%E0%B8%87-%E0%B8%AA%E0%B8%B3%E0%B8%AB%E0%B8%A3%E0%B8%B1%E0%B8%9A-%E0%B8%82%E0%B8%B2%E0%B8%A2","https://www.one2car.com/%E0%B8%A3%E0%B8%96-%E0%B8%AA%E0%B8%B3%E0%B8%AB%E0%B8%A3%E0%B8%B1%E0%B8%9A-%E0%B8%82%E0%B8%B2%E0%B8%A2?type=used&page_number=8&page_size=26","2023 Toyota Corolla Altis 1.8 (ปี 19-25) GR Sport Sedan   ...","698,000 บาท","เลขไมล์ 70,000 กิโล ( รับประกันเลขไมล์แท้ ) Toyota Altis GR Sport Minorchange ปี 2023 ...","65 - 70K กม.","กรุงเทพมหานคร","Toyota Corolla Altis","มือสอง","เกียร์อัตโนมัติ"
"1786479272-187","https://www.one2car.com/%E0%B8%A3%E0%B8%96%E0%B8%A1%E0%B8%B7%E0%B8%AD%E0%B8%AA%E0%B8%AD%E0%B8%87-%E0%B8%AA%E0%B8%B3%E0%B8%AB%E0%B8%A3%E0%B8%B1%E0%B8%9A-%E0%B8%82%E0%B8%B2%E0%B8%A2","https://www.one2car.com/%E0%B8%A3%E0%B8%96-%E0%B8%AA%E0%B8%B3%E0%B8%AB%E0%B8%A3%E0%B8%B1%E0%B8%9A-%E0%B8%82%E0%B8%B2%E0%B8%A2?type=used&page_number=8&page_size=26","2021 Toyota FORTUNER 2.4 (ปี 15-25) G SUV","818,000 บาท","Toyota Fortuner 2.4 ดีเซล Minorchange ปี 2021 รถปี 2021 ค.ศ. 2021 แท้ๆ โฉม Minorchange ...","150 - 155K กม.","กรุงเทพมหานคร","Toyota FORTUNER","มือสอง","เกียร์อัตโนมัติ"
"1786479272-188","https://www.one2car.com/%E0%B8%A3%E0%B8%96%E0%B8%A1%E0%B8%B7%E0%B8%AD%E0%B8%AA%E0%B8%AD%E0%B8%87-%E0%B8%AA%E0%B8%B3%E0%B8%AB%E0%B8%A3%E0%B8%B1%E0%B8%9A-%E0%B8%82%E0%B8%B2%E0%B8%A2","https://www.one2car.com/%E0%B8%A3%E0%B8%96-%E0%B8%AA%E0%B8%B3%E0%B8%AB%E0%B8%A3%E0%B8%B1%E0%B8%9A-%E0%B8%82%E0%B8%B2%E0%B8%A2?type=used&page_number=8&page_size=26","2022 Ford RANGER 2.2 Double Cab (ปี 15-21) XLT Hi-Rider Pi...","528,000 บาท","2022 Ford RANGER 2.2 Double Cab (ปี 15-21) XLT Hi-Rider Pickup Line ID : @da2car ...","40 - 45K กม.","กรุงเทพมหานคร","Ford RANGER","มือสอง","เกียร์ธรรมดา"
"1786479272-189","https://www.one2car.com/%E0%B8%A3%E0%B8%96%E0%B8%A1%E0%B8%B7%E0%B8%AD%E0%B8%AA%E0%B8%AD%E0%B8%87-%E0%B8%AA%E0%B8%B3%E0%B8%AB%E0%B8%A3%E0%B8%B1%E0%B8%9A-%E0%B8%82%E0%B8%B2%E0%B8%A2","https://www.one2car.com/%E0%B8%A3%E0%B8%96-%E0%B8%AA%E0%B8%B3%E0%B8%AB%E0%B8%A3%E0%B8%B1%E0%B8%9A-%E0%B8%82%E0%B8%B2%E0%B8%A2?type=used&page_number=8&page_size=26","2023 Mitsubishi TRITON 2.4 Double Cab (ปี 23-29) Plus Ultr...","698,000 บาท","เลขไมล์ 30,000 กิโล ( รับประกัน เลขไมล์แท้ ) มาพร้อม ชุดแต่งรอบคัน + โรลบาร์หลัง มูลค่า ...","25 - 30K กม.","กรุงเทพมหานคร","Mitsubishi TRITON","มือสอง","เกียร์อัตโนมัติ"
"1786479272-190","https://www.one2car.com/%E0%B8%A3%E0%B8%96%E0%B8%A1%E0%B8%B7%E0%B8%AD%E0%B8%AA%E0%B8%AD%E0%B8%87-%E0%B8%AA%E0%B8%B3%E0%B8%AB%E0%B8%A3%E0%B8%B1%E0%B8%9A-%E0%B8%82%E0%B8%B2%E0%B8%A2","https://www.one2car.com/%E0%B8%A3%E0%B8%96-%E0%B8%AA%E0%B8%B3%E0%B8%AB%E0%B8%A3%E0%B8%B1%E0%B8%9A-%E0%B8%82%E0%B8%B2%E0%B8%A2?type=used&page_number=8&page_size=26","2020 Mazda CX-5 2.5 (ปี 17-26) Turbo SP SUV - AWD","628,000 บาท","Mazda CX-5 2.5 SP Turbo 4WD ปี 2020 สีดำ *** รุ่น Top สุด ของ Mazda CX-5 ครับ *** ✅ ...","0 - 5K กม.","กรุงเทพมหานคร","Mazda CX-5","มือสอง","เกียร์อัตโนมัติ"
"1786479272-191","https://www.one2car.com/%E0%B8%A3%E0%B8%96%E0%B8%A1%E0%B8%B7%E0%B8%AD%E0%B8%AA%E0%B8%AD%E0%B8%87-%E0%B8%AA%E0%B8%B3%E0%B8%AB%E0%B8%A3%E0%B8%B1%E0%B8%9A-%E0%B8%82%E0%B8%B2%E0%B8%A2","https://www.one2car.com/%E0%B8%A3%E0%B8%96-%E0%B8%AA%E0%B8%B3%E0%B8%AB%E0%B8%A3%E0%B8%B1%E0%B8%9A-%E0%B8%82%E0%B8%B2%E0%B8%A2?type=used&page_number=8&page_size=26","2014 Hyundai H-1 2.5 (ปี 08-17) Deluxe Van","528,000 บาท","Hyundai H1 2.5 ดีเซล ปี 2014 สีเทา ประตูสไลด์ไฟฟ้า 2 บาน จอหน้า จอหลัง ...","200 - 205K กม.","กรุงเทพมหานคร","Hyundai H-1","มือสอง","เกียร์อัตโนมัติ"
"1786479281-192","https://www.one2car.com/%E0%B8%A3%E0%B8%96%E0%B8%A1%E0%B8%B7%E0%B8%AD%E0%B8%AA%E0%B8%AD%E0%B8%87-%E0%B8%AA%E0%B8%B3%E0%B8%AB%E0%B8%A3%E0%B8%B1%E0%B8%9A-%E0%B8%82%E0%B8%B2%E0%B8%A2","https://www.one2car.com/%E0%B8%A3%E0%B8%96-%E0%B8%AA%E0%B8%B3%E0%B8%AB%E0%B8%A3%E0%B8%B1%E0%B8%9A-%E0%B8%82%E0%B8%B2%E0%B8%A2?type=used&page_number=9&page_size=26","2019 Nissan ALMERA 1.2 (ปี 11-19) E Sportech Sedan","268,000 บาท","*** ฟรีดาวน์ ผ่อน 4,600 บาท ตลอดสัญญา *** Nissan Almera เกียร์ออโต้ ปี 2019 เลขไมล์ ...","95 - 100K กม.","กรุงเทพมหานคร","Nissan ALMERA","มือสอง","เกียร์อัตโนมัติ"
"1786479281-193","https://www.one2car.com/%E0%B8%A3%E0%B8%96%E0%B8%A1%E0%B8%B7%E0%B8%AD%E0%B8%AA%E0%B8%AD%E0%B8%87-%E0%B8%AA%E0%B8%B3%E0%B8%AB%E0%B8%A3%E0%B8%B1%E0%B8%9A-%E0%B8%82%E0%B8%B2%E0%B8%A2","https://www.one2car.com/%E0%B8%A3%E0%B8%96-%E0%B8%AA%E0%B8%B3%E0%B8%AB%E0%B8%A3%E0%B8%B1%E0%B8%9A-%E0%B8%82%E0%B8%B2%E0%B8%A2?type=used&page_number=9&page_size=26","2019 Mazda 2 1.3 (ปี 15-25) High Connect Sedan","328,000 บาท","Mazda 2 1.3 เบนซิน High Connect เกียร์ออโต้ ปี 2019 เลขไมล์ 100,000 กิโล ( ...","95 - 100K กม.","กรุงเทพมหานคร","Mazda 2","มือสอง","เกียร์อัตโนมัติ"
"1786479281-194","https://www.one2car.com/%E0%B8%A3%E0%B8%96%E0%B8%A1%E0%B8%B7%E0%B8%AD%E0%B8%AA%E0%B8%AD%E0%B8%87-%E0%B8%AA%E0%B8%B3%E0%B8%AB%E0%B8%A3%E0%B8%B1%E0%B8%9A-%E0%B8%82%E0%B8%B2%E0%B8%A2","https://www.one2car.com/%E0%B8%A3%E0%B8%96-%E0%B8%AA%E0%B8%B3%E0%B8%AB%E0%B8%A3%E0%B8%B1%E0%B8%9A-%E0%B8%82%E0%B8%B2%E0%B8%A2?type=used&page_number=9&page_size=26","2023 Toyota HILUX REVO 2.4 Double Cab Prerunner Mid Pickup...","688,000 บาท","เลขไมล์น้อย 40,000 กิโล ( รับประกันเลขไมล์แท้ ) รถบ้านแท้ เจ้าของเดียวจากป้ายแดง Toyota ...","35 - 40K กม.","กรุงเทพมหานคร","Toyota HILUX REVO","มือสอง","เกียร์อัตโนมัติ"
"1786479281-195","https://www.one2car.com/%E0%B8%A3%E0%B8%96%E0%B8%A1%E0%B8%B7%E0%B8%AD%E0%B8%AA%E0%B8%AD%E0%B8%87-%E0%B8%AA%E0%B8%B3%E0%B8%AB%E0%B8%A3%E0%B8%B1%E0%B8%9A-%E0%B8%82%E0%B8%B2%E0%B8%A2","https://www.one2car.com/%E0%B8%A3%E0%B8%96-%E0%B8%AA%E0%B8%B3%E0%B8%AB%E0%B8%A3%E0%B8%B1%E0%B8%9A-%E0%B8%82%E0%B8%B2%E0%B8%A2?type=used&page_number=9&page_size=26","2014 Mitsubishi PAJERO SPORT 2.5 (ปี 08-15) GLS SUV","279,000 บาท","📣2014 Mitsubishi PAJERO SPORT 2.5 GLS เกียร์อัตโนมัติ เครื่องยนต์ 2,500 cc. ...","120 - 125K กม.","กรุงเทพมหานคร","Mitsubishi PAJERO SPORT","มือสอง","เกียร์อัตโนมัติ"
"1786479281-196","https://www.one2car.com/%E0%B8%A3%E0%B8%96%E0%B8%A1%E0%B8%B7%E0%B8%AD%E0%B8%AA%E0%B8%AD%E0%B8%87-%E0%B8%AA%E0%B8%B3%E0%B8%AB%E0%B8%A3%E0%B8%B1%E0%B8%9A-%E0%B8%82%E0%B8%B2%E0%B8%A2","https://www.one2car.com/%E0%B8%A3%E0%B8%96-%E0%B8%AA%E0%B8%B3%E0%B8%AB%E0%B8%A3%E0%B8%B1%E0%B8%9A-%E0%B8%82%E0%B8%B2%E0%B8%A2?type=used&page_number=9&page_size=26","2018 Honda BR-V 1.5 (ปี 16-20) V+ SUV - V","339,000 บาท","⭐️ฟรีดาวน์ ออกรถ 0 บาท ฟรี ทำสัญญาถึงหน้าบ้าน ⭐️ฟรี ! ขนส่งถึงบ้าน ...","135 - 140K กม.","กรุงเทพมหานคร","","มือสอง","เกียร์อัตโนมัติ"
"1786479281-197","https://www.one2car.com/%E0%B8%A3%E0%B8%96%E0%B8%A1%E0%B8%B7%E0%B8%AD%E0%B8%AA%E0%B8%AD%E0%B8%87-%E0%B8%AA%E0%B8%B3%E0%B8%AB%E0%B8%A3%E0%B8%B1%E0%B8%9A-%E0%B8%82%E0%B8%B2%E0%B8%A2","https://www.one2car.com/%E0%B8%A3%E0%B8%96-%E0%B8%AA%E0%B8%B3%E0%B8%AB%E0%B8%A3%E0%B8%B1%E0%B8%9A-%E0%B8%82%E0%B8%B2%E0%B8%A2?type=used&page_number=9&page_size=26","2023 Toyota HILUX REVO 2.4 Smart Cab Z Edition Entry Picku...","379,000 บาท","⭐️ฟรีดาวน์ ออกรถ 0 บาท ฟรี ทำสัญญาถึงหน้าบ้าน ⭐️ฟรี ! ขนส่งถึงบ้าน ...","70 - 75K กม.","กรุงเทพมหานคร","Toyota HILUX REVO","มือสอง","เกียร์ธรรมดา"
"1786479281-198","https://www.one2car.com/%E0%B8%A3%E0%B8%96%E0%B8%A1%E0%B8%B7%E0%B8%AD%E0%B8%AA%E0%B8%AD%E0%B8%87-%E0%B8%AA%E0%B8%B3%E0%B8%AB%E0%B8%A3%E0%B8%B1%E0%B8%9A-%E0%B8%82%E0%B8%B2%E0%B8%A2","https://www.one2car.com/%E0%B8%A3%E0%B8%96-%E0%B8%AA%E0%B8%B3%E0%B8%AB%E0%B8%A3%E0%B8%B1%E0%B8%9A-%E0%B8%82%E0%B8%B2%E0%B8%A2?type=used&page_number=9&page_size=26","2015 Toyota FORTUNER 2.8 (ปี 15-25) V SUV","619,000 บาท","❤️รถสวย มือแรก ประวัติเช็คศูนย์ คู่มือ+กุญแจ 2 ชุดครบ (ซื้อเงินสด ไม่มีบวก Vat7%)❤️ ...","180 - 185K กม.","กรุงเทพมหานคร","Toyota FORTUNER","มือสอง","เกียร์อัตโนมัติ"
"1786479281-199","https://www.one2car.com/%E0%B8%A3%E0%B8%96%E0%B8%A1%E0%B8%B7%E0%B8%AD%E0%B8%AA%E0%B8%AD%E0%B8%87-%E0%B8%AA%E0%B8%B3%E0%B8%AB%E0%B8%A3%E0%B8%B1%E0%B8%9A-%E0%B8%82%E0%B8%B2%E0%B8%A2","https://www.one2car.com/%E0%B8%A3%E0%B8%96-%E0%B8%AA%E0%B8%B3%E0%B8%AB%E0%B8%A3%E0%B8%B1%E0%B8%9A-%E0%B8%82%E0%B8%B2%E0%B8%A2?type=used&page_number=9&page_size=26","2014 Nissan SYLPHY 1.8 (ปี 12-16) V Navi Sedan","185,000 บาท","⭐️ฟรีดาวน์ ออกรถ 0 บาท ฟรี ทำสัญญาถึงหน้าบ้าน ⭐️ฟรี ! ขนส่งถึงบ้าน ...","120 - 125K กม.","กรุงเทพมหานคร","","มือสอง","เกียร์อัตโนมัติ"
"1786479281-200","https://www.one2car.com/%E0%B8%A3%E0%B8%96%E0%B8%A1%E0%B8%B7%E0%B8%AD%E0%B8%AA%E0%B8%AD%E0%B8%87-%E0%B8%AA%E0%B8%B3%E0%B8%AB%E0%B8%A3%E0%B8%B1%E0%B8%9A-%E0%B8%82%E0%B8%B2%E0%B8%A2","https://www.one2car.com/%E0%B8%A3%E0%B8%96-%E0%B8%AA%E0%B8%B3%E0%B8%AB%E0%B8%A3%E0%B8%B1%E0%B8%9A-%E0%B8%82%E0%B8%B2%E0%B8%A2?type=used&page_number=9&page_size=26","2019 Suzuki SWIFT 1.2 (ปี 18-25) GL Hatchback","228,000 บาท","⭐️ฟรีดาวน์ ออกรถ 0 บาท ฟรี ทำสัญญาถึงหน้าบ้าน ⭐️ฟรี ! ขนส่งถึงบ้าน ...","100 - 105K กม.","กรุงเทพมหานคร","Suzuki SWIFT","มือสอง","เกียร์อัตโนมัติ"
"1786479281-201","https://www.one2car.com/%E0%B8%A3%E0%B8%96%E0%B8%A1%E0%B8%B7%E0%B8%AD%E0%B8%AA%E0%B8%AD%E0%B8%87-%E0%B8%AA%E0%B8%B3%E0%B8%AB%E0%B8%A3%E0%B8%B1%E0%B8%9A-%E0%B8%82%E0%B8%B2%E0%B8%A2","https://www.one2car.com/%E0%B8%A3%E0%B8%96-%E0%B8%AA%E0%B8%B3%E0%B8%AB%E0%B8%A3%E0%B8%B1%E0%B8%9A-%E0%B8%82%E0%B8%B2%E0%B8%A2?type=used&page_number=9&page_size=26","2019 Honda City 1.5 (ปี 14-18) S Sedan","269,000 บาท","⭐️ฟรีดาวน์ ออกรถ 0 บาท ฟรี ทำสัญญาถึงหน้าบ้าน ⭐️ฟรี ! ขนส่งถึงบ้าน ...","165 - 170K กม.","กรุงเทพมหานคร","Honda City","มือสอง","เกียร์อัตโนมัติ"
"1786479281-202","https://www.one2car.com/%E0%B8%A3%E0%B8%96%E0%B8%A1%E0%B8%B7%E0%B8%AD%E0%B8%AA%E0%B8%AD%E0%B8%87-%E0%B8%AA%E0%B8%B3%E0%B8%AB%E0%B8%A3%E0%B8%B1%E0%B8%9A-%E0%B8%82%E0%B8%B2%E0%B8%A2","https://www.one2car.com/%E0%B8%A3%E0%B8%96-%E0%B8%AA%E0%B8%B3%E0%B8%AB%E0%B8%A3%E0%B8%B1%E0%B8%9A-%E0%B8%82%E0%B8%B2%E0%B8%A2?type=used&page_number=9&page_size=26","2021 Haval H6 1.5 (ปี 21-27) Ultra SUV","458,000 บาท","⭐️ฟรีดาวน์ ออกรถ 0 บาท ฟรี ทำสัญญาถึงหน้าบ้าน ⭐️ฟรี ! ขนส่งถึงบ้าน ...","130 - 135K กม.","กรุงเทพมหานคร","","มือสอง","เกียร์อัตโนมัติ"
"1786479286-203","https://www.one2car.com/%E0%B8%A3%E0%B8%96%E0%B8%A1%E0%B8%B7%E0%B8%AD%E0%B8%AA%E0%B8%AD%E0%B8%87-%E0%B8%AA%E0%B8%B3%E0%B8%AB%E0%B8%A3%E0%B8%B1%E0%B8%9A-%E0%B8%82%E0%B8%B2%E0%B8%A2","https://www.one2car.com/%E0%B8%A3%E0%B8%96-%E0%B8%AA%E0%B8%B3%E0%B8%AB%E0%B8%A3%E0%B8%B1%E0%B8%9A-%E0%B8%82%E0%B8%B2%E0%B8%A2?type=used&page_number=10&page_size=26","2019 Toyota Corolla Altis 1.6 (ปี 19-25) G Sedan","333,000 บาท","⭐️ฟรีดาวน์ ออกรถ 0 บาท ฟรี ทำสัญญาถึงหน้าบ้าน ⭐️ฟรี ! ขนส่งถึงบ้าน ...","110 - 115K กม.","กรุงเทพมหานคร","Toyota Corolla Altis","มือสอง","เกียร์อัตโนมัติ"
"1786479286-204","https://www.one2car.com/%E0%B8%A3%E0%B8%96%E0%B8%A1%E0%B8%B7%E0%B8%AD%E0%B8%AA%E0%B8%AD%E0%B8%87-%E0%B8%AA%E0%B8%B3%E0%B8%AB%E0%B8%A3%E0%B8%B1%E0%B8%9A-%E0%B8%82%E0%B8%B2%E0%B8%A2","https://www.one2car.com/%E0%B8%A3%E0%B8%96-%E0%B8%AA%E0%B8%B3%E0%B8%AB%E0%B8%A3%E0%B8%B1%E0%B8%9A-%E0%B8%82%E0%B8%B2%E0%B8%A2?type=used&page_number=10&page_size=26","2017 Suzuki Ciaz 1.2 (ปี 15-25) GL Sedan","175,000 บาท","⭐️ฟรีดาวน์ ออกรถ 0 บาท ฟรี ทำสัญญาถึงหน้าบ้าน ⭐️ฟรี ! ขนส่งถึงบ้าน ...","75 - 80K กม.","กรุงเทพมหานคร","Suzuki Ciaz","มือสอง","เกียร์อัตโนมัติ"
"1786479286-205","https://www.one2car.com/%E0%B8%A3%E0%B8%96%E0%B8%A1%E0%B8%B7%E0%B8%AD%E0%B8%AA%E0%B8%AD%E0%B8%87-%E0%B8%AA%E0%B8%B3%E0%B8%AB%E0%B8%A3%E0%B8%B1%E0%B8%9A-%E0%B8%82%E0%B8%B2%E0%B8%A2","https://www.one2car.com/%E0%B8%A3%E0%B8%96-%E0%B8%AA%E0%B8%B3%E0%B8%AB%E0%B8%A3%E0%B8%B1%E0%B8%9A-%E0%B8%82%E0%B8%B2%E0%B8%A2?type=used&page_number=10&page_size=26","2018 Toyota SIENTA 1.5 (ปี 16-23) V Wagon","388,000 บาท","⭐️ฟรีดาวน์ ออกรถ 0 บาท ฟรี ทำสัญญาถึงหน้าบ้าน ⭐️ฟรี ! ขนส่งถึงบ้าน ...","135 - 140K กม.","กรุงเทพมหานคร","Toyota SIENTA","มือสอง","เกียร์อัตโนมัติ"
"1786479286-206","https://www.one2car.com/%E0%B8%A3%E0%B8%96%E0%B8%A1%E0%B8%B7%E0%B8%AD%E0%B8%AA%E0%B8%AD%E0%B8%87-%E0%B8%AA%E0%B8%B3%E0%B8%AB%E0%B8%A3%E0%B8%B1%E0%B8%9A-%E0%B8%82%E0%B8%B2%E0%B8%A2","https://www.one2car.com/%E0%B8%A3%E0%B8%96-%E0%B8%AA%E0%B8%B3%E0%B8%AB%E0%B8%A3%E0%B8%B1%E0%B8%9A-%E0%B8%82%E0%B8%B2%E0%B8%A2?type=used&page_number=10&page_size=26","2018 Nissan ALMERA 1.2 (ปี 11-19) E Sedan","159,000 บาท","⭐️ฟรีดาวน์ ออกรถ 0 บาท ฟรี ทำสัญญาถึงหน้าบ้าน ⭐️ฟรี ! ขนส่งถึงบ้าน ...","215 - 220K กม.","กรุงเทพมหานคร","Nissan ALMERA","มือสอง","เกียร์อัตโนมัติ"
"1786479286-207","https://www.one2car.com/%E0%B8%A3%E0%B8%96%E0%B8%A1%E0%B8%B7%E0%B8%AD%E0%B8%AA%E0%B8%AD%E0%B8%87-%E0%B8%AA%E0%B8%B3%E0%B8%AB%E0%B8%A3%E0%B8%B1%E0%B8%9A-%E0%B8%82%E0%B8%B2%E0%B8%A2","https://www.one2car.com/%E0%B8%A3%E0%B8%96-%E0%B8%AA%E0%B8%B3%E0%B8%AB%E0%B8%A3%E0%B8%B1%E0%B8%9A-%E0%B8%82%E0%B8%B2%E0%B8%A2?type=used&page_number=10&page_size=26","2020 Nissan NP 300 Navara 2.5 King Cab S Pickup","229,000 บาท","⭐️ฟรีดาวน์ ออกรถ 0 บาท ฟรี ทำสัญญาถึงหน้าบ้าน ⭐️ฟรี ! ขนส่งถึงบ้าน ...","105 - 110K กม.","กรุงเทพมหานคร","Nissan NP 300 Navara","มือสอง","เกียร์ธรรมดา"
"1786479286-208","https://www.one2car.com/%E0%B8%A3%E0%B8%96%E0%B8%A1%E0%B8%B7%E0%B8%AD%E0%B8%AA%E0%B8%AD%E0%B8%87-%E0%B8%AA%E0%B8%B3%E0%B8%AB%E0%B8%A3%E0%B8%B1%E0%B8%9A-%E0%B8%82%E0%B8%B2%E0%B8%A2","https://www.one2car.com/%E0%B8%A3%E0%B8%96-%E0%B8%AA%E0%B8%B3%E0%B8%AB%E0%B8%A3%E0%B8%B1%E0%B8%9A-%E0%B8%82%E0%B8%B2%E0%B8%A2?type=used&page_number=10&page_size=26","2015 Toyota Corolla Altis 1.6 (ปี 14-18) G Sedan","299,000 บาท","⭐️ฟรีดาวน์ ออกรถ 0 บาท ฟรี ทำสัญญาถึงหน้าบ้าน ⭐️ฟรี ! ขนส่งถึงบ้าน ...","0 - 5K กม.","กรุงเทพมหานคร","Toyota Corolla Altis","มือสอง","เกียร์อัตโนมัติ"
"1786479286-209","https://www.one2car.com/%E0%B8%A3%E0%B8%96%E0%B8%A1%E0%B8%B7%E0%B8%AD%E0%B8%AA%E0%B8%AD%E0%B8%87-%E0%B8%AA%E0%B8%B3%E0%B8%AB%E0%B8%A3%E0%B8%B1%E0%B8%9A-%E0%B8%82%E0%B8%B2%E0%B8%A2","https://www.one2car.com/%E0%B8%A3%E0%B8%96-%E0%B8%AA%E0%B8%B3%E0%B8%AB%E0%B8%A3%E0%B8%B1%E0%B8%9A-%E0%B8%82%E0%B8%B2%E0%B8%A2?type=used&page_number=10&page_size=26","2009 Honda CIVIC 1.8 FD (ปี 05-12) S Sedan","135,000 บาท","⭐️ฟรีดาวน์ ออกรถ 0 บาท ฟรี ทำสัญญาถึงหน้าบ้าน ⭐️ฟรี ! ขนส่งถึงบ้าน ...","220 - 225K กม.","กรุงเทพมหานคร","Honda CIVIC","มือสอง","เกียร์อัตโนมัติ"
"1786479286-210","https://www.one2car.com/%E0%B8%A3%E0%B8%96%E0%B8%A1%E0%B8%B7%E0%B8%AD%E0%B8%AA%E0%B8%AD%E0%B8%87-%E0%B8%AA%E0%B8%B3%E0%B8%AB%E0%B8%A3%E0%B8%B1%E0%B8%9A-%E0%B8%82%E0%B8%B2%E0%B8%A2","https://www.one2car.com/%E0%B8%A3%E0%B8%96-%E0%B8%AA%E0%B8%B3%E0%B8%AB%E0%B8%A3%E0%B8%B1%E0%B8%9A-%E0%B8%82%E0%B8%B2%E0%B8%A2?type=used&page_number=10&page_size=26","2023 Honda HR-V 1.5 (ปี 22-28) e:HEV RS SUV - e HEV RS","659,000 บาท","⭐️ฟรีดาวน์ ออกรถ 0 บาท ฟรี ทำสัญญาถึงหน้าบ้าน ⭐️ฟรี ! ขนส่งถึงบ้าน ...","180 - 185K กม.","กรุงเทพมหานคร","Honda HR-V","มือสอง","เกียร์อัตโนมัติ"
"1786479286-211","https://www.one2car.com/%E0%B8%A3%E0%B8%96%E0%B8%A1%E0%B8%B7%E0%B8%AD%E0%B8%AA%E0%B8%AD%E0%B8%87-%E0%B8%AA%E0%B8%B3%E0%B8%AB%E0%B8%A3%E0%B8%B1%E0%B8%9A-%E0%B8%82%E0%B8%B2%E0%B8%A2","https://www.one2car.com/%E0%B8%A3%E0%B8%96-%E0%B8%AA%E0%B8%B3%E0%B8%AB%E0%B8%A3%E0%B8%B1%E0%B8%9A-%E0%B8%82%E0%B8%B2%E0%B8%A2?type=used&page_number=10&page_size=26","2020 Toyota Majesty 2.8 (ปี 19-30) Grande Van","1,250,000 บาท","⭐️ฟรีดาวน์ ออกรถ 0 บาท ฟรี ทำสัญญาถึงหน้าบ้าน ⭐️ฟรี ! ขนส่งถึงบ้าน ...","195 - 200K กม.","กรุงเทพมหานคร","","มือสอง","เกียร์อัตโนมัติ"
"1786479286-212","https://www.one2car.com/%E0%B8%A3%E0%B8%96%E0%B8%A1%E0%B8%B7%E0%B8%AD%E0%B8%AA%E0%B8%AD%E0%B8%87-%E0%B8%AA%E0%B8%B3%E0%B8%AB%E0%B8%A3%E0%B8%B1%E0%B8%9A-%E0%B8%82%E0%B8%B2%E0%B8%A2","https://www.one2car.com/%E0%B8%A3%E0%B8%96-%E0%B8%AA%E0%B8%B3%E0%B8%AB%E0%B8%A3%E0%B8%B1%E0%B8%9A-%E0%B8%82%E0%B8%B2%E0%B8%A2?type=used&page_number=10&page_size=26","2023 Toyota YARIS 1.2 (ปี 17-25) Smart Hatchback","398,000 บาท","⭐️ฟรีดาวน์ ออกรถ 0 บาท ฟรี ทำสัญญาถึงหน้าบ้าน ⭐️ฟรี ! ขนส่งถึงบ้าน ...","70 - 75K กม.","กรุงเทพมหานคร","Toyota YARIS","มือสอง","เกียร์อัตโนมัติ"
"1786479286-213","https://www.one2car.com/%E0%B8%A3%E0%B8%96%E0%B8%A1%E0%B8%B7%E0%B8%AD%E0%B8%AA%E0%B8%AD%E0%B8%87-%E0%B8%AA%E0%B8%B3%E0%B8%AB%E0%B8%A3%E0%B8%B1%E0%B8%9A-%E0%B8%82%E0%B8%B2%E0%B8%A2","https://www.one2car.com/%E0%B8%A3%E0%B8%96-%E0%B8%AA%E0%B8%B3%E0%B8%AB%E0%B8%A3%E0%B8%B1%E0%B8%9A-%E0%B8%82%E0%B8%B2%E0%B8%A2?type=used&page_number=10&page_size=26","2013 Toyota FORTUNER 2.5 (ปี 12-15) V SUV","439,000 บาท","❤️รถ SUV ใหญ่ๆ สวยๆ แต่ราคา Eco Car(ซื้อเงินสด ไม่มี Vat 7%)❤️ ♦️TOYOTA FORTUNER 2.5 V ...","170 - 175K กม.","กรุงเทพมหานคร","Toyota FORTUNER","มือสอง","เกียร์อัตโนมัติ"
"1786479286-214","https://www.one2car.com/%E0%B8%A3%E0%B8%96%E0%B8%A1%E0%B8%B7%E0%B8%AD%E0%B8%AA%E0%B8%AD%E0%B8%87-%E0%B8%AA%E0%B8%B3%E0%B8%AB%E0%B8%A3%E0%B8%B1%E0%B8%9A-%E0%B8%82%E0%B8%B2%E0%B8%A2","https://www.one2car.com/%E0%B8%A3%E0%B8%96-%E0%B8%AA%E0%B8%B3%E0%B8%AB%E0%B8%A3%E0%B8%B1%E0%B8%9A-%E0%B8%82%E0%B8%B2%E0%B8%A2?type=used&page_number=10&page_size=26","2019 Toyota HILUX REVO 2.8 Double Cab G Pickup - 4WD","759,000 บาท","⭐️ฟรีดาวน์ ออกรถ 0 บาท ฟรี ทำสัญญาถึงหน้าบ้าน ⭐️ฟรี ! ขนส่งถึงบ้าน ...","155 - 160K กม.","กรุงเทพมหานคร","Toyota HILUX REVO","มือสอง","เกียร์อัตโนมัติ"
"1786479286-215","https://www.one2car.com/%E0%B8%A3%E0%B8%96%E0%B8%A1%E0%B8%B7%E0%B8%AD%E0%B8%AA%E0%B8%AD%E0%B8%87-%E0%B8%AA%E0%B8%B3%E0%B8%AB%E0%B8%A3%E0%B8%B1%E0%B8%9A-%E0%B8%82%E0%B8%B2%E0%B8%A2","https://www.one2car.com/%E0%B8%A3%E0%B8%96-%E0%B8%AA%E0%B8%B3%E0%B8%AB%E0%B8%A3%E0%B8%B1%E0%B8%9A-%E0%B8%82%E0%B8%B2%E0%B8%A2?type=used&page_number=10&page_size=26","2020 Toyota HILUX REVO 2.4 Smart Cab Prerunner Mid Pickup ...","445,000 บาท","⭐️ฟรีดาวน์ ออกรถ 0 บาท ฟรี ทำสัญญาถึงหน้าบ้าน ⭐️ฟรี ! ขนส่งถึงบ้าน ...","260 - 265K กม.","กรุงเทพมหานคร","Toyota HILUX REVO","มือสอง","เกียร์อัตโนมัติ"
"1786479286-216","https://www.one2car.com/%E0%B8%A3%E0%B8%96%E0%B8%A1%E0%B8%B7%E0%B8%AD%E0%B8%AA%E0%B8%AD%E0%B8%87-%E0%B8%AA%E0%B8%B3%E0%B8%AB%E0%B8%A3%E0%B8%B1%E0%B8%9A-%E0%B8%82%E0%B8%B2%E0%B8%A2","https://www.one2car.com/%E0%B8%A3%E0%B8%96-%E0%B8%AA%E0%B8%B3%E0%B8%AB%E0%B8%A3%E0%B8%B1%E0%B8%9A-%E0%B8%82%E0%B8%B2%E0%B8%A2?type=used&page_number=10&page_size=26","2021 ORA Good Cat (ปี 21-27) 400 Tech Hatchback - 0.0","340,000 บาท","⭐️ฟรีดาวน์ ออกรถ 0 บาท ฟรี ทำสัญญาถึงหน้าบ้าน ⭐️ฟรี ! ขนส่งถึงบ้าน ...","80 - 85K กม.","กรุงเทพมหานคร","","มือสอง","เกียร์อัตโนมัติ"
"1786479286-217","https://www.one2car.com/%E0%B8%A3%E0%B8%96%E0%B8%A1%E0%B8%B7%E0%B8%AD%E0%B8%AA%E0%B8%AD%E0%B8%87-%E0%B8%AA%E0%B8%B3%E0%B8%AB%E0%B8%A3%E0%B8%B1%E0%B8%9A-%E0%B8%82%E0%B8%B2%E0%B8%A2","https://www.one2car.com/%E0%B8%A3%E0%B8%96-%E0%B8%AA%E0%B8%B3%E0%B8%AB%E0%B8%A3%E0%B8%B1%E0%B8%9A-%E0%B8%82%E0%B8%B2%E0%B8%A2?type=used&page_number=10&page_size=26","2020 Honda CIVIC 1.8 FC (ปี 16-20) EL Sedan","385,000 บาท","⭐️ฟรีดาวน์ ออกรถ 0 บาท ฟรี ทำสัญญาถึงหน้าบ้าน ⭐️ฟรี ! ขนส่งถึงบ้าน ...","295 - 300K กม.","กรุงเทพมหานคร","Honda CIVIC","มือสอง","เกียร์อัตโนมัติ"
"1786479286-218","https://www.one2car.com/%E0%B8%A3%E0%B8%96%E0%B8%A1%E0%B8%B7%E0%B8%AD%E0%B8%AA%E0%B8%AD%E0%B8%87-%E0%B8%AA%E0%B8%B3%E0%B8%AB%E0%B8%A3%E0%B8%B1%E0%B8%9A-%E0%B8%82%E0%B8%B2%E0%B8%A2","https://www.one2car.com/%E0%B8%A3%E0%B8%96-%E0%B8%AA%E0%B8%B3%E0%B8%AB%E0%B8%A3%E0%B8%B1%E0%B8%9A-%E0%B8%82%E0%B8%B2%E0%B8%A2?type=used&page_number=10&page_size=26","2021 MG HS 1.5 (ปี 19-26) X SUV","344,000 บาท","⭐️ฟรีดาวน์ ออกรถ 0 บาท ฟรี ทำสัญญาถึงหน้าบ้าน ⭐️ฟรี ! ขนส่งถึงบ้าน ...","95 - 100K กม.","กรุงเทพมหานคร","","มือสอง","เกียร์อัตโนมัติ"
"1786479286-219","https://www.one2car.com/%E0%B8%A3%E0%B8%96%E0%B8%A1%E0%B8%B7%E0%B8%AD%E0%B8%AA%E0%B8%AD%E0%B8%87-%E0%B8%AA%E0%B8%B3%E0%B8%AB%E0%B8%A3%E0%B8%B1%E0%B8%9A-%E0%B8%82%E0%B8%B2%E0%B8%A2","https://www.one2car.com/%E0%B8%A3%E0%B8%96-%E0%B8%AA%E0%B8%B3%E0%B8%AB%E0%B8%A3%E0%B8%B1%E0%B8%9A-%E0%B8%82%E0%B8%B2%E0%B8%A2?type=used&page_number=10&page_size=26","2021 MG HS 1.5 (ปี 19-26) X SUV","395,000 บาท","⭐️ฟรีดาวน์ ออกรถ 0 บาท ฟรี ทำสัญญาถึงหน้าบ้าน ⭐️ฟรี ! ขนส่งถึงบ้าน ...","120 - 125K กม.","กรุงเทพมหานคร","","มือสอง","เกียร์อัตโนมัติ"
"1786479286-220","https://www.one2car.com/%E0%B8%A3%E0%B8%96%E0%B8%A1%E0%B8%B7%E0%B8%AD%E0%B8%AA%E0%B8%AD%E0%B8%87-%E0%B8%AA%E0%B8%B3%E0%B8%AB%E0%B8%A3%E0%B8%B1%E0%B8%9A-%E0%B8%82%E0%B8%B2%E0%B8%A2","https://www.one2car.com/%E0%B8%A3%E0%B8%96-%E0%B8%AA%E0%B8%B3%E0%B8%AB%E0%B8%A3%E0%B8%B1%E0%B8%9A-%E0%B8%82%E0%B8%B2%E0%B8%A2?type=used&page_number=10&page_size=26","2019 Toyota HILUX REVO 2.4 Smart Cab E Plus Prerunner Pick...","365,000 บาท","⭐️ฟรีดาวน์ ออกรถ 0 บาท ฟรี ทำสัญญาถึงหน้าบ้าน ⭐️ฟรี ! ขนส่งถึงบ้าน ...","145 - 150K กม.","กรุงเทพมหานคร","Toyota HILUX REVO","มือสอง","เกียร์อัตโนมัติ"
"1786479286-221","https://www.one2car.com/%E0%B8%A3%E0%B8%96%E0%B8%A1%E0%B8%B7%E0%B8%AD%E0%B8%AA%E0%B8%AD%E0%B8%87-%E0%B8%AA%E0%B8%B3%E0%B8%AB%E0%B8%A3%E0%B8%B1%E0%B8%9A-%E0%B8%82%E0%B8%B2%E0%B8%A2","https://www.one2car.com/%E0%B8%A3%E0%B8%96-%E0%B8%AA%E0%B8%B3%E0%B8%AB%E0%B8%A3%E0%B8%B1%E0%B8%9A-%E0%B8%82%E0%B8%B2%E0%B8%A2?type=used&page_number=10&page_size=26","2022 Honda City 1.0 (ปี 20-26) SV Hatchback - ( 20-25)","345,000 บาท","⭐️ฟรีดาวน์ ออกรถ 0 บาท ฟรี ทำสัญญาถึงหน้าบ้าน ⭐️ฟรี ! ขนส่งถึงบ้าน ...","60 - 65K กม.","กรุงเทพมหานคร","Honda City","มือสอง","เกียร์อัตโนมัติ"
"1786479293-222","https://www.one2car.com/%E0%B8%A3%E0%B8%96%E0%B8%A1%E0%B8%B7%E0%B8%AD%E0%B8%AA%E0%B8%AD%E0%B8%87-%E0%B8%AA%E0%B8%B3%E0%B8%AB%E0%B8%A3%E0%B8%B1%E0%B8%9A-%E0%B8%82%E0%B8%B2%E0%B8%A2","https://www.one2car.com/%E0%B8%A3%E0%B8%96-%E0%B8%AA%E0%B8%B3%E0%B8%AB%E0%B8%A3%E0%B8%B1%E0%B8%9A-%E0%B8%82%E0%B8%B2%E0%B8%A2?type=used&page_number=11&page_size=26","2019 Mitsubishi PAJERO SPORT 2.4 (ปี 15-18) GT Premium SUV...","600,000 บาท","⭐️ฟรีดาวน์ ออกรถ 0 บาท ฟรี ทำสัญญาถึงหน้าบ้าน ⭐️ฟรี ! ขนส่งถึงบ้าน ...","180 - 185K กม.","กรุงเทพมหานคร","Mitsubishi PAJERO SPORT","มือสอง","เกียร์อัตโนมัติ"
"1786479293-223","https://www.one2car.com/%E0%B8%A3%E0%B8%96%E0%B8%A1%E0%B8%B7%E0%B8%AD%E0%B8%AA%E0%B8%AD%E0%B8%87-%E0%B8%AA%E0%B8%B3%E0%B8%AB%E0%B8%A3%E0%B8%B1%E0%B8%9A-%E0%B8%82%E0%B8%B2%E0%B8%A2","https://www.one2car.com/%E0%B8%A3%E0%B8%96-%E0%B8%AA%E0%B8%B3%E0%B8%AB%E0%B8%A3%E0%B8%B1%E0%B8%9A-%E0%B8%82%E0%B8%B2%E0%B8%A2?type=used&page_number=11&page_size=26","2020 Honda City 1.0 (ปี 19-26) RS Sedan","369,000 บาท","❤️รถสวย มือแรกป้ายแดง ประวัติเช็คศูนย์ คู่มือ++กุญแจ 2 ชุดครบ ❤️ ♦️ HONDA CITY 1.0 RS ...","125 - 130K กม.","กรุงเทพมหานคร","Honda City","มือสอง","เกียร์อัตโนมัติ"
"1786479293-224","https://www.one2car.com/%E0%B8%A3%E0%B8%96%E0%B8%A1%E0%B8%B7%E0%B8%AD%E0%B8%AA%E0%B8%AD%E0%B8%87-%E0%B8%AA%E0%B8%B3%E0%B8%AB%E0%B8%A3%E0%B8%B1%E0%B8%9A-%E0%B8%82%E0%B8%B2%E0%B8%A2","https://www.one2car.com/%E0%B8%A3%E0%B8%96-%E0%B8%AA%E0%B8%B3%E0%B8%AB%E0%B8%A3%E0%B8%B1%E0%B8%9A-%E0%B8%82%E0%B8%B2%E0%B8%A2?type=used&page_number=11&page_size=26","2017 Honda HR-V 1.8 (ปี 14-18) EL SUV","379,000 บาท","❤️รถบ้ายสวยๆ มือแรก มี Book Service+คู่มือ+กุญแจ 2 ชุดครบ❤️ ♦️ HONDA HRV 1.8 EL(Sunroof) ...","0 - 5K กม.","กรุงเทพมหานคร","Honda HR-V","มือสอง","เกียร์อัตโนมัติ"
"1786479293-225","https://www.one2car.com/%E0%B8%A3%E0%B8%96%E0%B8%A1%E0%B8%B7%E0%B8%AD%E0%B8%AA%E0%B8%AD%E0%B8%87-%E0%B8%AA%E0%B8%B3%E0%B8%AB%E0%B8%A3%E0%B8%B1%E0%B8%9A-%E0%B8%82%E0%B8%B2%E0%B8%A2","https://www.one2car.com/%E0%B8%A3%E0%B8%96-%E0%B8%AA%E0%B8%B3%E0%B8%AB%E0%B8%A3%E0%B8%B1%E0%B8%9A-%E0%B8%82%E0%B8%B2%E0%B8%A2?type=used&page_number=11&page_size=26","2022 Toyota Yaris Ativ 1.2 (ปี 17-22) Sport Premium Sedan ...","329,000 บาท","❤️รถสวย มือแรก เลขไมล์เพียง 9x,xxx กม. ประวัติเช็คศูนย์ (คู่มือ+กุญแจ 2 ชุดครบ)❤️ ...","95 - 100K กม.","กรุงเทพมหานคร","Toyota Yaris Ativ","มือสอง","เกียร์อัตโนมัติ"
"1786479293-226","https://www.one2car.com/%E0%B8%A3%E0%B8%96%E0%B8%A1%E0%B8%B7%E0%B8%AD%E0%B8%AA%E0%B8%AD%E0%B8%87-%E0%B8%AA%E0%B8%B3%E0%B8%AB%E0%B8%A3%E0%B8%B1%E0%B8%9A-%E0%B8%82%E0%B8%B2%E0%B8%A2","https://www.one2car.com/%E0%B8%A3%E0%B8%96-%E0%B8%AA%E0%B8%B3%E0%B8%AB%E0%B8%A3%E0%B8%B1%E0%B8%9A-%E0%B8%82%E0%B8%B2%E0%B8%A2?type=used&page_number=11&page_size=26","2011 Honda CR-V 2.0 (ปี 06-12) E SUV - AWD","209,000 บาท","❤️รถบ้านสวยๆ ประวัติเช็คศูนย์ มีบุคเซอร์วิส+กุญแจ 2 ชุดครบ (ซื้อสด ไม่มีVat7%)❤️ ♦️HONDA ...","0 - 5K กม.","กรุงเทพมหานคร","Honda CR-V","มือสอง","เกียร์อัตโนมัติ"
"1786479293-227","https://www.one2car.com/%E0%B8%A3%E0%B8%96%E0%B8%A1%E0%B8%B7%E0%B8%AD%E0%B8%AA%E0%B8%AD%E0%B8%87-%E0%B8%AA%E0%B8%B3%E0%B8%AB%E0%B8%A3%E0%B8%B1%E0%B8%9A-%E0%B8%82%E0%B8%B2%E0%B8%A2","https://www.one2car.com/%E0%B8%A3%E0%B8%96-%E0%B8%AA%E0%B8%B3%E0%B8%AB%E0%B8%A3%E0%B8%B1%E0%B8%9A-%E0%B8%82%E0%B8%B2%E0%B8%A2?type=used&page_number=11&page_size=26","2018 Toyota C-HR 1.8 (ปี 17-23) HV Hi SUV","419,000 บาท","#Toyota #CHR #Hybrid 1.8HV Hi ปี2018 สีน้ำเงินฟ้า ☝️มือเดียวป้ายแดง #ไฮบริด #รุ่นท็อป ...","135 - 140K กม.","สมุทรปราการ","Toyota C-HR","มือสอง","เกียร์อัตโนมัติ"
"1786479293-228","https://www.one2car.com/%E0%B8%A3%E0%B8%96%E0%B8%A1%E0%B8%B7%E0%B8%AD%E0%B8%AA%E0%B8%AD%E0%B8%87-%E0%B8%AA%E0%B8%B3%E0%B8%AB%E0%B8%A3%E0%B8%B1%E0%B8%9A-%E0%B8%82%E0%B8%B2%E0%B8%A2","https://www.one2car.com/%E0%B8%A3%E0%B8%96-%E0%B8%AA%E0%B8%B3%E0%B8%AB%E0%B8%A3%E0%B8%B1%E0%B8%9A-%E0%B8%82%E0%B8%B2%E0%B8%A2?type=used&page_number=11&page_size=26","2019 Honda CR-V 1.6 (ปี 17-21) DT EL SUV - AWD","555,555 บาท","👍FULL OPTION สุดสุด☝ #Honda #CRV Gen5 #ดีเซล 1.6EL #4WD(AWD) 7ที่นั่ง #ท็อปสุดของรุ่น ...","95 - 100K กม.","สมุทรปราการ","Honda CR-V","มือสอง","เกียร์อัตโนมัติ"
"1786479293-229","https://www.one2car.com/%E0%B8%A3%E0%B8%96%E0%B8%A1%E0%B8%B7%E0%B8%AD%E0%B8%AA%E0%B8%AD%E0%B8%87-%E0%B8%AA%E0%B8%B3%E0%B8%AB%E0%B8%A3%E0%B8%B1%E0%B8%9A-%E0%B8%82%E0%B8%B2%E0%B8%A2","https://www.one2car.com/%E0%B8%A3%E0%B8%96-%E0%B8%AA%E0%B8%B3%E0%B8%AB%E0%B8%A3%E0%B8%B1%E0%B8%9A-%E0%B8%82%E0%B8%B2%E0%B8%A2?type=used&page_number=11&page_size=26","2008 Toyota YARIS 1.5 (ปี 06-13) TRD Sportivo Hatchback   ...","145,000 บาท","#RAREitem ของหายากส์ๆมากๆ #TOYOTA #Yaris1.5 นั้นก็หายากแล้วนะ ☝️แต่นี่คือ #Yaris1.5 ...","175 - 180K กม.","สมุทรปราการ","Toyota YARIS","มือสอง","เกียร์อัตโนมัติ"
"1786479293-230","https://www.one2car.com/%E0%B8%A3%E0%B8%96%E0%B8%A1%E0%B8%B7%E0%B8%AD%E0%B8%AA%E0%B8%AD%E0%B8%87-%E0%B8%AA%E0%B8%B3%E0%B8%AB%E0%B8%A3%E0%B8%B1%E0%B8%9A-%E0%B8%82%E0%B8%B2%E0%B8%A2","https://www.one2car.com/%E0%B8%A3%E0%B8%96-%E0%B8%AA%E0%B8%B3%E0%B8%AB%E0%B8%A3%E0%B8%B1%E0%B8%9A-%E0%B8%82%E0%B8%B2%E0%B8%A2?type=used&page_number=11&page_size=26","2017 MG MG3 1.5 (ปี 15-18) X (2-Tone) Hatchback - 3","129,000 บาท","โค-รคุ้มมาก ไมล์8หมื่นได้รถปีใหม่แสนกว่าบาท ผ่อน29xxบาทเท่านั้น นั้นคือ🚗 #MG3 #รุ่นท็อป ...","85 - 90K กม.","สมุทรปราการ","","มือสอง","เกียร์อัตโนมัติ"
"1786479293-231","https://www.one2car.com/%E0%B8%A3%E0%B8%96%E0%B8%A1%E0%B8%B7%E0%B8%AD%E0%B8%AA%E0%B8%AD%E0%B8%87-%E0%B8%AA%E0%B8%B3%E0%B8%AB%E0%B8%A3%E0%B8%B1%E0%B8%9A-%E0%B8%82%E0%B8%B2%E0%B8%A2","https://www.one2car.com/%E0%B8%A3%E0%B8%96-%E0%B8%AA%E0%B8%B3%E0%B8%AB%E0%B8%A3%E0%B8%B1%E0%B8%9A-%E0%B8%82%E0%B8%B2%E0%B8%A2?type=used&page_number=11&page_size=26","2022 Toyota Veloz 1.5 (ปี 22-30) Smart Wagon","519,000 บาท","วิ่งน้อยไมล์แท้แท้เช็คศูนย์Toyotaตลอดวิ่งมาเพียง3️⃣9️⃣1️⃣0️⃣0️⃣กม.เท่านั้น!!!!! ...","35 - 40K กม.","สมุทรปราการ","","มือสอง","เกียร์อัตโนมัติ"
"1786479293-232","https://www.one2car.com/%E0%B8%A3%E0%B8%96%E0%B8%A1%E0%B8%B7%E0%B8%AD%E0%B8%AA%E0%B8%AD%E0%B8%87-%E0%B8%AA%E0%B8%B3%E0%B8%AB%E0%B8%A3%E0%B8%B1%E0%B8%9A-%E0%B8%82%E0%B8%B2%E0%B8%A2","https://www.one2car.com/%E0%B8%A3%E0%B8%96-%E0%B8%AA%E0%B8%B3%E0%B8%AB%E0%B8%A3%E0%B8%B1%E0%B8%9A-%E0%B8%82%E0%B8%B2%E0%B8%A2?type=used&page_number=11&page_size=26","2017 Honda ACCORD 2.0 (ปี 13-19) EL Sedan","429,000 บาท","#Honda #Accord 2.0EL #รุ่นท็อป2000cc สีเงิน ปี2017 👍สภาพนางฟ้าน็อตไม่ขยับ ...","90 - 95K กม.","สมุทรปราการ","Honda ACCORD","มือสอง","เกียร์อัตโนมัติ"
"1786479293-233","https://www.one2car.com/%E0%B8%A3%E0%B8%96%E0%B8%A1%E0%B8%B7%E0%B8%AD%E0%B8%AA%E0%B8%AD%E0%B8%87-%E0%B8%AA%E0%B8%B3%E0%B8%AB%E0%B8%A3%E0%B8%B1%E0%B8%9A-%E0%B8%82%E0%B8%B2%E0%B8%A2","https://www.one2car.com/%E0%B8%A3%E0%B8%96-%E0%B8%AA%E0%B8%B3%E0%B8%AB%E0%B8%A3%E0%B8%B1%E0%B8%9A-%E0%B8%82%E0%B8%B2%E0%B8%A2?type=used&page_number=11&page_size=26","1999 Toyota COROLLA 1.6 HI-TORQUE (ปี 98-01) GXIS Sedan   ...","59,000 บาท","❌️ไม่ได้ให้ทะเบียน ภก854 นะครับ จดเลขให้ใหม่ฟรีครับ","0 - 5K กม.","สมุทรปราการ","Toyota COROLLA","มือสอง","เกียร์อัตโนมัติ"
"1786479293-234","https://www.one2car.com/%E0%B8%A3%E0%B8%96%E0%B8%A1%E0%B8%B7%E0%B8%AD%E0%B8%AA%E0%B8%AD%E0%B8%87-%E0%B8%AA%E0%B8%B3%E0%B8%AB%E0%B8%A3%E0%B8%B1%E0%B8%9A-%E0%B8%82%E0%B8%B2%E0%B8%A2","https://www.one2car.com/%E0%B8%A3%E0%B8%96-%E0%B8%AA%E0%B8%B3%E0%B8%AB%E0%B8%A3%E0%B8%B1%E0%B8%9A-%E0%B8%82%E0%B8%B2%E0%B8%A2?type=used&page_number=11&page_size=26","2021 Ford EVEREST 2.0 (ปี 15-22) Titanium+ SUV - Titanium ...","629,000 บาท","2021 #FORD #EVEREST เครื่องดีเซล 2.0 Bi-Turbo 213 แรงม้า #4WD #TITANIUM PLUS ไมเนอร์เชนจ์ ...","180 - 185K กม.","สมุทรปราการ","Ford EVEREST","มือสอง","เกียร์อัตโนมัติ"
"1786479293-235","https://www.one2car.com/%E0%B8%A3%E0%B8%96%E0%B8%A1%E0%B8%B7%E0%B8%AD%E0%B8%AA%E0%B8%AD%E0%B8%87-%E0%B8%AA%E0%B8%B3%E0%B8%AB%E0%B8%A3%E0%B8%B1%E0%B8%9A-%E0%B8%82%E0%B8%B2%E0%B8%A2","https://www.one2car.com/%E0%B8%A3%E0%B8%96-%E0%B8%AA%E0%B8%B3%E0%B8%AB%E0%B8%A3%E0%B8%B1%E0%B8%9A-%E0%B8%82%E0%B8%B2%E0%B8%A2?type=used&page_number=11&page_size=26","1997 Toyota CELICA 2.0 4EYE ตากลม (ปี 94-99) GT-4 Coupe - ...","599,000 บาท","TOYOTA CELICA ST202 ขับเคลื่อน2ล้อ ปี1997(29ปี) สีดำSuperBlack แต่งเป็นGT4แท้ทั้งคัน ...","10 - 15K กม.","สมุทรปราการ","","มือสอง","เกียร์ธรรมดา"
"1786479293-236","https://www.one2car.com/%E0%B8%A3%E0%B8%96%E0%B8%A1%E0%B8%B7%E0%B8%AD%E0%B8%AA%E0%B8%AD%E0%B8%87-%E0%B8%AA%E0%B8%B3%E0%B8%AB%E0%B8%A3%E0%B8%B1%E0%B8%9A-%E0%B8%82%E0%B8%B2%E0%B8%A2","https://www.one2car.com/%E0%B8%A3%E0%B8%96-%E0%B8%AA%E0%B8%B3%E0%B8%AB%E0%B8%A3%E0%B8%B1%E0%B8%9A-%E0%B8%82%E0%B8%B2%E0%B8%A2?type=used&page_number=11&page_size=26","2019 MG MG3 1.5 (ปี 18-22) X Hatchback - 3","189,000 บาท","รุ่นท็อป 1.5X MoonRoof รถบ้านมือเดียวตั้งแต่ป้ายแดง เข้าศูนย์ mg ตลอด ยางMaxxis ...","55 - 60K กม.","สมุทรปราการ","","มือสอง","เกียร์อัตโนมัติ"
"1786479293-237","https://www.one2car.com/%E0%B8%A3%E0%B8%96%E0%B8%A1%E0%B8%B7%E0%B8%AD%E0%B8%AA%E0%B8%AD%E0%B8%87-%E0%B8%AA%E0%B8%B3%E0%B8%AB%E0%B8%A3%E0%B8%B1%E0%B8%9A-%E0%B8%82%E0%B8%B2%E0%B8%A2","https://www.one2car.com/%E0%B8%A3%E0%B8%96-%E0%B8%AA%E0%B8%B3%E0%B8%AB%E0%B8%A3%E0%B8%B1%E0%B8%9A-%E0%B8%82%E0%B8%B2%E0%B8%A2?type=used&page_number=11&page_size=26","1997 Toyota HILUX MIGHTY-X 2.4 Station Wagon Wagon","89,000 บาท","✅️ราคา89,000บาท✅️ ไม่เคยเจอสภาพสวยเท่าที่รถ29ปีของMightyXwagonขนาดนี้มาก่อนขอรูปและรายละเอ ...","235 - 240K กม.","สมุทรปราการ","","มือสอง","เกียร์ธรรมดา"
"1786479293-238","https://www.one2car.com/%E0%B8%A3%E0%B8%96%E0%B8%A1%E0%B8%B7%E0%B8%AD%E0%B8%AA%E0%B8%AD%E0%B8%87-%E0%B8%AA%E0%B8%B3%E0%B8%AB%E0%B8%A3%E0%B8%B1%E0%B8%9A-%E0%B8%82%E0%B8%B2%E0%B8%A2","https://www.one2car.com/%E0%B8%A3%E0%B8%96-%E0%B8%AA%E0%B8%B3%E0%B8%AB%E0%B8%A3%E0%B8%B1%E0%B8%9A-%E0%B8%82%E0%B8%B2%E0%B8%A2?type=used&page_number=11&page_size=26","2016 Toyota HILUX REVO 2.4 Smart Cab J Pickup","285,000 บาท","กระบะขวัญใจอึดทึกทนประหยัดน้ำมันแรงบิดดีต้อง #Toyota #Revo #Smartcabเปิดได้ 2.4J MT 2016 ...","130 - 135K กม.","สมุทรปราการ","Toyota HILUX REVO","มือสอง","เกียร์ธรรมดา"
"1786479293-239","https://www.one2car.com/%E0%B8%A3%E0%B8%96%E0%B8%A1%E0%B8%B7%E0%B8%AD%E0%B8%AA%E0%B8%AD%E0%B8%87-%E0%B8%AA%E0%B8%B3%E0%B8%AB%E0%B8%A3%E0%B8%B1%E0%B8%9A-%E0%B8%82%E0%B8%B2%E0%B8%A2","https://www.one2car.com/%E0%B8%A3%E0%B8%96-%E0%B8%AA%E0%B8%B3%E0%B8%AB%E0%B8%A3%E0%B8%B1%E0%B8%9A-%E0%B8%82%E0%B8%B2%E0%B8%A2?type=used&page_number=11&page_size=26","2018 Toyota YARIS 1.2 (ปี 17-25) G Hatchback","279,000 บาท","วิ่งมาเพียง6หมื่นโล #ECOCAR #Toyota #Yaris1.2G #รุ่นท็อป สีแดง ปี2018 ...","60 - 65K กม.","สมุทรปราการ","Toyota YARIS","มือสอง","เกียร์อัตโนมัติ"
"1786479293-240","https://www.one2car.com/%E0%B8%A3%E0%B8%96%E0%B8%A1%E0%B8%B7%E0%B8%AD%E0%B8%AA%E0%B8%AD%E0%B8%87-%E0%B8%AA%E0%B8%B3%E0%B8%AB%E0%B8%A3%E0%B8%B1%E0%B8%9A-%E0%B8%82%E0%B8%B2%E0%B8%A2","https://www.one2car.com/%E0%B8%A3%E0%B8%96-%E0%B8%AA%E0%B8%B3%E0%B8%AB%E0%B8%A3%E0%B8%B1%E0%B8%9A-%E0%B8%82%E0%B8%B2%E0%B8%A2?type=used&page_number=11&page_size=26","2014 Nissan MARCH 1.2 (ปี 10-21) E Hatchback","135,000 บาท","1️⃣3️⃣5️⃣0️⃣0️⃣0️⃣บาท หารถบ้านไม่ใช่❎️รถลานประมูลสภาพใหม่ๆวิ่งน้อยมาก34,xxxผ่อน29xxบาท72งว ...","30 - 35K กม.","สมุทรปราการ","Nissan MARCH","มือสอง","เกียร์ธรรมดา"
"1786479293-241","https://www.one2car.com/%E0%B8%A3%E0%B8%96%E0%B8%A1%E0%B8%B7%E0%B8%AD%E0%B8%AA%E0%B8%AD%E0%B8%87-%E0%B8%AA%E0%B8%B3%E0%B8%AB%E0%B8%A3%E0%B8%B1%E0%B8%9A-%E0%B8%82%E0%B8%B2%E0%B8%A2","https://www.one2car.com/%E0%B8%A3%E0%B8%96-%E0%B8%AA%E0%B8%B3%E0%B8%AB%E0%B8%A3%E0%B8%B1%E0%B8%9A-%E0%B8%82%E0%B8%B2%E0%B8%A2?type=used&page_number=11&page_size=26","2013 Honda City 1.5 (ปี 08-14) V Sedan","179,000 บาท","หารถประหยัดมากๆกับค่าใช่จ่ายวิ่งเพียงกิโลละ1.20-1.50บาท กับGAS #LPG AC STAG ...","105 - 110K กม.","สมุทรปราการ","Honda City","มือสอง","เกียร์อัตโนมัติ"
"1786479293-242","https://www.one2car.com/%E0%B8%A3%E0%B8%96%E0%B8%A1%E0%B8%B7%E0%B8%AD%E0%B8%AA%E0%B8%AD%E0%B8%87-%E0%B8%AA%E0%B8%B3%E0%B8%AB%E0%B8%A3%E0%B8%B1%E0%B8%9A-%E0%B8%82%E0%B8%B2%E0%B8%A2","https://www.one2car.com/%E0%B8%A3%E0%B8%96-%E0%B8%AA%E0%B8%B3%E0%B8%AB%E0%B8%A3%E0%B8%B1%E0%B8%9A-%E0%B8%82%E0%B8%B2%E0%B8%A2?type=used&page_number=11&page_size=26","2014 Toyota CAMRY 2.0 (ปี 12-18) G Extremo Sedan","299,000 บาท","Toyota Camry 2.0G eximo ปี 2013 จดปี 2014 🔥 จัดโปรเดือด🤍 ✅ลดเหลือ 2 9 9 9, 0 0 0 บาท 👉 ...","160000 กม.","กรุงเทพมหานคร","Toyota CAMRY","มือสอง","เกียร์อัตโนมัติ"
"1786479293-243","https://www.one2car.com/%E0%B8%A3%E0%B8%96%E0%B8%A1%E0%B8%B7%E0%B8%AD%E0%B8%AA%E0%B8%AD%E0%B8%87-%E0%B8%AA%E0%B8%B3%E0%B8%AB%E0%B8%A3%E0%B8%B1%E0%B8%9A-%E0%B8%82%E0%B8%B2%E0%B8%A2","https://www.one2car.com/%E0%B8%A3%E0%B8%96-%E0%B8%AA%E0%B8%B3%E0%B8%AB%E0%B8%A3%E0%B8%B1%E0%B8%9A-%E0%B8%82%E0%B8%B2%E0%B8%A2?type=used&page_number=11&page_size=26","2014 Hyundai H-1 2.5 (ปี 08-17) Deluxe Van","469,000 บาท","📣2014 Hyundai H-1 2.5 Deluxe Van เกียร์อัตโนมัติ เครื่องยนต์ดีดซล 2,500 cc. ...","15 - 20K กม.","กรุงเทพมหานคร","Hyundai H-1","มือสอง","เกียร์อัตโนมัติ"
"1786479293-244","https://www.one2car.com/%E0%B8%A3%E0%B8%96%E0%B8%A1%E0%B8%B7%E0%B8%AD%E0%B8%AA%E0%B8%AD%E0%B8%87-%E0%B8%AA%E0%B8%B3%E0%B8%AB%E0%B8%A3%E0%B8%B1%E0%B8%9A-%E0%B8%82%E0%B8%B2%E0%B8%A2","https://www.one2car.com/%E0%B8%A3%E0%B8%96-%E0%B8%AA%E0%B8%B3%E0%B8%AB%E0%B8%A3%E0%B8%B1%E0%B8%9A-%E0%B8%82%E0%B8%B2%E0%B8%A2?type=used&page_number=11&page_size=26","2015 Toyota YARIS 1.2 (ปี 13-17) E Hatchback","199,000 บาท","📣2015 Toyota YARIS 1.2 E Hatchback เกียร์อัตโนมัติ เครื่องยนต์ 1,200 cc. ราคา 209,000 บาท ...","125 - 130K กม.","กรุงเทพมหานคร","Toyota YARIS","มือสอง","เกียร์อัตโนมัติ"
"1786479297-245","https://www.one2car.com/%E0%B8%A3%E0%B8%96%E0%B8%A1%E0%B8%B7%E0%B8%AD%E0%B8%AA%E0%B8%AD%E0%B8%87-%E0%B8%AA%E0%B8%B3%E0%B8%AB%E0%B8%A3%E0%B8%B1%E0%B8%9A-%E0%B8%82%E0%B8%B2%E0%B8%A2","https://www.one2car.com/%E0%B8%A3%E0%B8%96-%E0%B8%AA%E0%B8%B3%E0%B8%AB%E0%B8%A3%E0%B8%B1%E0%B8%9A-%E0%B8%82%E0%B8%B2%E0%B8%A2?type=used&page_number=12&page_size=26","2011 Mitsubishi PAJERO SPORT 2.5 (ปี 08-15) GT SUV - 4WD  ...","279,000 บาท","📣2011 Mitsubishi PAJERO SPORT 2.5 GT 4WD เกียร์อัตโนมัติ เครื่องยนต์ดีเซล 2,500 ...","25 - 30K กม.","กรุงเทพมหานคร","Mitsubishi PAJERO SPORT","มือสอง","เกียร์อัตโนมัติ"
"1786479297-246","https://www.one2car.com/%E0%B8%A3%E0%B8%96%E0%B8%A1%E0%B8%B7%E0%B8%AD%E0%B8%AA%E0%B8%AD%E0%B8%87-%E0%B8%AA%E0%B8%B3%E0%B8%AB%E0%B8%A3%E0%B8%B1%E0%B8%9A-%E0%B8%82%E0%B8%B2%E0%B8%A2","https://www.one2car.com/%E0%B8%A3%E0%B8%96-%E0%B8%AA%E0%B8%B3%E0%B8%AB%E0%B8%A3%E0%B8%B1%E0%B8%9A-%E0%B8%82%E0%B8%B2%E0%B8%A2?type=used&page_number=12&page_size=26","2013 Toyota FORTUNER 3.0 (ปี 12-15) V SUV","449,000 บาท","📣2013 Toyota FORTUNER 3.0V 2WD เกียร์อัตโนมัติ เครื่องยนต์ดีเซล 3,000 cc. ราคา 449,000 ...","0 - 5K กม.","กรุงเทพมหานคร","Toyota FORTUNER","มือสอง","เกียร์อัตโนมัติ"
"1786479297-247","https://www.one2car.com/%E0%B8%A3%E0%B8%96%E0%B8%A1%E0%B8%B7%E0%B8%AD%E0%B8%AA%E0%B8%AD%E0%B8%87-%E0%B8%AA%E0%B8%B3%E0%B8%AB%E0%B8%A3%E0%B8%B1%E0%B8%9A-%E0%B8%82%E0%B8%B2%E0%B8%A2","https://www.one2car.com/%E0%B8%A3%E0%B8%96-%E0%B8%AA%E0%B8%B3%E0%B8%AB%E0%B8%A3%E0%B8%B1%E0%B8%9A-%E0%B8%82%E0%B8%B2%E0%B8%A2?type=used&page_number=12&page_size=26","2013 Toyota FORTUNER 3.0 (ปี 12-15) TRD Sportivo SUV - 4WD...","489,000 บาท","📣2013 Toyota FORTUNER 3.0 TRD Sportivo 4WD เกียร์อัตโนมัติ เครื่องยนต์ 3,000 cc. ราคา ...","205 - 210K กม.","กรุงเทพมหานคร","Toyota FORTUNER","มือสอง","เกียร์อัตโนมัติ"
"1786479297-248","https://www.one2car.com/%E0%B8%A3%E0%B8%96%E0%B8%A1%E0%B8%B7%E0%B8%AD%E0%B8%AA%E0%B8%AD%E0%B8%87-%E0%B8%AA%E0%B8%B3%E0%B8%AB%E0%B8%A3%E0%B8%B1%E0%B8%9A-%E0%B8%82%E0%B8%B2%E0%B8%A2","https://www.one2car.com/%E0%B8%A3%E0%B8%96-%E0%B8%AA%E0%B8%B3%E0%B8%AB%E0%B8%A3%E0%B8%B1%E0%B8%9A-%E0%B8%82%E0%B8%B2%E0%B8%A2?type=used&page_number=12&page_size=26","2013 Ford RANGER 2.2 Double Cab (ปี 12-15) WildTrak Hi-Rid...","299,000 บาท","#รถสวยๆสายลุย #ดุดันไม่เกรงใจใคร #ลุยน้ำลุยโคลนลุยป่าลุยเขา #เรียนเชิญมีราคาพิเศษครับ ...","195 - 200K กม.","กรุงเทพมหานคร","Ford RANGER","มือสอง","เกียร์อัตโนมัติ"
"1786479297-249","https://www.one2car.com/%E0%B8%A3%E0%B8%96%E0%B8%A1%E0%B8%B7%E0%B8%AD%E0%B8%AA%E0%B8%AD%E0%B8%87-%E0%B8%AA%E0%B8%B3%E0%B8%AB%E0%B8%A3%E0%B8%B1%E0%B8%9A-%E0%B8%82%E0%B8%B2%E0%B8%A2","https://www.one2car.com/%E0%B8%A3%E0%B8%96-%E0%B8%AA%E0%B8%B3%E0%B8%AB%E0%B8%A3%E0%B8%B1%E0%B8%9A-%E0%B8%82%E0%B8%B2%E0%B8%A2?type=used&page_number=12&page_size=26","2010 Mitsubishi PAJERO SPORT 2.5 (ปี 08-15) GT SUV","249,000 บาท","📣2010 Mitsubishi PAJERO SPORT 2.5 GT เกียร์อัตโนมัติ เครื่องยนต์ 2,500 cc. ราคา 249,000 ...","25 - 30K กม.","กรุงเทพมหานคร","Mitsubishi PAJERO SPORT","มือสอง","เกียร์อัตโนมัติ"
"1786479297-250","https://www.one2car.com/%E0%B8%A3%E0%B8%96%E0%B8%A1%E0%B8%B7%E0%B8%AD%E0%B8%AA%E0%B8%AD%E0%B8%87-%E0%B8%AA%E0%B8%B3%E0%B8%AB%E0%B8%A3%E0%B8%B1%E0%B8%9A-%E0%B8%82%E0%B8%B2%E0%B8%A2","https://www.one2car.com/%E0%B8%A3%E0%B8%96-%E0%B8%AA%E0%B8%B3%E0%B8%AB%E0%B8%A3%E0%B8%B1%E0%B8%9A-%E0%B8%82%E0%B8%B2%E0%B8%A2?type=used&page_number=12&page_size=26","2005 Mercedes-Benz C200 Kompressor 2.0 W203 (ปี 01-07) Ava...","199,000 บาท","📣2005 Mercedes-Benz C200 Kompressor 2.0 Avantgarde เกียร์ Auto 2,000 cc. #ทำสีพิเศษเกรด ...","0 - 5K กม.","กรุงเทพมหานคร","","มือสอง","เกียร์อัตโนมัติ"
"1786479297-251","https://www.one2car.com/%E0%B8%A3%E0%B8%96%E0%B8%A1%E0%B8%B7%E0%B8%AD%E0%B8%AA%E0%B8%AD%E0%B8%87-%E0%B8%AA%E0%B8%B3%E0%B8%AB%E0%B8%A3%E0%B8%B1%E0%B8%9A-%E0%B8%82%E0%B8%B2%E0%B8%A2","https://www.one2car.com/%E0%B8%A3%E0%B8%96-%E0%B8%AA%E0%B8%B3%E0%B8%AB%E0%B8%A3%E0%B8%B1%E0%B8%9A-%E0%B8%82%E0%B8%B2%E0%B8%A2?type=used&page_number=12&page_size=26","2024 Toyota Yaris Ativ 1.2 (ปี 22-28) Sport Sedan","399,000 บาท","Toyota Yaris ATIV 1.2 Sport AT ปี 2024 🛞💨 🔥 จัดโปรเดือด ต้อนรับเดือนพฤษภาคม🤍 ✅ลดเหลือ 3 9 ...","43000 กม.","กรุงเทพมหานคร","Toyota Yaris Ativ","มือสอง","เกียร์อัตโนมัติ"
"1786479297-252","https://www.one2car.com/%E0%B8%A3%E0%B8%96%E0%B8%A1%E0%B8%B7%E0%B8%AD%E0%B8%AA%E0%B8%AD%E0%B8%87-%E0%B8%AA%E0%B8%B3%E0%B8%AB%E0%B8%A3%E0%B8%B1%E0%B8%9A-%E0%B8%82%E0%B8%B2%E0%B8%A2","https://www.one2car.com/%E0%B8%A3%E0%B8%96-%E0%B8%AA%E0%B8%B3%E0%B8%AB%E0%B8%A3%E0%B8%B1%E0%B8%9A-%E0%B8%82%E0%B8%B2%E0%B8%A2?type=used&page_number=12&page_size=26","2016 BMW 218i 1.5 F46 (ปี 14-19) Gran Tourer Hatchback","449,000 บาท","2016 BMW 218i Gran Tourer BMW 2 series รถอเนกประสงค์ ขนาดกระทัดรัด วิ่งน้อยมากเพียง ...","25 - 30K กม.","กรุงเทพมหานคร","","มือสอง","เกียร์อัตโนมัติ"
"1786479297-253","https://www.one2car.com/%E0%B8%A3%E0%B8%96%E0%B8%A1%E0%B8%B7%E0%B8%AD%E0%B8%AA%E0%B8%AD%E0%B8%87-%E0%B8%AA%E0%B8%B3%E0%B8%AB%E0%B8%A3%E0%B8%B1%E0%B8%9A-%E0%B8%82%E0%B8%B2%E0%B8%A2","https://www.one2car.com/%E0%B8%A3%E0%B8%96-%E0%B8%AA%E0%B8%B3%E0%B8%AB%E0%B8%A3%E0%B8%B1%E0%B8%9A-%E0%B8%82%E0%B8%B2%E0%B8%A2?type=used&page_number=12&page_size=26","2024 BMW X1 2.0 U11 (ปี 23-30) sDrive20i M Sport SUV","1,990,000 บาท","BMW X1 sDrive20i xLine สีน้ำเงิน Demo Car ป้ายแดงยังไม่จดทะเบียน ราคา 2,739,000 บาท (รวม ...","0 - 5K กม.","กรุงเทพมหานคร","BMW X1","มือสอง","เกียร์อัตโนมัติ"
"1786479297-254","https://www.one2car.com/%E0%B8%A3%E0%B8%96%E0%B8%A1%E0%B8%B7%E0%B8%AD%E0%B8%AA%E0%B8%AD%E0%B8%87-%E0%B8%AA%E0%B8%B3%E0%B8%AB%E0%B8%A3%E0%B8%B1%E0%B8%9A-%E0%B8%82%E0%B8%B2%E0%B8%A2","https://www.one2car.com/%E0%B8%A3%E0%B8%96-%E0%B8%AA%E0%B8%B3%E0%B8%AB%E0%B8%A3%E0%B8%B1%E0%B8%9A-%E0%B8%82%E0%B8%B2%E0%B8%A2?type=used&page_number=12&page_size=26","2024 Land Rover DEFENDER 2.0 (ปี 20-28) 110 P400e SE Plus ...","5,199,000 บาท","Jaguar Land Rover Approved รถยนต์มือสองที่ผ่านการรับรองคุณภาพอย่างเป็นทางการจาก Inchcape ...","25 - 30K กม.","กรุงเทพมหานคร","","มือสอง","เกียร์อัตโนมัติ"
"1786479297-255","https://www.one2car.com/%E0%B8%A3%E0%B8%96%E0%B8%A1%E0%B8%B7%E0%B8%AD%E0%B8%AA%E0%B8%AD%E0%B8%87-%E0%B8%AA%E0%B8%B3%E0%B8%AB%E0%B8%A3%E0%B8%B1%E0%B8%9A-%E0%B8%82%E0%B8%B2%E0%B8%A2","https://www.one2car.com/%E0%B8%A3%E0%B8%96-%E0%B8%AA%E0%B8%B3%E0%B8%AB%E0%B8%A3%E0%B8%B1%E0%B8%9A-%E0%B8%82%E0%B8%B2%E0%B8%A2?type=used&page_number=12&page_size=26","2023 Isuzu D-MAX 3.0 Cab-4 (ปี 19-26) Vcross M Pickup - 4W...","895,000 บาท","ISUZU D-Max 3.0 CAB-4 V-Cross M 4WD ปี66/23แท้ **รถสวยพร้อมใช้งาน**ไมล์น้อยเพียง40,xxxโล ...","40 - 45K กม.","เชียงใหม่","Isuzu D-MAX","มือสอง","เกียร์อัตโนมัติ"
"1786479297-256","https://www.one2car.com/%E0%B8%A3%E0%B8%96%E0%B8%A1%E0%B8%B7%E0%B8%AD%E0%B8%AA%E0%B8%AD%E0%B8%87-%E0%B8%AA%E0%B8%B3%E0%B8%AB%E0%B8%A3%E0%B8%B1%E0%B8%9A-%E0%B8%82%E0%B8%B2%E0%B8%A2","https://www.one2car.com/%E0%B8%A3%E0%B8%96-%E0%B8%AA%E0%B8%B3%E0%B8%AB%E0%B8%A3%E0%B8%B1%E0%B8%9A-%E0%B8%82%E0%B8%B2%E0%B8%A2?type=used&page_number=12&page_size=26","2020 Mitsubishi PAJERO SPORT 2.4 (ปี 19-25) GT Premium SUV...","855,000 บาท","MITSUBISHI PAJERO SPORT 2.4 GT PREMIUM 4WD ปี63/20 **รถสวยมือเดียว*มาพร้อมกล้องขณะถอย+กล้อ ...","100 - 105K กม.","เชียงใหม่","Mitsubishi PAJERO SPORT","มือสอง","เกียร์อัตโนมัติ"
"1786479301-257","https://www.one2car.com/%E0%B8%A3%E0%B8%96%E0%B8%A1%E0%B8%B7%E0%B8%AD%E0%B8%AA%E0%B8%AD%E0%B8%87-%E0%B8%AA%E0%B8%B3%E0%B8%AB%E0%B8%A3%E0%B8%B1%E0%B8%9A-%E0%B8%82%E0%B8%B2%E0%B8%A2","https://www.one2car.com/%E0%B8%A3%E0%B8%96-%E0%B8%AA%E0%B8%B3%E0%B8%AB%E0%B8%A3%E0%B8%B1%E0%B8%9A-%E0%B8%82%E0%B8%B2%E0%B8%A2?type=used&page_number=13&page_size=26","2023 Honda CIVIC 2.0 FE (ปี 21-26) e:HEV RS Sedan - e HEV ...","865,000 บาท","HONDA ALL NEW CIVIC 2.0 e:HEV RS ปี66/23 **รถเชียงใหม่มือเดียว**ไมล์น้อยเพียง53,xxx โล ...","50 - 55K กม.","เชียงใหม่","Honda CIVIC","มือสอง","เกียร์อัตโนมัติ"
"1786479301-258","https://www.one2car.com/%E0%B8%A3%E0%B8%96%E0%B8%A1%E0%B8%B7%E0%B8%AD%E0%B8%AA%E0%B8%AD%E0%B8%87-%E0%B8%AA%E0%B8%B3%E0%B8%AB%E0%B8%A3%E0%B8%B1%E0%B8%9A-%E0%B8%82%E0%B8%B2%E0%B8%A2","https://www.one2car.com/%E0%B8%A3%E0%B8%96-%E0%B8%AA%E0%B8%B3%E0%B8%AB%E0%B8%A3%E0%B8%B1%E0%B8%9A-%E0%B8%82%E0%B8%B2%E0%B8%A2?type=used&page_number=13&page_size=26","2020 Toyota FORTUNER 2.8 (ปี 15-25) TRD Sportivo SUV - 4WD...","955,000 บาท","TOYOTA FORTUNER 2.8 TRD SPORTIVO 4WD ปี63/20 **รถสวยพร้อมใช้งาน**ไมล์น้อยเพียง60,xxxโล**มา ...","60 - 65K กม.","เชียงใหม่","Toyota FORTUNER","มือสอง","เกียร์อัตโนมัติ"
"1786479301-259","https://www.one2car.com/%E0%B8%A3%E0%B8%96%E0%B8%A1%E0%B8%B7%E0%B8%AD%E0%B8%AA%E0%B8%AD%E0%B8%87-%E0%B8%AA%E0%B8%B3%E0%B8%AB%E0%B8%A3%E0%B8%B1%E0%B8%9A-%E0%B8%82%E0%B8%B2%E0%B8%A2","https://www.one2car.com/%E0%B8%A3%E0%B8%96-%E0%B8%AA%E0%B8%B3%E0%B8%AB%E0%B8%A3%E0%B8%B1%E0%B8%9A-%E0%B8%82%E0%B8%B2%E0%B8%A2?type=used&page_number=13&page_size=26","2013 Honda CR-V 2.0 (ปี 12-16) S SUV","275,000 บาท","#Honda CR-V 2.0 S G4 #ปี2013 5ประตู #สีบรอนซ์ 💸ราคา275,000บาท 💸ฟรีดาวน์ ผ่อน 6,400/84 ...","255 - 260K กม.","กรุงเทพมหานคร","Honda CR-V","มือสอง","เกียร์อัตโนมัติ"
"1786479301-260","https://www.one2car.com/%E0%B8%A3%E0%B8%96%E0%B8%A1%E0%B8%B7%E0%B8%AD%E0%B8%AA%E0%B8%AD%E0%B8%87-%E0%B8%AA%E0%B8%B3%E0%B8%AB%E0%B8%A3%E0%B8%B1%E0%B8%9A-%E0%B8%82%E0%B8%B2%E0%B8%A2","https://www.one2car.com/%E0%B8%A3%E0%B8%96-%E0%B8%AA%E0%B8%B3%E0%B8%AB%E0%B8%A3%E0%B8%B1%E0%B8%9A-%E0%B8%82%E0%B8%B2%E0%B8%A2?type=used&page_number=13&page_size=26","2019 Toyota Yaris Ativ 1.2 (ปี 17-22) J Sedan","265,000 บาท","#TOYOTA #YARIS #Ativ 1.2 #entry #ปี2019 #รถใช้งานลำดับที่1 💰 ราคา265,000 ...","70 - 75K กม.","กรุงเทพมหานคร","Toyota Yaris Ativ","มือสอง","เกียร์อัตโนมัติ"
"1786479301-261","https://www.one2car.com/%E0%B8%A3%E0%B8%96%E0%B8%A1%E0%B8%B7%E0%B8%AD%E0%B8%AA%E0%B8%AD%E0%B8%87-%E0%B8%AA%E0%B8%B3%E0%B8%AB%E0%B8%A3%E0%B8%B1%E0%B8%9A-%E0%B8%82%E0%B8%B2%E0%B8%A2","https://www.one2car.com/%E0%B8%A3%E0%B8%96-%E0%B8%AA%E0%B8%B3%E0%B8%AB%E0%B8%A3%E0%B8%B1%E0%B8%9A-%E0%B8%82%E0%B8%B2%E0%B8%A2?type=used&page_number=13&page_size=26","2017 Hyundai H-1 2.5 (ปี 08-17) Touring Van","465,000 บาท","#ราคา465000บาท Hyundai H1 2.5 Touring ปี16จด17 ไมล์150000KM.แท้ #ขายพร้อมเลขทะเบียน1668 ...","150000 กม.","กรุงเทพมหานคร","Hyundai H-1","มือสอง","เกียร์อัตโนมัติ"
"1786479301-262","https://www.one2car.com/%E0%B8%A3%E0%B8%96%E0%B8%A1%E0%B8%B7%E0%B8%AD%E0%B8%AA%E0%B8%AD%E0%B8%87-%E0%B8%AA%E0%B8%B3%E0%B8%AB%E0%B8%A3%E0%B8%B1%E0%B8%9A-%E0%B8%82%E0%B8%B2%E0%B8%A2","https://www.one2car.com/%E0%B8%A3%E0%B8%96-%E0%B8%AA%E0%B8%B3%E0%B8%AB%E0%B8%A3%E0%B8%B1%E0%B8%9A-%E0%B8%82%E0%B8%B2%E0%B8%A2?type=used&page_number=13&page_size=26","2025 BMW 530e 2.0 G60 (ปี 24-31) Inspiring Sedan","2,999,000 บาท","BMW 530e M Sport Pro Demo ป้ายแดง สีขาว ราคาป้ายแดง 4,169,000 บาท(BSI Ultimate) ส่วนลด ...","5 - 10K กม.","กรุงเทพมหานคร","","มือสอง","เกียร์อัตโนมัติ"
"1786479301-263","https://www.one2car.com/%E0%B8%A3%E0%B8%96%E0%B8%A1%E0%B8%B7%E0%B8%AD%E0%B8%AA%E0%B8%AD%E0%B8%87-%E0%B8%AA%E0%B8%B3%E0%B8%AB%E0%B8%A3%E0%B8%B1%E0%B8%9A-%E0%B8%82%E0%B8%B2%E0%B8%A2","https://www.one2car.com/%E0%B8%A3%E0%B8%96-%E0%B8%AA%E0%B8%B3%E0%B8%AB%E0%B8%A3%E0%B8%B1%E0%B8%9A-%E0%B8%82%E0%B8%B2%E0%B8%A2?type=used&page_number=13&page_size=26","2025 BMW 330e 2.0 G20 (ปี 19-26) M Sport Sedan","2,368,000 บาท","BMW 330e M Sport Demo Car ป้ายแดง สีน้ำเงิน (ยังไม่จดทะเบียน) ราคา 3,139,000 บาท (รวม BSI ...","5 - 10K กม.","กรุงเทพมหานคร","BMW 330e","มือสอง","เกียร์อัตโนมัติ"
"1786479301-264","https://www.one2car.com/%E0%B8%A3%E0%B8%96%E0%B8%A1%E0%B8%B7%E0%B8%AD%E0%B8%AA%E0%B8%AD%E0%B8%87-%E0%B8%AA%E0%B8%B3%E0%B8%AB%E0%B8%A3%E0%B8%B1%E0%B8%9A-%E0%B8%82%E0%B8%B2%E0%B8%A2","https://www.one2car.com/%E0%B8%A3%E0%B8%96-%E0%B8%AA%E0%B8%B3%E0%B8%AB%E0%B8%A3%E0%B8%B1%E0%B8%9A-%E0%B8%82%E0%B8%B2%E0%B8%A2?type=used&page_number=13&page_size=26","2021 BMW 330e 2.0 G20 (ปี 19-26) M Sport Sedan","1,160,000 บาท","BMW 330e M Sport 💙 สีน้ำเงิน ปี 2021 ราคาพิเศษ 1,160,000 บาท ( No Vat ) •ไมล์แท้ 77,947 ...","75 - 80K กม.","กรุงเทพมหานคร","BMW 330e","มือสอง","เกียร์อัตโนมัติ"
"1786479301-265","https://www.one2car.com/%E0%B8%A3%E0%B8%96%E0%B8%A1%E0%B8%B7%E0%B8%AD%E0%B8%AA%E0%B8%AD%E0%B8%87-%E0%B8%AA%E0%B8%B3%E0%B8%AB%E0%B8%A3%E0%B8%B1%E0%B8%9A-%E0%B8%82%E0%B8%B2%E0%B8%A2","https://www.one2car.com/%E0%B8%A3%E0%B8%96-%E0%B8%AA%E0%B8%B3%E0%B8%AB%E0%B8%A3%E0%B8%B1%E0%B8%9A-%E0%B8%82%E0%B8%B2%E0%B8%A2?type=used&page_number=13&page_size=26","2020 BMW 330e 2.0 G20 (ปี 19-26) M Sport Sedan","1,110,000 บาท","BMW 330e M Sport 💙 สีขาว ปี 2020 ราคาพิเศษ 1,110,000 บาท ( No Vat ) การรับประกัน 💯 ...","95 - 100K กม.","กรุงเทพมหานคร","BMW 330e","มือสอง","เกียร์อัตโนมัติ"
"1786479301-266","https://www.one2car.com/%E0%B8%A3%E0%B8%96%E0%B8%A1%E0%B8%B7%E0%B8%AD%E0%B8%AA%E0%B8%AD%E0%B8%87-%E0%B8%AA%E0%B8%B3%E0%B8%AB%E0%B8%A3%E0%B8%B1%E0%B8%9A-%E0%B8%82%E0%B8%B2%E0%B8%A2","https://www.one2car.com/%E0%B8%A3%E0%B8%96-%E0%B8%AA%E0%B8%B3%E0%B8%AB%E0%B8%A3%E0%B8%B1%E0%B8%9A-%E0%B8%82%E0%B8%B2%E0%B8%A2?type=used&page_number=13&page_size=26","2021 BMW X1 2.0 F48 (ปี 16-20) sDrive20d M Sport SUV","1,069,000 บาท","BMW X1 sDrive20d M Sport 💙 ปี2021 สีเทา ราคา 1,069,000 บาท เลขไมล์ 81,012 km ...","80 - 85K กม.","กรุงเทพมหานคร","BMW X1","มือสอง","เกียร์อัตโนมัติ"
"1786479301-267","https://www.one2car.com/%E0%B8%A3%E0%B8%96%E0%B8%A1%E0%B8%B7%E0%B8%AD%E0%B8%AA%E0%B8%AD%E0%B8%87-%E0%B8%AA%E0%B8%B3%E0%B8%AB%E0%B8%A3%E0%B8%B1%E0%B8%9A-%E0%B8%82%E0%B8%B2%E0%B8%A2","https://www.one2car.com/%E0%B8%A3%E0%B8%96-%E0%B8%AA%E0%B8%B3%E0%B8%AB%E0%B8%A3%E0%B8%B1%E0%B8%9A-%E0%B8%82%E0%B8%B2%E0%B8%A2?type=used&page_number=13&page_size=26","2019 BMW X3 2.0 G01 (ปี 18-23) xDrive20d M Sport SUV - AWD...","1,290,000 บาท","BMW X3 xDrive20d M Sport 💙 ปี2019 สีดำ ราคา 1,290,000 บาท ไมล์แท้ 90,755 กม. ...","90 - 95K กม.","กรุงเทพมหานคร","BMW X3","มือสอง","เกียร์อัตโนมัติ"
"1786479301-268","https://www.one2car.com/%E0%B8%A3%E0%B8%96%E0%B8%A1%E0%B8%B7%E0%B8%AD%E0%B8%AA%E0%B8%AD%E0%B8%87-%E0%B8%AA%E0%B8%B3%E0%B8%AB%E0%B8%A3%E0%B8%B1%E0%B8%9A-%E0%B8%82%E0%B8%B2%E0%B8%A2","https://www.one2car.com/%E0%B8%A3%E0%B8%96-%E0%B8%AA%E0%B8%B3%E0%B8%AB%E0%B8%A3%E0%B8%B1%E0%B8%9A-%E0%B8%82%E0%B8%B2%E0%B8%A2?type=used&page_number=13&page_size=26","2024 BMW 320d 2.0 G20 (ปี 19-26) M Sport Sedan","2,290,000 บาท","BMW 320d M Sport Demo Car ป้ายแดง ราคาสุทธิ 2,290,000 บาท (ราคา 2,939,000 บาท รวม BSI ...","10 - 15K กม.","กรุงเทพมหานคร","BMW 320d","มือสอง","เกียร์อัตโนมัติ"
"1786479301-269","https://www.one2car.com/%E0%B8%A3%E0%B8%96%E0%B8%A1%E0%B8%B7%E0%B8%AD%E0%B8%AA%E0%B8%AD%E0%B8%87-%E0%B8%AA%E0%B8%B3%E0%B8%AB%E0%B8%A3%E0%B8%B1%E0%B8%9A-%E0%B8%82%E0%B8%B2%E0%B8%A2","https://www.one2car.com/%E0%B8%A3%E0%B8%96-%E0%B8%AA%E0%B8%B3%E0%B8%AB%E0%B8%A3%E0%B8%B1%E0%B8%9A-%E0%B8%82%E0%B8%B2%E0%B8%A2?type=used&page_number=13&page_size=26","2021 BMW iX3 G08 (ปี 21-26) M Sport SUV - 0.0","1,488,000 บาท","BMW iX3 M Sport M Sport ปี 2021 สีดำ ราคา 1,488,000 บาท ( No vat ) #ix3 ไมล์แท้ 87,654 ...","85 - 90K กม.","กรุงเทพมหานคร","","มือสอง","เกียร์อัตโนมัติ"
"1786479301-270","https://www.one2car.com/%E0%B8%A3%E0%B8%96%E0%B8%A1%E0%B8%B7%E0%B8%AD%E0%B8%AA%E0%B8%AD%E0%B8%87-%E0%B8%AA%E0%B8%B3%E0%B8%AB%E0%B8%A3%E0%B8%B1%E0%B8%9A-%E0%B8%82%E0%B8%B2%E0%B8%A2","https://www.one2car.com/%E0%B8%A3%E0%B8%96-%E0%B8%AA%E0%B8%B3%E0%B8%AB%E0%B8%A3%E0%B8%B1%E0%B8%9A-%E0%B8%82%E0%B8%B2%E0%B8%A2?type=used&page_number=13&page_size=26","2017 Toyota FORTUNER 2.8 (ปี 15-25) V SUV - 4WD","699,000 บาท","🔥 ป้ายแดงกว่า 1.6 ล้านบาท! วันนี้เป็นเจ้าของ TOYOTA FORTUNER 2.8V 4WD 2017 ...","188300 กม.","กรุงเทพมหานคร","Toyota FORTUNER","มือสอง","เกียร์อัตโนมัติ"
"1786479307-271","https://www.one2car.com/%E0%B8%A3%E0%B8%96%E0%B8%A1%E0%B8%B7%E0%B8%AD%E0%B8%AA%E0%B8%AD%E0%B8%87-%E0%B8%AA%E0%B8%B3%E0%B8%AB%E0%B8%A3%E0%B8%B1%E0%B8%9A-%E0%B8%82%E0%B8%B2%E0%B8%A2","https://www.one2car.com/%E0%B8%A3%E0%B8%96-%E0%B8%AA%E0%B8%B3%E0%B8%AB%E0%B8%A3%E0%B8%B1%E0%B8%9A-%E0%B8%82%E0%B8%B2%E0%B8%A2?type=used&page_number=14&page_size=26","2020 Mercedes-Benz CLS300 2.0 W257 (ปี 18-24) d AMG Premiu...","1,890,000 บาท","มือเดียว ไมล์น้อย ประวัติศูนย์ครบ Benz CLS 300d AMG Dynamic ปี 2020 ไมล์ 49,000 km. - ...","45 - 50K กม.","กรุงเทพมหานคร","","มือสอง","เกียร์อัตโนมัติ"
"1786479307-272","https://www.one2car.com/%E0%B8%A3%E0%B8%96%E0%B8%A1%E0%B8%B7%E0%B8%AD%E0%B8%AA%E0%B8%AD%E0%B8%87-%E0%B8%AA%E0%B8%B3%E0%B8%AB%E0%B8%A3%E0%B8%B1%E0%B8%9A-%E0%B8%82%E0%B8%B2%E0%B8%A2","https://www.one2car.com/%E0%B8%A3%E0%B8%96-%E0%B8%AA%E0%B8%B3%E0%B8%AB%E0%B8%A3%E0%B8%B1%E0%B8%9A-%E0%B8%82%E0%B8%B2%E0%B8%A2?type=used&page_number=14&page_size=26","2025 BMW X3 2.0 G45 (ปี 25-27) xDrive20d M Sport Pro SUV -...","3,230,000 บาท","BMW X3 xDrive20d M Sport Demo Car สี Tranzanite Blue ส่วนลด Demo 709,000 บาท ราคาสุทธิ ...","0 - 5K กม.","กรุงเทพมหานคร","BMW X3","มือสอง","เกียร์อัตโนมัติ"
"1786479307-273","https://www.one2car.com/%E0%B8%A3%E0%B8%96%E0%B8%A1%E0%B8%B7%E0%B8%AD%E0%B8%AA%E0%B8%AD%E0%B8%87-%E0%B8%AA%E0%B8%B3%E0%B8%AB%E0%B8%A3%E0%B8%B1%E0%B8%9A-%E0%B8%82%E0%B8%B2%E0%B8%A2","https://www.one2car.com/%E0%B8%A3%E0%B8%96-%E0%B8%AA%E0%B8%B3%E0%B8%AB%E0%B8%A3%E0%B8%B1%E0%B8%9A-%E0%B8%82%E0%B8%B2%E0%B8%A2?type=used&page_number=14&page_size=26","2020 Mini COOPER 2.0 F56 3-Door John Cooper Works GP Hatch...","2,090,000 บาท","เป็นรถที่ควรเก็บสะสม MINI John Cooper Works GP ปี 2020 ไมล์ 25,000 km. - มีเพียง 3,000 ...","20 - 25K กม.","กรุงเทพมหานคร","Mini COOPER","มือสอง","เกียร์อัตโนมัติ"
"1786479307-274","https://www.one2car.com/%E0%B8%A3%E0%B8%96%E0%B8%A1%E0%B8%B7%E0%B8%AD%E0%B8%AA%E0%B8%AD%E0%B8%87-%E0%B8%AA%E0%B8%B3%E0%B8%AB%E0%B8%A3%E0%B8%B1%E0%B8%9A-%E0%B8%82%E0%B8%B2%E0%B8%A2","https://www.one2car.com/%E0%B8%A3%E0%B8%96-%E0%B8%AA%E0%B8%B3%E0%B8%AB%E0%B8%A3%E0%B8%B1%E0%B8%9A-%E0%B8%82%E0%B8%B2%E0%B8%A2?type=used&page_number=14&page_size=26","2022 Honda CR-V 2.4 (ปี 17-21) ES SUV - AWD","789,000 บาท","🏁NEW ARRIVAL🏁 HONDA CRV 2.4 ES 4WD 5 seats Top Engine: 2.4 L / 173 hp/ 4 ล้อ Real-time ...","86148 กม.","กรุงเทพมหานคร","Honda CR-V","มือสอง","เกียร์อัตโนมัติ"
"1786479307-275","https://www.one2car.com/%E0%B8%A3%E0%B8%96%E0%B8%A1%E0%B8%B7%E0%B8%AD%E0%B8%AA%E0%B8%AD%E0%B8%87-%E0%B8%AA%E0%B8%B3%E0%B8%AB%E0%B8%A3%E0%B8%B1%E0%B8%9A-%E0%B8%82%E0%B8%B2%E0%B8%A2","https://www.one2car.com/%E0%B8%A3%E0%B8%96-%E0%B8%AA%E0%B8%B3%E0%B8%AB%E0%B8%A3%E0%B8%B1%E0%B8%9A-%E0%B8%82%E0%B8%B2%E0%B8%A2?type=used&page_number=14&page_size=26","2020 Mercedes-Benz C220 2.0 W205 (ปี 14-22) d AMG Dynamic ...","1,190,000 บาท","2019 Mercedes Benz C220d AMG Dynamic 2.0 W205 วิ่งเพียง 72,xxx กิโลเมตร ...","70 - 75K กม.","กรุงเทพมหานคร","","มือสอง","เกียร์อัตโนมัติ"
"1786479307-276","https://www.one2car.com/%E0%B8%A3%E0%B8%96%E0%B8%A1%E0%B8%B7%E0%B8%AD%E0%B8%AA%E0%B8%AD%E0%B8%87-%E0%B8%AA%E0%B8%B3%E0%B8%AB%E0%B8%A3%E0%B8%B1%E0%B8%9A-%E0%B8%82%E0%B8%B2%E0%B8%A2","https://www.one2car.com/%E0%B8%A3%E0%B8%96-%E0%B8%AA%E0%B8%B3%E0%B8%AB%E0%B8%A3%E0%B8%B1%E0%B8%9A-%E0%B8%82%E0%B8%B2%E0%B8%A2?type=used&page_number=14&page_size=26","2015 Honda JAZZ 1.5 (ปี 14-22) SV Hatchback","327,000 บาท","💢 Honda Jazz SV 2015 สภาพนางฟ้า พร้อมใช้งาน 💢 รถมือเดียว วิ่งน้อย ดูแลดีมาก ...","100 - 105K กม.","กรุงเทพมหานคร","Honda JAZZ","มือสอง","เกียร์อัตโนมัติ"
"1786479307-277","https://www.one2car.com/%E0%B8%A3%E0%B8%96%E0%B8%A1%E0%B8%B7%E0%B8%AD%E0%B8%AA%E0%B8%AD%E0%B8%87-%E0%B8%AA%E0%B8%B3%E0%B8%AB%E0%B8%A3%E0%B8%B1%E0%B8%9A-%E0%B8%82%E0%B8%B2%E0%B8%A2","https://www.one2car.com/%E0%B8%A3%E0%B8%96-%E0%B8%AA%E0%B8%B3%E0%B8%AB%E0%B8%A3%E0%B8%B1%E0%B8%9A-%E0%B8%82%E0%B8%B2%E0%B8%A2?type=used&page_number=14&page_size=26","2024 Honda City 1.0 (ปี 19-26) RS Sedan - ( 20-25)","537,000 บาท","💢 ยกระดับความสปอร์ต ด้วยดีไซน์ใหม่รอบคัน 💢 Honda City Turbo RS Hatchback ปี 2024 ✨ ...","30 - 35K กม.","กรุงเทพมหานคร","Honda City","มือสอง","เกียร์อัตโนมัติ"
"1786479307-278","https://www.one2car.com/%E0%B8%A3%E0%B8%96%E0%B8%A1%E0%B8%B7%E0%B8%AD%E0%B8%AA%E0%B8%AD%E0%B8%87-%E0%B8%AA%E0%B8%B3%E0%B8%AB%E0%B8%A3%E0%B8%B1%E0%B8%9A-%E0%B8%82%E0%B8%B2%E0%B8%A2","https://www.one2car.com/%E0%B8%A3%E0%B8%96-%E0%B8%AA%E0%B8%B3%E0%B8%AB%E0%B8%A3%E0%B8%B1%E0%B8%9A-%E0%B8%82%E0%B8%B2%E0%B8%A2?type=used&page_number=14&page_size=26","2014 BMW X1 2.0 E84 (ปี 09-15) sDrive18i xLine SUV","367,000 บาท","✨ BMW X1 1.8i sDrive xLine ปี 2014 สภาพนางฟ้า💢 คันนี้สภาพสวยมาก เลขไมล์เพียง 90,000 ...","90 - 95K กม.","กรุงเทพมหานคร","BMW X1","มือสอง","เกียร์อัตโนมัติ"
"1786479307-279","https://www.one2car.com/%E0%B8%A3%E0%B8%96%E0%B8%A1%E0%B8%B7%E0%B8%AD%E0%B8%AA%E0%B8%AD%E0%B8%87-%E0%B8%AA%E0%B8%B3%E0%B8%AB%E0%B8%A3%E0%B8%B1%E0%B8%9A-%E0%B8%82%E0%B8%B2%E0%B8%A2","https://www.one2car.com/%E0%B8%A3%E0%B8%96-%E0%B8%AA%E0%B8%B3%E0%B8%AB%E0%B8%A3%E0%B8%B1%E0%B8%9A-%E0%B8%82%E0%B8%B2%E0%B8%A2?type=used&page_number=14&page_size=26","2014 Toyota VIOS 1.5 (ปี 13-17) E Sedan","219,000 บาท","TOYOTA VIOS 1.5E เกียร์ออโต้ 2014 สีเงิน 🔥219,000 เท่านั้น 🔹ไมล์ 105,xxx Km. 🚘สวยพร้อมใช้ ...","105 - 110K กม.","กรุงเทพมหานคร","Toyota VIOS","มือสอง","เกียร์อัตโนมัติ"
"1786479307-280","https://www.one2car.com/%E0%B8%A3%E0%B8%96%E0%B8%A1%E0%B8%B7%E0%B8%AD%E0%B8%AA%E0%B8%AD%E0%B8%87-%E0%B8%AA%E0%B8%B3%E0%B8%AB%E0%B8%A3%E0%B8%B1%E0%B8%9A-%E0%B8%82%E0%B8%B2%E0%B8%A2","https://www.one2car.com/%E0%B8%A3%E0%B8%96-%E0%B8%AA%E0%B8%B3%E0%B8%AB%E0%B8%A3%E0%B8%B1%E0%B8%9A-%E0%B8%82%E0%B8%B2%E0%B8%A2?type=used&page_number=14&page_size=26","2007 Honda ACCORD 2.4 (ปี 03-07) EL Sedan","139,000 บาท","Honda Accord 2.4 2007 สีดำ 🔥เพียง 139,000 เท่านั้น 🔹ไมล์ 24x,xxx Km. 🚘สวยพร้อมใช้ ...","20 - 25K กม.","กรุงเทพมหานคร","Honda ACCORD","มือสอง","เกียร์อัตโนมัติ"
"1786479307-281","https://www.one2car.com/%E0%B8%A3%E0%B8%96%E0%B8%A1%E0%B8%B7%E0%B8%AD%E0%B8%AA%E0%B8%AD%E0%B8%87-%E0%B8%AA%E0%B8%B3%E0%B8%AB%E0%B8%A3%E0%B8%B1%E0%B8%9A-%E0%B8%82%E0%B8%B2%E0%B8%A2","https://www.one2car.com/%E0%B8%A3%E0%B8%96-%E0%B8%AA%E0%B8%B3%E0%B8%AB%E0%B8%A3%E0%B8%B1%E0%B8%9A-%E0%B8%82%E0%B8%B2%E0%B8%A2?type=used&page_number=14&page_size=26","2013 Honda City 1.5 (ปี 08-14) SV Sedan","219,000 บาท","Honda City 1.5SV 2013 สีขาว ตัวทัอป 🔥219,000🔹รถมือเดียว🔹ไมล์ 18x,xxx Km. 🚘 สวยพร้อมใช้ ...","185 - 190K กม.","กรุงเทพมหานคร","Honda City","มือสอง","เกียร์อัตโนมัติ"
"1786479311-282","https://www.one2car.com/%E0%B8%A3%E0%B8%96%E0%B8%A1%E0%B8%B7%E0%B8%AD%E0%B8%AA%E0%B8%AD%E0%B8%87-%E0%B8%AA%E0%B8%B3%E0%B8%AB%E0%B8%A3%E0%B8%B1%E0%B8%9A-%E0%B8%82%E0%B8%B2%E0%B8%A2","https://www.one2car.com/%E0%B8%A3%E0%B8%96-%E0%B8%AA%E0%B8%B3%E0%B8%AB%E0%B8%A3%E0%B8%B1%E0%B8%9A-%E0%B8%82%E0%B8%B2%E0%B8%A2?type=used&page_number=15&page_size=26","2023 Toyota YARIS 1.2 (ปี 17-25) Smart Hatchback","379,000 บาท","🔥Toyota yaris 2023 🔥ไมล์5หมื่น ประกันศูนย์ยังเหลือ ไม่มีชนไม่มีทำสี รถชัดเจน ...","70 - 75K กม.","กรุงเทพมหานคร","Toyota YARIS","มือสอง","เกียร์อัตโนมัติ"
"1786479311-283","https://www.one2car.com/%E0%B8%A3%E0%B8%96%E0%B8%A1%E0%B8%B7%E0%B8%AD%E0%B8%AA%E0%B8%AD%E0%B8%87-%E0%B8%AA%E0%B8%B3%E0%B8%AB%E0%B8%A3%E0%B8%B1%E0%B8%9A-%E0%B8%82%E0%B8%B2%E0%B8%A2","https://www.one2car.com/%E0%B8%A3%E0%B8%96-%E0%B8%AA%E0%B8%B3%E0%B8%AB%E0%B8%A3%E0%B8%B1%E0%B8%9A-%E0%B8%82%E0%B8%B2%E0%B8%A2?type=used&page_number=15&page_size=26","2015 Isuzu MU-X 3.0 (ปี 13-19) DVD SUV","469,000 บาท","🔥Isuzu mu-x 3.0 2wd top🔥 รถปี 2015 รถมือเดียวซื้อสดมา ประวันเข้าศูนย์ทุกระยะ รถวิ่งไป ...","150 - 155K กม.","กรุงเทพมหานคร","Isuzu MU-X","มือสอง","เกียร์อัตโนมัติ"
"1786479311-284","https://www.one2car.com/%E0%B8%A3%E0%B8%96%E0%B8%A1%E0%B8%B7%E0%B8%AD%E0%B8%AA%E0%B8%AD%E0%B8%87-%E0%B8%AA%E0%B8%B3%E0%B8%AB%E0%B8%A3%E0%B8%B1%E0%B8%9A-%E0%B8%82%E0%B8%B2%E0%B8%A2","https://www.one2car.com/%E0%B8%A3%E0%B8%96-%E0%B8%AA%E0%B8%B3%E0%B8%AB%E0%B8%A3%E0%B8%B1%E0%B8%9A-%E0%B8%82%E0%B8%B2%E0%B8%A2?type=used&page_number=15&page_size=26","2020 Toyota Corolla Altis 1.6 (ปี 19-25) G Sedan","419,000 บาท","👍Toyota Altis 1.6G 👍ปี2020 ไมล์50000กิโลแท้ๆ สีเดิมทุกชิ้น ประวัติศูนย์toyota ...","50 - 55K กม.","กรุงเทพมหานคร","Toyota Corolla Altis","มือสอง","เกียร์อัตโนมัติ"
"1786479311-285","https://www.one2car.com/%E0%B8%A3%E0%B8%96%E0%B8%A1%E0%B8%B7%E0%B8%AD%E0%B8%AA%E0%B8%AD%E0%B8%87-%E0%B8%AA%E0%B8%B3%E0%B8%AB%E0%B8%A3%E0%B8%B1%E0%B8%9A-%E0%B8%82%E0%B8%B2%E0%B8%A2","https://www.one2car.com/%E0%B8%A3%E0%B8%96-%E0%B8%AA%E0%B8%B3%E0%B8%AB%E0%B8%A3%E0%B8%B1%E0%B8%9A-%E0%B8%82%E0%B8%B2%E0%B8%A2?type=used&page_number=15&page_size=26","2022 Toyota Corolla Cross 1.8 (ปี 20-26) Hybrid Premium Sa...","699,000 บาท","✅ รถบ้านแท้ 📌 ไม่ใช่รถเช่า รถยึด รถประมูล ✅ ขับดีมากๆ เจ้าของดูแลรักษาอย่างดี ...","30 - 35K กม.","กรุงเทพมหานคร","","มือสอง","เกียร์อัตโนมัติ"
"1786479311-286","https://www.one2car.com/%E0%B8%A3%E0%B8%96%E0%B8%A1%E0%B8%B7%E0%B8%AD%E0%B8%AA%E0%B8%AD%E0%B8%87-%E0%B8%AA%E0%B8%B3%E0%B8%AB%E0%B8%A3%E0%B8%B1%E0%B8%9A-%E0%B8%82%E0%B8%B2%E0%B8%A2","https://www.one2car.com/%E0%B8%A3%E0%B8%96-%E0%B8%AA%E0%B8%B3%E0%B8%AB%E0%B8%A3%E0%B8%B1%E0%B8%9A-%E0%B8%82%E0%B8%B2%E0%B8%A2?type=used&page_number=15&page_size=26","2017 Toyota FORTUNER 2.8 (ปี 15-25) TRD Sportivo SUV - 4WD...","799,000 บาท","✅ รถมือหนึ่งออกห้าง รถบ้านแท้ 📌 ไม่ใช่รถเช่า รถยึด รถประมูล ✅ ขับดีมากๆ ...","120 - 125K กม.","กรุงเทพมหานคร","Toyota FORTUNER","มือสอง","เกียร์อัตโนมัติ"
"1786479311-287","https://www.one2car.com/%E0%B8%A3%E0%B8%96%E0%B8%A1%E0%B8%B7%E0%B8%AD%E0%B8%AA%E0%B8%AD%E0%B8%87-%E0%B8%AA%E0%B8%B3%E0%B8%AB%E0%B8%A3%E0%B8%B1%E0%B8%9A-%E0%B8%82%E0%B8%B2%E0%B8%A2","https://www.one2car.com/%E0%B8%A3%E0%B8%96-%E0%B8%AA%E0%B8%B3%E0%B8%AB%E0%B8%A3%E0%B8%B1%E0%B8%9A-%E0%B8%82%E0%B8%B2%E0%B8%A2?type=used&page_number=15&page_size=26","2023 Honda CIVIC 2.0 FE (ปี 21-26) e:HEV EL+ Sedan - e HEV...","799,000 บาท","✅ รถมือหนึ่งออกห้าง รถบ้านแท้ 📌 ไม่ใช่รถเช่า รถยึด รถประมูล ✅ ขับดีมากๆ ...","30 - 35K กม.","กรุงเทพมหานคร","Honda CIVIC","มือสอง","เกียร์อัตโนมัติ"
"1786479311-288","https://www.one2car.com/%E0%B8%A3%E0%B8%96%E0%B8%A1%E0%B8%B7%E0%B8%AD%E0%B8%AA%E0%B8%AD%E0%B8%87-%E0%B8%AA%E0%B8%B3%E0%B8%AB%E0%B8%A3%E0%B8%B1%E0%B8%9A-%E0%B8%82%E0%B8%B2%E0%B8%A2","https://www.one2car.com/%E0%B8%A3%E0%B8%96-%E0%B8%AA%E0%B8%B3%E0%B8%AB%E0%B8%A3%E0%B8%B1%E0%B8%9A-%E0%B8%82%E0%B8%B2%E0%B8%A2?type=used&page_number=15&page_size=26","2024 Toyota CAMRY 2.5 (ปี 18-24) Premium Sedan","1,099,000 บาท","✅ สวยสภาพป้ายแดง ✅ Warranty 2028 ✅ รถมือหนึ่งออกห้าง รถบ้านแท้ 📌 ไม่ใช่รถเช่า รถยึด ...","35 - 40K กม.","กรุงเทพมหานคร","Toyota CAMRY","มือสอง","เกียร์อัตโนมัติ"
"1786479311-289","https://www.one2car.com/%E0%B8%A3%E0%B8%96%E0%B8%A1%E0%B8%B7%E0%B8%AD%E0%B8%AA%E0%B8%AD%E0%B8%87-%E0%B8%AA%E0%B8%B3%E0%B8%AB%E0%B8%A3%E0%B8%B1%E0%B8%9A-%E0%B8%82%E0%B8%B2%E0%B8%A2","https://www.one2car.com/%E0%B8%A3%E0%B8%96-%E0%B8%AA%E0%B8%B3%E0%B8%AB%E0%B8%A3%E0%B8%B1%E0%B8%9A-%E0%B8%82%E0%B8%B2%E0%B8%A2?type=used&page_number=15&page_size=26","2017 Mitsubishi PAJERO SPORT 2.4 (ปี 15-18) GT Premium SUV...","559,000 บาท","✅ รถมือหนึ่งออกห้าง รถบ้านแท้ 📌 ไม่ใช่รถเช่า รถยึด รถประมูล ✅ ขับดีมากๆ ...","155 - 160K กม.","กรุงเทพมหานคร","Mitsubishi PAJERO SPORT","มือสอง","เกียร์อัตโนมัติ"
"1786479311-290","https://www.one2car.com/%E0%B8%A3%E0%B8%96%E0%B8%A1%E0%B8%B7%E0%B8%AD%E0%B8%AA%E0%B8%AD%E0%B8%87-%E0%B8%AA%E0%B8%B3%E0%B8%AB%E0%B8%A3%E0%B8%B1%E0%B8%9A-%E0%B8%82%E0%B8%B2%E0%B8%A2","https://www.one2car.com/%E0%B8%A3%E0%B8%96-%E0%B8%AA%E0%B8%B3%E0%B8%AB%E0%B8%A3%E0%B8%B1%E0%B8%9A-%E0%B8%82%E0%B8%B2%E0%B8%A2?type=used&page_number=15&page_size=26","2013 Honda CR-V 2.4 (ปี 12-16) EL SUV - AWD","399,000 บาท","✅ รถมือหนึ่งออกห้าง รถบ้านแท้ 📌 ไม่ใช่รถเช่า รถยึด รถประมูล ✅ ขับดีมากๆ ...","35 - 40K กม.","กรุงเทพมหานคร","Honda CR-V","มือสอง","เกียร์อัตโนมัติ"
"1786479311-291","https://www.one2car.com/%E0%B8%A3%E0%B8%96%E0%B8%A1%E0%B8%B7%E0%B8%AD%E0%B8%AA%E0%B8%AD%E0%B8%87-%E0%B8%AA%E0%B8%B3%E0%B8%AB%E0%B8%A3%E0%B8%B1%E0%B8%9A-%E0%B8%82%E0%B8%B2%E0%B8%A2","https://www.one2car.com/%E0%B8%A3%E0%B8%96-%E0%B8%AA%E0%B8%B3%E0%B8%AB%E0%B8%A3%E0%B8%B1%E0%B8%9A-%E0%B8%82%E0%B8%B2%E0%B8%A2?type=used&page_number=15&page_size=26","2019 Toyota Corolla Altis 1.8 (ปี 14-18) E Sedan","399,000 บาท","✅ รถมือหนึ่งออกห้าง รถบ้านแท้ 📌 ไม่ใช่รถเช่า รถยึด รถประมูล ✅ ขับดีมากๆ ...","80 - 85K กม.","กรุงเทพมหานคร","Toyota Corolla Altis","มือสอง","เกียร์อัตโนมัติ"
"1786479311-292","https://www.one2car.com/%E0%B8%A3%E0%B8%96%E0%B8%A1%E0%B8%B7%E0%B8%AD%E0%B8%AA%E0%B8%AD%E0%B8%87-%E0%B8%AA%E0%B8%B3%E0%B8%AB%E0%B8%A3%E0%B8%B1%E0%B8%9A-%E0%B8%82%E0%B8%B2%E0%B8%A2","https://www.one2car.com/%E0%B8%A3%E0%B8%96-%E0%B8%AA%E0%B8%B3%E0%B8%AB%E0%B8%A3%E0%B8%B1%E0%B8%9A-%E0%B8%82%E0%B8%B2%E0%B8%A2?type=used&page_number=15&page_size=26","2019 Mitsubishi TRITON 2.4 Double Cab (ปี 18-23) GLS Plus ...","399,000 บาท","💯 รถสวยคัดเกรด พร้อมใช้งาน 💯 ดูแลให้ทั้งภายในและภายนอก ❌ไม่ชน ❌ไม่สวม ❌ไม่ย้อม ❌ไม่ซาก ...","30 - 35K กม.","กรุงเทพมหานคร","Mitsubishi TRITON","มือสอง","เกียร์ธรรมดา"
"1786479316-293","https://www.one2car.com/%E0%B8%A3%E0%B8%96%E0%B8%A1%E0%B8%B7%E0%B8%AD%E0%B8%AA%E0%B8%AD%E0%B8%87-%E0%B8%AA%E0%B8%B3%E0%B8%AB%E0%B8%A3%E0%B8%B1%E0%B8%9A-%E0%B8%82%E0%B8%B2%E0%B8%A2","https://www.one2car.com/%E0%B8%A3%E0%B8%96-%E0%B8%AA%E0%B8%B3%E0%B8%AB%E0%B8%A3%E0%B8%B1%E0%B8%9A-%E0%B8%82%E0%B8%B2%E0%B8%A2?type=used&page_number=16&page_size=26","2020 Ford RANGER 2.2 Double Cab (ปี 15-21) XLT Hi-Rider Pi...","459,000 บาท","✅ รถมือหนึ่งออกห้าง รถบ้านแท้ 📌 ไม่ใช่รถเช่า รถยึด รถประมูล ✅ ขับดีมากๆ ...","70 - 75K กม.","กรุงเทพมหานคร","Ford RANGER","มือสอง","เกียร์อัตโนมัติ"
"1786479316-294","https://www.one2car.com/%E0%B8%A3%E0%B8%96%E0%B8%A1%E0%B8%B7%E0%B8%AD%E0%B8%AA%E0%B8%AD%E0%B8%87-%E0%B8%AA%E0%B8%B3%E0%B8%AB%E0%B8%A3%E0%B8%B1%E0%B8%9A-%E0%B8%82%E0%B8%B2%E0%B8%A2","https://www.one2car.com/%E0%B8%A3%E0%B8%96-%E0%B8%AA%E0%B8%B3%E0%B8%AB%E0%B8%A3%E0%B8%B1%E0%B8%9A-%E0%B8%82%E0%B8%B2%E0%B8%A2?type=used&page_number=16&page_size=26","2025 Toyota HILUX REVO 2.4 Double Cab Prerunner Mid Pickup...","779,000 บาท","✅ Warranty 2027 ✅ รถมือหนึ่งออกห้าง รถบ้านแท้ 📌 ไม่ใช่รถเช่า รถยึด รถประมูล ✅ ขับดีมากๆ ...","45 - 50K กม.","กรุงเทพมหานคร","Toyota HILUX REVO","มือสอง","เกียร์อัตโนมัติ"
"1786479316-295","https://www.one2car.com/%E0%B8%A3%E0%B8%96%E0%B8%A1%E0%B8%B7%E0%B8%AD%E0%B8%AA%E0%B8%AD%E0%B8%87-%E0%B8%AA%E0%B8%B3%E0%B8%AB%E0%B8%A3%E0%B8%B1%E0%B8%9A-%E0%B8%82%E0%B8%B2%E0%B8%A2","https://www.one2car.com/%E0%B8%A3%E0%B8%96-%E0%B8%AA%E0%B8%B3%E0%B8%AB%E0%B8%A3%E0%B8%B1%E0%B8%9A-%E0%B8%82%E0%B8%B2%E0%B8%A2?type=used&page_number=16&page_size=26","2024 Honda City 1.0 (ปี 20-26) RS Hatchback - ( 20-25)","499,000 บาท","✅ Warranty 2027 ✅ รถมือหนึ่งออกห้าง รถบ้านแท้ 📌 ไม่ใช่รถเช่า รถยึด รถประมูล ✅ ขับดีมากๆ ...","30 - 35K กม.","กรุงเทพมหานคร","Honda City","มือสอง","เกียร์อัตโนมัติ"
"1786479316-296","https://www.one2car.com/%E0%B8%A3%E0%B8%96%E0%B8%A1%E0%B8%B7%E0%B8%AD%E0%B8%AA%E0%B8%AD%E0%B8%87-%E0%B8%AA%E0%B8%B3%E0%B8%AB%E0%B8%A3%E0%B8%B1%E0%B8%9A-%E0%B8%82%E0%B8%B2%E0%B8%A2","https://www.one2car.com/%E0%B8%A3%E0%B8%96-%E0%B8%AA%E0%B8%B3%E0%B8%AB%E0%B8%A3%E0%B8%B1%E0%B8%9A-%E0%B8%82%E0%B8%B2%E0%B8%A2?type=used&page_number=16&page_size=26","2018 Mazda CX-5 2.0 (ปี 17-26) SP SUV","489,000 บาท","✅ รถมือหนึ่งออกห้าง รถบ้านแท้ 📌 ไม่ใช่รถเช่า รถยึด รถประมูล ✅ ขับดีมากๆ ...","145 - 150K กม.","กรุงเทพมหานคร","Mazda CX-5","มือสอง","เกียร์อัตโนมัติ"
"1786479316-297","https://www.one2car.com/%E0%B8%A3%E0%B8%96%E0%B8%A1%E0%B8%B7%E0%B8%AD%E0%B8%AA%E0%B8%AD%E0%B8%87-%E0%B8%AA%E0%B8%B3%E0%B8%AB%E0%B8%A3%E0%B8%B1%E0%B8%9A-%E0%B8%82%E0%B8%B2%E0%B8%A2","https://www.one2car.com/%E0%B8%A3%E0%B8%96-%E0%B8%AA%E0%B8%B3%E0%B8%AB%E0%B8%A3%E0%B8%B1%E0%B8%9A-%E0%B8%82%E0%B8%B2%E0%B8%A2?type=used&page_number=16&page_size=26","2019 Honda HR-V 1.8 (ปี 14-18) E SUV","439,000 บาท","✅ รถมือหนึ่งออกห้าง รถบ้านแท้ 📌 ไม่ใช่รถเช่า รถยึด รถประมูล ✅ ขับดีมากๆ ...","95 - 100K กม.","กรุงเทพมหานคร","Honda HR-V","มือสอง","เกียร์อัตโนมัติ"
"1786479316-298","https://www.one2car.com/%E0%B8%A3%E0%B8%96%E0%B8%A1%E0%B8%B7%E0%B8%AD%E0%B8%AA%E0%B8%AD%E0%B8%87-%E0%B8%AA%E0%B8%B3%E0%B8%AB%E0%B8%A3%E0%B8%B1%E0%B8%9A-%E0%B8%82%E0%B8%B2%E0%B8%A2","https://www.one2car.com/%E0%B8%A3%E0%B8%96-%E0%B8%AA%E0%B8%B3%E0%B8%AB%E0%B8%A3%E0%B8%B1%E0%B8%9A-%E0%B8%82%E0%B8%B2%E0%B8%A2?type=used&page_number=16&page_size=26","2017 Toyota YARIS 1.2 (ปี 13-17) E Hatchback","259,000 บาท","✅ รถมือหนึ่งออกห้าง รถบ้านแท้ 📌 ไม่ใช่รถเช่า รถยึด รถประมูล ✅ ขับดีมากๆ ...","70 - 75K กม.","กรุงเทพมหานคร","Toyota YARIS","มือสอง","เกียร์อัตโนมัติ"
"1786479316-299","https://www.one2car.com/%E0%B8%A3%E0%B8%96%E0%B8%A1%E0%B8%B7%E0%B8%AD%E0%B8%AA%E0%B8%AD%E0%B8%87-%E0%B8%AA%E0%B8%B3%E0%B8%AB%E0%B8%A3%E0%B8%B1%E0%B8%9A-%E0%B8%82%E0%B8%B2%E0%B8%A2","https://www.one2car.com/%E0%B8%A3%E0%B8%96-%E0%B8%AA%E0%B8%B3%E0%B8%AB%E0%B8%A3%E0%B8%B1%E0%B8%9A-%E0%B8%82%E0%B8%B2%E0%B8%A2?type=used&page_number=16&page_size=26","2023 Mercedes-Benz C220 2.0 W206 (ปี 22-30) d Avantgarde S...","1,780,000 บาท","Benz C220d Avantgarde -เลขไมล์น้อยมาก7,000กิโลเมตร -สภาพเหมือนรถใหม่ ...","0 - 5K กม.","กรุงเทพมหานคร","","มือสอง","เกียร์อัตโนมัติ"
"1786479316-300","https://www.one2car.com/%E0%B8%A3%E0%B8%96%E0%B8%A1%E0%B8%B7%E0%B8%AD%E0%B8%AA%E0%B8%AD%E0%B8%87-%E0%B8%AA%E0%B8%B3%E0%B8%AB%E0%B8%A3%E0%B8%B1%E0%B8%9A-%E0%B8%82%E0%B8%B2%E0%B8%A2","https://www.one2car.com/%E0%B8%A3%E0%B8%96-%E0%B8%AA%E0%B8%B3%E0%B8%AB%E0%B8%A3%E0%B8%B1%E0%B8%9A-%E0%B8%82%E0%B8%B2%E0%B8%A2?type=used&page_number=16&page_size=26","2020 Honda City 1.0 (ปี 19-26) S Sedan","319,000 บาท","HONDA CITY TURBO 1.0 S CVT ปี 2020 สภาพนางฟ้า VTEC Turbo 122 แรงม้า รองรับ E20 ประหยัด ...","170 - 175K กม.","กรุงเทพมหานคร","Honda City","มือสอง","เกียร์อัตโนมัติ"
"1786479316-301","https://www.one2car.com/%E0%B8%A3%E0%B8%96%E0%B8%A1%E0%B8%B7%E0%B8%AD%E0%B8%AA%E0%B8%AD%E0%B8%87-%E0%B8%AA%E0%B8%B3%E0%B8%AB%E0%B8%A3%E0%B8%B1%E0%B8%9A-%E0%B8%82%E0%B8%B2%E0%B8%A2","https://www.one2car.com/%E0%B8%A3%E0%B8%96-%E0%B8%AA%E0%B8%B3%E0%B8%AB%E0%B8%A3%E0%B8%B1%E0%B8%9A-%E0%B8%82%E0%B8%B2%E0%B8%A2?type=used&page_number=16&page_size=26","2015 Honda HR-V 1.8 (ปี 14-18) E SUV","349,000 บาท","HONDA HR-V 1.8 E ปี 2015 สภาพนางฟ้า Paddle shift/ไฟLED Auto/ปุ่มสตาร์ท/Smart Ket/แอร์Auto ...","105 - 110K กม.","กรุงเทพมหานคร","Honda HR-V","มือสอง","เกียร์อัตโนมัติ"
"1786479316-302","https://www.one2car.com/%E0%B8%A3%E0%B8%96%E0%B8%A1%E0%B8%B7%E0%B8%AD%E0%B8%AA%E0%B8%AD%E0%B8%87-%E0%B8%AA%E0%B8%B3%E0%B8%AB%E0%B8%A3%E0%B8%B1%E0%B8%9A-%E0%B8%82%E0%B8%B2%E0%B8%A2","https://www.one2car.com/%E0%B8%A3%E0%B8%96-%E0%B8%AA%E0%B8%B3%E0%B8%AB%E0%B8%A3%E0%B8%B1%E0%B8%9A-%E0%B8%82%E0%B8%B2%E0%B8%A2?type=used&page_number=16&page_size=26","2012 Mitsubishi PAJERO SPORT 2.5 (ปี 08-15) GT SUV","318,000 บาท","MITSUBISHI PAJERO SPORT 2.5 GT ขับ 2 ปี 2012 รถลำดับที่2 แท้ ...","335775 กม.","พระนครศรีอยุธยา","Mitsubishi PAJERO SPORT","มือสอง","เกียร์อัตโนมัติ"
"1786479321-303","https://www.one2car.com/%E0%B8%A3%E0%B8%96%E0%B8%A1%E0%B8%B7%E0%B8%AD%E0%B8%AA%E0%B8%AD%E0%B8%87-%E0%B8%AA%E0%B8%B3%E0%B8%AB%E0%B8%A3%E0%B8%B1%E0%B8%9A-%E0%B8%82%E0%B8%B2%E0%B8%A2","https://www.one2car.com/%E0%B8%A3%E0%B8%96-%E0%B8%AA%E0%B8%B3%E0%B8%AB%E0%B8%A3%E0%B8%B1%E0%B8%9A-%E0%B8%82%E0%B8%B2%E0%B8%A2?type=used&page_number=17&page_size=26","2022 Mercedes-Benz E300 2.0 W213 (ปี 16-23) e Avantgarde S...","1,299,000 บาท","🚘โปรโมชั่นพิเศษขับฟรี 3 เดือน 🚘ดอกเบี้ย 2.49% 🚘ราคาถูกที่สุดในเว็บ สวยเหมือนรถป้ายแดง ...","35 - 40K กม.","กรุงเทพมหานคร","Mercedes-Benz E300","มือสอง","เกียร์อัตโนมัติ"
"1786479321-304","https://www.one2car.com/%E0%B8%A3%E0%B8%96%E0%B8%A1%E0%B8%B7%E0%B8%AD%E0%B8%AA%E0%B8%AD%E0%B8%87-%E0%B8%AA%E0%B8%B3%E0%B8%AB%E0%B8%A3%E0%B8%B1%E0%B8%9A-%E0%B8%82%E0%B8%B2%E0%B8%A2","https://www.one2car.com/%E0%B8%A3%E0%B8%96-%E0%B8%AA%E0%B8%B3%E0%B8%AB%E0%B8%A3%E0%B8%B1%E0%B8%9A-%E0%B8%82%E0%B8%B2%E0%B8%A2?type=used&page_number=17&page_size=26","2024 Isuzu D-MAX 3.0 Cab-4 (ปี 19-26) Vcross M Pickup - 4W...","909,000 บาท","รถกระบะ ผ่อนเริ่ม 16,xxx-./เดือน เครดิตดีฟรีดาวน์* รับประกัน 5 ปี มีรถให้ใช้ระหว่างซ่อม ...","55 - 60K กม.","กรุงเทพมหานคร","Isuzu D-MAX","มือสอง","เกียร์อัตโนมัติ"
"1786479321-305","https://www.one2car.com/%E0%B8%A3%E0%B8%96%E0%B8%A1%E0%B8%B7%E0%B8%AD%E0%B8%AA%E0%B8%AD%E0%B8%87-%E0%B8%AA%E0%B8%B3%E0%B8%AB%E0%B8%A3%E0%B8%B1%E0%B8%9A-%E0%B8%82%E0%B8%B2%E0%B8%A2","https://www.one2car.com/%E0%B8%A3%E0%B8%96-%E0%B8%AA%E0%B8%B3%E0%B8%AB%E0%B8%A3%E0%B8%B1%E0%B8%9A-%E0%B8%82%E0%B8%B2%E0%B8%A2?type=used&page_number=17&page_size=26","2019 Honda CR-V 1.6 (ปี 17-21) DT E SUV","499,000 บาท","🚘โปรโมชั่นพิเศษขับฟรี 3 เดือน 🚘ดอกเบี้ย 2.49% 🚘ราคาถูกที่สุดในเว็บ สวยเหมือนรถป้ายแดง ...","210 - 215K กม.","กรุงเทพมหานคร","Honda CR-V","มือสอง","เกียร์อัตโนมัติ"
"1786479321-306","https://www.one2car.com/%E0%B8%A3%E0%B8%96%E0%B8%A1%E0%B8%B7%E0%B8%AD%E0%B8%AA%E0%B8%AD%E0%B8%87-%E0%B8%AA%E0%B8%B3%E0%B8%AB%E0%B8%A3%E0%B8%B1%E0%B8%9A-%E0%B8%82%E0%B8%B2%E0%B8%A2","https://www.one2car.com/%E0%B8%A3%E0%B8%96-%E0%B8%AA%E0%B8%B3%E0%B8%AB%E0%B8%A3%E0%B8%B1%E0%B8%9A-%E0%B8%82%E0%B8%B2%E0%B8%A2?type=used&page_number=17&page_size=26","2022 Honda City 1.0 (ปี 19-26) V Sedan","379,000 บาท","รถเก๋ง ผ่อนเริ่ม 6,xxx-./เดือน เครดิตดีฟรีดาวน์* รับประกัน 5 ปี มีรถให้ใช้ระหว่างซ่อม ...","70 - 75K กม.","ระยอง","Honda City","มือสอง","เกียร์อัตโนมัติ"
"1786479321-307","https://www.one2car.com/%E0%B8%A3%E0%B8%96%E0%B8%A1%E0%B8%B7%E0%B8%AD%E0%B8%AA%E0%B8%AD%E0%B8%87-%E0%B8%AA%E0%B8%B3%E0%B8%AB%E0%B8%A3%E0%B8%B1%E0%B8%9A-%E0%B8%82%E0%B8%B2%E0%B8%A2","https://www.one2car.com/%E0%B8%A3%E0%B8%96-%E0%B8%AA%E0%B8%B3%E0%B8%AB%E0%B8%A3%E0%B8%B1%E0%B8%9A-%E0%B8%82%E0%B8%B2%E0%B8%A2?type=used&page_number=17&page_size=26","2021 Toyota Corolla Cross 1.8 (ปี 20-26) Hybrid Premium SU...","659,000 บาท","รถCUV ผ่อนเริ่ม 11,xxx-./เดือน เครดิตดีฟรีดาวน์* รับประกัน 5 ปี มีรถให้ใช้ระหว่างซ่อม ...","95 - 100K กม.","กรุงเทพมหานคร","","มือสอง","เกียร์อัตโนมัติ"
"1786479321-308","https://www.one2car.com/%E0%B8%A3%E0%B8%96%E0%B8%A1%E0%B8%B7%E0%B8%AD%E0%B8%AA%E0%B8%AD%E0%B8%87-%E0%B8%AA%E0%B8%B3%E0%B8%AB%E0%B8%A3%E0%B8%B1%E0%B8%9A-%E0%B8%82%E0%B8%B2%E0%B8%A2","https://www.one2car.com/%E0%B8%A3%E0%B8%96-%E0%B8%AA%E0%B8%B3%E0%B8%AB%E0%B8%A3%E0%B8%B1%E0%B8%9A-%E0%B8%82%E0%B8%B2%E0%B8%A2?type=used&page_number=17&page_size=26","2020 Mitsubishi Xpander Cross 1.5 (ปี 20-23) Wagon","499,000 บาท","รถใหญ่ ขวัญใจสายลุย ผ่อนเริ่ม 8,xxx-./เดือน เครดิตดีฟรีดาวน์* รับประกัน 5 ปี ...","105 - 110K กม.","ชลบุรี","","มือสอง","เกียร์อัตโนมัติ"
"1786479321-309","https://www.one2car.com/%E0%B8%A3%E0%B8%96%E0%B8%A1%E0%B8%B7%E0%B8%AD%E0%B8%AA%E0%B8%AD%E0%B8%87-%E0%B8%AA%E0%B8%B3%E0%B8%AB%E0%B8%A3%E0%B8%B1%E0%B8%9A-%E0%B8%82%E0%B8%B2%E0%B8%A2","https://www.one2car.com/%E0%B8%A3%E0%B8%96-%E0%B8%AA%E0%B8%B3%E0%B8%AB%E0%B8%A3%E0%B8%B1%E0%B8%9A-%E0%B8%82%E0%B8%B2%E0%B8%A2?type=used&page_number=17&page_size=26","2021 MG ZS 1.5 (ปี 17-25) X+ SUV - X","369,000 บาท","รถเล็ก ผ่อนเริ่ม 6,xxx-./เดือน เครดิตดีฟรีดาวน์* รับประกัน 5 เดือน มีรถให้ใช้ระหว่างซ่อม ...","30 - 35K กม.","ชลบุรี","","มือสอง","เกียร์อัตโนมัติ"
"1786479321-310","https://www.one2car.com/%E0%B8%A3%E0%B8%96%E0%B8%A1%E0%B8%B7%E0%B8%AD%E0%B8%AA%E0%B8%AD%E0%B8%87-%E0%B8%AA%E0%B8%B3%E0%B8%AB%E0%B8%A3%E0%B8%B1%E0%B8%9A-%E0%B8%82%E0%B8%B2%E0%B8%A2","https://www.one2car.com/%E0%B8%A3%E0%B8%96-%E0%B8%AA%E0%B8%B3%E0%B8%AB%E0%B8%A3%E0%B8%B1%E0%B8%9A-%E0%B8%82%E0%B8%B2%E0%B8%A2?type=used&page_number=17&page_size=26","2012 Mercedes-Benz C180 1.8 W204 (ปี 08-14) AMG BlueEFFICI...","358,000 บาท","🚘✴️Mercedes-Benz C180 1.8 W204 AT 2012 ไมล์ 108,××× กม.(ไมล์แท้) - 7️⃣,××× / 72 งวด - ...","105 - 110K กม.","นนทบุรี","","มือสอง","เกียร์อัตโนมัติ"
"1786479321-311","https://www.one2car.com/%E0%B8%A3%E0%B8%96%E0%B8%A1%E0%B8%B7%E0%B8%AD%E0%B8%AA%E0%B8%AD%E0%B8%87-%E0%B8%AA%E0%B8%B3%E0%B8%AB%E0%B8%A3%E0%B8%B1%E0%B8%9A-%E0%B8%82%E0%B8%B2%E0%B8%A2","https://www.one2car.com/%E0%B8%A3%E0%B8%96-%E0%B8%AA%E0%B8%B3%E0%B8%AB%E0%B8%A3%E0%B8%B1%E0%B8%9A-%E0%B8%82%E0%B8%B2%E0%B8%A2?type=used&page_number=17&page_size=26","2018 Mitsubishi TRITON 2.5 Mega Cab (ปี 14-19) GLX Pickup ...","228,000 บาท","🚘✴️Mitsubishi Triton 2.5 Mega cab AT 2018 ไมล์ 164,××× กม. -5,000/ 84 งวด -5,××× / 72 งวด ...","160 - 165K กม.","นนทบุรี","Mitsubishi TRITON","มือสอง","เกียร์ธรรมดา"
"1786479321-312","https://www.one2car.com/%E0%B8%A3%E0%B8%96%E0%B8%A1%E0%B8%B7%E0%B8%AD%E0%B8%AA%E0%B8%AD%E0%B8%87-%E0%B8%AA%E0%B8%B3%E0%B8%AB%E0%B8%A3%E0%B8%B1%E0%B8%9A-%E0%B8%82%E0%B8%B2%E0%B8%A2","https://www.one2car.com/%E0%B8%A3%E0%B8%96-%E0%B8%AA%E0%B8%B3%E0%B8%AB%E0%B8%A3%E0%B8%B1%E0%B8%9A-%E0%B8%82%E0%B8%B2%E0%B8%A2?type=used&page_number=17&page_size=26","2021 Mitsubishi TRITON 2.5 Mega Cab (ปี 18-23) GLX Pickup ...","289,000 บาท","🚘✴️Mitsubishi Triton 2.5 Mega cab AT 2021 ไมล์ 104,××× กม. -5,×××/ 84 งวด -6,××× / 72 งวด ...","100 - 105K กม.","นนทบุรี","Mitsubishi TRITON","มือสอง","เกียร์ธรรมดา"
"1786479321-313","https://www.one2car.com/%E0%B8%A3%E0%B8%96%E0%B8%A1%E0%B8%B7%E0%B8%AD%E0%B8%AA%E0%B8%AD%E0%B8%87-%E0%B8%AA%E0%B8%B3%E0%B8%AB%E0%B8%A3%E0%B8%B1%E0%B8%9A-%E0%B8%82%E0%B8%B2%E0%B8%A2","https://www.one2car.com/%E0%B8%A3%E0%B8%96-%E0%B8%AA%E0%B8%B3%E0%B8%AB%E0%B8%A3%E0%B8%B1%E0%B8%9A-%E0%B8%82%E0%B8%B2%E0%B8%A2?type=used&page_number=17&page_size=26","2018 Ford RANGER 2.2 Double Cab (ปี 15-21) WildTrak Hi-Rid...","387,000 บาท","🚘✴️ Ford Ranger 2.2 Wildtrak double cab AT 2018 ไมล์ 128,××× กม. -7,×××/ 84 งวด -8,××× / ...","125 - 130K กม.","นนทบุรี","Ford RANGER","มือสอง","เกียร์อัตโนมัติ"
"1786479321-314","https://www.one2car.com/%E0%B8%A3%E0%B8%96%E0%B8%A1%E0%B8%B7%E0%B8%AD%E0%B8%AA%E0%B8%AD%E0%B8%87-%E0%B8%AA%E0%B8%B3%E0%B8%AB%E0%B8%A3%E0%B8%B1%E0%B8%9A-%E0%B8%82%E0%B8%B2%E0%B8%A2","https://www.one2car.com/%E0%B8%A3%E0%B8%96-%E0%B8%AA%E0%B8%B3%E0%B8%AB%E0%B8%A3%E0%B8%B1%E0%B8%9A-%E0%B8%82%E0%B8%B2%E0%B8%A2?type=used&page_number=17&page_size=26","2009 Honda ACCORD 2.4 (ปี 07-13) EL Sedan","168,000 บาท","🚘✴️Honda Accord 2.4EL AT 2009 ไมล์ 19x,××× กม. ❎ บอดี้เดิมทั้งคัน ไม่มีชนหนัก ...","190 - 195K กม.","นนทบุรี","Honda ACCORD","มือสอง","เกียร์อัตโนมัติ"
"1786479321-315","https://www.one2car.com/%E0%B8%A3%E0%B8%96%E0%B8%A1%E0%B8%B7%E0%B8%AD%E0%B8%AA%E0%B8%AD%E0%B8%87-%E0%B8%AA%E0%B8%B3%E0%B8%AB%E0%B8%A3%E0%B8%B1%E0%B8%9A-%E0%B8%82%E0%B8%B2%E0%B8%A2","https://www.one2car.com/%E0%B8%A3%E0%B8%96-%E0%B8%AA%E0%B8%B3%E0%B8%AB%E0%B8%A3%E0%B8%B1%E0%B8%9A-%E0%B8%82%E0%B8%B2%E0%B8%A2?type=used&page_number=17&page_size=26","2021 Isuzu D-MAX 1.9 Space Cab (ปี 19-26) S Pickup","338,000 บาท","🚘✴️Isuzu dmax 1.9 S Space cab AT 2021 ไมล์ 142,××× กม. -6,×××/ 84 งวด -7,××× / 72 งวด ...","140 - 145K กม.","นนทบุรี","Isuzu D-MAX","มือสอง","เกียร์อัตโนมัติ"
"1786479321-316","https://www.one2car.com/%E0%B8%A3%E0%B8%96%E0%B8%A1%E0%B8%B7%E0%B8%AD%E0%B8%AA%E0%B8%AD%E0%B8%87-%E0%B8%AA%E0%B8%B3%E0%B8%AB%E0%B8%A3%E0%B8%B1%E0%B8%9A-%E0%B8%82%E0%B8%B2%E0%B8%A2","https://www.one2car.com/%E0%B8%A3%E0%B8%96-%E0%B8%AA%E0%B8%B3%E0%B8%AB%E0%B8%A3%E0%B8%B1%E0%B8%9A-%E0%B8%82%E0%B8%B2%E0%B8%A2?type=used&page_number=17&page_size=26","2018 Honda HR-V 1.8 (ปี 14-18) EL SUV","358,000 บาท","🚘✴️ Honda HRV 1.8 EL AT ปี 2018 ไมล์ 11×,××× กม. 🔥ฟรีดาวน์🔥 - 7,××× / 84 งวด - 8,××× / 72 ...","150 - 155K กม.","นนทบุรี","Honda HR-V","มือสอง","เกียร์อัตโนมัติ"
"1786479321-317","https://www.one2car.com/%E0%B8%A3%E0%B8%96%E0%B8%A1%E0%B8%B7%E0%B8%AD%E0%B8%AA%E0%B8%AD%E0%B8%87-%E0%B8%AA%E0%B8%B3%E0%B8%AB%E0%B8%A3%E0%B8%B1%E0%B8%9A-%E0%B8%82%E0%B8%B2%E0%B8%A2","https://www.one2car.com/%E0%B8%A3%E0%B8%96-%E0%B8%AA%E0%B8%B3%E0%B8%AB%E0%B8%A3%E0%B8%B1%E0%B8%9A-%E0%B8%82%E0%B8%B2%E0%B8%A2?type=used&page_number=17&page_size=26","2014 Isuzu MU-X 3.0 (ปี 13-19) DVD SUV","428,000 บาท","🚘✴️ Isuzu MU X 3.0 DVD AT ปี 2014 ไมล์ 16×,××× กม. 🔥ฟรีดาวน์🔥 - 8,××× / 84 งวด - 9,××× / ...","165 - 170K กม.","นนทบุรี","Isuzu MU-X","มือสอง","เกียร์อัตโนมัติ"
"1786479321-318","https://www.one2car.com/%E0%B8%A3%E0%B8%96%E0%B8%A1%E0%B8%B7%E0%B8%AD%E0%B8%AA%E0%B8%AD%E0%B8%87-%E0%B8%AA%E0%B8%B3%E0%B8%AB%E0%B8%A3%E0%B8%B1%E0%B8%9A-%E0%B8%82%E0%B8%B2%E0%B8%A2","https://www.one2car.com/%E0%B8%A3%E0%B8%96-%E0%B8%AA%E0%B8%B3%E0%B8%AB%E0%B8%A3%E0%B8%B1%E0%B8%9A-%E0%B8%82%E0%B8%B2%E0%B8%A2?type=used&page_number=17&page_size=26","2008 Honda CR-V 2.0 (ปี 06-12) E SUV - AWD","158,000 บาท","🚘✴️Honda CRV 2 0E AT 2008 🔥 1️⃣5️⃣8️⃣0️⃣0️⃣0️⃣ 🔥 ไมล์ 19x,××× กม. ❎ บอดี้เดิมทั้งคัน ...","195 - 200K กม.","นนทบุรี","Honda CR-V","มือสอง","เกียร์อัตโนมัติ"
"1786479321-319","https://www.one2car.com/%E0%B8%A3%E0%B8%96%E0%B8%A1%E0%B8%B7%E0%B8%AD%E0%B8%AA%E0%B8%AD%E0%B8%87-%E0%B8%AA%E0%B8%B3%E0%B8%AB%E0%B8%A3%E0%B8%B1%E0%B8%9A-%E0%B8%82%E0%B8%B2%E0%B8%A2","https://www.one2car.com/%E0%B8%A3%E0%B8%96-%E0%B8%AA%E0%B8%B3%E0%B8%AB%E0%B8%A3%E0%B8%B1%E0%B8%9A-%E0%B8%82%E0%B8%B2%E0%B8%A2?type=used&page_number=17&page_size=26","2013 Toyota FORTUNER 2.7 (ปี 12-15) V SUV","298,000 บาท","🚘✴️ Toyota Fortuner 2.7 V SUV AT 2013 ไมล์ 18×,××× กม. -6,×××/ 84 งวด -7,××× / 72 งวด - ...","180 - 185K กม.","นนทบุรี","Toyota FORTUNER","มือสอง","เกียร์อัตโนมัติ"
"1786479321-320","https://www.one2car.com/%E0%B8%A3%E0%B8%96%E0%B8%A1%E0%B8%B7%E0%B8%AD%E0%B8%AA%E0%B8%AD%E0%B8%87-%E0%B8%AA%E0%B8%B3%E0%B8%AB%E0%B8%A3%E0%B8%B1%E0%B8%9A-%E0%B8%82%E0%B8%B2%E0%B8%A2","https://www.one2car.com/%E0%B8%A3%E0%B8%96-%E0%B8%AA%E0%B8%B3%E0%B8%AB%E0%B8%A3%E0%B8%B1%E0%B8%9A-%E0%B8%82%E0%B8%B2%E0%B8%A2?type=used&page_number=17&page_size=26","2017 Ford EVEREST 3.2 (ปี 15-22) Titanium SUV - 4WD","468,000 บาท","🚘✴️ Ford Everest 3.2 Titanium 4WD AT 2017 ไมล์ 159,××× กม. -9,×××/ 84 งวด 10,××× / 72 งวด ...","155 - 160K กม.","นนทบุรี","Ford EVEREST","มือสอง","เกียร์อัตโนมัติ"
"1786479321-321","https://www.one2car.com/%E0%B8%A3%E0%B8%96%E0%B8%A1%E0%B8%B7%E0%B8%AD%E0%B8%AA%E0%B8%AD%E0%B8%87-%E0%B8%AA%E0%B8%B3%E0%B8%AB%E0%B8%A3%E0%B8%B1%E0%B8%9A-%E0%B8%82%E0%B8%B2%E0%B8%A2","https://www.one2car.com/%E0%B8%A3%E0%B8%96-%E0%B8%AA%E0%B8%B3%E0%B8%AB%E0%B8%A3%E0%B8%B1%E0%B8%9A-%E0%B8%82%E0%B8%B2%E0%B8%A2?type=used&page_number=17&page_size=26","2014 Toyota CAMRY 2.0 (ปี 12-18) G Extremo Sedan","289,000 บาท","🚘✴️ Toyota Camry 2.0G Extremo AT 2014 ไมล์ 170,××× กม. -6,×××/ 84 งวด -7,××× / 72 งวด - ...","170 - 175K กม.","นนทบุรี","Toyota CAMRY","มือสอง","เกียร์อัตโนมัติ"
"1786479321-322","https://www.one2car.com/%E0%B8%A3%E0%B8%96%E0%B8%A1%E0%B8%B7%E0%B8%AD%E0%B8%AA%E0%B8%AD%E0%B8%87-%E0%B8%AA%E0%B8%B3%E0%B8%AB%E0%B8%A3%E0%B8%B1%E0%B8%9A-%E0%B8%82%E0%B8%B2%E0%B8%A2","https://www.one2car.com/%E0%B8%A3%E0%B8%96-%E0%B8%AA%E0%B8%B3%E0%B8%AB%E0%B8%A3%E0%B8%B1%E0%B8%9A-%E0%B8%82%E0%B8%B2%E0%B8%A2?type=used&page_number=17&page_size=26","2017 Mercedes-Benz E220 2.0 W213 (ปี 16-23) d Avantgarde S...","959,000 บาท","Benz E220d Avantgarde ปี2017 สีเทา - รถมือแรกออกห้าง วิ่ง 127,xxx km. - รุ่น Avantgarde ...","125 - 130K กม.","กรุงเทพมหานคร","Mercedes-Benz E220","มือสอง","เกียร์อัตโนมัติ"
"1786479321-323","https://www.one2car.com/%E0%B8%A3%E0%B8%96%E0%B8%A1%E0%B8%B7%E0%B8%AD%E0%B8%AA%E0%B8%AD%E0%B8%87-%E0%B8%AA%E0%B8%B3%E0%B8%AB%E0%B8%A3%E0%B8%B1%E0%B8%9A-%E0%B8%82%E0%B8%B2%E0%B8%A2","https://www.one2car.com/%E0%B8%A3%E0%B8%96-%E0%B8%AA%E0%B8%B3%E0%B8%AB%E0%B8%A3%E0%B8%B1%E0%B8%9A-%E0%B8%82%E0%B8%B2%E0%B8%A2?type=used&page_number=17&page_size=26","2024 BMW 220i 2.0 F44 (ปี 20-27) Gran M Sport Coupe","1,180,000 บาท","Bmw 220i Gran Coupe' M Sport ปี23จด24 สีเทา - รถมือแรกออกห้าง วิ่งเพียง 24,xxx km.แท้ - ...","20 - 25K กม.","กรุงเทพมหานคร","","มือสอง","เกียร์อัตโนมัติ"
"1786479328-324","https://www.one2car.com/%E0%B8%A3%E0%B8%96%E0%B8%A1%E0%B8%B7%E0%B8%AD%E0%B8%AA%E0%B8%AD%E0%B8%87-%E0%B8%AA%E0%B8%B3%E0%B8%AB%E0%B8%A3%E0%B8%B1%E0%B8%9A-%E0%B8%82%E0%B8%B2%E0%B8%A2","https://www.one2car.com/%E0%B8%A3%E0%B8%96-%E0%B8%AA%E0%B8%B3%E0%B8%AB%E0%B8%A3%E0%B8%B1%E0%B8%9A-%E0%B8%82%E0%B8%B2%E0%B8%A2?type=used&page_number=19&page_size=26","2020 Mercedes-Benz C300 2.0 W205 (ปี 14-22) e Avantgarde S...","690,000 บาท","🚘 ผ่อน 12,XXX.- | ราคา 690,000.- BENZ C300e 2.0 AVANTGARDE W205 2020 ✨ เครื่องยนต์ 2.0 ...","120 - 125K กม.","กรุงเทพมหานคร","Mercedes-Benz C300","มือสอง","เกียร์อัตโนมัติ"
"1786479328-325","https://www.one2car.com/%E0%B8%A3%E0%B8%96%E0%B8%A1%E0%B8%B7%E0%B8%AD%E0%B8%AA%E0%B8%AD%E0%B8%87-%E0%B8%AA%E0%B8%B3%E0%B8%AB%E0%B8%A3%E0%B8%B1%E0%B8%9A-%E0%B8%82%E0%B8%B2%E0%B8%A2","https://www.one2car.com/%E0%B8%A3%E0%B8%96-%E0%B8%AA%E0%B8%B3%E0%B8%AB%E0%B8%A3%E0%B8%B1%E0%B8%9A-%E0%B8%82%E0%B8%B2%E0%B8%A2?type=used&page_number=19&page_size=26","2020 Mercedes-Benz C300 2.0 W205 (ปี 14-22) e AMG Dynamic ...","990,000 บาท","ผ่อน 16,XXX.- I ราคา 990,000.- BENZ C300e 2.0 AMG DYNAMIC 2020 ⛽ เครื่องยนต์เบนซิน 2.0 ...","100 - 105K กม.","กรุงเทพมหานคร","Mercedes-Benz C300","มือสอง","เกียร์อัตโนมัติ"
"1786479328-326","https://www.one2car.com/%E0%B8%A3%E0%B8%96%E0%B8%A1%E0%B8%B7%E0%B8%AD%E0%B8%AA%E0%B8%AD%E0%B8%87-%E0%B8%AA%E0%B8%B3%E0%B8%AB%E0%B8%A3%E0%B8%B1%E0%B8%9A-%E0%B8%82%E0%B8%B2%E0%B8%A2","https://www.one2car.com/%E0%B8%A3%E0%B8%96-%E0%B8%AA%E0%B8%B3%E0%B8%AB%E0%B8%A3%E0%B8%B1%E0%B8%9A-%E0%B8%82%E0%B8%B2%E0%B8%A2?type=used&page_number=19&page_size=26","2019 BMW 320d 2.0 G20 (ปี 19-26) Sport Sedan","970,000 บาท","ผ่อน 16,XXX.- I ราคา 970,000.- BMW 320d 2.0 G20 Limousine RHD เครื่องยนต์ดีเซล BMW ...","70 - 75K กม.","กรุงเทพมหานคร","BMW 320d","มือสอง","เกียร์อัตโนมัติ"
"1786479328-327","https://www.one2car.com/%E0%B8%A3%E0%B8%96%E0%B8%A1%E0%B8%B7%E0%B8%AD%E0%B8%AA%E0%B8%AD%E0%B8%87-%E0%B8%AA%E0%B8%B3%E0%B8%AB%E0%B8%A3%E0%B8%B1%E0%B8%9A-%E0%B8%82%E0%B8%B2%E0%B8%A2","https://www.one2car.com/%E0%B8%A3%E0%B8%96-%E0%B8%AA%E0%B8%B3%E0%B8%AB%E0%B8%A3%E0%B8%B1%E0%B8%9A-%E0%B8%82%E0%B8%B2%E0%B8%A2?type=used&page_number=19&page_size=26","2017 Mercedes-Benz E350 2.0 W213 (ปี 16-23) e AMG Dynamic ...","850,000 บาท","ผ่อน 14,XXX บาท I ราคา 850,000 บาท BENZ E350e 2.0 AMG DYNAMIC 2017 🔧 เครื่องยนต์ ⛽ ...","105 - 110K กม.","กรุงเทพมหานคร","Mercedes-Benz E350","มือสอง","เกียร์อัตโนมัติ"
"1786479328-328","https://www.one2car.com/%E0%B8%A3%E0%B8%96%E0%B8%A1%E0%B8%B7%E0%B8%AD%E0%B8%AA%E0%B8%AD%E0%B8%87-%E0%B8%AA%E0%B8%B3%E0%B8%AB%E0%B8%A3%E0%B8%B1%E0%B8%9A-%E0%B8%82%E0%B8%B2%E0%B8%A2","https://www.one2car.com/%E0%B8%A3%E0%B8%96-%E0%B8%AA%E0%B8%B3%E0%B8%AB%E0%B8%A3%E0%B8%B1%E0%B8%9A-%E0%B8%82%E0%B8%B2%E0%B8%A2?type=used&page_number=19&page_size=26","2023 BMW X1 2.0 F48 (ปี 16-20) sDrive20d M Sport SUV","1,050,000 บาท","ผ่อน 17,XXX.- I ราคา 1,050,000.- BMW X1 2.0 sDrive20d M Sport (F48) 2021 🚗 ...","80 - 85K กม.","กรุงเทพมหานคร","BMW X1","มือสอง","เกียร์อัตโนมัติ"
"1786479328-329","https://www.one2car.com/%E0%B8%A3%E0%B8%96%E0%B8%A1%E0%B8%B7%E0%B8%AD%E0%B8%AA%E0%B8%AD%E0%B8%87-%E0%B8%AA%E0%B8%B3%E0%B8%AB%E0%B8%A3%E0%B8%B1%E0%B8%9A-%E0%B8%82%E0%B8%B2%E0%B8%A2","https://www.one2car.com/%E0%B8%A3%E0%B8%96-%E0%B8%AA%E0%B8%B3%E0%B8%AB%E0%B8%A3%E0%B8%B1%E0%B8%9A-%E0%B8%82%E0%B8%B2%E0%B8%A2?type=used&page_number=19&page_size=26","2021 Hyundai H-1 2.5 (ปี 18-24) Elite Van","850,000 บาท","ผ่อน 14,230.- I ราคา 850,000.- HYUNDAI H-1 2.5 ELITE 2021 รถมือเดียว เครื่องดีเซล ...","120 - 125K กม.","กรุงเทพมหานคร","Hyundai H-1","มือสอง","เกียร์อัตโนมัติ"
"1786479328-330","https://www.one2car.com/%E0%B8%A3%E0%B8%96%E0%B8%A1%E0%B8%B7%E0%B8%AD%E0%B8%AA%E0%B8%AD%E0%B8%87-%E0%B8%AA%E0%B8%B3%E0%B8%AB%E0%B8%A3%E0%B8%B1%E0%B8%9A-%E0%B8%82%E0%B8%B2%E0%B8%A2","https://www.one2car.com/%E0%B8%A3%E0%B8%96-%E0%B8%AA%E0%B8%B3%E0%B8%AB%E0%B8%A3%E0%B8%B1%E0%B8%9A-%E0%B8%82%E0%B8%B2%E0%B8%A2?type=used&page_number=19&page_size=26","2022 Mercedes-Benz C300 2.0 W205 (ปี 14-22) e AMG Sport Se...","890,000 บาท","ผ่อน 14,900.- I ราคา 890,000 บาท BENZ C300e 2.0 AMG Sport W205 2022 ชุดแต่ง AMG ไฟหน้า ...","130 - 135K กม.","กรุงเทพมหานคร","Mercedes-Benz C300","มือสอง","เกียร์อัตโนมัติ"
"1786479328-331","https://www.one2car.com/%E0%B8%A3%E0%B8%96%E0%B8%A1%E0%B8%B7%E0%B8%AD%E0%B8%AA%E0%B8%AD%E0%B8%87-%E0%B8%AA%E0%B8%B3%E0%B8%AB%E0%B8%A3%E0%B8%B1%E0%B8%9A-%E0%B8%82%E0%B8%B2%E0%B8%A2","https://www.one2car.com/%E0%B8%A3%E0%B8%96-%E0%B8%AA%E0%B8%B3%E0%B8%AB%E0%B8%A3%E0%B8%B1%E0%B8%9A-%E0%B8%82%E0%B8%B2%E0%B8%A2?type=used&page_number=19&page_size=26","2019 BMW 520d 2.0 G30 (ปี 17-22) M Sport Sedan","1,050,000 บาท","ผ่อน 17,XXX.- | 1,050,000.- BMW 520d 2.0 G30 M Sport Sedan 2018 จด 2019 ดีเซล 2.0 ...","105 - 110K กม.","กรุงเทพมหานคร","BMW 520d","มือสอง","เกียร์อัตโนมัติ"
"1786479328-332","https://www.one2car.com/%E0%B8%A3%E0%B8%96%E0%B8%A1%E0%B8%B7%E0%B8%AD%E0%B8%AA%E0%B8%AD%E0%B8%87-%E0%B8%AA%E0%B8%B3%E0%B8%AB%E0%B8%A3%E0%B8%B1%E0%B8%9A-%E0%B8%82%E0%B8%B2%E0%B8%A2","https://www.one2car.com/%E0%B8%A3%E0%B8%96-%E0%B8%AA%E0%B8%B3%E0%B8%AB%E0%B8%A3%E0%B8%B1%E0%B8%9A-%E0%B8%82%E0%B8%B2%E0%B8%A2?type=used&page_number=19&page_size=26","2023 Mercedes-Benz C43 3.0 W205 (ปี 14-22) AMG 4MATIC Coup...","1,990,000 บาท","ราคา 1,990,000.- I ผ่อน 33,XXX.- BENZ C43 AMG 4MATIC Coupé ⛽ เครื่องยนต์เบนซิน 3.0 ลิตร ...","30 - 35K กม.","กรุงเทพมหานคร","","มือสอง","เกียร์อัตโนมัติ"
"1786479328-333","https://www.one2car.com/%E0%B8%A3%E0%B8%96%E0%B8%A1%E0%B8%B7%E0%B8%AD%E0%B8%AA%E0%B8%AD%E0%B8%87-%E0%B8%AA%E0%B8%B3%E0%B8%AB%E0%B8%A3%E0%B8%B1%E0%B8%9A-%E0%B8%82%E0%B8%B2%E0%B8%A2","https://www.one2car.com/%E0%B8%A3%E0%B8%96-%E0%B8%AA%E0%B8%B3%E0%B8%AB%E0%B8%A3%E0%B8%B1%E0%B8%9A-%E0%B8%82%E0%B8%B2%E0%B8%A2?type=used&page_number=19&page_size=26","2023 Mercedes-Benz CLS220 2.0 W257 (ปี 18-24) d AMG Premiu...","2,090,000 บาท","✨ ผ่อน 34,XXX.- | ราคา 2,090,000.- 🚘 BENZ CLS 220d 2.0 AMG Premium (Facelift) W257 ⚙️ ...","110 - 115K กม.","กรุงเทพมหานคร","","มือสอง","เกียร์อัตโนมัติ"
"1786479328-334","https://www.one2car.com/%E0%B8%A3%E0%B8%96%E0%B8%A1%E0%B8%B7%E0%B8%AD%E0%B8%AA%E0%B8%AD%E0%B8%87-%E0%B8%AA%E0%B8%B3%E0%B8%AB%E0%B8%A3%E0%B8%B1%E0%B8%9A-%E0%B8%82%E0%B8%B2%E0%B8%A2","https://www.one2car.com/%E0%B8%A3%E0%B8%96-%E0%B8%AA%E0%B8%B3%E0%B8%AB%E0%B8%A3%E0%B8%B1%E0%B8%9A-%E0%B8%82%E0%B8%B2%E0%B8%A2?type=used&page_number=19&page_size=26","2024 Toyota HILUX REVO 2.4 Smart Cab Z Edition Entry Picku...","469,000 บาท","ยี่ห้อ : TOYOTA รุ่น : HILUX REVO รุ่นย่อย : 2.4 SMARTCAB ENTRY Z-EDITION ปี : 2024 สี : ...","20 - 25K กม.","กรุงเทพมหานคร","Toyota HILUX REVO","มือสอง","เกียร์อัตโนมัติ"
"1786479328-335","https://www.one2car.com/%E0%B8%A3%E0%B8%96%E0%B8%A1%E0%B8%B7%E0%B8%AD%E0%B8%AA%E0%B8%AD%E0%B8%87-%E0%B8%AA%E0%B8%B3%E0%B8%AB%E0%B8%A3%E0%B8%B1%E0%B8%9A-%E0%B8%82%E0%B8%B2%E0%B8%A2","https://www.one2car.com/%E0%B8%A3%E0%B8%96-%E0%B8%AA%E0%B8%B3%E0%B8%AB%E0%B8%A3%E0%B8%B1%E0%B8%9A-%E0%B8%82%E0%B8%B2%E0%B8%A2?type=used&page_number=19&page_size=26","2023 Isuzu D-MAX 1.9 Space Cab (ปี 19-26) S DA Pickup","439,000 บาท","ยี่ห้อ : ISUZU รุ่น : ALL NEW D-MAX SPACECAB รุ่นย่อย : 1.9 Ddi S (DA) ปี : 2023 สี : ...","45 - 50K กม.","กรุงเทพมหานคร","Isuzu D-MAX","มือสอง","เกียร์อัตโนมัติ"
"1786479328-336","https://www.one2car.com/%E0%B8%A3%E0%B8%96%E0%B8%A1%E0%B8%B7%E0%B8%AD%E0%B8%AA%E0%B8%AD%E0%B8%87-%E0%B8%AA%E0%B8%B3%E0%B8%AB%E0%B8%A3%E0%B8%B1%E0%B8%9A-%E0%B8%82%E0%B8%B2%E0%B8%A2","https://www.one2car.com/%E0%B8%A3%E0%B8%96-%E0%B8%AA%E0%B8%B3%E0%B8%AB%E0%B8%A3%E0%B8%B1%E0%B8%9A-%E0%B8%82%E0%B8%B2%E0%B8%A2?type=used&page_number=19&page_size=26","2017 Toyota VIOS 1.5 (ปี 13-17) J Sedan","234,000 บาท","ยี่ห้อ : TOYOTA รุ่น : ALL NEW VIOS รุ่นย่อย : 1.5 J ปี : 2017 สี : บรอนซ์เงิน เกียร์ : ...","95 - 100K กม.","กรุงเทพมหานคร","Toyota VIOS","มือสอง","เกียร์อัตโนมัติ"
"1786479328-337","https://www.one2car.com/%E0%B8%A3%E0%B8%96%E0%B8%A1%E0%B8%B7%E0%B8%AD%E0%B8%AA%E0%B8%AD%E0%B8%87-%E0%B8%AA%E0%B8%B3%E0%B8%AB%E0%B8%A3%E0%B8%B1%E0%B8%9A-%E0%B8%82%E0%B8%B2%E0%B8%A2","https://www.one2car.com/%E0%B8%A3%E0%B8%96-%E0%B8%AA%E0%B8%B3%E0%B8%AB%E0%B8%A3%E0%B8%B1%E0%B8%9A-%E0%B8%82%E0%B8%B2%E0%B8%A2?type=used&page_number=19&page_size=26","2020 Mazda 2 1.3 (ปี 15-25) High Connect Sedan","289,000 บาท","ยี่ห้อ : MAZDA รุ่น : 2 [4Dr.] Skyactiv รุ่นย่อย : 1.3 HIGH CONNECT ปี : 2020 สี : แดง ...","55 - 60K กม.","กรุงเทพมหานคร","Mazda 2","มือสอง","เกียร์อัตโนมัติ"
"1786479328-338","https://www.one2car.com/%E0%B8%A3%E0%B8%96%E0%B8%A1%E0%B8%B7%E0%B8%AD%E0%B8%AA%E0%B8%AD%E0%B8%87-%E0%B8%AA%E0%B8%B3%E0%B8%AB%E0%B8%A3%E0%B8%B1%E0%B8%9A-%E0%B8%82%E0%B8%B2%E0%B8%A2","https://www.one2car.com/%E0%B8%A3%E0%B8%96-%E0%B8%AA%E0%B8%B3%E0%B8%AB%E0%B8%A3%E0%B8%B1%E0%B8%9A-%E0%B8%82%E0%B8%B2%E0%B8%A2?type=used&page_number=19&page_size=26","2024 Honda HR-V 1.5 (ปี 22-28) e:HEV E SUV - e HEV E","678,000 บาท","ยี่ห้อ : HONDA รุ่น : ALL NEW HR-V รุ่นย่อย : 1.5 e:HEV E ปี : 2024 สี : ขาวมุก (Platinum ...","33714 กม.","กรุงเทพมหานคร","Honda HR-V","มือสอง","เกียร์อัตโนมัติ"
"1786479328-339","https://www.one2car.com/%E0%B8%A3%E0%B8%96%E0%B8%A1%E0%B8%B7%E0%B8%AD%E0%B8%AA%E0%B8%AD%E0%B8%87-%E0%B8%AA%E0%B8%B3%E0%B8%AB%E0%B8%A3%E0%B8%B1%E0%B8%9A-%E0%B8%82%E0%B8%B2%E0%B8%A2","https://www.one2car.com/%E0%B8%A3%E0%B8%96-%E0%B8%AA%E0%B8%B3%E0%B8%AB%E0%B8%A3%E0%B8%B1%E0%B8%9A-%E0%B8%82%E0%B8%B2%E0%B8%A2?type=used&page_number=19&page_size=26","2019 Toyota YARIS 1.2 (ปี 17-25) J Eco Hatchback","269,000 บาท","รุ่นรถ : TOYOTA YARIS 1.2 J ECO AT 2019 ปีรถ : Model 2019 จดทะเบียน 2019 ไมล์ : 38,282 ...","30000 กม.","กรุงเทพมหานคร","Toyota YARIS","มือสอง","เกียร์อัตโนมัติ"
"1786479328-340","https://www.one2car.com/%E0%B8%A3%E0%B8%96%E0%B8%A1%E0%B8%B7%E0%B8%AD%E0%B8%AA%E0%B8%AD%E0%B8%87-%E0%B8%AA%E0%B8%B3%E0%B8%AB%E0%B8%A3%E0%B8%B1%E0%B8%9A-%E0%B8%82%E0%B8%B2%E0%B8%A2","https://www.one2car.com/%E0%B8%A3%E0%B8%96-%E0%B8%AA%E0%B8%B3%E0%B8%AB%E0%B8%A3%E0%B8%B1%E0%B8%9A-%E0%B8%82%E0%B8%B2%E0%B8%A2?type=used&page_number=19&page_size=26","2022 BMW 520d 2.0 G30 (ปี 17-22) M Sport Sedan","1,690,000 บาท","รุ่นรถ : BMW 520d M SPORT LCI ปีรถ : 2022 เลขไมล์ : 69,6xx กิโล ทะเบียน : 3ขพ16 ...","69600 กม.","กรุงเทพมหานคร","BMW 520d","มือสอง","เกียร์อัตโนมัติ"
"1786479332-341","https://www.one2car.com/%E0%B8%A3%E0%B8%96%E0%B8%A1%E0%B8%B7%E0%B8%AD%E0%B8%AA%E0%B8%AD%E0%B8%87-%E0%B8%AA%E0%B8%B3%E0%B8%AB%E0%B8%A3%E0%B8%B1%E0%B8%9A-%E0%B8%82%E0%B8%B2%E0%B8%A2","https://www.one2car.com/%E0%B8%A3%E0%B8%96-%E0%B8%AA%E0%B8%B3%E0%B8%AB%E0%B8%A3%E0%B8%B1%E0%B8%9A-%E0%B8%82%E0%B8%B2%E0%B8%A2?type=used&page_number=20&page_size=26","2012 Honda JAZZ 1.5 (ปี 08-14) SV Hatchback","249,000 บาท","รุ่นรถ : HONDA JAZZ 1.5 SV AUTO ปีรถ : 2012 ไมล์ : 247,829 กม. (ไมล์แท้พร้อมประวัติศูนย์) ...","240000 กม.","กรุงเทพมหานคร","Honda JAZZ","มือสอง","เกียร์อัตโนมัติ"
"1786479332-342","https://www.one2car.com/%E0%B8%A3%E0%B8%96%E0%B8%A1%E0%B8%B7%E0%B8%AD%E0%B8%AA%E0%B8%AD%E0%B8%87-%E0%B8%AA%E0%B8%B3%E0%B8%AB%E0%B8%A3%E0%B8%B1%E0%B8%9A-%E0%B8%82%E0%B8%B2%E0%B8%A2","https://www.one2car.com/%E0%B8%A3%E0%B8%96-%E0%B8%AA%E0%B8%B3%E0%B8%AB%E0%B8%A3%E0%B8%B1%E0%B8%9A-%E0%B8%82%E0%B8%B2%E0%B8%A2?type=used&page_number=20&page_size=26","2026 Porsche CAYENNE 3.0 (ปี 18-25) S E-Hybrid Coupe - AWD...","6,290,000 บาท","Cayenne S E-Hybrid Coupé (MY T) Body Color : Dolomite Silver Metallic Interior : Black ...","5 - 10K กม.","ชลบุรี","Porsche CAYENNE","มือสอง","เกียร์อัตโนมัติ"
"1786479332-343","https://www.one2car.com/%E0%B8%A3%E0%B8%96%E0%B8%A1%E0%B8%B7%E0%B8%AD%E0%B8%AA%E0%B8%AD%E0%B8%87-%E0%B8%AA%E0%B8%B3%E0%B8%AB%E0%B8%A3%E0%B8%B1%E0%B8%9A-%E0%B8%82%E0%B8%B2%E0%B8%A2","https://www.one2car.com/%E0%B8%A3%E0%B8%96-%E0%B8%AA%E0%B8%B3%E0%B8%AB%E0%B8%A3%E0%B8%B1%E0%B8%9A-%E0%B8%82%E0%B8%B2%E0%B8%A2?type=used&page_number=20&page_size=26","2020 Honda HR-V 1.8 (ปี 14-18) EL SUV","499,000 บาท","รุ่นรถ : HONDA HR-V 1.8EL ปีรถ : 2020 เลขไมล์ : 62,2xx กิโล ทะเบียน : 4ขค1786 กทม. ...","62200 กม.","กรุงเทพมหานคร","Honda HR-V","มือสอง","เกียร์อัตโนมัติ"
"1786479336-344","https://www.one2car.com/%E0%B8%A3%E0%B8%96%E0%B8%A1%E0%B8%B7%E0%B8%AD%E0%B8%AA%E0%B8%AD%E0%B8%87-%E0%B8%AA%E0%B8%B3%E0%B8%AB%E0%B8%A3%E0%B8%B1%E0%B8%9A-%E0%B8%82%E0%B8%B2%E0%B8%A2","https://www.one2car.com/%E0%B8%A3%E0%B8%96-%E0%B8%AA%E0%B8%B3%E0%B8%AB%E0%B8%A3%E0%B8%B1%E0%B8%9A-%E0%B8%82%E0%B8%B2%E0%B8%A2?type=used&page_number=21&page_size=26","2025 Porsche MACAN (ปี 24-30) Electric SUV - 0.0","5,090,000 บาท","2025 Porsche MACAN Electric RWD SUV","1500 กม.","ชลบุรี","Porsche MACAN","มือสอง","เกียร์อัตโนมัติ"
"1786479336-345","https://www.one2car.com/%E0%B8%A3%E0%B8%96%E0%B8%A1%E0%B8%B7%E0%B8%AD%E0%B8%AA%E0%B8%AD%E0%B8%87-%E0%B8%AA%E0%B8%B3%E0%B8%AB%E0%B8%A3%E0%B8%B1%E0%B8%9A-%E0%B8%82%E0%B8%B2%E0%B8%A2","https://www.one2car.com/%E0%B8%A3%E0%B8%96-%E0%B8%AA%E0%B8%B3%E0%B8%AB%E0%B8%A3%E0%B8%B1%E0%B8%9A-%E0%B8%82%E0%B8%B2%E0%B8%A2?type=used&page_number=21&page_size=26","2022 Isuzu MU-X 1.9 (ปี 20-26) Active SUV","719,000 บาท","ดีเซล 1900cc ออโต้ ล้อแม็ก AIRBAG 2 ใบ เบาะหนัง เบรคABS กระจกข้างปรับไฟฟ้า หน้าจอ android ...","100 - 105K กม.","กรุงเทพมหานคร","Isuzu MU-X","มือสอง","เกียร์อัตโนมัติ"
"1786479336-346","https://www.one2car.com/%E0%B8%A3%E0%B8%96%E0%B8%A1%E0%B8%B7%E0%B8%AD%E0%B8%AA%E0%B8%AD%E0%B8%87-%E0%B8%AA%E0%B8%B3%E0%B8%AB%E0%B8%A3%E0%B8%B1%E0%B8%9A-%E0%B8%82%E0%B8%B2%E0%B8%A2","https://www.one2car.com/%E0%B8%A3%E0%B8%96-%E0%B8%AA%E0%B8%B3%E0%B8%AB%E0%B8%A3%E0%B8%B1%E0%B8%9A-%E0%B8%82%E0%B8%B2%E0%B8%A2?type=used&page_number=21&page_size=26","2021 Isuzu MU-X 3.0 (ปี 20-26) Elegant SUV","799,000 บาท","ดีเซล 3000cc ออโต้ ล้อแม็ก AIRBAG 6 ใบ เบาะปรับไฟฟ้า 1 ตัว พวงมาลัย MULTI CRUISECONTROL ...","80 - 85K กม.","กรุงเทพมหานคร","Isuzu MU-X","มือสอง","เกียร์อัตโนมัติ"
"1786479336-347","https://www.one2car.com/%E0%B8%A3%E0%B8%96%E0%B8%A1%E0%B8%B7%E0%B8%AD%E0%B8%AA%E0%B8%AD%E0%B8%87-%E0%B8%AA%E0%B8%B3%E0%B8%AB%E0%B8%A3%E0%B8%B1%E0%B8%9A-%E0%B8%82%E0%B8%B2%E0%B8%A2","https://www.one2car.com/%E0%B8%A3%E0%B8%96-%E0%B8%AA%E0%B8%B3%E0%B8%AB%E0%B8%A3%E0%B8%B1%E0%B8%9A-%E0%B8%82%E0%B8%B2%E0%B8%A2?type=used&page_number=21&page_size=26","2020 Toyota FORTUNER 2.8 (ปี 15-25) Legender SUV","1,039,000 บาท","ดีเซล 2800cc ออโต้ ขับเคลื่อน 2 ล้อ หลังคาดำ ล้อแม็ก AIRBAG 8ใบ เบาะหนังแท้ เบรคABS ...","40 - 45K กม.","กรุงเทพมหานคร","Toyota FORTUNER","มือสอง","เกียร์อัตโนมัติ"
"1786479336-348","https://www.one2car.com/%E0%B8%A3%E0%B8%96%E0%B8%A1%E0%B8%B7%E0%B8%AD%E0%B8%AA%E0%B8%AD%E0%B8%87-%E0%B8%AA%E0%B8%B3%E0%B8%AB%E0%B8%A3%E0%B8%B1%E0%B8%9A-%E0%B8%82%E0%B8%B2%E0%B8%A2","https://www.one2car.com/%E0%B8%A3%E0%B8%96-%E0%B8%AA%E0%B8%B3%E0%B8%AB%E0%B8%A3%E0%B8%B1%E0%B8%9A-%E0%B8%82%E0%B8%B2%E0%B8%A2?type=used&page_number=21&page_size=26","2020 Hyundai H-1 2.5 (ปี 18-24) Deluxe Van","819,000 บาท","ดีเซล 2500cc ออโต้ ล้อแม็ก AIRBAG 2 ใบ พวงมาลัย MULTI CRUISECONTROL เบาะหนังแท้ เบรคABS ...","110 - 115K กม.","กรุงเทพมหานคร","Hyundai H-1","มือสอง","เกียร์อัตโนมัติ"
"1786479336-349","https://www.one2car.com/%E0%B8%A3%E0%B8%96%E0%B8%A1%E0%B8%B7%E0%B8%AD%E0%B8%AA%E0%B8%AD%E0%B8%87-%E0%B8%AA%E0%B8%B3%E0%B8%AB%E0%B8%A3%E0%B8%B1%E0%B8%9A-%E0%B8%82%E0%B8%B2%E0%B8%A2","https://www.one2car.com/%E0%B8%A3%E0%B8%96-%E0%B8%AA%E0%B8%B3%E0%B8%AB%E0%B8%A3%E0%B8%B1%E0%B8%9A-%E0%B8%82%E0%B8%B2%E0%B8%A2?type=used&page_number=21&page_size=26","2022 Toyota Corolla Cross 1.8 (ปี 20-26) Hybrid Premium Sa...","719,000 บาท","เบนซิน+ไฮบริด 1800cc ออโต้ ล้อแม็ก AIRBAG 7 ใบ เบาะปรับไฟฟ้า 1 ตัว SUNROOF พวงมาลัย MULTI ...","60 - 65K กม.","กรุงเทพมหานคร","","มือสอง","เกียร์อัตโนมัติ"
"1786479336-350","https://www.one2car.com/%E0%B8%A3%E0%B8%96%E0%B8%A1%E0%B8%B7%E0%B8%AD%E0%B8%AA%E0%B8%AD%E0%B8%87-%E0%B8%AA%E0%B8%B3%E0%B8%AB%E0%B8%A3%E0%B8%B1%E0%B8%9A-%E0%B8%82%E0%B8%B2%E0%B8%A2","https://www.one2car.com/%E0%B8%A3%E0%B8%96-%E0%B8%AA%E0%B8%B3%E0%B8%AB%E0%B8%A3%E0%B8%B1%E0%B8%9A-%E0%B8%82%E0%B8%B2%E0%B8%A2?type=used&page_number=21&page_size=26","2021 Honda City 1.0 (ปี 20-26) SV Hatchback - ( 20-25)","339,000 บาท","📌 เบนซิน 1000cc ออโต้ เทอร์โบ 📌 ล้อแม็ก ✅ AIRBAG 4 ใบ ✅ พวงมาลัย MULTI ✅ เบาะหนังแท้ ✅ ...","105 - 110K กม.","กรุงเทพมหานคร","Honda City","มือสอง","เกียร์อัตโนมัติ"
"1786479336-351","https://www.one2car.com/%E0%B8%A3%E0%B8%96%E0%B8%A1%E0%B8%B7%E0%B8%AD%E0%B8%AA%E0%B8%AD%E0%B8%87-%E0%B8%AA%E0%B8%B3%E0%B8%AB%E0%B8%A3%E0%B8%B1%E0%B8%9A-%E0%B8%82%E0%B8%B2%E0%B8%A2","https://www.one2car.com/%E0%B8%A3%E0%B8%96-%E0%B8%AA%E0%B8%B3%E0%B8%AB%E0%B8%A3%E0%B8%B1%E0%B8%9A-%E0%B8%82%E0%B8%B2%E0%B8%A2?type=used&page_number=21&page_size=26","2021 Honda JAZZ 1.5 (ปี 14-22) RS Hatchback","459,000 บาท","📌 เบนซิน 1500cc ออโต้ 📌 ล้อแม็ก ✅ AIRBAG 2 ใบ ✅ พวงมาลัย MULTI ✅ CRUISECONTROL ✅ ...","55 - 60K กม.","กรุงเทพมหานคร","Honda JAZZ","มือสอง","เกียร์อัตโนมัติ"
"1786479336-352","https://www.one2car.com/%E0%B8%A3%E0%B8%96%E0%B8%A1%E0%B8%B7%E0%B8%AD%E0%B8%AA%E0%B8%AD%E0%B8%87-%E0%B8%AA%E0%B8%B3%E0%B8%AB%E0%B8%A3%E0%B8%B1%E0%B8%9A-%E0%B8%82%E0%B8%B2%E0%B8%A2","https://www.one2car.com/%E0%B8%A3%E0%B8%96-%E0%B8%AA%E0%B8%B3%E0%B8%AB%E0%B8%A3%E0%B8%B1%E0%B8%9A-%E0%B8%82%E0%B8%B2%E0%B8%A2?type=used&page_number=21&page_size=26","2014 Isuzu D-MAX 3.0 Cab-4 (ปี 11-17) Hi-Lander Z-Prestige...","399,000 บาท","ดีเซล 3000cc เกียร์ออโต้ AIRBAG 2 ใบ พวงมาลัยMulti CRUISECONTROL เบาะหนังแท้ ...","130 - 135K กม.","กรุงเทพมหานคร","Isuzu D-MAX","มือสอง","เกียร์อัตโนมัติ"
"1786479336-353","https://www.one2car.com/%E0%B8%A3%E0%B8%96%E0%B8%A1%E0%B8%B7%E0%B8%AD%E0%B8%AA%E0%B8%AD%E0%B8%87-%E0%B8%AA%E0%B8%B3%E0%B8%AB%E0%B8%A3%E0%B8%B1%E0%B8%9A-%E0%B8%82%E0%B8%B2%E0%B8%A2","https://www.one2car.com/%E0%B8%A3%E0%B8%96-%E0%B8%AA%E0%B8%B3%E0%B8%AB%E0%B8%A3%E0%B8%B1%E0%B8%9A-%E0%B8%82%E0%B8%B2%E0%B8%A2?type=used&page_number=21&page_size=26","2021 Isuzu D-MAX 1.9 Cab-4 (ปี 19-26) Hi-Lander Z Pickup  ...","539,000 บาท","ดีเซล 1900cc ออโต้ ล้อแม็ก AIRBAG 2 ใบ พวงมาลัย MULTI CRUISECONTROL แป้นเกียร์ ...","90 - 95K กม.","กรุงเทพมหานคร","Isuzu D-MAX","มือสอง","เกียร์อัตโนมัติ"
"1786479336-354","https://www.one2car.com/%E0%B8%A3%E0%B8%96%E0%B8%A1%E0%B8%B7%E0%B8%AD%E0%B8%AA%E0%B8%AD%E0%B8%87-%E0%B8%AA%E0%B8%B3%E0%B8%AB%E0%B8%A3%E0%B8%B1%E0%B8%9A-%E0%B8%82%E0%B8%B2%E0%B8%A2","https://www.one2car.com/%E0%B8%A3%E0%B8%96-%E0%B8%AA%E0%B8%B3%E0%B8%AB%E0%B8%A3%E0%B8%B1%E0%B8%9A-%E0%B8%82%E0%B8%B2%E0%B8%A2?type=used&page_number=21&page_size=26","2015 BMW X5 2.0 F15 (ปี 13-17) sDrive25d Pure Experience S...","599,000 บาท","เบนซิน2000cc ออโต้ ล้อแม็ก AIRBAG 8 ใบ เบาะหนังแท้ เบาะไฟฟ้า2ตัว เบรคABS พวงมาลัยMULTI ...","200 - 205K กม.","กรุงเทพมหานคร","BMW X5","มือสอง","เกียร์อัตโนมัติ"
"1786479336-355","https://www.one2car.com/%E0%B8%A3%E0%B8%96%E0%B8%A1%E0%B8%B7%E0%B8%AD%E0%B8%AA%E0%B8%AD%E0%B8%87-%E0%B8%AA%E0%B8%B3%E0%B8%AB%E0%B8%A3%E0%B8%B1%E0%B8%9A-%E0%B8%82%E0%B8%B2%E0%B8%A2","https://www.one2car.com/%E0%B8%A3%E0%B8%96-%E0%B8%AA%E0%B8%B3%E0%B8%AB%E0%B8%A3%E0%B8%B1%E0%B8%9A-%E0%B8%82%E0%B8%B2%E0%B8%A2?type=used&page_number=21&page_size=26","2010 Toyota FORTUNER 3.0 (ปี 08-11) V SUV","339,000 บาท","📌 ดีเซล 3000cc ออโต้ 📌 ล้อแม็ก ✅ AIRBAG 2 ใบ ✅ เบาะปรับไฟฟ้า 1 ตัว ✅ พวงมาลัย MULTI ✅ ...","185 - 190K กม.","กรุงเทพมหานคร","Toyota FORTUNER","มือสอง","เกียร์อัตโนมัติ"
"1786479336-356","https://www.one2car.com/%E0%B8%A3%E0%B8%96%E0%B8%A1%E0%B8%B7%E0%B8%AD%E0%B8%AA%E0%B8%AD%E0%B8%87-%E0%B8%AA%E0%B8%B3%E0%B8%AB%E0%B8%A3%E0%B8%B1%E0%B8%9A-%E0%B8%82%E0%B8%B2%E0%B8%A2","https://www.one2car.com/%E0%B8%A3%E0%B8%96-%E0%B8%AA%E0%B8%B3%E0%B8%AB%E0%B8%A3%E0%B8%B1%E0%B8%9A-%E0%B8%82%E0%B8%B2%E0%B8%A2?type=used&page_number=21&page_size=26","2018 Honda HR-V 1.8 (ปี 14-18) RS SUV","439,000 บาท","📌 เบนซิน 1800cc ออโต้ 📌 ล้อแม็ก ✅ AIRBAG 8 ใบ ✅ เบาะปรับไฟฟ้า 1 ตัว ✅ SUNROOF ✅ พวงมาลัย ...","115 - 120K กม.","กรุงเทพมหานคร","Honda HR-V","มือสอง","เกียร์อัตโนมัติ"
"1786479336-357","https://www.one2car.com/%E0%B8%A3%E0%B8%96%E0%B8%A1%E0%B8%B7%E0%B8%AD%E0%B8%AA%E0%B8%AD%E0%B8%87-%E0%B8%AA%E0%B8%B3%E0%B8%AB%E0%B8%A3%E0%B8%B1%E0%B8%9A-%E0%B8%82%E0%B8%B2%E0%B8%A2","https://www.one2car.com/%E0%B8%A3%E0%B8%96-%E0%B8%AA%E0%B8%B3%E0%B8%AB%E0%B8%A3%E0%B8%B1%E0%B8%9A-%E0%B8%82%E0%B8%B2%E0%B8%A2?type=used&page_number=21&page_size=26","2013 Isuzu MU-X 3.0 (ปี 13-19) DVD SUV - 4WD","459,000 บาท","ดีเซล 3000cc ออโต้ ล้อแม็ก AIRBAG 2 ใบ เบาะปรับไฟฟ้า 1 ตัว พวงมาลัย MULTI เบาะหนังแท้ ...","150 - 155K กม.","กรุงเทพมหานคร","Isuzu MU-X","มือสอง","เกียร์อัตโนมัติ"
"1786479336-358","https://www.one2car.com/%E0%B8%A3%E0%B8%96%E0%B8%A1%E0%B8%B7%E0%B8%AD%E0%B8%AA%E0%B8%AD%E0%B8%87-%E0%B8%AA%E0%B8%B3%E0%B8%AB%E0%B8%A3%E0%B8%B1%E0%B8%9A-%E0%B8%82%E0%B8%B2%E0%B8%A2","https://www.one2car.com/%E0%B8%A3%E0%B8%96-%E0%B8%AA%E0%B8%B3%E0%B8%AB%E0%B8%A3%E0%B8%B1%E0%B8%9A-%E0%B8%82%E0%B8%B2%E0%B8%A2?type=used&page_number=21&page_size=26","2020 Honda CR-V 2.4 (ปี 17-21) ES SUV - AWD","579,000 บาท","เบนซิน 2400cc ออโต้ ขับเคลื่อน 4 ล้อ ล้อแม็ก AIRBAG 8 ใบ เบาะปรับไฟฟ้า 2 ตัว พวงมาลัย ...","110 - 115K กม.","กรุงเทพมหานคร","Honda CR-V","มือสอง","เกียร์อัตโนมัติ"
"1786479336-359","https://www.one2car.com/%E0%B8%A3%E0%B8%96%E0%B8%A1%E0%B8%B7%E0%B8%AD%E0%B8%AA%E0%B8%AD%E0%B8%87-%E0%B8%AA%E0%B8%B3%E0%B8%AB%E0%B8%A3%E0%B8%B1%E0%B8%9A-%E0%B8%82%E0%B8%B2%E0%B8%A2","https://www.one2car.com/%E0%B8%A3%E0%B8%96-%E0%B8%AA%E0%B8%B3%E0%B8%AB%E0%B8%A3%E0%B8%B1%E0%B8%9A-%E0%B8%82%E0%B8%B2%E0%B8%A2?type=used&page_number=21&page_size=26","2021 Isuzu MU-X 1.9 (ปี 20-26) Ultimate SUV","859,000 บาท","📌 ดีเซล 1900cc ออโต้ 📌 ล้อแม็ก ✅ AIRBAG 8 ใบ ✅ เบาะปรับไฟฟ้า 2 ตัว ✅ พวงมาลัย MULTI ✅ ...","20 - 25K กม.","กรุงเทพมหานคร","Isuzu MU-X","มือสอง","เกียร์อัตโนมัติ"
"1786479336-360","https://www.one2car.com/%E0%B8%A3%E0%B8%96%E0%B8%A1%E0%B8%B7%E0%B8%AD%E0%B8%AA%E0%B8%AD%E0%B8%87-%E0%B8%AA%E0%B8%B3%E0%B8%AB%E0%B8%A3%E0%B8%B1%E0%B8%9A-%E0%B8%82%E0%B8%B2%E0%B8%A2","https://www.one2car.com/%E0%B8%A3%E0%B8%96-%E0%B8%AA%E0%B8%B3%E0%B8%AB%E0%B8%A3%E0%B8%B1%E0%B8%9A-%E0%B8%82%E0%B8%B2%E0%B8%A2?type=used&page_number=21&page_size=26","2019 Honda CR-V 2.4 (ปี 17-21) EL SUV - AWD","539,000 บาท","เบนซิน 2400cc ออโต้ ล้อแม็ก AIRBAG 8 ใบ เบาะปรับไฟฟ้า 1 ตัว พวงมาลัย MULTI CRUISECONTROL ...","150 - 155K กม.","กรุงเทพมหานคร","Honda CR-V","มือสอง","เกียร์อัตโนมัติ"
"1786479336-361","https://www.one2car.com/%E0%B8%A3%E0%B8%96%E0%B8%A1%E0%B8%B7%E0%B8%AD%E0%B8%AA%E0%B8%AD%E0%B8%87-%E0%B8%AA%E0%B8%B3%E0%B8%AB%E0%B8%A3%E0%B8%B1%E0%B8%9A-%E0%B8%82%E0%B8%B2%E0%B8%A2","https://www.one2car.com/%E0%B8%A3%E0%B8%96-%E0%B8%AA%E0%B8%B3%E0%B8%AB%E0%B8%A3%E0%B8%B1%E0%B8%9A-%E0%B8%82%E0%B8%B2%E0%B8%A2?type=used&page_number=21&page_size=26","2023 Toyota Veloz 1.5 (ปี 22-30) Smart Wagon","459,000 บาท","เบนซิน 1500cc ออโต้ ล้อแม็ก AIRBAG 8 ใบ พวงมาลัย MULTI เบรคABS ปุ่ม START กระจกข้าง ...","30 - 35K กม.","กรุงเทพมหานคร","","มือสอง","เกียร์อัตโนมัติ"
"1786479336-362","https://www.one2car.com/%E0%B8%A3%E0%B8%96%E0%B8%A1%E0%B8%B7%E0%B8%AD%E0%B8%AA%E0%B8%AD%E0%B8%87-%E0%B8%AA%E0%B8%B3%E0%B8%AB%E0%B8%A3%E0%B8%B1%E0%B8%9A-%E0%B8%82%E0%B8%B2%E0%B8%A2","https://www.one2car.com/%E0%B8%A3%E0%B8%96-%E0%B8%AA%E0%B8%B3%E0%B8%AB%E0%B8%A3%E0%B8%B1%E0%B8%9A-%E0%B8%82%E0%B8%B2%E0%B8%A2?type=used&page_number=21&page_size=26","2024 Toyota Corolla Cross 1.8 (ปี 20-26) HEV Premium SUV  ...","819,000 บาท","เบนซิน+ไฮบริด 1800cc ออโต้ ล้อแม็ก AIRBAG 6 ใบ เบาะปรับไฟฟ้า 1 ตัว พวงมาลัย MULTI ...","70 - 75K กม.","กรุงเทพมหานคร","","มือสอง","เกียร์อัตโนมัติ"
"1786479336-363","https://www.one2car.com/%E0%B8%A3%E0%B8%96%E0%B8%A1%E0%B8%B7%E0%B8%AD%E0%B8%AA%E0%B8%AD%E0%B8%87-%E0%B8%AA%E0%B8%B3%E0%B8%AB%E0%B8%A3%E0%B8%B1%E0%B8%9A-%E0%B8%82%E0%B8%B2%E0%B8%A2","https://www.one2car.com/%E0%B8%A3%E0%B8%96-%E0%B8%AA%E0%B8%B3%E0%B8%AB%E0%B8%A3%E0%B8%B1%E0%B8%9A-%E0%B8%82%E0%B8%B2%E0%B8%A2?type=used&page_number=21&page_size=26","2016 Mazda CX-3 2.0 (ปี 15-26) SP SUV","299,000 บาท","เบนซิน 2000cc ออโต้ ล้อแม็ก AIRBAG พวงมาลัย MULTI เบาะหนัง ปุ่ม START กระจกข้าง ปรับ/พับ ...","90 - 95K กม.","กรุงเทพมหานคร","Mazda CX-3","มือสอง","เกียร์อัตโนมัติ"
"1786479336-364","https://www.one2car.com/%E0%B8%A3%E0%B8%96%E0%B8%A1%E0%B8%B7%E0%B8%AD%E0%B8%AA%E0%B8%AD%E0%B8%87-%E0%B8%AA%E0%B8%B3%E0%B8%AB%E0%B8%A3%E0%B8%B1%E0%B8%9A-%E0%B8%82%E0%B8%B2%E0%B8%A2","https://www.one2car.com/%E0%B8%A3%E0%B8%96-%E0%B8%AA%E0%B8%B3%E0%B8%AB%E0%B8%A3%E0%B8%B1%E0%B8%9A-%E0%B8%82%E0%B8%B2%E0%B8%A2?type=used&page_number=21&page_size=26","2014 Mitsubishi PAJERO SPORT 2.5 (ปี 08-15) GT SUV","379,000 บาท","📍📍 รับประกัน เครื่อง + เกียร์ 20,000 กม 🟦🟦 ปี 2014 Misubishi Pajero 2.5 Gt / เกียร์ Auto ...","230 - 235K กม.","กรุงเทพมหานคร","Mitsubishi PAJERO SPORT","มือสอง","เกียร์อัตโนมัติ"
"1786479336-365","https://www.one2car.com/%E0%B8%A3%E0%B8%96%E0%B8%A1%E0%B8%B7%E0%B8%AD%E0%B8%AA%E0%B8%AD%E0%B8%87-%E0%B8%AA%E0%B8%B3%E0%B8%AB%E0%B8%A3%E0%B8%B1%E0%B8%9A-%E0%B8%82%E0%B8%B2%E0%B8%A2","https://www.one2car.com/%E0%B8%A3%E0%B8%96-%E0%B8%AA%E0%B8%B3%E0%B8%AB%E0%B8%A3%E0%B8%B1%E0%B8%9A-%E0%B8%82%E0%B8%B2%E0%B8%A2?type=used&page_number=21&page_size=26","2021 Toyota Corolla Cross 1.8 (ปี 20-26) Hybrid Premium SU...","685,000 บาท","Excellent condition, low mileage Full service history at Toyota, 60k service just ...","61843 กม.","ลำปาง","","มือสอง","เกียร์อัตโนมัติ"
"1786479336-366","https://www.one2car.com/%E0%B8%A3%E0%B8%96%E0%B8%A1%E0%B8%B7%E0%B8%AD%E0%B8%AA%E0%B8%AD%E0%B8%87-%E0%B8%AA%E0%B8%B3%E0%B8%AB%E0%B8%A3%E0%B8%B1%E0%B8%9A-%E0%B8%82%E0%B8%B2%E0%B8%A2","https://www.one2car.com/%E0%B8%A3%E0%B8%96-%E0%B8%AA%E0%B8%B3%E0%B8%AB%E0%B8%A3%E0%B8%B1%E0%B8%9A-%E0%B8%82%E0%B8%B2%E0%B8%A2?type=used&page_number=21&page_size=26","2007 Mercedes-Benz S300 3.0 W221 (ปี 06-14) L Sedan","399,000 บาท","Brand: Mercedes-Benz Model: S300 L Chassis Code: W221 Variant: S300L (Long Wheelbase) ...","120 - 125K กม.","กรุงเทพมหานคร","","มือสอง","เกียร์อัตโนมัติ"
"1786479340-367","https://www.one2car.com/%E0%B8%A3%E0%B8%96%E0%B8%A1%E0%B8%B7%E0%B8%AD%E0%B8%AA%E0%B8%AD%E0%B8%87-%E0%B8%AA%E0%B8%B3%E0%B8%AB%E0%B8%A3%E0%B8%B1%E0%B8%9A-%E0%B8%82%E0%B8%B2%E0%B8%A2","https://www.one2car.com/%E0%B8%A3%E0%B8%96-%E0%B8%AA%E0%B8%B3%E0%B8%AB%E0%B8%A3%E0%B8%B1%E0%B8%9A-%E0%B8%82%E0%B8%B2%E0%B8%A2?type=used&page_number=22&page_size=26","2016 Honda HR-V 1.8 (ปี 14-18) EL SUV - AT","329,000 บาท","First Owner | Excellent Condition | 104,000 km ✔ First Owner ✔ Top Spec EL (Fully Loaded) ...","100 - 105K กม.","สุราษฎร์ธานี","Honda HR-V","มือสอง","เกียร์อัตโนมัติ"
"1786479340-368","https://www.one2car.com/%E0%B8%A3%E0%B8%96%E0%B8%A1%E0%B8%B7%E0%B8%AD%E0%B8%AA%E0%B8%AD%E0%B8%87-%E0%B8%AA%E0%B8%B3%E0%B8%AB%E0%B8%A3%E0%B8%B1%E0%B8%9A-%E0%B8%82%E0%B8%B2%E0%B8%A2","https://www.one2car.com/%E0%B8%A3%E0%B8%96-%E0%B8%AA%E0%B8%B3%E0%B8%AB%E0%B8%A3%E0%B8%B1%E0%B8%9A-%E0%B8%82%E0%B8%B2%E0%B8%A2?type=used&page_number=22&page_size=26","2020 Mercedes-Benz C300 2.0 W205 (ปี 14-22) e AMG Sport Se...","879,000 บาท","Mercedes Benz C300e AMG Sport เป็นทั้งรถน้ำมันและรถไฟฟ้าในคันเดียวกัน ซื้อเมื่อปี2022 ...","45 - 50K กม.","กรุงเทพมหานคร","Mercedes-Benz C300","มือสอง","เกียร์อัตโนมัติ"
"1786479340-369","https://www.one2car.com/%E0%B8%A3%E0%B8%96%E0%B8%A1%E0%B8%B7%E0%B8%AD%E0%B8%AA%E0%B8%AD%E0%B8%87-%E0%B8%AA%E0%B8%B3%E0%B8%AB%E0%B8%A3%E0%B8%B1%E0%B8%9A-%E0%B8%82%E0%B8%B2%E0%B8%A2","https://www.one2car.com/%E0%B8%A3%E0%B8%96-%E0%B8%AA%E0%B8%B3%E0%B8%AB%E0%B8%A3%E0%B8%B1%E0%B8%9A-%E0%B8%82%E0%B8%B2%E0%B8%A2?type=used&page_number=22&page_size=26","2021 MG HS PHEV 1.5 (ปี 19-26) SUV","410,000 บาท","ขาย MG HS PHEV 2021 (รุ่น X) รุ่น: X (ตัวท็อป) เลขไมล์: 51,xxx กม. สภาพ: ...","51000 กม.","ชลบุรี","","มือสอง","เกียร์อัตโนมัติ"
"1786479340-370","https://www.one2car.com/%E0%B8%A3%E0%B8%96%E0%B8%A1%E0%B8%B7%E0%B8%AD%E0%B8%AA%E0%B8%AD%E0%B8%87-%E0%B8%AA%E0%B8%B3%E0%B8%AB%E0%B8%A3%E0%B8%B1%E0%B8%9A-%E0%B8%82%E0%B8%B2%E0%B8%A2","https://www.one2car.com/%E0%B8%A3%E0%B8%96-%E0%B8%AA%E0%B8%B3%E0%B8%AB%E0%B8%A3%E0%B8%B1%E0%B8%9A-%E0%B8%82%E0%B8%B2%E0%B8%A2?type=used&page_number=22&page_size=26","2021 Isuzu D-MAX 1.9 Space Cab (ปี 19-26) S Pickup","410,000 บาท","เลขไมล์น้อย เจ้าของขายเอง ขายพร้อม Carry Boy สอบถามได้ค่ะ นัดดูรถติดต่อล่วงหน้าค่ะ","75 - 80K กม.","กรุงเทพมหานคร","Isuzu D-MAX","มือสอง","เกียร์อัตโนมัติ"
"1786479340-371","https://www.one2car.com/%E0%B8%A3%E0%B8%96%E0%B8%A1%E0%B8%B7%E0%B8%AD%E0%B8%AA%E0%B8%AD%E0%B8%87-%E0%B8%AA%E0%B8%B3%E0%B8%AB%E0%B8%A3%E0%B8%B1%E0%B8%9A-%E0%B8%82%E0%B8%B2%E0%B8%A2","https://www.one2car.com/%E0%B8%A3%E0%B8%96-%E0%B8%AA%E0%B8%B3%E0%B8%AB%E0%B8%A3%E0%B8%B1%E0%B8%9A-%E0%B8%82%E0%B8%B2%E0%B8%A2?type=used&page_number=22&page_size=26","2017 BMW 520d 2.0 G30 (ปี 17-22) Luxury Sedan","959,000 บาท","Bmw 520d Luxury (G30) ปี 2017 วิ่ง 84,000 km. -เครื่องยนต์ดีเซล 2,000 cc. TwinPower Turbo ...","80 - 85K กม.","กรุงเทพมหานคร","BMW 520d","มือสอง","เกียร์อัตโนมัติ"
"1786479340-372","https://www.one2car.com/%E0%B8%A3%E0%B8%96%E0%B8%A1%E0%B8%B7%E0%B8%AD%E0%B8%AA%E0%B8%AD%E0%B8%87-%E0%B8%AA%E0%B8%B3%E0%B8%AB%E0%B8%A3%E0%B8%B1%E0%B8%9A-%E0%B8%82%E0%B8%B2%E0%B8%A2","https://www.one2car.com/%E0%B8%A3%E0%B8%96-%E0%B8%AA%E0%B8%B3%E0%B8%AB%E0%B8%A3%E0%B8%B1%E0%B8%9A-%E0%B8%82%E0%B8%B2%E0%B8%A2?type=used&page_number=22&page_size=26","2021 Mazda CX-30 2.0 (ปี 20-26) 100th Anniversary Edition ...","600,000 บาท","รถปี 2021 ออกปี 2022 สภาพดี ไมล์น้อย รุ่น 100ปี มีพรม 100 ปีแท้ตรงรุ่น มีกล้องหน้าหลัง ...","65 - 70K กม.","นนทบุรี","","มือสอง","เกียร์อัตโนมัติ"
"1786479340-373","https://www.one2car.com/%E0%B8%A3%E0%B8%96%E0%B8%A1%E0%B8%B7%E0%B8%AD%E0%B8%AA%E0%B8%AD%E0%B8%87-%E0%B8%AA%E0%B8%B3%E0%B8%AB%E0%B8%A3%E0%B8%B1%E0%B8%9A-%E0%B8%82%E0%B8%B2%E0%B8%A2","https://www.one2car.com/%E0%B8%A3%E0%B8%96-%E0%B8%AA%E0%B8%B3%E0%B8%AB%E0%B8%A3%E0%B8%B1%E0%B8%9A-%E0%B8%82%E0%B8%B2%E0%B8%A2?type=used&page_number=22&page_size=26","2018 Mercedes-Benz C250 2.0 W205 (ปี 14-19) AMG Dynamic Co...","1,158,000 บาท","Benz C250 AMG Dynamic Coupe ปี 2018 มือแรก เครื่องยนต์เบนซิน 2.0 ลิตร เทอร์โบเกียร์ ...","110 - 115K กม.","กรุงเทพมหานคร","","มือสอง","เกียร์อัตโนมัติ"
"1786479340-374","https://www.one2car.com/%E0%B8%A3%E0%B8%96%E0%B8%A1%E0%B8%B7%E0%B8%AD%E0%B8%AA%E0%B8%AD%E0%B8%87-%E0%B8%AA%E0%B8%B3%E0%B8%AB%E0%B8%A3%E0%B8%B1%E0%B8%9A-%E0%B8%82%E0%B8%B2%E0%B8%A2","https://www.one2car.com/%E0%B8%A3%E0%B8%96-%E0%B8%AA%E0%B8%B3%E0%B8%AB%E0%B8%A3%E0%B8%B1%E0%B8%9A-%E0%B8%82%E0%B8%B2%E0%B8%A2?type=used&page_number=22&page_size=26","2019 Toyota CAMRY 2.0 (ปี 18-24) G Sedan","618,000 บาท","Toyota CAMRY 2.0 G ปี 2019 มือแรก เครื่องยนต์เบนซิน 2.0 L เกียร์อัตโนมัติ 6 สปีด รองรับ ...","125 - 130K กม.","กรุงเทพมหานคร","Toyota CAMRY","มือสอง","เกียร์อัตโนมัติ"
"1786479340-375","https://www.one2car.com/%E0%B8%A3%E0%B8%96%E0%B8%A1%E0%B8%B7%E0%B8%AD%E0%B8%AA%E0%B8%AD%E0%B8%87-%E0%B8%AA%E0%B8%B3%E0%B8%AB%E0%B8%A3%E0%B8%B1%E0%B8%9A-%E0%B8%82%E0%B8%B2%E0%B8%A2","https://www.one2car.com/%E0%B8%A3%E0%B8%96-%E0%B8%AA%E0%B8%B3%E0%B8%AB%E0%B8%A3%E0%B8%B1%E0%B8%9A-%E0%B8%82%E0%B8%B2%E0%B8%A2?type=used&page_number=22&page_size=26","2015 Toyota ALPHARD 2.5 (ปี 15-23) S C-Package Van","1,258,000 บาท","💥Toyota ALPHARD 2.5 S C-Package Van ปี 2015 💥เครื่องยนต์เบนซิน 2.5 L เกียร์อัตโนมัติ ...","135 - 140K กม.","กรุงเทพมหานคร","Toyota ALPHARD","มือสอง","เกียร์อัตโนมัติ"
"1786479340-376","https://www.one2car.com/%E0%B8%A3%E0%B8%96%E0%B8%A1%E0%B8%B7%E0%B8%AD%E0%B8%AA%E0%B8%AD%E0%B8%87-%E0%B8%AA%E0%B8%B3%E0%B8%AB%E0%B8%A3%E0%B8%B1%E0%B8%9A-%E0%B8%82%E0%B8%B2%E0%B8%A2","https://www.one2car.com/%E0%B8%A3%E0%B8%96-%E0%B8%AA%E0%B8%B3%E0%B8%AB%E0%B8%A3%E0%B8%B1%E0%B8%9A-%E0%B8%82%E0%B8%B2%E0%B8%A2?type=used&page_number=22&page_size=26","2018 Mitsubishi PAJERO SPORT 2.4 (ปี 15-18) GT Premium SUV...","598,000 บาท","Mitsubishi PAJERO SPORT 2.4 GT Premium ปี 2018 เครื่องยนต์ดีเซล 2.4 L เกียร์อัตโนมัติ 8 ...","130 - 135K กม.","กรุงเทพมหานคร","Mitsubishi PAJERO SPORT","มือสอง","เกียร์อัตโนมัติ"
"1786479340-377","https://www.one2car.com/%E0%B8%A3%E0%B8%96%E0%B8%A1%E0%B8%B7%E0%B8%AD%E0%B8%AA%E0%B8%AD%E0%B8%87-%E0%B8%AA%E0%B8%B3%E0%B8%AB%E0%B8%A3%E0%B8%B1%E0%B8%9A-%E0%B8%82%E0%B8%B2%E0%B8%A2","https://www.one2car.com/%E0%B8%A3%E0%B8%96-%E0%B8%AA%E0%B8%B3%E0%B8%AB%E0%B8%A3%E0%B8%B1%E0%B8%9A-%E0%B8%82%E0%B8%B2%E0%B8%A2?type=used&page_number=22&page_size=26","2011 Honda ACCORD 2.0 (ปี 07-13) EL Sedan","188,000 บาท","👉Honda ACCORD 2.0 EL ปี 2011 💥เครื่องยนต์เบนซิน 2.0 ลิตร i-VTEC เกียร์อัตโนมัติ 5 สปีด ...","235 - 240K กม.","กรุงเทพมหานคร","Honda ACCORD","มือสอง","เกียร์อัตโนมัติ"
"1786479340-378","https://www.one2car.com/%E0%B8%A3%E0%B8%96%E0%B8%A1%E0%B8%B7%E0%B8%AD%E0%B8%AA%E0%B8%AD%E0%B8%87-%E0%B8%AA%E0%B8%B3%E0%B8%AB%E0%B8%A3%E0%B8%B1%E0%B8%9A-%E0%B8%82%E0%B8%B2%E0%B8%A2","https://www.one2car.com/%E0%B8%A3%E0%B8%96-%E0%B8%AA%E0%B8%B3%E0%B8%AB%E0%B8%A3%E0%B8%B1%E0%B8%9A-%E0%B8%82%E0%B8%B2%E0%B8%A2?type=used&page_number=22&page_size=26","2016 Isuzu MU-X 3.0 (ปี 13-19) DVD SUV","489,000 บาท","📍📍 รับประกัน เครื่อง + เกียร์ 20,000 กม 🟦🟦 ปี 2016 Isuzu Mu-x 3.0 cc Dvd Navi / เกียร์ ...","240 - 245K กม.","กรุงเทพมหานคร","Isuzu MU-X","มือสอง","เกียร์อัตโนมัติ"
"1786479340-379","https://www.one2car.com/%E0%B8%A3%E0%B8%96%E0%B8%A1%E0%B8%B7%E0%B8%AD%E0%B8%AA%E0%B8%AD%E0%B8%87-%E0%B8%AA%E0%B8%B3%E0%B8%AB%E0%B8%A3%E0%B8%B1%E0%B8%9A-%E0%B8%82%E0%B8%B2%E0%B8%A2","https://www.one2car.com/%E0%B8%A3%E0%B8%96-%E0%B8%AA%E0%B8%B3%E0%B8%AB%E0%B8%A3%E0%B8%B1%E0%B8%9A-%E0%B8%82%E0%B8%B2%E0%B8%A2?type=used&page_number=22&page_size=26","2016 Toyota CAMRY 2.5 (ปี 12-18) Esport Sedan","388,000 บาท","👉Toyota CAMRY 2.5 G Esport ปี 2016 เครื่องยนต์ 2.5 ลิตร Dual VVT-i เกียร์อัตโนมัติ 6 สปีด ...","200 - 205K กม.","กรุงเทพมหานคร","Toyota CAMRY","มือสอง","เกียร์อัตโนมัติ"
"1786479340-380","https://www.one2car.com/%E0%B8%A3%E0%B8%96%E0%B8%A1%E0%B8%B7%E0%B8%AD%E0%B8%AA%E0%B8%AD%E0%B8%87-%E0%B8%AA%E0%B8%B3%E0%B8%AB%E0%B8%A3%E0%B8%B1%E0%B8%9A-%E0%B8%82%E0%B8%B2%E0%B8%A2","https://www.one2car.com/%E0%B8%A3%E0%B8%96-%E0%B8%AA%E0%B8%B3%E0%B8%AB%E0%B8%A3%E0%B8%B1%E0%B8%9A-%E0%B8%82%E0%B8%B2%E0%B8%A2?type=used&page_number=22&page_size=26","2017 Hyundai H-1 2.5 (ปี 08-17) Deluxe Van","628,000 บาท","👉2017 Hyundai H-1 2.5 Deluxe Van ปี 2017 เครื่องยนต์ดีเซล 2.5 ลิตร CRDi เกียร์อัตโนมัติ 5 ...","170 - 175K กม.","กรุงเทพมหานคร","Hyundai H-1","มือสอง","เกียร์อัตโนมัติ"
"1786479340-381","https://www.one2car.com/%E0%B8%A3%E0%B8%96%E0%B8%A1%E0%B8%B7%E0%B8%AD%E0%B8%AA%E0%B8%AD%E0%B8%87-%E0%B8%AA%E0%B8%B3%E0%B8%AB%E0%B8%A3%E0%B8%B1%E0%B8%9A-%E0%B8%82%E0%B8%B2%E0%B8%A2","https://www.one2car.com/%E0%B8%A3%E0%B8%96-%E0%B8%AA%E0%B8%B3%E0%B8%AB%E0%B8%A3%E0%B8%B1%E0%B8%9A-%E0%B8%82%E0%B8%B2%E0%B8%A2?type=used&page_number=22&page_size=26","2020 Toyota FORTUNER 2.8 (ปี 15-25) Legender SUV","799,000 บาท","Fortuner 2.8 Legender 2 wd สี ขาว-ดำ ปี 2020 เกียร์ออโต้ รถเข้าเปลี่ยนถ่ายน้ำมันเครื่อง+น้ ...","316678 กม.","กรุงเทพมหานคร","Toyota FORTUNER","มือสอง","เกียร์อัตโนมัติ"
"1786479340-382","https://www.one2car.com/%E0%B8%A3%E0%B8%96%E0%B8%A1%E0%B8%B7%E0%B8%AD%E0%B8%AA%E0%B8%AD%E0%B8%87-%E0%B8%AA%E0%B8%B3%E0%B8%AB%E0%B8%A3%E0%B8%B1%E0%B8%9A-%E0%B8%82%E0%B8%B2%E0%B8%A2","https://www.one2car.com/%E0%B8%A3%E0%B8%96-%E0%B8%AA%E0%B8%B3%E0%B8%AB%E0%B8%A3%E0%B8%B1%E0%B8%9A-%E0%B8%82%E0%B8%B2%E0%B8%A2?type=used&page_number=22&page_size=26","2020 Mitsubishi PAJERO SPORT 2.4 (ปี 19-25) GT Premium SUV...","619,000 บาท","มิตซูบิชิ Pajero Sport 2.4 GT Premium ดีเซล ปี 2020 รับประกันเครื่องและเกียร์ 2 ปี หรือ ...","0 - 5K กม.","กรุงเทพมหานคร","Mitsubishi PAJERO SPORT","มือสอง","เกียร์อัตโนมัติ"
"1786479340-383","https://www.one2car.com/%E0%B8%A3%E0%B8%96%E0%B8%A1%E0%B8%B7%E0%B8%AD%E0%B8%AA%E0%B8%AD%E0%B8%87-%E0%B8%AA%E0%B8%B3%E0%B8%AB%E0%B8%A3%E0%B8%B1%E0%B8%9A-%E0%B8%82%E0%B8%B2%E0%B8%A2","https://www.one2car.com/%E0%B8%A3%E0%B8%96-%E0%B8%AA%E0%B8%B3%E0%B8%AB%E0%B8%A3%E0%B8%B1%E0%B8%9A-%E0%B8%82%E0%B8%B2%E0%B8%A2?type=used&page_number=22&page_size=26","2020 Mitsubishi Xpander 1.5 (ปี 18-22) GT Wagon","409,000 บาท","MitsubishiXpander ปลายปี 2020 1500 CC จดทะเบียน 2021 รถครอบครัว 7 ที่นั่ง รุ่น Top GT ...","85011 กม.","กรุงเทพมหานคร","Mitsubishi Xpander","มือสอง","เกียร์อัตโนมัติ"
"1786479340-384","https://www.one2car.com/%E0%B8%A3%E0%B8%96%E0%B8%A1%E0%B8%B7%E0%B8%AD%E0%B8%AA%E0%B8%AD%E0%B8%87-%E0%B8%AA%E0%B8%B3%E0%B8%AB%E0%B8%A3%E0%B8%B1%E0%B8%9A-%E0%B8%82%E0%B8%B2%E0%B8%A2","https://www.one2car.com/%E0%B8%A3%E0%B8%96-%E0%B8%AA%E0%B8%B3%E0%B8%AB%E0%B8%A3%E0%B8%B1%E0%B8%9A-%E0%B8%82%E0%B8%B2%E0%B8%A2?type=used&page_number=22&page_size=26","2018 Honda CIVIC 1.5 FC (ปี 16-20) Turbo Sedan","479,000 บาท","รถเจ้าของเดียว รถสวย ไม่มีขน ใช้น้อย รถเข้าเปลี่ยนถ่ายน้ำมันเครื่อง ที่ศูนย์บริการ HONDA ...","28237 กม.","กรุงเทพมหานคร","Honda CIVIC","มือสอง","เกียร์อัตโนมัติ"
"1786479344-385","https://www.one2car.com/%E0%B8%A3%E0%B8%96%E0%B8%A1%E0%B8%B7%E0%B8%AD%E0%B8%AA%E0%B8%AD%E0%B8%87-%E0%B8%AA%E0%B8%B3%E0%B8%AB%E0%B8%A3%E0%B8%B1%E0%B8%9A-%E0%B8%82%E0%B8%B2%E0%B8%A2","https://www.one2car.com/%E0%B8%A3%E0%B8%96-%E0%B8%AA%E0%B8%B3%E0%B8%AB%E0%B8%A3%E0%B8%B1%E0%B8%9A-%E0%B8%82%E0%B8%B2%E0%B8%A2?type=used&page_number=23&page_size=26","2022 BMW 520d 2.0 G30 (ปี 17-22) M Sport Sedan","1,620,000 บาท","BMW 520d M Sport | Phytonic Blue | ปี 2022 ✅ สี Phytonic Blue สวยโดดเด่น ✅ ไมล์เพียง ...","73000 กม.","กรุงเทพมหานคร","BMW 520d","มือสอง","เกียร์อัตโนมัติ"
"1786479344-386","https://www.one2car.com/%E0%B8%A3%E0%B8%96%E0%B8%A1%E0%B8%B7%E0%B8%AD%E0%B8%AA%E0%B8%AD%E0%B8%87-%E0%B8%AA%E0%B8%B3%E0%B8%AB%E0%B8%A3%E0%B8%B1%E0%B8%9A-%E0%B8%82%E0%B8%B2%E0%B8%A2","https://www.one2car.com/%E0%B8%A3%E0%B8%96-%E0%B8%AA%E0%B8%B3%E0%B8%AB%E0%B8%A3%E0%B8%B1%E0%B8%9A-%E0%B8%82%E0%B8%B2%E0%B8%A2?type=used&page_number=23&page_size=26","2017 Honda HR-V 1.8 (ปี 14-18) E SUV","369,000 บาท","✨ 0% 12เดือน หรือ ขับฟรี 60วัน ✨ ดอกเบี้ยพิเศษเริ่มต้นที่ 2.49% ✅ ไม่เคยมีเครดิต ✅ ติดค้ำ ...","220 - 225K กม.","กรุงเทพมหานคร","Honda HR-V","มือสอง","เกียร์อัตโนมัติ"
"1786479344-387","https://www.one2car.com/%E0%B8%A3%E0%B8%96%E0%B8%A1%E0%B8%B7%E0%B8%AD%E0%B8%AA%E0%B8%AD%E0%B8%87-%E0%B8%AA%E0%B8%B3%E0%B8%AB%E0%B8%A3%E0%B8%B1%E0%B8%9A-%E0%B8%82%E0%B8%B2%E0%B8%A2","https://www.one2car.com/%E0%B8%A3%E0%B8%96-%E0%B8%AA%E0%B8%B3%E0%B8%AB%E0%B8%A3%E0%B8%B1%E0%B8%9A-%E0%B8%82%E0%B8%B2%E0%B8%A2?type=used&page_number=23&page_size=26","2021 Honda CIVIC 1.5 FE (ปี 21-26) EL+ Sedan - EL","699,000 บาท","Honda Civic FE 1.5 EL+ ปี : 2021 แรงและประหยัด ขุมพลังเทอร์โบที่ขับสนุกที่สุด ...","65 - 70K กม.","กรุงเทพมหานคร","Honda CIVIC","มือสอง","เกียร์อัตโนมัติ"
"1786479348-388","https://www.one2car.com/%E0%B8%A3%E0%B8%96%E0%B8%A1%E0%B8%B7%E0%B8%AD%E0%B8%AA%E0%B8%AD%E0%B8%87-%E0%B8%AA%E0%B8%B3%E0%B8%AB%E0%B8%A3%E0%B8%B1%E0%B8%9A-%E0%B8%82%E0%B8%B2%E0%B8%A2","https://www.one2car.com/%E0%B8%A3%E0%B8%96-%E0%B8%AA%E0%B8%B3%E0%B8%AB%E0%B8%A3%E0%B8%B1%E0%B8%9A-%E0%B8%82%E0%B8%B2%E0%B8%A2?type=used&page_number=24&page_size=26","2022 Honda CIVIC 1.5 FE (ปี 21-26) EL Sedan","699,000 บาท","Honda Civic FE 1.5 EL Turbo ปี : 2022 หล่อ เข้ม พรีเมียมสุดๆ กับ Civic FE 1.5 Turbo ...","70 - 75K กม.","กรุงเทพมหานคร","Honda CIVIC","มือสอง","เกียร์อัตโนมัติ"
"1786479348-389","https://www.one2car.com/%E0%B8%A3%E0%B8%96%E0%B8%A1%E0%B8%B7%E0%B8%AD%E0%B8%AA%E0%B8%AD%E0%B8%87-%E0%B8%AA%E0%B8%B3%E0%B8%AB%E0%B8%A3%E0%B8%B1%E0%B8%9A-%E0%B8%82%E0%B8%B2%E0%B8%A2","https://www.one2car.com/%E0%B8%A3%E0%B8%96-%E0%B8%AA%E0%B8%B3%E0%B8%AB%E0%B8%A3%E0%B8%B1%E0%B8%9A-%E0%B8%82%E0%B8%B2%E0%B8%A2?type=used&page_number=24&page_size=26","2020 Isuzu D-MAX 1.9 Space Cab (ปี 19-26) Hi-Lander Z Pick...","459,000 บาท","Isuzu D-Max 1.9 Space Cab Hi-Lander Z ปี : 2020 หล่อ ลุย คุ้มค่า กับ D-Max Space Cab ...","150 - 155K กม.","กรุงเทพมหานคร","Isuzu D-MAX","มือสอง","เกียร์อัตโนมัติ"
"1786479348-390","https://www.one2car.com/%E0%B8%A3%E0%B8%96%E0%B8%A1%E0%B8%B7%E0%B8%AD%E0%B8%AA%E0%B8%AD%E0%B8%87-%E0%B8%AA%E0%B8%B3%E0%B8%AB%E0%B8%A3%E0%B8%B1%E0%B8%9A-%E0%B8%82%E0%B8%B2%E0%B8%A2","https://www.one2car.com/%E0%B8%A3%E0%B8%96-%E0%B8%AA%E0%B8%B3%E0%B8%AB%E0%B8%A3%E0%B8%B1%E0%B8%9A-%E0%B8%82%E0%B8%B2%E0%B8%A2?type=used&page_number=24&page_size=26","2023 Honda WR-V 1.5 (ปี 23-29) SV SUV","529,000 บาท","Honda Wr-v 1.5 SV ปี : 2023 ประหยัด ขับสนุก ปลอดภัย ต้องคันนี้เลย เครื่องยนต์ 1.5 L ...","50 - 55K กม.","กรุงเทพมหานคร","","มือสอง","เกียร์อัตโนมัติ"
"1786479348-391","https://www.one2car.com/%E0%B8%A3%E0%B8%96%E0%B8%A1%E0%B8%B7%E0%B8%AD%E0%B8%AA%E0%B8%AD%E0%B8%87-%E0%B8%AA%E0%B8%B3%E0%B8%AB%E0%B8%A3%E0%B8%B1%E0%B8%9A-%E0%B8%82%E0%B8%B2%E0%B8%A2","https://www.one2car.com/%E0%B8%A3%E0%B8%96-%E0%B8%AA%E0%B8%B3%E0%B8%AB%E0%B8%A3%E0%B8%B1%E0%B8%9A-%E0%B8%82%E0%B8%B2%E0%B8%A2?type=used&page_number=24&page_size=26","2025 Honda CIVIC 2.0 FE (ปี 21-26) e:HEV RS Sedan - e HEV ...","999,000 บาท","Honda Civic FE 2.0 e:HEV RS ปี : 2025 สายเทคโนโลยีและออปชันไม่ควรพลาด ตัวท็อป RS ...","15 - 20K กม.","กรุงเทพมหานคร","Honda CIVIC","มือสอง","เกียร์อัตโนมัติ"
"1786479348-392","https://www.one2car.com/%E0%B8%A3%E0%B8%96%E0%B8%A1%E0%B8%B7%E0%B8%AD%E0%B8%AA%E0%B8%AD%E0%B8%87-%E0%B8%AA%E0%B8%B3%E0%B8%AB%E0%B8%A3%E0%B8%B1%E0%B8%9A-%E0%B8%82%E0%B8%B2%E0%B8%A2","https://www.one2car.com/%E0%B8%A3%E0%B8%96-%E0%B8%AA%E0%B8%B3%E0%B8%AB%E0%B8%A3%E0%B8%B1%E0%B8%9A-%E0%B8%82%E0%B8%B2%E0%B8%A2?type=used&page_number=24&page_size=26","2021 Volvo S60 2.0 (ปี 20-28) Recharge T8 R-Design Sedan -...","750,000 บาท","รถไมล์แท้ เซอร์วิสศูนย์ตลอด ผ่อนได้ค่ะ . เจ้าของขายเองค่ะ รถบ้านค่ะ Volvo S60 T8 ...","50 - 55K กม.","กรุงเทพมหานคร","","มือสอง","เกียร์อัตโนมัติ"
"1786479348-393","https://www.one2car.com/%E0%B8%A3%E0%B8%96%E0%B8%A1%E0%B8%B7%E0%B8%AD%E0%B8%AA%E0%B8%AD%E0%B8%87-%E0%B8%AA%E0%B8%B3%E0%B8%AB%E0%B8%A3%E0%B8%B1%E0%B8%9A-%E0%B8%82%E0%B8%B2%E0%B8%A2","https://www.one2car.com/%E0%B8%A3%E0%B8%96-%E0%B8%AA%E0%B8%B3%E0%B8%AB%E0%B8%A3%E0%B8%B1%E0%B8%9A-%E0%B8%82%E0%B8%B2%E0%B8%A2?type=used&page_number=24&page_size=26","2017 Honda HR-V 1.8 (ปี 14-18) E Limited SUV - AT","360,000 บาท","ขายรถ Hrv ปี 2017 ไม่เคยชน ไม่โดนน้ำท่วม มีกล้องรอบคัน 360 ประกันชั้น 1 ซ่อมอู่ถึง ...","150 - 155K กม.","กรุงเทพมหานคร","Honda HR-V","มือสอง","เกียร์อัตโนมัติ"
"1786479348-394","https://www.one2car.com/%E0%B8%A3%E0%B8%96%E0%B8%A1%E0%B8%B7%E0%B8%AD%E0%B8%AA%E0%B8%AD%E0%B8%87-%E0%B8%AA%E0%B8%B3%E0%B8%AB%E0%B8%A3%E0%B8%B1%E0%B8%9A-%E0%B8%82%E0%B8%B2%E0%B8%A2","https://www.one2car.com/%E0%B8%A3%E0%B8%96-%E0%B8%AA%E0%B8%B3%E0%B8%AB%E0%B8%A3%E0%B8%B1%E0%B8%9A-%E0%B8%82%E0%B8%B2%E0%B8%A2?type=used&page_number=24&page_size=26","2013 Honda Brio 1.2 (ปี 11-16) Amaze V Sedan","115,000 บาท","ขายรถครับ สนใจติดต่อมาขอรายละเอียดเพิ่มเติมได้ครับ ****","135 - 140K กม.","ชลบุรี","Honda Brio","มือสอง","เกียร์ธรรมดา"
"1786479348-395","https://www.one2car.com/%E0%B8%A3%E0%B8%96%E0%B8%A1%E0%B8%B7%E0%B8%AD%E0%B8%AA%E0%B8%AD%E0%B8%87-%E0%B8%AA%E0%B8%B3%E0%B8%AB%E0%B8%A3%E0%B8%B1%E0%B8%9A-%E0%B8%82%E0%B8%B2%E0%B8%A2","https://www.one2car.com/%E0%B8%A3%E0%B8%96-%E0%B8%AA%E0%B8%B3%E0%B8%AB%E0%B8%A3%E0%B8%B1%E0%B8%9A-%E0%B8%82%E0%B8%B2%E0%B8%A2?type=used&page_number=24&page_size=26","2014 Mazda CX-5 2.5 (ปี 13-16) S SUV","259,000 บาท","รถบ้าน เจ้าของขายเอง รถปี 2014 สีน้ำเงิน เงางาม จอดในร่ม สภาพรถสวย ดูแลดี ไม่เคยชนหนัก ...","179565 กม.","กรุงเทพมหานคร","Mazda CX-5","มือสอง","เกียร์อัตโนมัติ"
"1786479348-396","https://www.one2car.com/%E0%B8%A3%E0%B8%96%E0%B8%A1%E0%B8%B7%E0%B8%AD%E0%B8%AA%E0%B8%AD%E0%B8%87-%E0%B8%AA%E0%B8%B3%E0%B8%AB%E0%B8%A3%E0%B8%B1%E0%B8%9A-%E0%B8%82%E0%B8%B2%E0%B8%A2","https://www.one2car.com/%E0%B8%A3%E0%B8%96-%E0%B8%AA%E0%B8%B3%E0%B8%AB%E0%B8%A3%E0%B8%B1%E0%B8%9A-%E0%B8%82%E0%B8%B2%E0%B8%A2?type=used&page_number=24&page_size=26","2015 Lamborghini HURACAN 5.2 (ปี 14-24) LP610-4 Coupe - 4W...","10,500,000 บาท","Huracan LP610-4 Lamborghini 💰 ราคา 10500,000 บาท 📅 ปี 2015 ⚙️ เครื่องยนต์ 5.2L V10 📍 ...","10 - 15K กม.","กรุงเทพมหานคร","","มือสอง","เกียร์อัตโนมัติ"
"1786479348-397","https://www.one2car.com/%E0%B8%A3%E0%B8%96%E0%B8%A1%E0%B8%B7%E0%B8%AD%E0%B8%AA%E0%B8%AD%E0%B8%87-%E0%B8%AA%E0%B8%B3%E0%B8%AB%E0%B8%A3%E0%B8%B1%E0%B8%9A-%E0%B8%82%E0%B8%B2%E0%B8%A2","https://www.one2car.com/%E0%B8%A3%E0%B8%96-%E0%B8%AA%E0%B8%B3%E0%B8%AB%E0%B8%A3%E0%B8%B1%E0%B8%9A-%E0%B8%82%E0%B8%B2%E0%B8%A2?type=used&page_number=24&page_size=26","2019 Porsche CAYENNE 3.0 (ปี 18-25) E-Hybrid SUV - AWD","3,099,000 บาท","เจ้าของขายเอง สภาพยอดเยี่ยม สภาพยางยังดีอยู่ ไม่มีการเกิดอุบัติเหตุ New USUS Exhaust ...","50018 กม.","กรุงเทพมหานคร","Porsche CAYENNE","มือสอง","เกียร์อัตโนมัติ"
"1786479348-398","https://www.one2car.com/%E0%B8%A3%E0%B8%96%E0%B8%A1%E0%B8%B7%E0%B8%AD%E0%B8%AA%E0%B8%AD%E0%B8%87-%E0%B8%AA%E0%B8%B3%E0%B8%AB%E0%B8%A3%E0%B8%B1%E0%B8%9A-%E0%B8%82%E0%B8%B2%E0%B8%A2","https://www.one2car.com/%E0%B8%A3%E0%B8%96-%E0%B8%AA%E0%B8%B3%E0%B8%AB%E0%B8%A3%E0%B8%B1%E0%B8%9A-%E0%B8%82%E0%B8%B2%E0%B8%A2?type=used&page_number=24&page_size=26","2024 Mercedes-Benz CLE300 2.0 W236 (ปี 24-31) 4MATIC AMG D...","1,000,000 บาท","เจ้าของขายเอง สภาพยอดเยี่ยม เลขไมล์ต่ำ เพิ่งทำการเช็คสภาพรถ ไม่มีการเกิดอุบัติเหตุ ...","3821 กม.","กรุงเทพมหานคร","","มือสอง","เกียร์อัตโนมัติ"
"1786479351-399","https://www.one2car.com/%E0%B8%A3%E0%B8%96%E0%B8%A1%E0%B8%B7%E0%B8%AD%E0%B8%AA%E0%B8%AD%E0%B8%87-%E0%B8%AA%E0%B8%B3%E0%B8%AB%E0%B8%A3%E0%B8%B1%E0%B8%9A-%E0%B8%82%E0%B8%B2%E0%B8%A2","https://www.one2car.com/%E0%B8%A3%E0%B8%96-%E0%B8%AA%E0%B8%B3%E0%B8%AB%E0%B8%A3%E0%B8%B1%E0%B8%9A-%E0%B8%82%E0%B8%B2%E0%B8%A2?type=used&page_number=25&page_size=26","2016 Mercedes-Benz E220 2.0 W213 (ปี 16-23) d Exclusive Se...","850,000 บาท","สภาพยอดเยี่ยม เลขไมล์ต่ำ มีประวัติการเข้าศูนย์บริการ ไม่มีการเกิดอุบัติเหตุ ...","95 - 100K กม.","กรุงเทพมหานคร","Mercedes-Benz E220","มือสอง","เกียร์อัตโนมัติ"
"1786479351-400","https://www.one2car.com/%E0%B8%A3%E0%B8%96%E0%B8%A1%E0%B8%B7%E0%B8%AD%E0%B8%AA%E0%B8%AD%E0%B8%87-%E0%B8%AA%E0%B8%B3%E0%B8%AB%E0%B8%A3%E0%B8%B1%E0%B8%9A-%E0%B8%82%E0%B8%B2%E0%B8%A2","https://www.one2car.com/%E0%B8%A3%E0%B8%96-%E0%B8%AA%E0%B8%B3%E0%B8%AB%E0%B8%A3%E0%B8%B1%E0%B8%9A-%E0%B8%82%E0%B8%B2%E0%B8%A2?type=used&page_number=25&page_size=26","2014 Porsche 911 3.4 991 Carrera Coupe","4,790,000 บาท","⭐️ PORSCHE 911 Carrera (991.1) ⭐️ 💸💸ราคา 4,790,000.- บาท💸💸 🚘 เลขไมล์ 44,XXX. KM. 🍻 ...","44000 กม.","กรุงเทพมหานคร","Porsche 911","มือสอง","เกียร์อัตโนมัติ"
"1786479351-401","https://www.one2car.com/%E0%B8%A3%E0%B8%96%E0%B8%A1%E0%B8%B7%E0%B8%AD%E0%B8%AA%E0%B8%AD%E0%B8%87-%E0%B8%AA%E0%B8%B3%E0%B8%AB%E0%B8%A3%E0%B8%B1%E0%B8%9A-%E0%B8%82%E0%B8%B2%E0%B8%A2","https://www.one2car.com/%E0%B8%A3%E0%B8%96-%E0%B8%AA%E0%B8%B3%E0%B8%AB%E0%B8%A3%E0%B8%B1%E0%B8%9A-%E0%B8%82%E0%B8%B2%E0%B8%A2?type=used&page_number=25&page_size=26","2021 Toyota HILUX REVO 2.4 Double Cab Prerunner Entry Pick...","590,000 บาท","อยากขายรถให้ได้ราคาดี พร้อมให้ราคารับซื้อรถที่คุณพอใจ ลอง เช็ดราคาจากที่อื่นแล้วยังไม่ถูกใ ...","90 - 95K กม.","สงขลา","Toyota HILUX REVO","มือสอง","เกียร์ธรรมดา"
"1786479351-402","https://www.one2car.com/%E0%B8%A3%E0%B8%96%E0%B8%A1%E0%B8%B7%E0%B8%AD%E0%B8%AA%E0%B8%AD%E0%B8%87-%E0%B8%AA%E0%B8%B3%E0%B8%AB%E0%B8%A3%E0%B8%B1%E0%B8%9A-%E0%B8%82%E0%B8%B2%E0%B8%A2","https://www.one2car.com/%E0%B8%A3%E0%B8%96-%E0%B8%AA%E0%B8%B3%E0%B8%AB%E0%B8%A3%E0%B8%B1%E0%B8%9A-%E0%B8%82%E0%B8%B2%E0%B8%A2?type=used&page_number=25&page_size=26","2023 Mercedes-Benz V250 2.0 W447 (ปี 14-18) d Exclusive Va...","2,790,000 บาท","🚩รถมือเดียว ออกศูนย์ Benz Thailand 🚩ไมล์แท้เพียง 69,000 กม. เท่านั้น 🚩กุญแจ 2 ดอก ...","65 - 70K กม.","กรุงเทพมหานคร","","มือสอง","เกียร์อัตโนมัติ"
"1786479355-403","https://www.one2car.com/%E0%B8%A3%E0%B8%96%E0%B8%A1%E0%B8%B7%E0%B8%AD%E0%B8%AA%E0%B8%AD%E0%B8%87-%E0%B8%AA%E0%B8%B3%E0%B8%AB%E0%B8%A3%E0%B8%B1%E0%B8%9A-%E0%B8%82%E0%B8%B2%E0%B8%A2","https://www.one2car.com/%E0%B8%A3%E0%B8%96-%E0%B8%AA%E0%B8%B3%E0%B8%AB%E0%B8%A3%E0%B8%B1%E0%B8%9A-%E0%B8%82%E0%B8%B2%E0%B8%A2?type=used&page_number=26&page_size=26","2022 Mercedes-Benz CLS220 2.0 W257 (ปี 18-24) d AMG Premiu...","2,390,000 บาท","🚩รถออกศูนย์ Benz Thailand 🚩ไมล์น้อยเพียง 59,000 กม. เท่านั้น 🚩กุญแจ 2 ดอก เอกสารครบ ...","55 - 60K กม.","กรุงเทพมหานคร","","มือสอง","เกียร์อัตโนมัติ"
"1786479355-404","https://www.one2car.com/%E0%B8%A3%E0%B8%96%E0%B8%A1%E0%B8%B7%E0%B8%AD%E0%B8%AA%E0%B8%AD%E0%B8%87-%E0%B8%AA%E0%B8%B3%E0%B8%AB%E0%B8%A3%E0%B8%B1%E0%B8%9A-%E0%B8%82%E0%B8%B2%E0%B8%A2","https://www.one2car.com/%E0%B8%A3%E0%B8%96-%E0%B8%AA%E0%B8%B3%E0%B8%AB%E0%B8%A3%E0%B8%B1%E0%B8%9A-%E0%B8%82%E0%B8%B2%E0%B8%A2?type=used&page_number=26&page_size=26","2014 Toyota FORTUNER 3.0 (ปี 12-15) V SUV","429,000 บาท","รถเข้าใหม่ครับ Toyota Fortuner 3.0 ปี 12จด14 ขับ 2 สีขาวมุก มือเดียวป้ายแดง ...","180 - 185K กม.","กรุงเทพมหานคร","Toyota FORTUNER","มือสอง","เกียร์อัตโนมัติ"
"1786479355-405","https://www.one2car.com/%E0%B8%A3%E0%B8%96%E0%B8%A1%E0%B8%B7%E0%B8%AD%E0%B8%AA%E0%B8%AD%E0%B8%87-%E0%B8%AA%E0%B8%B3%E0%B8%AB%E0%B8%A3%E0%B8%B1%E0%B8%9A-%E0%B8%82%E0%B8%B2%E0%B8%A2","https://www.one2car.com/%E0%B8%A3%E0%B8%96-%E0%B8%AA%E0%B8%B3%E0%B8%AB%E0%B8%A3%E0%B8%B1%E0%B8%9A-%E0%B8%82%E0%B8%B2%E0%B8%A2?type=used&page_number=26&page_size=26","2021 Jeep WRANGLER 2.0 (ปี 18-28) Rubicon SUV - 4WD","3,390,000 บาท","🚩สุดยอดรถออฟโรดสายลุยที่ควรมีติดบ้าน 🚩มือเดียว ออกศูนย์ TNP 🚩ไมล์น้อยเพียง 15,000 กม. ...","15 - 20K กม.","กรุงเทพมหานคร","","มือสอง","เกียร์อัตโนมัติ"
"1786479355-406","https://www.one2car.com/%E0%B8%A3%E0%B8%96%E0%B8%A1%E0%B8%B7%E0%B8%AD%E0%B8%AA%E0%B8%AD%E0%B8%87-%E0%B8%AA%E0%B8%B3%E0%B8%AB%E0%B8%A3%E0%B8%B1%E0%B8%9A-%E0%B8%82%E0%B8%B2%E0%B8%A2","https://www.one2car.com/%E0%B8%A3%E0%B8%96-%E0%B8%AA%E0%B8%B3%E0%B8%AB%E0%B8%A3%E0%B8%B1%E0%B8%9A-%E0%B8%82%E0%B8%B2%E0%B8%A2?type=used&page_number=26&page_size=26","2025 BMW 530e 2.0 G60 (ปี 24-31) M Sport Pro Sedan","2,590,000 บาท","BMW 530e M-Sport pro G60 ปี 2025 ไมล์ 15,000 km. ราคาพิเศษ 2,590,000 เท่านั้น * ...","15 - 20K กม.","กรุงเทพมหานคร","","มือสอง","เกียร์อัตโนมัติ"
"1786479355-407","https://www.one2car.com/%E0%B8%A3%E0%B8%96%E0%B8%A1%E0%B8%B7%E0%B8%AD%E0%B8%AA%E0%B8%AD%E0%B8%87-%E0%B8%AA%E0%B8%B3%E0%B8%AB%E0%B8%A3%E0%B8%B1%E0%B8%9A-%E0%B8%82%E0%B8%B2%E0%B8%A2","https://www.one2car.com/%E0%B8%A3%E0%B8%96-%E0%B8%AA%E0%B8%B3%E0%B8%AB%E0%B8%A3%E0%B8%B1%E0%B8%9A-%E0%B8%82%E0%B8%B2%E0%B8%A2?type=used&page_number=26&page_size=26","2021 Nissan ALMERA 1.0 (ปี 19-25) VL Sedan","330,000 บาท","Nissan Almere 1.0 VL turbo 2021 • รถบ้านแท้ ใช้งานน้อย รถปี 2021 • เครื่อง 1.0 Turbo ...","60 - 65K กม.","ปทุมธานี","Nissan ALMERA","มือสอง","เกียร์อัตโนมัติ"
"1786479355-408","https://www.one2car.com/%E0%B8%A3%E0%B8%96%E0%B8%A1%E0%B8%B7%E0%B8%AD%E0%B8%AA%E0%B8%AD%E0%B8%87-%E0%B8%AA%E0%B8%B3%E0%B8%AB%E0%B8%A3%E0%B8%B1%E0%B8%9A-%E0%B8%82%E0%B8%B2%E0%B8%A2","https://www.one2car.com/%E0%B8%A3%E0%B8%96-%E0%B8%AA%E0%B8%B3%E0%B8%AB%E0%B8%A3%E0%B8%B1%E0%B8%9A-%E0%B8%82%E0%B8%B2%E0%B8%A2?type=used&page_number=26&page_size=26","2022 Mercedes-Benz CLS220 2.0 W257 (ปี 18-24) d AMG Premiu...","2,690,000 บาท","🚩 รถศูนย์ Benz Thailand สีขาวเบาะสีแดงยอดนิยม 🚩ไมล์น้อยเพียง 29,000 กม. เท่านั้น 🚩กุญแจ 2 ...","25 - 30K กม.","กรุงเทพมหานคร","","มือสอง","เกียร์อัตโนมัติ"
"1786479355-409","https://www.one2car.com/%E0%B8%A3%E0%B8%96%E0%B8%A1%E0%B8%B7%E0%B8%AD%E0%B8%AA%E0%B8%AD%E0%B8%87-%E0%B8%AA%E0%B8%B3%E0%B8%AB%E0%B8%A3%E0%B8%B1%E0%B8%9A-%E0%B8%82%E0%B8%B2%E0%B8%A2","https://www.one2car.com/%E0%B8%A3%E0%B8%96-%E0%B8%AA%E0%B8%B3%E0%B8%AB%E0%B8%A3%E0%B8%B1%E0%B8%9A-%E0%B8%82%E0%B8%B2%E0%B8%A2?type=used&page_number=26&page_size=26","2021 BMW 330e 2.0 G20 (ปี 19-26) M Sport Sedan","1,090,000 บาท","BMW G20 330e M-Sport ปี 2021 - รถเจ้าของเดียว ไมล์ 80,000 km. - สีตัวรถสภาพ99% ...","80 - 85K กม.","กรุงเทพมหานคร","BMW 330e","มือสอง","เกียร์อัตโนมัติ"
"1786479355-410","https://www.one2car.com/%E0%B8%A3%E0%B8%96%E0%B8%A1%E0%B8%B7%E0%B8%AD%E0%B8%AA%E0%B8%AD%E0%B8%87-%E0%B8%AA%E0%B8%B3%E0%B8%AB%E0%B8%A3%E0%B8%B1%E0%B8%9A-%E0%B8%82%E0%B8%B2%E0%B8%A2","https://www.one2car.com/%E0%B8%A3%E0%B8%96-%E0%B8%AA%E0%B8%B3%E0%B8%AB%E0%B8%A3%E0%B8%B1%E0%B8%9A-%E0%B8%82%E0%B8%B2%E0%B8%A2?type=used&page_number=26&page_size=26","2017 Isuzu MU-X 3.0 (ปี 13-19) DVD SUV","528,000 บาท","จากราคา550,000บ.ลดเหลือ 528,000บ. -รถมือหนึ่งจากห้างฯ -รุ่นท็อประบบนำทางNavigator ...","0 - 5K กม.","นนทบุรี","Isuzu MU-X","มือสอง","เกียร์อัตโนมัติ"
"1786479355-411","https://www.one2car.com/%E0%B8%A3%E0%B8%96%E0%B8%A1%E0%B8%B7%E0%B8%AD%E0%B8%AA%E0%B8%AD%E0%B8%87-%E0%B8%AA%E0%B8%B3%E0%B8%AB%E0%B8%A3%E0%B8%B1%E0%B8%9A-%E0%B8%82%E0%B8%B2%E0%B8%A2","https://www.one2car.com/%E0%B8%A3%E0%B8%96-%E0%B8%AA%E0%B8%B3%E0%B8%AB%E0%B8%A3%E0%B8%B1%E0%B8%9A-%E0%B8%82%E0%B8%B2%E0%B8%A2?type=used&page_number=26&page_size=26","2022 Mini Countryman 2.0 F60 Cooper S Entry Hatchback","995,000 บาท","Mini Countryman S ปี2022 40,000โล โฉมใหม่ BSIเหลือ2ปี วอรันตรีเหลือ1ปี 995,000 ** ...","40000 กม.","กรุงเทพมหานคร","","มือสอง","เกียร์อัตโนมัติ"
"1786479355-412","https://www.one2car.com/%E0%B8%A3%E0%B8%96%E0%B8%A1%E0%B8%B7%E0%B8%AD%E0%B8%AA%E0%B8%AD%E0%B8%87-%E0%B8%AA%E0%B8%B3%E0%B8%AB%E0%B8%A3%E0%B8%B1%E0%B8%9A-%E0%B8%82%E0%B8%B2%E0%B8%A2","https://www.one2car.com/%E0%B8%A3%E0%B8%96-%E0%B8%AA%E0%B8%B3%E0%B8%AB%E0%B8%A3%E0%B8%B1%E0%B8%9A-%E0%B8%82%E0%B8%B2%E0%B8%A2?type=used&page_number=26&page_size=26","2021 Mazda CX-8 2.5 (ปี 19-26) S SUV","595,000 บาท","SUV 3 แถว 7 ที่นั่ง นั่งสบาย มือเดียว ไมล์ 88,xxx กม เครื่องเบนซิน ดูแลง่าย ขับง่าย ...","85 - 90K กม.","กรุงเทพมหานคร","","มือสอง","เกียร์อัตโนมัติ"
"1786479355-413","https://www.one2car.com/%E0%B8%A3%E0%B8%96%E0%B8%A1%E0%B8%B7%E0%B8%AD%E0%B8%AA%E0%B8%AD%E0%B8%87-%E0%B8%AA%E0%B8%B3%E0%B8%AB%E0%B8%A3%E0%B8%B1%E0%B8%9A-%E0%B8%82%E0%B8%B2%E0%B8%A2","https://www.one2car.com/%E0%B8%A3%E0%B8%96-%E0%B8%AA%E0%B8%B3%E0%B8%AB%E0%B8%A3%E0%B8%B1%E0%B8%9A-%E0%B8%82%E0%B8%B2%E0%B8%A2?type=used&page_number=26&page_size=26","2020 Mercedes-Benz GLC220 2.0 W253 (ปี 15-22) d 4MATIC AMG...","1,390,000 บาท","Benz GLC 220d AMG Dynamic ดีเซล โฉมใหม่ ปี2020 1,390,000 ** โฉมไมเนอร์เชนจ์ รุ่นท็อปสุด ...","85 - 90K กม.","กรุงเทพมหานคร","","มือสอง","เกียร์อัตโนมัติ"
"1786479360-414","https://www.one2car.com/%E0%B8%A3%E0%B8%96%E0%B8%A1%E0%B8%B7%E0%B8%AD%E0%B8%AA%E0%B8%AD%E0%B8%87-%E0%B8%AA%E0%B8%B3%E0%B8%AB%E0%B8%A3%E0%B8%B1%E0%B8%9A-%E0%B8%82%E0%B8%B2%E0%B8%A2","https://www.one2car.com/%E0%B8%A3%E0%B8%96-%E0%B8%AA%E0%B8%B3%E0%B8%AB%E0%B8%A3%E0%B8%B1%E0%B8%9A-%E0%B8%82%E0%B8%B2%E0%B8%A2?type=used&page_number=27&page_size=26","2018 Chevrolet COLORADO 2.5 Flex Cab (ปี 11-20) LT Z71 Pic...","209,000 บาท","🚗 ขาย Chevrolet Colorado สีขาว สวยพร้อมใช้งาน กระบะสายลุย หล่อเข้ม ขับดี นั่งสบาย ...","135 - 140K กม.","อุดรธานี","Chevrolet COLORADO","มือสอง","เกียร์ธรรมดา"
"1786479360-415","https://www.one2car.com/%E0%B8%A3%E0%B8%96%E0%B8%A1%E0%B8%B7%E0%B8%AD%E0%B8%AA%E0%B8%AD%E0%B8%87-%E0%B8%AA%E0%B8%B3%E0%B8%AB%E0%B8%A3%E0%B8%B1%E0%B8%9A-%E0%B8%82%E0%B8%B2%E0%B8%A2","https://www.one2car.com/%E0%B8%A3%E0%B8%96-%E0%B8%AA%E0%B8%B3%E0%B8%AB%E0%B8%A3%E0%B8%B1%E0%B8%9A-%E0%B8%82%E0%B8%B2%E0%B8%A2?type=used&page_number=27&page_size=26","2013 Honda CR-V 2.4 (ปี 12-16) EL SUV - AWD","250,000 บาท","ไม่มีการเกิดอุบัติเหตุ สภาพยางยังดีอยู่","155 - 160K กม.","กรุงเทพมหานคร","Honda CR-V","มือสอง","เกียร์อัตโนมัติ"
"1786479360-416","https://www.one2car.com/%E0%B8%A3%E0%B8%96%E0%B8%A1%E0%B8%B7%E0%B8%AD%E0%B8%AA%E0%B8%AD%E0%B8%87-%E0%B8%AA%E0%B8%B3%E0%B8%AB%E0%B8%A3%E0%B8%B1%E0%B8%9A-%E0%B8%82%E0%B8%B2%E0%B8%A2","https://www.one2car.com/%E0%B8%A3%E0%B8%96-%E0%B8%AA%E0%B8%B3%E0%B8%AB%E0%B8%A3%E0%B8%B1%E0%B8%9A-%E0%B8%82%E0%B8%B2%E0%B8%A2?type=used&page_number=27&page_size=26","2016 Toyota VIOS 1.5 (ปี 13-17) E Sedan","299,000 บาท","อยากขายรถให้ได้ราคาดี พร้อมให้ราคารับซื้อรถที่คุณพอใจ ลอง เช็ดราคาจากที่อื่นแล้วยังไม่ถูกใ ...","185958 กม.","สงขลา","Toyota VIOS","มือสอง","เกียร์อัตโนมัติ"
"1786479360-417","https://www.one2car.com/%E0%B8%A3%E0%B8%96%E0%B8%A1%E0%B8%B7%E0%B8%AD%E0%B8%AA%E0%B8%AD%E0%B8%87-%E0%B8%AA%E0%B8%B3%E0%B8%AB%E0%B8%A3%E0%B8%B1%E0%B8%9A-%E0%B8%82%E0%B8%B2%E0%B8%A2","https://www.one2car.com/%E0%B8%A3%E0%B8%96-%E0%B8%AA%E0%B8%B3%E0%B8%AB%E0%B8%A3%E0%B8%B1%E0%B8%9A-%E0%B8%82%E0%B8%B2%E0%B8%A2?type=used&page_number=27&page_size=26","2017 Honda ACCORD 2.0 (ปี 13-19) E Sedan","439,000 บาท","🇯🇵 Honda Accord 2.0 E 2017🇯🇵 🔥ราคา 439,000 บาท🔥 💸ผ่อนเริ่มต้น 9,xxx บ./ด.💸 ...","140 - 145K กม.","กรุงเทพมหานคร","Honda ACCORD","มือสอง","เกียร์อัตโนมัติ"
"1786479360-418","https://www.one2car.com/%E0%B8%A3%E0%B8%96%E0%B8%A1%E0%B8%B7%E0%B8%AD%E0%B8%AA%E0%B8%AD%E0%B8%87-%E0%B8%AA%E0%B8%B3%E0%B8%AB%E0%B8%A3%E0%B8%B1%E0%B8%9A-%E0%B8%82%E0%B8%B2%E0%B8%A2","https://www.one2car.com/%E0%B8%A3%E0%B8%96-%E0%B8%AA%E0%B8%B3%E0%B8%AB%E0%B8%A3%E0%B8%B1%E0%B8%9A-%E0%B8%82%E0%B8%B2%E0%B8%A2?type=used&page_number=27&page_size=26","2016 Toyota CAMRY 2.0 (ปี 12-18) G Extremo Sedan","459,000 บาท","🇯🇵 Toyota Camry 2.0 Extremo 2016🇯🇵 🔥ราคาเพียง 459,000 บาท🔥 💸จัดไฟแนนซ์ได้เต็ม ...","110 - 115K กม.","กรุงเทพมหานคร","Toyota CAMRY","มือสอง","เกียร์อัตโนมัติ"
"1786479360-419","https://www.one2car.com/%E0%B8%A3%E0%B8%96%E0%B8%A1%E0%B8%B7%E0%B8%AD%E0%B8%AA%E0%B8%AD%E0%B8%87-%E0%B8%AA%E0%B8%B3%E0%B8%AB%E0%B8%A3%E0%B8%B1%E0%B8%9A-%E0%B8%82%E0%B8%B2%E0%B8%A2","https://www.one2car.com/%E0%B8%A3%E0%B8%96-%E0%B8%AA%E0%B8%B3%E0%B8%AB%E0%B8%A3%E0%B8%B1%E0%B8%9A-%E0%B8%82%E0%B8%B2%E0%B8%A2?type=used&page_number=27&page_size=26","2006 Mercedes-Benz E220 2.1 W211 (ปี 03-09) Classic CDI Se...","209,000 บาท","Mercedes Benz E220 CDI Classic ปี 2006 (ค.ศ 05) 🔥ราคาพิเศษ 209,000 บาท🔥 💸ขายสด ...","200 - 205K กม.","กรุงเทพมหานคร","Mercedes-Benz E220","มือสอง","เกียร์อัตโนมัติ"
"1786479360-420","https://www.one2car.com/%E0%B8%A3%E0%B8%96%E0%B8%A1%E0%B8%B7%E0%B8%AD%E0%B8%AA%E0%B8%AD%E0%B8%87-%E0%B8%AA%E0%B8%B3%E0%B8%AB%E0%B8%A3%E0%B8%B1%E0%B8%9A-%E0%B8%82%E0%B8%B2%E0%B8%A2","https://www.one2car.com/%E0%B8%A3%E0%B8%96-%E0%B8%AA%E0%B8%B3%E0%B8%AB%E0%B8%A3%E0%B8%B1%E0%B8%9A-%E0%B8%82%E0%B8%B2%E0%B8%A2?type=used&page_number=27&page_size=26","2017 Mercedes-Benz E350 2.0 W213 (ปี 16-23) e Avantgarde S...","649,000 บาท","🇩🇪 Mercedes Benz E350e AV 2017🇩🇪 💰ราคาเพียง 720,000 บาท 💰 🌟ผ่อนเริ่มต้น 13,xxx บ./ด.🌟 ...","125 - 130K กม.","กรุงเทพมหานคร","Mercedes-Benz E350","มือสอง","เกียร์อัตโนมัติ"
"1786479360-421","https://www.one2car.com/%E0%B8%A3%E0%B8%96%E0%B8%A1%E0%B8%B7%E0%B8%AD%E0%B8%AA%E0%B8%AD%E0%B8%87-%E0%B8%AA%E0%B8%B3%E0%B8%AB%E0%B8%A3%E0%B8%B1%E0%B8%9A-%E0%B8%82%E0%B8%B2%E0%B8%A2","https://www.one2car.com/%E0%B8%A3%E0%B8%96-%E0%B8%AA%E0%B8%B3%E0%B8%AB%E0%B8%A3%E0%B8%B1%E0%B8%9A-%E0%B8%82%E0%B8%B2%E0%B8%A2?type=used&page_number=27&page_size=26","2016 Toyota YARIS 1.2 (ปี 13-17) E Hatchback","239,000 บาท","🇯🇵 Toyota Yaris 1.2 E 2016🇯🇵 🔥ราคา 239,000 บาท🔥 💸ผ่อนเริ่มต้น 5,xxx บ./ด.💸 ...","160 - 165K กม.","กรุงเทพมหานคร","Toyota YARIS","มือสอง","เกียร์อัตโนมัติ"
"1786479360-422","https://www.one2car.com/%E0%B8%A3%E0%B8%96%E0%B8%A1%E0%B8%B7%E0%B8%AD%E0%B8%AA%E0%B8%AD%E0%B8%87-%E0%B8%AA%E0%B8%B3%E0%B8%AB%E0%B8%A3%E0%B8%B1%E0%B8%9A-%E0%B8%82%E0%B8%B2%E0%B8%A2","https://www.one2car.com/%E0%B8%A3%E0%B8%96-%E0%B8%AA%E0%B8%B3%E0%B8%AB%E0%B8%A3%E0%B8%B1%E0%B8%9A-%E0%B8%82%E0%B8%B2%E0%B8%A2?type=used&page_number=27&page_size=26","2019 Hyundai H-1 2.5 (ปี 18-24) Elite Van","719,000 บาท","☝️ Hyundai H-1 2.5 Elite 2019☝️ 🔥ราคาเพียง 729,000 บาท🔥 💸ผ่อนเริ่มต้น 14,xxx บ./ด.💸 ...","135 - 140K กม.","กรุงเทพมหานคร","Hyundai H-1","มือสอง","เกียร์อัตโนมัติ"
"1786479360-423","https://www.one2car.com/%E0%B8%A3%E0%B8%96%E0%B8%A1%E0%B8%B7%E0%B8%AD%E0%B8%AA%E0%B8%AD%E0%B8%87-%E0%B8%AA%E0%B8%B3%E0%B8%AB%E0%B8%A3%E0%B8%B1%E0%B8%9A-%E0%B8%82%E0%B8%B2%E0%B8%A2","https://www.one2car.com/%E0%B8%A3%E0%B8%96-%E0%B8%AA%E0%B8%B3%E0%B8%AB%E0%B8%A3%E0%B8%B1%E0%B8%9A-%E0%B8%82%E0%B8%B2%E0%B8%A2?type=used&page_number=27&page_size=26","2022 Mercedes-Benz GLA200 1.3 W247 (ปี 20-27) AMG Dynamic ...","899,000 บาท","🇧🇪 Mercedes Benz GLA200 AMG 2022🇧🇪 🔥ราคาเพียง 929,000 บาท🔥 💸ผ่อนเริ่มต้น 18,xxx บ./ด.💸 ...","140 - 145K กม.","กรุงเทพมหานคร","","มือสอง","เกียร์อัตโนมัติ"
"1786479360-424","https://www.one2car.com/%E0%B8%A3%E0%B8%96%E0%B8%A1%E0%B8%B7%E0%B8%AD%E0%B8%AA%E0%B8%AD%E0%B8%87-%E0%B8%AA%E0%B8%B3%E0%B8%AB%E0%B8%A3%E0%B8%B1%E0%B8%9A-%E0%B8%82%E0%B8%B2%E0%B8%A2","https://www.one2car.com/%E0%B8%A3%E0%B8%96-%E0%B8%AA%E0%B8%B3%E0%B8%AB%E0%B8%A3%E0%B8%B1%E0%B8%9A-%E0%B8%82%E0%B8%B2%E0%B8%A2?type=used&page_number=27&page_size=26","2018 Mitsubishi PAJERO SPORT 2.4 (ปี 15-18) GT Premium SUV...","498,000 บาท","""มือเดียว SUV 7 ที่นั่ง รุ่นท็อป เจ้าของเดิมดูแลดี เข้าศูนย์ทุกระยะ ออปชันครบ ขับดี ...","230 - 235K กม.","กรุงเทพมหานคร","Mitsubishi PAJERO SPORT","มือสอง","เกียร์อัตโนมัติ"
"1786479360-425","https://www.one2car.com/%E0%B8%A3%E0%B8%96%E0%B8%A1%E0%B8%B7%E0%B8%AD%E0%B8%AA%E0%B8%AD%E0%B8%87-%E0%B8%AA%E0%B8%B3%E0%B8%AB%E0%B8%A3%E0%B8%B1%E0%B8%9A-%E0%B8%82%E0%B8%B2%E0%B8%A2","https://www.one2car.com/%E0%B8%A3%E0%B8%96-%E0%B8%AA%E0%B8%B3%E0%B8%AB%E0%B8%A3%E0%B8%B1%E0%B8%9A-%E0%B8%82%E0%B8%B2%E0%B8%A2?type=used&page_number=27&page_size=26","2012 Honda City 1.5 (ปี 08-14) V Sedan","189,000 บาท","👉ปี 2012 HONDA CITY 1.5 V i-VEC สีขาว เครื่องยนต์เบนซิน 1500 cc.น้ำมันล้วนๆ เกียร์ออโต้ ...","175 - 180K กม.","กรุงเทพมหานคร","Honda City","มือสอง","เกียร์อัตโนมัติ"
"1786479360-426","https://www.one2car.com/%E0%B8%A3%E0%B8%96%E0%B8%A1%E0%B8%B7%E0%B8%AD%E0%B8%AA%E0%B8%AD%E0%B8%87-%E0%B8%AA%E0%B8%B3%E0%B8%AB%E0%B8%A3%E0%B8%B1%E0%B8%9A-%E0%B8%82%E0%B8%B2%E0%B8%A2","https://www.one2car.com/%E0%B8%A3%E0%B8%96-%E0%B8%AA%E0%B8%B3%E0%B8%AB%E0%B8%A3%E0%B8%B1%E0%B8%9A-%E0%B8%82%E0%B8%B2%E0%B8%A2?type=used&page_number=27&page_size=26","2022 Toyota HILUX REVO 2.4 Smart Cab Prerunner Mid Pickup ...","569,000 บาท","👉🚙ปี 2022 TOYOTA HILUX REVO 2.4 Prerunner Smart Cab สีเทา 👉เกียร์ออโต้ 6 Speed ...","50 - 55K กม.","กรุงเทพมหานคร","Toyota HILUX REVO","มือสอง","เกียร์อัตโนมัติ"
"1786479360-427","https://www.one2car.com/%E0%B8%A3%E0%B8%96%E0%B8%A1%E0%B8%B7%E0%B8%AD%E0%B8%AA%E0%B8%AD%E0%B8%87-%E0%B8%AA%E0%B8%B3%E0%B8%AB%E0%B8%A3%E0%B8%B1%E0%B8%9A-%E0%B8%82%E0%B8%B2%E0%B8%A2","https://www.one2car.com/%E0%B8%A3%E0%B8%96-%E0%B8%AA%E0%B8%B3%E0%B8%AB%E0%B8%A3%E0%B8%B1%E0%B8%9A-%E0%B8%82%E0%B8%B2%E0%B8%A2?type=used&page_number=27&page_size=26","2020 Toyota Majesty 2.8 (ปี 19-30) Premium Van","1,339,000 บาท","2020 Toyota Majesty 2.8 Premium Van AT รถเซเลบเมืองไทย ใช้มือเดียว แต่่งหรูบาะVIP ...","145 - 150K กม.","ปทุมธานี","","มือสอง","เกียร์อัตโนมัติ"
"1786479360-428","https://www.one2car.com/%E0%B8%A3%E0%B8%96%E0%B8%A1%E0%B8%B7%E0%B8%AD%E0%B8%AA%E0%B8%AD%E0%B8%87-%E0%B8%AA%E0%B8%B3%E0%B8%AB%E0%B8%A3%E0%B8%B1%E0%B8%9A-%E0%B8%82%E0%B8%B2%E0%B8%A2","https://www.one2car.com/%E0%B8%A3%E0%B8%96-%E0%B8%AA%E0%B8%B3%E0%B8%AB%E0%B8%A3%E0%B8%B1%E0%B8%9A-%E0%B8%82%E0%B8%B2%E0%B8%A2?type=used&page_number=27&page_size=26","2009 Honda JAZZ 1.5 (ปี 08-14) V Hatchback","115,000 บาท","รถใช้งานได้ดี ระบบเกียร์ เบรค เครื่องยนต์ แอร์เย็น ทำการซ่อมบำรุงอย่างดี ...","265 - 270K กม.","กรุงเทพมหานคร","Honda JAZZ","มือสอง","เกียร์อัตโนมัติ"
"1786479365-429","https://www.one2car.com/%E0%B8%A3%E0%B8%96%E0%B8%A1%E0%B8%B7%E0%B8%AD%E0%B8%AA%E0%B8%AD%E0%B8%87-%E0%B8%AA%E0%B8%B3%E0%B8%AB%E0%B8%A3%E0%B8%B1%E0%B8%9A-%E0%B8%82%E0%B8%B2%E0%B8%A2","https://www.one2car.com/%E0%B8%A3%E0%B8%96-%E0%B8%AA%E0%B8%B3%E0%B8%AB%E0%B8%A3%E0%B8%B1%E0%B8%9A-%E0%B8%82%E0%B8%B2%E0%B8%A2?type=used&page_number=28&page_size=26","2019 Toyota HILUX REVO 2.4 Double Cab G Prerunner Rocco Pi...","649,000 บาท","ขายรถบ้าน วิ่งน้อยมือเดียว 2019 TOYOTA HILUX REVO สีขาว สีเดิมๆไม่เคยทำสี ชุดแต่ง ...","90 - 95K กม.","กรุงเทพมหานคร","Toyota HILUX REVO","มือสอง","เกียร์อัตโนมัติ"
"1786479365-430","https://www.one2car.com/%E0%B8%A3%E0%B8%96%E0%B8%A1%E0%B8%B7%E0%B8%AD%E0%B8%AA%E0%B8%AD%E0%B8%87-%E0%B8%AA%E0%B8%B3%E0%B8%AB%E0%B8%A3%E0%B8%B1%E0%B8%9A-%E0%B8%82%E0%B8%B2%E0%B8%A2","https://www.one2car.com/%E0%B8%A3%E0%B8%96-%E0%B8%AA%E0%B8%B3%E0%B8%AB%E0%B8%A3%E0%B8%B1%E0%B8%9A-%E0%B8%82%E0%B8%B2%E0%B8%A2?type=used&page_number=28&page_size=26","2016 Honda CIVIC 1.5 FC (ปี 16-20) Turbo Sedan - AT","420,000 บาท","สภาพยอดเยี่ยม เลขไมล์ต่ำ มีประวัติการเข้าศูนย์บริการ สภาพยางยังดีอยู่ ผู้หญิงขับ ...","120128 กม.","นนทบุรี","Honda CIVIC","มือสอง","เกียร์อัตโนมัติ"
"1786479365-431","https://www.one2car.com/%E0%B8%A3%E0%B8%96%E0%B8%A1%E0%B8%B7%E0%B8%AD%E0%B8%AA%E0%B8%AD%E0%B8%87-%E0%B8%AA%E0%B8%B3%E0%B8%AB%E0%B8%A3%E0%B8%B1%E0%B8%9A-%E0%B8%82%E0%B8%B2%E0%B8%A2","https://www.one2car.com/%E0%B8%A3%E0%B8%96-%E0%B8%AA%E0%B8%B3%E0%B8%AB%E0%B8%A3%E0%B8%B1%E0%B8%9A-%E0%B8%82%E0%B8%B2%E0%B8%A2?type=used&page_number=28&page_size=26","2010 Tata XENON 2.1 Single Cab Giant Pickup","95,000 บาท","🚛 ขายกระบะ TATA Xenon 2.1 CNG ปี 2010 🚛 *รถมือเดียว เจ้าของขายเอง* *รถสภาพดี ขับดี ...","75 - 80K กม.","กรุงเทพมหานคร","","มือสอง","เกียร์ธรรมดา"
"1786479365-432","https://www.one2car.com/%E0%B8%A3%E0%B8%96%E0%B8%A1%E0%B8%B7%E0%B8%AD%E0%B8%AA%E0%B8%AD%E0%B8%87-%E0%B8%AA%E0%B8%B3%E0%B8%AB%E0%B8%A3%E0%B8%B1%E0%B8%9A-%E0%B8%82%E0%B8%B2%E0%B8%A2","https://www.one2car.com/%E0%B8%A3%E0%B8%96-%E0%B8%AA%E0%B8%B3%E0%B8%AB%E0%B8%A3%E0%B8%B1%E0%B8%9A-%E0%B8%82%E0%B8%B2%E0%B8%A2?type=used&page_number=28&page_size=26","2023 Subaru BRZ 2.4 (ปี 22-28) Coupe - MT","2,050,000 บาท","ซูบารุ BRZ เกียร์ธรรมดา เครื่องยนต์ 2.4 ลิตร สีน้ำเงิน WRC Pearl Blue เจเนอเรชันที่สอง ...","5500 กม.","กรุงเทพมหานคร","","มือสอง","เกียร์ธรรมดา"
"1786479365-433","https://www.one2car.com/%E0%B8%A3%E0%B8%96%E0%B8%A1%E0%B8%B7%E0%B8%AD%E0%B8%AA%E0%B8%AD%E0%B8%87-%E0%B8%AA%E0%B8%B3%E0%B8%AB%E0%B8%A3%E0%B8%B1%E0%B8%9A-%E0%B8%82%E0%B8%B2%E0%B8%A2","https://www.one2car.com/%E0%B8%A3%E0%B8%96-%E0%B8%AA%E0%B8%B3%E0%B8%AB%E0%B8%A3%E0%B8%B1%E0%B8%9A-%E0%B8%82%E0%B8%B2%E0%B8%A2?type=used&page_number=28&page_size=26","2015 Honda HR-V 1.8 (ปี 14-18) S SUV","330,000 บาท","สภาพยอดเยี่ยม เช็คศูนย์ฮอนด้าตลอด มีประวัติการเข้าศูนย์บริการ ไม่มีการเกิดอุบัติเหตุ ...","225 - 230K กม.","กรุงเทพมหานคร","Honda HR-V","มือสอง","เกียร์อัตโนมัติ"
"1786479365-434","https://www.one2car.com/%E0%B8%A3%E0%B8%96%E0%B8%A1%E0%B8%B7%E0%B8%AD%E0%B8%AA%E0%B8%AD%E0%B8%87-%E0%B8%AA%E0%B8%B3%E0%B8%AB%E0%B8%A3%E0%B8%B1%E0%B8%9A-%E0%B8%82%E0%B8%B2%E0%B8%A2","https://www.one2car.com/%E0%B8%A3%E0%B8%96-%E0%B8%AA%E0%B8%B3%E0%B8%AB%E0%B8%A3%E0%B8%B1%E0%B8%9A-%E0%B8%82%E0%B8%B2%E0%B8%A2?type=used&page_number=28&page_size=26","2014 Nissan TEANA 2.0 (ปี 13-20) XL Sedan","259,000 บาท","🔥ปี2014 NISSAN TEANA L33 2.0 XL TOP AUTO ออฟชั่นเต็มๆ 🔥เครื่อง+ช่วงล่าง+เกียร์ดีเยี่ยม ...","185 - 190K กม.","กรุงเทพมหานคร","Nissan TEANA","มือสอง","เกียร์อัตโนมัติ"
"1786479365-435","https://www.one2car.com/%E0%B8%A3%E0%B8%96%E0%B8%A1%E0%B8%B7%E0%B8%AD%E0%B8%AA%E0%B8%AD%E0%B8%87-%E0%B8%AA%E0%B8%B3%E0%B8%AB%E0%B8%A3%E0%B8%B1%E0%B8%9A-%E0%B8%82%E0%B8%B2%E0%B8%A2","https://www.one2car.com/%E0%B8%A3%E0%B8%96-%E0%B8%AA%E0%B8%B3%E0%B8%AB%E0%B8%A3%E0%B8%B1%E0%B8%9A-%E0%B8%82%E0%B8%B2%E0%B8%A2?type=used&page_number=28&page_size=26","2018 Toyota HILUX REVO 2.4 Smart Cab E Plus Prerunner Pick...","395,000 บาท","2018 Toyota HILUX REVO 2.4 Smart Cab E Plus Prerunner Smart Cab Pickup 🔅🔅395,000🔅🔅 ...","100 - 105K กม.","กรุงเทพมหานคร","Toyota HILUX REVO","มือสอง","เกียร์อัตโนมัติ"
"1786479365-436","https://www.one2car.com/%E0%B8%A3%E0%B8%96%E0%B8%A1%E0%B8%B7%E0%B8%AD%E0%B8%AA%E0%B8%AD%E0%B8%87-%E0%B8%AA%E0%B8%B3%E0%B8%AB%E0%B8%A3%E0%B8%B1%E0%B8%9A-%E0%B8%82%E0%B8%B2%E0%B8%A2","https://www.one2car.com/%E0%B8%A3%E0%B8%96-%E0%B8%AA%E0%B8%B3%E0%B8%AB%E0%B8%A3%E0%B8%B1%E0%B8%9A-%E0%B8%82%E0%B8%B2%E0%B8%A2?type=used&page_number=28&page_size=26","2021 Toyota Corolla Cross 1.8 (ปี 20-26) Hybrid Premium SU...","729,000 บาท","🔸CARS X คัดมาให้แล้วรถสวยคุณภาพดี TOYOTA COROLLA CROSS 1.8 HYBRID PREMIUM สีขาว เกียร์ AT ...","80 - 85K กม.","กรุงเทพมหานคร","","มือสอง","เกียร์อัตโนมัติ"
"1786479365-437","https://www.one2car.com/%E0%B8%A3%E0%B8%96%E0%B8%A1%E0%B8%B7%E0%B8%AD%E0%B8%AA%E0%B8%AD%E0%B8%87-%E0%B8%AA%E0%B8%B3%E0%B8%AB%E0%B8%A3%E0%B8%B1%E0%B8%9A-%E0%B8%82%E0%B8%B2%E0%B8%A2","https://www.one2car.com/%E0%B8%A3%E0%B8%96-%E0%B8%AA%E0%B8%B3%E0%B8%AB%E0%B8%A3%E0%B8%B1%E0%B8%9A-%E0%B8%82%E0%B8%B2%E0%B8%A2?type=used&page_number=28&page_size=26","2022 Honda City 1.0 (ปี 19-26) V Sedan","369,000 บาท","รถเล็ก ผ่อนเริ่ม 6,xxx-./เดือน เครดิตดีฟรีดาวน์* รับประกัน 5 ปี มีรถให้ใช้ระหว่างซ่อม ...","90 - 95K กม.","กรุงเทพมหานคร","Honda City","มือสอง","เกียร์อัตโนมัติ"
"1786479365-438","https://www.one2car.com/%E0%B8%A3%E0%B8%96%E0%B8%A1%E0%B8%B7%E0%B8%AD%E0%B8%AA%E0%B8%AD%E0%B8%87-%E0%B8%AA%E0%B8%B3%E0%B8%AB%E0%B8%A3%E0%B8%B1%E0%B8%9A-%E0%B8%82%E0%B8%B2%E0%B8%A2","https://www.one2car.com/%E0%B8%A3%E0%B8%96-%E0%B8%AA%E0%B8%B3%E0%B8%AB%E0%B8%A3%E0%B8%B1%E0%B8%9A-%E0%B8%82%E0%B8%B2%E0%B8%A2?type=used&page_number=28&page_size=26","2022 Honda City 1.0 (ปี 19-26) V Sedan","369,000 บาท","รถเล็ก ผ่อนเริ่ม 6,xxx-./เดือน เครดิตดีฟรีดาวน์* รับประกัน 5 ปี มีรถให้ใช้ระหว่างซ่อม ...","90 - 95K กม.","ฉะเชิงเทรา","Honda City","มือสอง","เกียร์อัตโนมัติ"
"1786479365-439","https://www.one2car.com/%E0%B8%A3%E0%B8%96%E0%B8%A1%E0%B8%B7%E0%B8%AD%E0%B8%AA%E0%B8%AD%E0%B8%87-%E0%B8%AA%E0%B8%B3%E0%B8%AB%E0%B8%A3%E0%B8%B1%E0%B8%9A-%E0%B8%82%E0%B8%B2%E0%B8%A2","https://www.one2car.com/%E0%B8%A3%E0%B8%96-%E0%B8%AA%E0%B8%B3%E0%B8%AB%E0%B8%A3%E0%B8%B1%E0%B8%9A-%E0%B8%82%E0%B8%B2%E0%B8%A2?type=used&page_number=28&page_size=26","2021 Toyota HILUX REVO 2.4 Smart Cab E Plus Prerunner Pick...","539,000 บาท","ออกรถ 55 บาท ผ่อนเพียง 9,XXX **-. /เดือน ราคาพิเศษ 539,000 ราคากลาง : 495,000 ...","52474 กม.","ชลบุรี","Toyota HILUX REVO","มือสอง","เกียร์อัตโนมัติ"
"1786479365-440","https://www.one2car.com/%E0%B8%A3%E0%B8%96%E0%B8%A1%E0%B8%B7%E0%B8%AD%E0%B8%AA%E0%B8%AD%E0%B8%87-%E0%B8%AA%E0%B8%B3%E0%B8%AB%E0%B8%A3%E0%B8%B1%E0%B8%9A-%E0%B8%82%E0%B8%B2%E0%B8%A2","https://www.one2car.com/%E0%B8%A3%E0%B8%96-%E0%B8%AA%E0%B8%B3%E0%B8%AB%E0%B8%A3%E0%B8%B1%E0%B8%9A-%E0%B8%82%E0%B8%B2%E0%B8%A2?type=used&page_number=28&page_size=26","2021 Toyota Corolla Altis 1.8 (ปี 19-25) GR Sport Sedan   ...","539,000 บาท","ออกรถ 55 บาท ผ่อนเพียง 9,XXX **-. /เดือน ราคาพิเศษ 539,000 ราคากลาง : 560,000 ...","88540 กม.","กรุงเทพมหานคร","Toyota Corolla Altis","มือสอง","เกียร์อัตโนมัติ"
"1786479365-441","https://www.one2car.com/%E0%B8%A3%E0%B8%96%E0%B8%A1%E0%B8%B7%E0%B8%AD%E0%B8%AA%E0%B8%AD%E0%B8%87-%E0%B8%AA%E0%B8%B3%E0%B8%AB%E0%B8%A3%E0%B8%B1%E0%B8%9A-%E0%B8%82%E0%B8%B2%E0%B8%A2","https://www.one2car.com/%E0%B8%A3%E0%B8%96-%E0%B8%AA%E0%B8%B3%E0%B8%AB%E0%B8%A3%E0%B8%B1%E0%B8%9A-%E0%B8%82%E0%B8%B2%E0%B8%A2?type=used&page_number=28&page_size=26","2023 Isuzu D-MAX 3.0 Cab-4 (ปี 19-26) Vcross M Pickup - 4W...","959,000 บาท","รถกระบะ ผ่อนเริ่ม 17,xxx-./เดือน เครดิตดีฟรีดาวน์* รับประกัน 5 ปี มีรถให้ใช้ระหว่างซ่อม ...","35 - 40K กม.","กรุงเทพมหานคร","Isuzu D-MAX","มือสอง","เกียร์อัตโนมัติ"
"1786479365-442","https://www.one2car.com/%E0%B8%A3%E0%B8%96%E0%B8%A1%E0%B8%B7%E0%B8%AD%E0%B8%AA%E0%B8%AD%E0%B8%87-%E0%B8%AA%E0%B8%B3%E0%B8%AB%E0%B8%A3%E0%B8%B1%E0%B8%9A-%E0%B8%82%E0%B8%B2%E0%B8%A2","https://www.one2car.com/%E0%B8%A3%E0%B8%96-%E0%B8%AA%E0%B8%B3%E0%B8%AB%E0%B8%A3%E0%B8%B1%E0%B8%9A-%E0%B8%82%E0%B8%B2%E0%B8%A2?type=used&page_number=28&page_size=26","2021 Honda ACCORD 1.5 (ปี 19-23) Turbo EL Sedan","709,000 บาท","🔸 CARS X คัดมาให้แล้วรถสวยคุณภาพดี HONDA ACCORD 1.5 TURBO EL สีบรอนซ์ เกียร์ AT ปี 2021 ...","79065 กม.","สมุทรปราการ","Honda ACCORD","มือสอง","เกียร์อัตโนมัติ"
"1786479365-443","https://www.one2car.com/%E0%B8%A3%E0%B8%96%E0%B8%A1%E0%B8%B7%E0%B8%AD%E0%B8%AA%E0%B8%AD%E0%B8%87-%E0%B8%AA%E0%B8%B3%E0%B8%AB%E0%B8%A3%E0%B8%B1%E0%B8%9A-%E0%B8%82%E0%B8%B2%E0%B8%A2","https://www.one2car.com/%E0%B8%A3%E0%B8%96-%E0%B8%AA%E0%B8%B3%E0%B8%AB%E0%B8%A3%E0%B8%B1%E0%B8%9A-%E0%B8%82%E0%B8%B2%E0%B8%A2?type=used&page_number=28&page_size=26","2025 Isuzu D-MAX 2.2 Space Cab (ปี 19-26) L Pickup","599,000 บาท","รถปีใหม่ ไมล์น้อยผ่อนเริ่ม 10,xxx-./เดือน เครดิตดีฟรีดาวน์* รับประกัน 5 ปี ...","5 - 10K กม.","กรุงเทพมหานคร","Isuzu D-MAX","มือสอง","เกียร์ธรรมดา"
"1786479365-444","https://www.one2car.com/%E0%B8%A3%E0%B8%96%E0%B8%A1%E0%B8%B7%E0%B8%AD%E0%B8%AA%E0%B8%AD%E0%B8%87-%E0%B8%AA%E0%B8%B3%E0%B8%AB%E0%B8%A3%E0%B8%B1%E0%B8%9A-%E0%B8%82%E0%B8%B2%E0%B8%A2","https://www.one2car.com/%E0%B8%A3%E0%B8%96-%E0%B8%AA%E0%B8%B3%E0%B8%AB%E0%B8%A3%E0%B8%B1%E0%B8%9A-%E0%B8%82%E0%B8%B2%E0%B8%A2?type=used&page_number=28&page_size=26","2024 Toyota Corolla Cross 1.8 (ปี 20-26) HEV Premium SUV  ...","919,000 บาท","🔸 CARS X คัดมาให้แล้วรถสวยคุณภาพดี TOYOTA COROLLA CROSS 1.8 HEV PREMIUM สีบรอนซ์ เกียร์ ...","39247 กม.","กรุงเทพมหานคร","","มือสอง","เกียร์อัตโนมัติ"
"1786479365-445","https://www.one2car.com/%E0%B8%A3%E0%B8%96%E0%B8%A1%E0%B8%B7%E0%B8%AD%E0%B8%AA%E0%B8%AD%E0%B8%87-%E0%B8%AA%E0%B8%B3%E0%B8%AB%E0%B8%A3%E0%B8%B1%E0%B8%9A-%E0%B8%82%E0%B8%B2%E0%B8%A2","https://www.one2car.com/%E0%B8%A3%E0%B8%96-%E0%B8%AA%E0%B8%B3%E0%B8%AB%E0%B8%A3%E0%B8%B1%E0%B8%9A-%E0%B8%82%E0%B8%B2%E0%B8%A2?type=used&page_number=28&page_size=26","2021 Toyota Corolla Cross 1.8 (ปี 20-26) Hybrid Premium SU...","709,000 บาท","🔸 CARS X คัดมาให้แล้วรถสวยคุณภาพดี TOYOTA COROLLA CROSS 1.8 HYBRID PREMIUM สีเทาฟ้า ...","91970 กม.","กรุงเทพมหานคร","","มือสอง","เกียร์อัตโนมัติ"
"1786479365-446","https://www.one2car.com/%E0%B8%A3%E0%B8%96%E0%B8%A1%E0%B8%B7%E0%B8%AD%E0%B8%AA%E0%B8%AD%E0%B8%87-%E0%B8%AA%E0%B8%B3%E0%B8%AB%E0%B8%A3%E0%B8%B1%E0%B8%9A-%E0%B8%82%E0%B8%B2%E0%B8%A2","https://www.one2car.com/%E0%B8%A3%E0%B8%96-%E0%B8%AA%E0%B8%B3%E0%B8%AB%E0%B8%A3%E0%B8%B1%E0%B8%9A-%E0%B8%82%E0%B8%B2%E0%B8%A2?type=used&page_number=28&page_size=26","2022 Honda City 1.0 (ปี 19-26) V Sedan","389,000 บาท","รถเล็ก ผ่อนเริ่ม 6,xxx-./เดือน เครดิตดีฟรีดาวน์* รับประกัน 5 ปี มีรถให้ใช้ระหว่างซ่อม ...","40 - 45K กม.","กรุงเทพมหานคร","Honda City","มือสอง","เกียร์อัตโนมัติ"
"1786479365-447","https://www.one2car.com/%E0%B8%A3%E0%B8%96%E0%B8%A1%E0%B8%B7%E0%B8%AD%E0%B8%AA%E0%B8%AD%E0%B8%87-%E0%B8%AA%E0%B8%B3%E0%B8%AB%E0%B8%A3%E0%B8%B1%E0%B8%9A-%E0%B8%82%E0%B8%B2%E0%B8%A2","https://www.one2car.com/%E0%B8%A3%E0%B8%96-%E0%B8%AA%E0%B8%B3%E0%B8%AB%E0%B8%A3%E0%B8%B1%E0%B8%9A-%E0%B8%82%E0%B8%B2%E0%B8%A2?type=used&page_number=28&page_size=26","2021 Toyota CAMRY 2.5 (ปี 18-24) Hybrid Premium Sedan","889,000 บาท","ออกรถ 55 บาท ผ่อนเพียง 15,XXX **-. /เดือน ราคาพิเศษ 889,000 ______________________________ ...","68617 กม.","กรุงเทพมหานคร","Toyota CAMRY","มือสอง","เกียร์อัตโนมัติ"
"1786479370-448","https://www.one2car.com/%E0%B8%A3%E0%B8%96%E0%B8%A1%E0%B8%B7%E0%B8%AD%E0%B8%AA%E0%B8%AD%E0%B8%87-%E0%B8%AA%E0%B8%B3%E0%B8%AB%E0%B8%A3%E0%B8%B1%E0%B8%9A-%E0%B8%82%E0%B8%B2%E0%B8%A2","https://www.one2car.com/%E0%B8%A3%E0%B8%96-%E0%B8%AA%E0%B8%B3%E0%B8%AB%E0%B8%A3%E0%B8%B1%E0%B8%9A-%E0%B8%82%E0%B8%B2%E0%B8%A2?type=used&page_number=29&page_size=26","2025 Isuzu D-MAX 1.9 Space Cab (ปี 19-26) X-Series Speed P...","579,000 บาท","ออกรถ 55 บาท ผ่อนเพียง 10,XXX **-. /เดือน ราคาพิเศษ 579,000 ราคากลาง : 635,000 ...","27398 กม.","กรุงเทพมหานคร","Isuzu D-MAX","มือสอง","เกียร์ธรรมดา"
"1786479370-449","https://www.one2car.com/%E0%B8%A3%E0%B8%96%E0%B8%A1%E0%B8%B7%E0%B8%AD%E0%B8%AA%E0%B8%AD%E0%B8%87-%E0%B8%AA%E0%B8%B3%E0%B8%AB%E0%B8%A3%E0%B8%B1%E0%B8%9A-%E0%B8%82%E0%B8%B2%E0%B8%A2","https://www.one2car.com/%E0%B8%A3%E0%B8%96-%E0%B8%AA%E0%B8%B3%E0%B8%AB%E0%B8%A3%E0%B8%B1%E0%B8%9A-%E0%B8%82%E0%B8%B2%E0%B8%A2?type=used&page_number=29&page_size=26","2019 Toyota CAMRY 2.0 (ปี 18-24) G Sedan","599,000 บาท","🔸CARS X คัดมาให้แล้วรถสวยคุณภาพดี TOYOTA CAMRY 2.0 G สีเทา เกียร์ AT ปี 2018 เลขไมล์ ...","160 - 165K กม.","นครปฐม","Toyota CAMRY","มือสอง","เกียร์อัตโนมัติ"
"1786479370-450","https://www.one2car.com/%E0%B8%A3%E0%B8%96%E0%B8%A1%E0%B8%B7%E0%B8%AD%E0%B8%AA%E0%B8%AD%E0%B8%87-%E0%B8%AA%E0%B8%B3%E0%B8%AB%E0%B8%A3%E0%B8%B1%E0%B8%9A-%E0%B8%82%E0%B8%B2%E0%B8%A2","https://www.one2car.com/%E0%B8%A3%E0%B8%96-%E0%B8%AA%E0%B8%B3%E0%B8%AB%E0%B8%A3%E0%B8%B1%E0%B8%9A-%E0%B8%82%E0%B8%B2%E0%B8%A2?type=used&page_number=29&page_size=26","2019 Toyota VELLFIRE 2.5 (ปี 15-23) Van","1,419,000 บาท","รถตู้ ผ่อนเริ่ม 24,xxx-./เดือน เครดิตดีฟรีดาวน์* รับประกัน 5 ปี มีรถให้ใช้ระหว่างซ่อม ...","150 - 155K กม.","กรุงเทพมหานคร","Toyota VELLFIRE","มือสอง","เกียร์อัตโนมัติ"
"1786479370-451","https://www.one2car.com/%E0%B8%A3%E0%B8%96%E0%B8%A1%E0%B8%B7%E0%B8%AD%E0%B8%AA%E0%B8%AD%E0%B8%87-%E0%B8%AA%E0%B8%B3%E0%B8%AB%E0%B8%A3%E0%B8%B1%E0%B8%9A-%E0%B8%82%E0%B8%B2%E0%B8%A2","https://www.one2car.com/%E0%B8%A3%E0%B8%96-%E0%B8%AA%E0%B8%B3%E0%B8%AB%E0%B8%A3%E0%B8%B1%E0%B8%9A-%E0%B8%82%E0%B8%B2%E0%B8%A2?type=used&page_number=29&page_size=26","2014 Honda CIVIC 1.8 FB (ปี 12-16) S Sedan","295,000 บาท","รับประกันเครื่องยนต์–เกียร์ สูงสุด 10 ปี หรือ 100,000 กม. รับประกันโครงสร้าง 100% — ...","130 - 135K กม.","ปทุมธานี","Honda CIVIC","มือสอง","เกียร์อัตโนมัติ"
"1786479370-452","https://www.one2car.com/%E0%B8%A3%E0%B8%96%E0%B8%A1%E0%B8%B7%E0%B8%AD%E0%B8%AA%E0%B8%AD%E0%B8%87-%E0%B8%AA%E0%B8%B3%E0%B8%AB%E0%B8%A3%E0%B8%B1%E0%B8%9A-%E0%B8%82%E0%B8%B2%E0%B8%A2","https://www.one2car.com/%E0%B8%A3%E0%B8%96-%E0%B8%AA%E0%B8%B3%E0%B8%AB%E0%B8%A3%E0%B8%B1%E0%B8%9A-%E0%B8%82%E0%B8%B2%E0%B8%A2?type=used&page_number=29&page_size=26","2016 Mazda CX-5 2.2 (ปี 13-16) XDL SUV - AWD","369,000 บาท","‼️เข้าใหม่ #Mazda CX-5 2.2XDL 4WD 2016 🌟ออกรถ 999บาท ผ่อนสบาย 6,xxx/7 ปี ✅ราคาสุดพิเศษ ...","160 - 165K กม.","นนทบุรี","Mazda CX-5","มือสอง","เกียร์อัตโนมัติ"
"1786479370-453","https://www.one2car.com/%E0%B8%A3%E0%B8%96%E0%B8%A1%E0%B8%B7%E0%B8%AD%E0%B8%AA%E0%B8%AD%E0%B8%87-%E0%B8%AA%E0%B8%B3%E0%B8%AB%E0%B8%A3%E0%B8%B1%E0%B8%9A-%E0%B8%82%E0%B8%B2%E0%B8%A2","https://www.one2car.com/%E0%B8%A3%E0%B8%96-%E0%B8%AA%E0%B8%B3%E0%B8%AB%E0%B8%A3%E0%B8%B1%E0%B8%9A-%E0%B8%82%E0%B8%B2%E0%B8%A2?type=used&page_number=29&page_size=26","2024 Toyota FORTUNER 2.4 (ปี 15-25) Leader G SUV","979,000 บาท","ผ่านการรับรองตรวจสภาพ ที่ได้มาตรฐาน และการยอมรับ กว่า 344 จุด รับประกันศูนย์สูงสุด 5 ปี ...","15 - 20K กม.","ปทุมธานี","Toyota FORTUNER","มือสอง","เกียร์อัตโนมัติ"
"1786479370-454","https://www.one2car.com/%E0%B8%A3%E0%B8%96%E0%B8%A1%E0%B8%B7%E0%B8%AD%E0%B8%AA%E0%B8%AD%E0%B8%87-%E0%B8%AA%E0%B8%B3%E0%B8%AB%E0%B8%A3%E0%B8%B1%E0%B8%9A-%E0%B8%82%E0%B8%B2%E0%B8%A2","https://www.one2car.com/%E0%B8%A3%E0%B8%96-%E0%B8%AA%E0%B8%B3%E0%B8%AB%E0%B8%A3%E0%B8%B1%E0%B8%9A-%E0%B8%82%E0%B8%B2%E0%B8%A2?type=used&page_number=29&page_size=26","2021 Toyota FORTUNER 2.8 (ปี 15-25) Legender SUV - 4WD AT ...","929,000 บาท","2.8 Legender 4WD (รุ่นแต่งมาจากโรงงาน) รุ่น Top สุดในตระกูล Legender เป็นรองแค่ GR Sport ...","188476 กม.","กรุงเทพมหานคร","Toyota FORTUNER","มือสอง","เกียร์อัตโนมัติ"
"1786479370-455","https://www.one2car.com/%E0%B8%A3%E0%B8%96%E0%B8%A1%E0%B8%B7%E0%B8%AD%E0%B8%AA%E0%B8%AD%E0%B8%87-%E0%B8%AA%E0%B8%B3%E0%B8%AB%E0%B8%A3%E0%B8%B1%E0%B8%9A-%E0%B8%82%E0%B8%B2%E0%B8%A2","https://www.one2car.com/%E0%B8%A3%E0%B8%96-%E0%B8%AA%E0%B8%B3%E0%B8%AB%E0%B8%A3%E0%B8%B1%E0%B8%9A-%E0%B8%82%E0%B8%B2%E0%B8%A2?type=used&page_number=29&page_size=26","2022 Toyota FORTUNER 2.8 (ปี 15-25) GR Sport SUV - 4WD AT ...","1,190,000 บาท","GR Sport 4WD Model Top สุดในตระกูล Fortuner ไมล์เเท้ Model 2022 แท้ พร้อมสีดำยอดนิยม ...","124826 กม.","กรุงเทพมหานคร","Toyota FORTUNER","มือสอง","เกียร์อัตโนมัติ"
"1786479370-456","https://www.one2car.com/%E0%B8%A3%E0%B8%96%E0%B8%A1%E0%B8%B7%E0%B8%AD%E0%B8%AA%E0%B8%AD%E0%B8%87-%E0%B8%AA%E0%B8%B3%E0%B8%AB%E0%B8%A3%E0%B8%B1%E0%B8%9A-%E0%B8%82%E0%B8%B2%E0%B8%A2","https://www.one2car.com/%E0%B8%A3%E0%B8%96-%E0%B8%AA%E0%B8%B3%E0%B8%AB%E0%B8%A3%E0%B8%B1%E0%B8%9A-%E0%B8%82%E0%B8%B2%E0%B8%A2?type=used&page_number=29&page_size=26","2021 Toyota FORTUNER 2.8 (ปี 15-25) Legender SUV - AT","1,050,000 บาท","ไมล์แท้ 63,xxx KM เท่านั้น (วิ่งน้อยมาก) 2.8 Legender 2WD (ขับเคลื่อน 2 ล้อ) Model Top ...","63369 กม.","กรุงเทพมหานคร","Toyota FORTUNER","มือสอง","เกียร์อัตโนมัติ"
"1786479370-457","https://www.one2car.com/%E0%B8%A3%E0%B8%96%E0%B8%A1%E0%B8%B7%E0%B8%AD%E0%B8%AA%E0%B8%AD%E0%B8%87-%E0%B8%AA%E0%B8%B3%E0%B8%AB%E0%B8%A3%E0%B8%B1%E0%B8%9A-%E0%B8%82%E0%B8%B2%E0%B8%A2","https://www.one2car.com/%E0%B8%A3%E0%B8%96-%E0%B8%AA%E0%B8%B3%E0%B8%AB%E0%B8%A3%E0%B8%B1%E0%B8%9A-%E0%B8%82%E0%B8%B2%E0%B8%A2?type=used&page_number=29&page_size=26","2022 Toyota FORTUNER 2.4 (ปี 15-25) V SUV - 4WD AT","899,000 บาท","ไมล์แท้ 76,xxx KM (วิ่งน้อยมาก) 2.4 V Sigma4 (4WD) รุ่น TOP สุดเครื่องยนต์ 2.4 ...","76019 กม.","กรุงเทพมหานคร","Toyota FORTUNER","มือสอง","เกียร์อัตโนมัติ"
"1786479370-458","https://www.one2car.com/%E0%B8%A3%E0%B8%96%E0%B8%A1%E0%B8%B7%E0%B8%AD%E0%B8%AA%E0%B8%AD%E0%B8%87-%E0%B8%AA%E0%B8%B3%E0%B8%AB%E0%B8%A3%E0%B8%B1%E0%B8%9A-%E0%B8%82%E0%B8%B2%E0%B8%A2","https://www.one2car.com/%E0%B8%A3%E0%B8%96-%E0%B8%AA%E0%B8%B3%E0%B8%AB%E0%B8%A3%E0%B8%B1%E0%B8%9A-%E0%B8%82%E0%B8%B2%E0%B8%A2?type=used&page_number=29&page_size=26","2020 Toyota Yaris Ativ 1.2 (ปี 17-22) High Sedan","249,000 บาท","💙NEW ARRIVAL รถสวยเข้าใหม่ครับ รถบ้านแท้100% ราคาถูกที่สุดในประเทศ สภาพนี้หายากมากๆครับ ...","205 - 210K กม.","กรุงเทพมหานคร","Toyota Yaris Ativ","มือสอง","เกียร์อัตโนมัติ"
"1786479370-459","https://www.one2car.com/%E0%B8%A3%E0%B8%96%E0%B8%A1%E0%B8%B7%E0%B8%AD%E0%B8%AA%E0%B8%AD%E0%B8%87-%E0%B8%AA%E0%B8%B3%E0%B8%AB%E0%B8%A3%E0%B8%B1%E0%B8%9A-%E0%B8%82%E0%B8%B2%E0%B8%A2","https://www.one2car.com/%E0%B8%A3%E0%B8%96-%E0%B8%AA%E0%B8%B3%E0%B8%AB%E0%B8%A3%E0%B8%B1%E0%B8%9A-%E0%B8%82%E0%B8%B2%E0%B8%A2?type=used&page_number=29&page_size=26","2021 Toyota FORTUNER 2.4 (ปี 15-25) V SUV - 4WD AT","929,000 บาท","2.4 4WD รุ่น TOP สุดเครื่องยนต์ 2.4 ไมล์เเท้ 50,xxx KM MODEL MINORCHANGE ...","50183 กม.","กรุงเทพมหานคร","Toyota FORTUNER","มือสอง","เกียร์อัตโนมัติ"
"1786479370-460","https://www.one2car.com/%E0%B8%A3%E0%B8%96%E0%B8%A1%E0%B8%B7%E0%B8%AD%E0%B8%AA%E0%B8%AD%E0%B8%87-%E0%B8%AA%E0%B8%B3%E0%B8%AB%E0%B8%A3%E0%B8%B1%E0%B8%9A-%E0%B8%82%E0%B8%B2%E0%B8%A2","https://www.one2car.com/%E0%B8%A3%E0%B8%96-%E0%B8%AA%E0%B8%B3%E0%B8%AB%E0%B8%A3%E0%B8%B1%E0%B8%9A-%E0%B8%82%E0%B8%B2%E0%B8%A2?type=used&page_number=29&page_size=26","2022 Toyota FORTUNER 2.4 (ปี 15-25) Legender SUV - AT","999,000 บาท","2.4 Legender 2WD ไมล์เเท้ 50,xxx KM เท่านั้น (วิ่งน้อยมาก) รับประกันตัวรถ 5 ปี 150,000 KM ...","50320 กม.","กรุงเทพมหานคร","Toyota FORTUNER","มือสอง","เกียร์อัตโนมัติ"
"1786479370-461","https://www.one2car.com/%E0%B8%A3%E0%B8%96%E0%B8%A1%E0%B8%B7%E0%B8%AD%E0%B8%AA%E0%B8%AD%E0%B8%87-%E0%B8%AA%E0%B8%B3%E0%B8%AB%E0%B8%A3%E0%B8%B1%E0%B8%9A-%E0%B8%82%E0%B8%B2%E0%B8%A2","https://www.one2car.com/%E0%B8%A3%E0%B8%96-%E0%B8%AA%E0%B8%B3%E0%B8%AB%E0%B8%A3%E0%B8%B1%E0%B8%9A-%E0%B8%82%E0%B8%B2%E0%B8%A2?type=used&page_number=29&page_size=26","2022 Toyota FORTUNER 2.4 (ปี 15-25) Legender SUV - AT","999,000 บาท","ไมล์เเท้ 67,xxx KM เท่านั้น (วิ่งน้อยมาก) 2.4 Legender 2WD รุ่น Top ...","67639 กม.","กรุงเทพมหานคร","Toyota FORTUNER","มือสอง","เกียร์อัตโนมัติ"
"1786479370-462","https://www.one2car.com/%E0%B8%A3%E0%B8%96%E0%B8%A1%E0%B8%B7%E0%B8%AD%E0%B8%AA%E0%B8%AD%E0%B8%87-%E0%B8%AA%E0%B8%B3%E0%B8%AB%E0%B8%A3%E0%B8%B1%E0%B8%9A-%E0%B8%82%E0%B8%B2%E0%B8%A2","https://www.one2car.com/%E0%B8%A3%E0%B8%96-%E0%B8%AA%E0%B8%B3%E0%B8%AB%E0%B8%A3%E0%B8%B1%E0%B8%9A-%E0%B8%82%E0%B8%B2%E0%B8%A2?type=used&page_number=29&page_size=26","2023 Toyota FORTUNER 2.4 (ปี 15-25) Leader V SUV - AT","999,000 บาท","รุ่น Leader V ไมล์เเท้ 2,xxx KM MODEL MINORCHANGE รถแต่งไว้โปรโมทของ Toyota Motor ...","2855 กม.","กรุงเทพมหานคร","Toyota FORTUNER","มือสอง","เกียร์อัตโนมัติ"
"1786479370-463","https://www.one2car.com/%E0%B8%A3%E0%B8%96%E0%B8%A1%E0%B8%B7%E0%B8%AD%E0%B8%AA%E0%B8%AD%E0%B8%87-%E0%B8%AA%E0%B8%B3%E0%B8%AB%E0%B8%A3%E0%B8%B1%E0%B8%9A-%E0%B8%82%E0%B8%B2%E0%B8%A2","https://www.one2car.com/%E0%B8%A3%E0%B8%96-%E0%B8%AA%E0%B8%B3%E0%B8%AB%E0%B8%A3%E0%B8%B1%E0%B8%9A-%E0%B8%82%E0%B8%B2%E0%B8%A2?type=used&page_number=29&page_size=26","2023 Toyota FORTUNER 2.4 (ปี 15-25) Leader V SUV - AT","999,000 บาท","รุ่น Leader V ไมล์แท้ 49,xxx KM (วิ่งน้อยมากครับ) MODEL MINORCHANGE รับประกันตัวรถจาก ...","49043 กม.","กรุงเทพมหานคร","Toyota FORTUNER","มือสอง","เกียร์อัตโนมัติ"
"1786479370-464","https://www.one2car.com/%E0%B8%A3%E0%B8%96%E0%B8%A1%E0%B8%B7%E0%B8%AD%E0%B8%AA%E0%B8%AD%E0%B8%87-%E0%B8%AA%E0%B8%B3%E0%B8%AB%E0%B8%A3%E0%B8%B1%E0%B8%9A-%E0%B8%82%E0%B8%B2%E0%B8%A2","https://www.one2car.com/%E0%B8%A3%E0%B8%96-%E0%B8%AA%E0%B8%B3%E0%B8%AB%E0%B8%A3%E0%B8%B1%E0%B8%9A-%E0%B8%82%E0%B8%B2%E0%B8%A2?type=used&page_number=29&page_size=26","2022 Toyota FORTUNER 2.4 (ปี 15-25) Leader V SUV - 4WD AT ...","929,000 บาท","2.4 Leader V 4WD รุ่น TOP ที่สุดในตระกูล Leader ไมล์แท้ Model Minorchange 2022 ...","97332 กม.","กรุงเทพมหานคร","Toyota FORTUNER","มือสอง","เกียร์อัตโนมัติ"
"1786479370-465","https://www.one2car.com/%E0%B8%A3%E0%B8%96%E0%B8%A1%E0%B8%B7%E0%B8%AD%E0%B8%AA%E0%B8%AD%E0%B8%87-%E0%B8%AA%E0%B8%B3%E0%B8%AB%E0%B8%A3%E0%B8%B1%E0%B8%9A-%E0%B8%82%E0%B8%B2%E0%B8%A2","https://www.one2car.com/%E0%B8%A3%E0%B8%96-%E0%B8%AA%E0%B8%B3%E0%B8%AB%E0%B8%A3%E0%B8%B1%E0%B8%9A-%E0%B8%82%E0%B8%B2%E0%B8%A2?type=used&page_number=29&page_size=26","2025 Toyota FORTUNER 2.4 (ปี 15-25) Leader S SUV - AT","979,000 บาท","2.4 Leader S ไมล์เเท้ 15,xxx KM เท่านั้น (วิ่งน้อยมาก) Model 2025 พร้อมสีขาวมุก Platinum ...","15602 กม.","กรุงเทพมหานคร","Toyota FORTUNER","มือสอง","เกียร์อัตโนมัติ"
"1786479370-466","https://www.one2car.com/%E0%B8%A3%E0%B8%96%E0%B8%A1%E0%B8%B7%E0%B8%AD%E0%B8%AA%E0%B8%AD%E0%B8%87-%E0%B8%AA%E0%B8%B3%E0%B8%AB%E0%B8%A3%E0%B8%B1%E0%B8%9A-%E0%B8%82%E0%B8%B2%E0%B8%A2","https://www.one2car.com/%E0%B8%A3%E0%B8%96-%E0%B8%AA%E0%B8%B3%E0%B8%AB%E0%B8%A3%E0%B8%B1%E0%B8%9A-%E0%B8%82%E0%B8%B2%E0%B8%A2?type=used&page_number=29&page_size=26","2023 Toyota FORTUNER 2.4 (ปี 15-25) Leader G SUV - AT","929,000 บาท","Leader G ไมล์เเท้ 20,xxx KM เท่านั้น (วิ่งน้อยมาก) Model Minorchange (Leader โฉมปัจจุบัน ...","20451 กม.","กรุงเทพมหานคร","Toyota FORTUNER","มือสอง","เกียร์อัตโนมัติ"
"1786479370-467","https://www.one2car.com/%E0%B8%A3%E0%B8%96%E0%B8%A1%E0%B8%B7%E0%B8%AD%E0%B8%AA%E0%B8%AD%E0%B8%87-%E0%B8%AA%E0%B8%B3%E0%B8%AB%E0%B8%A3%E0%B8%B1%E0%B8%9A-%E0%B8%82%E0%B8%B2%E0%B8%A2","https://www.one2car.com/%E0%B8%A3%E0%B8%96-%E0%B8%AA%E0%B8%B3%E0%B8%AB%E0%B8%A3%E0%B8%B1%E0%B8%9A-%E0%B8%82%E0%B8%B2%E0%B8%A2?type=used&page_number=29&page_size=26","2023 Toyota FORTUNER 2.4 (ปี 15-25) Leader G SUV - AT","899,000 บาท","2.4 Leader G Model 2023 (ปลายปี) ไมล์เเท้ Model Minorchange (Leader โฉมปัจจุบัน) ...","78173 กม.","กรุงเทพมหานคร","Toyota FORTUNER","มือสอง","เกียร์อัตโนมัติ"
"1786479374-468","https://www.one2car.com/%E0%B8%A3%E0%B8%96%E0%B8%A1%E0%B8%B7%E0%B8%AD%E0%B8%AA%E0%B8%AD%E0%B8%87-%E0%B8%AA%E0%B8%B3%E0%B8%AB%E0%B8%A3%E0%B8%B1%E0%B8%9A-%E0%B8%82%E0%B8%B2%E0%B8%A2","https://www.one2car.com/%E0%B8%A3%E0%B8%96-%E0%B8%AA%E0%B8%B3%E0%B8%AB%E0%B8%A3%E0%B8%B1%E0%B8%9A-%E0%B8%82%E0%B8%B2%E0%B8%A2?type=used&page_number=30&page_size=26","2022 Toyota CAMRY 2.5 (ปี 18-24) HEV Premium Sedan - AT   ...","879,000 บาท","HEV Premium Model Big Minorchange (2022 ถึง 2024) สุดท้ายของโฉม A70 ไมล์แท้ ...","113100 กม.","กรุงเทพมหานคร","Toyota CAMRY","มือสอง","เกียร์อัตโนมัติ"
"1786479374-469","https://www.one2car.com/%E0%B8%A3%E0%B8%96%E0%B8%A1%E0%B8%B7%E0%B8%AD%E0%B8%AA%E0%B8%AD%E0%B8%87-%E0%B8%AA%E0%B8%B3%E0%B8%AB%E0%B8%A3%E0%B8%B1%E0%B8%9A-%E0%B8%82%E0%B8%B2%E0%B8%A2","https://www.one2car.com/%E0%B8%A3%E0%B8%96-%E0%B8%AA%E0%B8%B3%E0%B8%AB%E0%B8%A3%E0%B8%B1%E0%B8%9A-%E0%B8%82%E0%B8%B2%E0%B8%A2?type=used&page_number=30&page_size=26","2021 Toyota CAMRY 2.5 (ปี 18-24) HEV Premium Sedan - AT   ...","899,000 บาท","HEV Premium ไมล์แท้ Model Minorchange ชุดแต่ง Modellista รับประกันตัวรถ 5 ปี 150,000 KM / ...","113117 กม.","กรุงเทพมหานคร","Toyota CAMRY","มือสอง","เกียร์อัตโนมัติ"
"1786479374-470","https://www.one2car.com/%E0%B8%A3%E0%B8%96%E0%B8%A1%E0%B8%B7%E0%B8%AD%E0%B8%AA%E0%B8%AD%E0%B8%87-%E0%B8%AA%E0%B8%B3%E0%B8%AB%E0%B8%A3%E0%B8%B1%E0%B8%9A-%E0%B8%82%E0%B8%B2%E0%B8%A2","https://www.one2car.com/%E0%B8%A3%E0%B8%96-%E0%B8%AA%E0%B8%B3%E0%B8%AB%E0%B8%A3%E0%B8%B1%E0%B8%9A-%E0%B8%82%E0%B8%B2%E0%B8%A2?type=used&page_number=30&page_size=26","2022 Toyota CAMRY 2.5 (ปี 18-24) HEV Premium Luxury Sedan ...","999,000 บาท","2.5 HEV Premium Luxury รุ่น TOP สุด ไมล์แท้ 87,xxx KM Model Big Minorchange (2022 ถึง ...","87415 กม.","กรุงเทพมหานคร","Toyota CAMRY","มือสอง","เกียร์อัตโนมัติ"
"1786479374-471","https://www.one2car.com/%E0%B8%A3%E0%B8%96%E0%B8%A1%E0%B8%B7%E0%B8%AD%E0%B8%AA%E0%B8%AD%E0%B8%87-%E0%B8%AA%E0%B8%B3%E0%B8%AB%E0%B8%A3%E0%B8%B1%E0%B8%9A-%E0%B8%82%E0%B8%B2%E0%B8%A2","https://www.one2car.com/%E0%B8%A3%E0%B8%96-%E0%B8%AA%E0%B8%B3%E0%B8%AB%E0%B8%A3%E0%B8%B1%E0%B8%9A-%E0%B8%82%E0%B8%B2%E0%B8%A2?type=used&page_number=30&page_size=26","2022 Toyota CAMRY 2.5 (ปี 18-24) HEV Premium Luxury Sedan ...","959,000 บาท","2.5 HEV Premium Luxury รุ่น TOP สุด ไมล์แท้ Model Big Minorchange (2022 ถึง 2024) ...","128613 กม.","กรุงเทพมหานคร","Toyota CAMRY","มือสอง","เกียร์อัตโนมัติ"
"1786479374-472","https://www.one2car.com/%E0%B8%A3%E0%B8%96%E0%B8%A1%E0%B8%B7%E0%B8%AD%E0%B8%AA%E0%B8%AD%E0%B8%87-%E0%B8%AA%E0%B8%B3%E0%B8%AB%E0%B8%A3%E0%B8%B1%E0%B8%9A-%E0%B8%82%E0%B8%B2%E0%B8%A2","https://www.one2car.com/%E0%B8%A3%E0%B8%96-%E0%B8%AA%E0%B8%B3%E0%B8%AB%E0%B8%A3%E0%B8%B1%E0%B8%9A-%E0%B8%82%E0%B8%B2%E0%B8%A2?type=used&page_number=30&page_size=26","2021 Toyota HIACE 2.8 (ปี 19-30) Eco Van","719,000 บาท","ไมล์น้อย 9X,XXX Km. ไฮเอชตู้ทึบ โฉมใหม่ หน้ายาว MODEL ปี 2021 แท้ๆ ไม่ลากจดทะเบียน โฉม ...","90 - 95K กม.","กรุงเทพมหานคร","Toyota HIACE","มือสอง","เกียร์ธรรมดา"
"1786479374-473","https://www.one2car.com/%E0%B8%A3%E0%B8%96%E0%B8%A1%E0%B8%B7%E0%B8%AD%E0%B8%AA%E0%B8%AD%E0%B8%87-%E0%B8%AA%E0%B8%B3%E0%B8%AB%E0%B8%A3%E0%B8%B1%E0%B8%9A-%E0%B8%82%E0%B8%B2%E0%B8%A2","https://www.one2car.com/%E0%B8%A3%E0%B8%96-%E0%B8%AA%E0%B8%B3%E0%B8%AB%E0%B8%A3%E0%B8%B1%E0%B8%9A-%E0%B8%82%E0%B8%B2%E0%B8%A2?type=used&page_number=30&page_size=26","2021 Toyota CAMRY 2.5 (ปี 18-24) Hybrid Premium Sedan - AT...","799,000 บาท","Hybrid Premium (Top ที่สุดในรุ่น) Full Option ไมล์แท้ รับประกันแบตเตอรี่ Hybrid 10 ปี ...","122854 กม.","กรุงเทพมหานคร","Toyota CAMRY","มือสอง","เกียร์อัตโนมัติ"
"1786479374-474","https://www.one2car.com/%E0%B8%A3%E0%B8%96%E0%B8%A1%E0%B8%B7%E0%B8%AD%E0%B8%AA%E0%B8%AD%E0%B8%87-%E0%B8%AA%E0%B8%B3%E0%B8%AB%E0%B8%A3%E0%B8%B1%E0%B8%9A-%E0%B8%82%E0%B8%B2%E0%B8%A2","https://www.one2car.com/%E0%B8%A3%E0%B8%96-%E0%B8%AA%E0%B8%B3%E0%B8%AB%E0%B8%A3%E0%B8%B1%E0%B8%9A-%E0%B8%82%E0%B8%B2%E0%B8%A2?type=used&page_number=30&page_size=26","2021 Toyota CAMRY 2.0 (ปี 18-24) G Sedan - AT","659,000 บาท","2.0 G Model 2021 ไมล์แท้ มาพร้อมสีดำยอดนิยม สภาพตัวรถโดยรวมฟอร์มรถสวยใกล้เคียงรถใหม่ ...","139817 กม.","กรุงเทพมหานคร","Toyota CAMRY","มือสอง","เกียร์อัตโนมัติ"
"1786479374-475","https://www.one2car.com/%E0%B8%A3%E0%B8%96%E0%B8%A1%E0%B8%B7%E0%B8%AD%E0%B8%AA%E0%B8%AD%E0%B8%87-%E0%B8%AA%E0%B8%B3%E0%B8%AB%E0%B8%A3%E0%B8%B1%E0%B8%9A-%E0%B8%82%E0%B8%B2%E0%B8%A2","https://www.one2car.com/%E0%B8%A3%E0%B8%96-%E0%B8%AA%E0%B8%B3%E0%B8%AB%E0%B8%A3%E0%B8%B1%E0%B8%9A-%E0%B8%82%E0%B8%B2%E0%B8%A2?type=used&page_number=30&page_size=26","2020 Toyota CAMRY 2.0 (ปี 18-24) G Sedan - AT","799,000 บาท","2.0 G ไมล์แท้ 28,xxx KM เท่านั้น (วิ่งน้อยมาก) Model 2020 พร้อมสีขาว Platinum White Pearl ...","28481 กม.","กรุงเทพมหานคร","Toyota CAMRY","มือสอง","เกียร์อัตโนมัติ"
"1786479374-476","https://www.one2car.com/%E0%B8%A3%E0%B8%96%E0%B8%A1%E0%B8%B7%E0%B8%AD%E0%B8%AA%E0%B8%AD%E0%B8%87-%E0%B8%AA%E0%B8%B3%E0%B8%AB%E0%B8%A3%E0%B8%B1%E0%B8%9A-%E0%B8%82%E0%B8%B2%E0%B8%A2","https://www.one2car.com/%E0%B8%A3%E0%B8%96-%E0%B8%AA%E0%B8%B3%E0%B8%AB%E0%B8%A3%E0%B8%B1%E0%B8%9A-%E0%B8%82%E0%B8%B2%E0%B8%A2?type=used&page_number=30&page_size=26","2020 Toyota CAMRY 2.5 (ปี 18-24) G Sedan - AT","729,000 บาท","2.5 G (Sunroof) รุ่น TOP ที่สุดในไลน์อัพเครื่องยนต์เบนซิน ไมล์เเท้ พร้อมสีดำยอดนิยม ...","112122 กม.","กรุงเทพมหานคร","Toyota CAMRY","มือสอง","เกียร์อัตโนมัติ"
"1786479374-477","https://www.one2car.com/%E0%B8%A3%E0%B8%96%E0%B8%A1%E0%B8%B7%E0%B8%AD%E0%B8%AA%E0%B8%AD%E0%B8%87-%E0%B8%AA%E0%B8%B3%E0%B8%AB%E0%B8%A3%E0%B8%B1%E0%B8%9A-%E0%B8%82%E0%B8%B2%E0%B8%A2","https://www.one2car.com/%E0%B8%A3%E0%B8%96-%E0%B8%AA%E0%B8%B3%E0%B8%AB%E0%B8%A3%E0%B8%B1%E0%B8%9A-%E0%B8%82%E0%B8%B2%E0%B8%A2?type=used&page_number=30&page_size=26","2022 Toyota INNOVA 2.8 (ปี 16-22) Crysta Premium Wagon - A...","699,000 บาท","Crysta Premium (TOP ที่สุดในรุ่น) เบาะแยกแบบ Captain Seat ไมล์เเท้ Model Minorchange ...","135867 กม.","กรุงเทพมหานคร","Toyota INNOVA","มือสอง","เกียร์อัตโนมัติ"
"1786479374-478","https://www.one2car.com/%E0%B8%A3%E0%B8%96%E0%B8%A1%E0%B8%B7%E0%B8%AD%E0%B8%AA%E0%B8%AD%E0%B8%87-%E0%B8%AA%E0%B8%B3%E0%B8%AB%E0%B8%A3%E0%B8%B1%E0%B8%9A-%E0%B8%82%E0%B8%B2%E0%B8%A2","https://www.one2car.com/%E0%B8%A3%E0%B8%96-%E0%B8%AA%E0%B8%B3%E0%B8%AB%E0%B8%A3%E0%B8%B1%E0%B8%9A-%E0%B8%82%E0%B8%B2%E0%B8%A2?type=used&page_number=30&page_size=26","2022 Toyota INNOVA 2.8 (ปี 16-22) Crysta Premium Wagon - A...","729,000 บาท","Crysta Premium (TOP ที่สุดในรุ่น) เบาะแยกแบบ Captain Seat ไมล์เเท้ Model Minorchange ...","106830 กม.","กรุงเทพมหานคร","Toyota INNOVA","มือสอง","เกียร์อัตโนมัติ"
"1786479374-479","https://www.one2car.com/%E0%B8%A3%E0%B8%96%E0%B8%A1%E0%B8%B7%E0%B8%AD%E0%B8%AA%E0%B8%AD%E0%B8%87-%E0%B8%AA%E0%B8%B3%E0%B8%AB%E0%B8%A3%E0%B8%B1%E0%B8%9A-%E0%B8%82%E0%B8%B2%E0%B8%A2","https://www.one2car.com/%E0%B8%A3%E0%B8%96-%E0%B8%AA%E0%B8%B3%E0%B8%AB%E0%B8%A3%E0%B8%B1%E0%B8%9A-%E0%B8%82%E0%B8%B2%E0%B8%A2?type=used&page_number=30&page_size=26","2022 Toyota Corolla Cross 1.8 (ปี 20-26) Hybrid Premium Sa...","759,000 บาท","Hybrid Premium Safety (Full Option) ไมล์เเท้ 17,xxx KM เท่านั้น (วิ่งน้อยมาก) ...","17236 กม.","กรุงเทพมหานคร","","มือสอง","เกียร์อัตโนมัติ"
"1786479374-480","https://www.one2car.com/%E0%B8%A3%E0%B8%96%E0%B8%A1%E0%B8%B7%E0%B8%AD%E0%B8%AA%E0%B8%AD%E0%B8%87-%E0%B8%AA%E0%B8%B3%E0%B8%AB%E0%B8%A3%E0%B8%B1%E0%B8%9A-%E0%B8%82%E0%B8%B2%E0%B8%A2","https://www.one2car.com/%E0%B8%A3%E0%B8%96-%E0%B8%AA%E0%B8%B3%E0%B8%AB%E0%B8%A3%E0%B8%B1%E0%B8%9A-%E0%B8%82%E0%B8%B2%E0%B8%A2?type=used&page_number=30&page_size=26","2022 Toyota Corolla Altis 1.8 (ปี 19-25) Hybrid GR Sport S...","659,000 บาท","Hybrid (GR Sport) รุ่นแต่งทั้งคันจากโรงงาน Model TOP ที่สุดของ Altis ไมล์แท้ พร้อมสีขาว ...","93173 กม.","กรุงเทพมหานคร","Toyota Corolla Altis","มือสอง","เกียร์อัตโนมัติ"
"1786479374-481","https://www.one2car.com/%E0%B8%A3%E0%B8%96%E0%B8%A1%E0%B8%B7%E0%B8%AD%E0%B8%AA%E0%B8%AD%E0%B8%87-%E0%B8%AA%E0%B8%B3%E0%B8%AB%E0%B8%A3%E0%B8%B1%E0%B8%9A-%E0%B8%82%E0%B8%B2%E0%B8%A2","https://www.one2car.com/%E0%B8%A3%E0%B8%96-%E0%B8%AA%E0%B8%B3%E0%B8%AB%E0%B8%A3%E0%B8%B1%E0%B8%9A-%E0%B8%82%E0%B8%B2%E0%B8%A2?type=used&page_number=30&page_size=26","2022 Toyota Corolla Altis 1.8 (ปี 19-25) Hybrid Premium Se...","559,000 บาท","1.8 Hybrid Premium (E-CVT) Model 2022 ไมล์แท้ รับประกันตัวรถ 5 ปี 150,000 KM / ...","94595 กม.","กรุงเทพมหานคร","Toyota Corolla Altis","มือสอง","เกียร์อัตโนมัติ"
"1786479374-482","https://www.one2car.com/%E0%B8%A3%E0%B8%96%E0%B8%A1%E0%B8%B7%E0%B8%AD%E0%B8%AA%E0%B8%AD%E0%B8%87-%E0%B8%AA%E0%B8%B3%E0%B8%AB%E0%B8%A3%E0%B8%B1%E0%B8%9A-%E0%B8%82%E0%B8%B2%E0%B8%A2","https://www.one2car.com/%E0%B8%A3%E0%B8%96-%E0%B8%AA%E0%B8%B3%E0%B8%AB%E0%B8%A3%E0%B8%B1%E0%B8%9A-%E0%B8%82%E0%B8%B2%E0%B8%A2?type=used&page_number=30&page_size=26","2020 Toyota Corolla Altis 1.6 (ปี 19-25) G Sedan","459,000 บาท","1.6 G CVT ไมล์แท้ 62,xxx KM (วิ่งน้อยมาก) พร้อมสีบรอนซ์เงินเรียบหรูมีรสนิยม ดูแลรักษาง่าย ...","62792 กม.","กรุงเทพมหานคร","Toyota Corolla Altis","มือสอง","เกียร์อัตโนมัติ"
"1786479374-483","https://www.one2car.com/%E0%B8%A3%E0%B8%96%E0%B8%A1%E0%B8%B7%E0%B8%AD%E0%B8%AA%E0%B8%AD%E0%B8%87-%E0%B8%AA%E0%B8%B3%E0%B8%AB%E0%B8%A3%E0%B8%B1%E0%B8%9A-%E0%B8%82%E0%B8%B2%E0%B8%A2","https://www.one2car.com/%E0%B8%A3%E0%B8%96-%E0%B8%AA%E0%B8%B3%E0%B8%AB%E0%B8%A3%E0%B8%B1%E0%B8%9A-%E0%B8%82%E0%B8%B2%E0%B8%A2?type=used&page_number=30&page_size=26","2022 Toyota Corolla Altis 1.6 (ปี 19-25) G Sedan","489,000 บาท","1.6 G CVT MODEL 2022 ไมล์เเท้ 91,xxx KM รับประกันตัวรถ 5 ปี 150,000 KM ถึงปี 2027 ...","91652 กม.","กรุงเทพมหานคร","Toyota Corolla Altis","มือสอง","เกียร์อัตโนมัติ"
"1786479374-484","https://www.one2car.com/%E0%B8%A3%E0%B8%96%E0%B8%A1%E0%B8%B7%E0%B8%AD%E0%B8%AA%E0%B8%AD%E0%B8%87-%E0%B8%AA%E0%B8%B3%E0%B8%AB%E0%B8%A3%E0%B8%B1%E0%B8%9A-%E0%B8%82%E0%B8%B2%E0%B8%A2","https://www.one2car.com/%E0%B8%A3%E0%B8%96-%E0%B8%AA%E0%B8%B3%E0%B8%AB%E0%B8%A3%E0%B8%B1%E0%B8%9A-%E0%B8%82%E0%B8%B2%E0%B8%A2?type=used&page_number=30&page_size=26","2022 Toyota ALPHARD 2.5 (ปี 15-23) S C-Package Van - AT   ...","1,990,000 บาท","2.5 S C-Package ไมล์เเท้ 29,xxx KM (วิ่งน้อยมาก) Model Minorchange 2021 ถึง 2022 ...","29049 กม.","กรุงเทพมหานคร","Toyota ALPHARD","มือสอง","เกียร์อัตโนมัติ"
"1786479374-485","https://www.one2car.com/%E0%B8%A3%E0%B8%96%E0%B8%A1%E0%B8%B7%E0%B8%AD%E0%B8%AA%E0%B8%AD%E0%B8%87-%E0%B8%AA%E0%B8%B3%E0%B8%AB%E0%B8%A3%E0%B8%B1%E0%B8%9A-%E0%B8%82%E0%B8%B2%E0%B8%A2","https://www.one2car.com/%E0%B8%A3%E0%B8%96-%E0%B8%AA%E0%B8%B3%E0%B8%AB%E0%B8%A3%E0%B8%B1%E0%B8%9A-%E0%B8%82%E0%B8%B2%E0%B8%A2?type=used&page_number=30&page_size=26","2019 Toyota ALPHARD 3.5 (ปี 15-23) Executive Lounge Van - ...","1,890,000 บาท","3.5 Executive Lounge รุ่น TOP ที่สุดในตระกูล Alphard รถศูนย์ Toyota Thailand ...","92570 กม.","กรุงเทพมหานคร","Toyota ALPHARD","มือสอง","เกียร์อัตโนมัติ"
"1786479374-486","https://www.one2car.com/%E0%B8%A3%E0%B8%96%E0%B8%A1%E0%B8%B7%E0%B8%AD%E0%B8%AA%E0%B8%AD%E0%B8%87-%E0%B8%AA%E0%B8%B3%E0%B8%AB%E0%B8%A3%E0%B8%B1%E0%B8%9A-%E0%B8%82%E0%B8%B2%E0%B8%A2","https://www.one2car.com/%E0%B8%A3%E0%B8%96-%E0%B8%AA%E0%B8%B3%E0%B8%AB%E0%B8%A3%E0%B8%B1%E0%B8%9A-%E0%B8%82%E0%B8%B2%E0%B8%A2?type=used&page_number=30&page_size=26","2023 Mazda CX-8 2.5 (ปี 19-26) SP Exclusive SUV","859,000 บาท","2.5 SP Exclusive รุ่น TOP สุดเครื่องยนต์เบนซิน ไมล์เเท้ Minorchange (2022 ถึงปัจจุบัน) ...","82337 กม.","กรุงเทพมหานคร","","มือสอง","เกียร์อัตโนมัติ"
"1786479374-487","https://www.one2car.com/%E0%B8%A3%E0%B8%96%E0%B8%A1%E0%B8%B7%E0%B8%AD%E0%B8%AA%E0%B8%AD%E0%B8%87-%E0%B8%AA%E0%B8%B3%E0%B8%AB%E0%B8%A3%E0%B8%B1%E0%B8%9A-%E0%B8%82%E0%B8%B2%E0%B8%A2","https://www.one2car.com/%E0%B8%A3%E0%B8%96-%E0%B8%AA%E0%B8%B3%E0%B8%AB%E0%B8%A3%E0%B8%B1%E0%B8%9A-%E0%B8%82%E0%B8%B2%E0%B8%A2?type=used&page_number=30&page_size=26","2023 Mazda 3 2.0 (ปี 19-25) SP Sports Hatchback - AT","679,000 บาท","ไมล์เเท้ 54,xxx KM เท่านั้น (วิ่งน้อยมาก) 2.0 SP ตัวถัง Hatchback (Top ที่สุดในรุ่น) ...","54467 กม.","กรุงเทพมหานคร","Mazda 3","มือสอง","เกียร์อัตโนมัติ"
"1786479374-488","https://www.one2car.com/%E0%B8%A3%E0%B8%96%E0%B8%A1%E0%B8%B7%E0%B8%AD%E0%B8%AA%E0%B8%AD%E0%B8%87-%E0%B8%AA%E0%B8%B3%E0%B8%AB%E0%B8%A3%E0%B8%B1%E0%B8%9A-%E0%B8%82%E0%B8%B2%E0%B8%A2","https://www.one2car.com/%E0%B8%A3%E0%B8%96-%E0%B8%AA%E0%B8%B3%E0%B8%AB%E0%B8%A3%E0%B8%B1%E0%B8%9A-%E0%B8%82%E0%B8%B2%E0%B8%A2?type=used&page_number=30&page_size=26","2023 Isuzu MU-X 1.9 (ปี 20-26) Ultimate SUV - AT","929,000 บาท","ไมล์แท้ 44,xxx KM เท่านั้น (วิ่งน้อยมาก) 1.9 Ultimate (Top ที่สุดในไลน์อัพเครื่องยนต์ ...","44330 กม.","กรุงเทพมหานคร","Isuzu MU-X","มือสอง","เกียร์อัตโนมัติ"
"1786479374-489","https://www.one2car.com/%E0%B8%A3%E0%B8%96%E0%B8%A1%E0%B8%B7%E0%B8%AD%E0%B8%AA%E0%B8%AD%E0%B8%87-%E0%B8%AA%E0%B8%B3%E0%B8%AB%E0%B8%A3%E0%B8%B1%E0%B8%9A-%E0%B8%82%E0%B8%B2%E0%B8%A2","https://www.one2car.com/%E0%B8%A3%E0%B8%96-%E0%B8%AA%E0%B8%B3%E0%B8%AB%E0%B8%A3%E0%B8%B1%E0%B8%9A-%E0%B8%82%E0%B8%B2%E0%B8%A2?type=used&page_number=30&page_size=26","2023 Isuzu D-MAX 1.9 Cab-4 (ปี 19-26) X-Series Hi-Lander Z...","729,000 บาท","ไมล์แท้ 18,xxx KM เท่านั้น (วิ่งน้อยมาก) รุ่น X-Series Hi-Lander เกียร์ AT ...","18414 กม.","กรุงเทพมหานคร","Isuzu D-MAX","มือสอง","เกียร์อัตโนมัติ"
"1786479374-490","https://www.one2car.com/%E0%B8%A3%E0%B8%96%E0%B8%A1%E0%B8%B7%E0%B8%AD%E0%B8%AA%E0%B8%AD%E0%B8%87-%E0%B8%AA%E0%B8%B3%E0%B8%AB%E0%B8%A3%E0%B8%B1%E0%B8%9A-%E0%B8%82%E0%B8%B2%E0%B8%A2","https://www.one2car.com/%E0%B8%A3%E0%B8%96-%E0%B8%AA%E0%B8%B3%E0%B8%AB%E0%B8%A3%E0%B8%B1%E0%B8%9A-%E0%B8%82%E0%B8%B2%E0%B8%A2?type=used&page_number=30&page_size=26","2016 Hyundai H-1 2.5 (ปี 08-17) Elite Plus Van - AT","529,000 บาท","H-1 Elite Plus Model Minorchange กระจังหน้าตั้งแบบใหม่ เครื่องยนต์ 175 แรงม้า ไมล์แท้ ...","158309 กม.","กรุงเทพมหานคร","Hyundai H-1","มือสอง","เกียร์อัตโนมัติ"
"1786479374-491","https://www.one2car.com/%E0%B8%A3%E0%B8%96%E0%B8%A1%E0%B8%B7%E0%B8%AD%E0%B8%AA%E0%B8%AD%E0%B8%87-%E0%B8%AA%E0%B8%B3%E0%B8%AB%E0%B8%A3%E0%B8%B1%E0%B8%9A-%E0%B8%82%E0%B8%B2%E0%B8%A2","https://www.one2car.com/%E0%B8%A3%E0%B8%96-%E0%B8%AA%E0%B8%B3%E0%B8%AB%E0%B8%A3%E0%B8%B1%E0%B8%9A-%E0%B8%82%E0%B8%B2%E0%B8%A2?type=used&page_number=30&page_size=26","2023 Honda ACCORD 2.0 (ปี 19-23) e:HEV EL+ Sedan - e HEV E...","899,000 บาท","2.0 e:HEV EL+ ไมล์เเท้ 42,xxx KM เท่านั้น (วิ่งน้อยมาก) Model Minorchange รุ่นสุดท้าย ...","42186 กม.","กรุงเทพมหานคร","Honda ACCORD","มือสอง","เกียร์อัตโนมัติ"
"1786479374-492","https://www.one2car.com/%E0%B8%A3%E0%B8%96%E0%B8%A1%E0%B8%B7%E0%B8%AD%E0%B8%AA%E0%B8%AD%E0%B8%87-%E0%B8%AA%E0%B8%B3%E0%B8%AB%E0%B8%A3%E0%B8%B1%E0%B8%9A-%E0%B8%82%E0%B8%B2%E0%B8%A2","https://www.one2car.com/%E0%B8%A3%E0%B8%96-%E0%B8%AA%E0%B8%B3%E0%B8%AB%E0%B8%A3%E0%B8%B1%E0%B8%9A-%E0%B8%82%E0%B8%B2%E0%B8%A2?type=used&page_number=30&page_size=26","2021 Honda ACCORD 1.5 (ปี 19-23) Turbo EL Sedan - AT","629,000 บาท","1.5 Turbo EL ไมล์แท้ พร้อมสีบรอนซ์เงินที่สวยแบบเรียบร้อย อยู่ได้นานไม่เก่าตามอายุ ...","141078 กม.","กรุงเทพมหานคร","Honda ACCORD","มือสอง","เกียร์อัตโนมัติ"
"1786479374-493","https://www.one2car.com/%E0%B8%A3%E0%B8%96%E0%B8%A1%E0%B8%B7%E0%B8%AD%E0%B8%AA%E0%B8%AD%E0%B8%87-%E0%B8%AA%E0%B8%B3%E0%B8%AB%E0%B8%A3%E0%B8%B1%E0%B8%9A-%E0%B8%82%E0%B8%B2%E0%B8%A2","https://www.one2car.com/%E0%B8%A3%E0%B8%96-%E0%B8%AA%E0%B8%B3%E0%B8%AB%E0%B8%A3%E0%B8%B1%E0%B8%9A-%E0%B8%82%E0%B8%B2%E0%B8%A2?type=used&page_number=30&page_size=26","2022 Honda ACCORD 2.0 (ปี 19-23) e:HEV TECH Sedan - e HEV ...","759,000 บาท","2.0 e:HEV Tech (Top สุดในรุ่นของ Accord) Model Minorchange รุ่นสุดท้ายของ G10 ไมล์แท้ ...","175234 กม.","กรุงเทพมหานคร","Honda ACCORD","มือสอง","เกียร์อัตโนมัติ"
"1786479379-494","https://www.one2car.com/%E0%B8%A3%E0%B8%96%E0%B8%A1%E0%B8%B7%E0%B8%AD%E0%B8%AA%E0%B8%AD%E0%B8%87-%E0%B8%AA%E0%B8%B3%E0%B8%AB%E0%B8%A3%E0%B8%B1%E0%B8%9A-%E0%B8%82%E0%B8%B2%E0%B8%A2","https://www.one2car.com/%E0%B8%A3%E0%B8%96-%E0%B8%AA%E0%B8%B3%E0%B8%AB%E0%B8%A3%E0%B8%B1%E0%B8%9A-%E0%B8%82%E0%B8%B2%E0%B8%A2?type=used&page_number=31&page_size=26","2017 Honda ACCORD 2.0 (ปี 13-19) E Sedan - AT","459,000 บาท","2.0 E ไมล์แท้ 161,xxx KM เท่านั้น (วิ่งน้อยมาก) Model Minorchange รุ่นสุดท้ายของ Accord ...","161320 กม.","กรุงเทพมหานคร","Honda ACCORD","มือสอง","เกียร์อัตโนมัติ"
"1786479379-495","https://www.one2car.com/%E0%B8%A3%E0%B8%96%E0%B8%A1%E0%B8%B7%E0%B8%AD%E0%B8%AA%E0%B8%AD%E0%B8%87-%E0%B8%AA%E0%B8%B3%E0%B8%AB%E0%B8%A3%E0%B8%B1%E0%B8%9A-%E0%B8%82%E0%B8%B2%E0%B8%A2","https://www.one2car.com/%E0%B8%A3%E0%B8%96-%E0%B8%AA%E0%B8%B3%E0%B8%AB%E0%B8%A3%E0%B8%B1%E0%B8%9A-%E0%B8%82%E0%B8%B2%E0%B8%A2?type=used&page_number=31&page_size=26","2025 Honda ACCORD 2.0 (ปี 23-29) e:HEV RS Sedan - e HEV RS...","1,250,000 บาท","ไมล์แท้ 25,xxx KM เท่านั้น (วิ่งน้อยมาก) e:HEV RS (Top ที่สุดในรุ่นของ Accord) ...","25667 กม.","กรุงเทพมหานคร","Honda ACCORD","มือสอง","เกียร์อัตโนมัติ"
"1786479379-496","https://www.one2car.com/%E0%B8%A3%E0%B8%96%E0%B8%A1%E0%B8%B7%E0%B8%AD%E0%B8%AA%E0%B8%AD%E0%B8%87-%E0%B8%AA%E0%B8%B3%E0%B8%AB%E0%B8%A3%E0%B8%B1%E0%B8%9A-%E0%B8%82%E0%B8%B2%E0%B8%A2","https://www.one2car.com/%E0%B8%A3%E0%B8%96-%E0%B8%AA%E0%B8%B3%E0%B8%AB%E0%B8%A3%E0%B8%B1%E0%B8%9A-%E0%B8%82%E0%B8%B2%E0%B8%A2?type=used&page_number=31&page_size=26","2024 Honda CR-V 2.0 (ปี 23-29) e:HEV RS SUV - e HEV RS AWD...","1,250,000 บาท","ไมล์แท้ 42,xxx KM เท่านั้น (วิ่งน้อยมาก) 2.0 e:HEV RS AWD (Top สุดในรุ่น CR-V) Model ...","42429 กม.","กรุงเทพมหานคร","Honda CR-V","มือสอง","เกียร์อัตโนมัติ"
"1786479379-497","https://www.one2car.com/%E0%B8%A3%E0%B8%96%E0%B8%A1%E0%B8%B7%E0%B8%AD%E0%B8%AA%E0%B8%AD%E0%B8%87-%E0%B8%AA%E0%B8%B3%E0%B8%AB%E0%B8%A3%E0%B8%B1%E0%B8%9A-%E0%B8%82%E0%B8%B2%E0%B8%A2","https://www.one2car.com/%E0%B8%A3%E0%B8%96-%E0%B8%AA%E0%B8%B3%E0%B8%AB%E0%B8%A3%E0%B8%B1%E0%B8%9A-%E0%B8%82%E0%B8%B2%E0%B8%A2?type=used&page_number=31&page_size=26","2023 Honda CR-V 2.0 (ปี 23-29) e:HEV RS SUV - e HEV RS AWD...","1,190,000 บาท","2.0 e:HEV RS 4WD (Top สุดในรุ่น CR-V) ไมล์เเท้ 36,xxx KM เท่านั้น (วิ่งน้อยมาก) Model ...","36211 กม.","กรุงเทพมหานคร","Honda CR-V","มือสอง","เกียร์อัตโนมัติ"
"1786479379-498","https://www.one2car.com/%E0%B8%A3%E0%B8%96%E0%B8%A1%E0%B8%B7%E0%B8%AD%E0%B8%AA%E0%B8%AD%E0%B8%87-%E0%B8%AA%E0%B8%B3%E0%B8%AB%E0%B8%A3%E0%B8%B1%E0%B8%9A-%E0%B8%82%E0%B8%B2%E0%B8%A2","https://www.one2car.com/%E0%B8%A3%E0%B8%96-%E0%B8%AA%E0%B8%B3%E0%B8%AB%E0%B8%A3%E0%B8%B1%E0%B8%9A-%E0%B8%82%E0%B8%B2%E0%B8%A2?type=used&page_number=31&page_size=26","2021 Honda CR-V 2.4 (ปี 17-21) ES SUV - AWD AT","659,000 บาท","2.4 ES AWD (Top สุดในรุ่นเครื่องยนต์เบนซิน 5 ที่นั่ง) ไมล์แท้ Model Big Minorchange ...","174502 กม.","กรุงเทพมหานคร","Honda CR-V","มือสอง","เกียร์อัตโนมัติ"
"1786479379-499","https://www.one2car.com/%E0%B8%A3%E0%B8%96%E0%B8%A1%E0%B8%B7%E0%B8%AD%E0%B8%AA%E0%B8%AD%E0%B8%87-%E0%B8%AA%E0%B8%B3%E0%B8%AB%E0%B8%A3%E0%B8%B1%E0%B8%9A-%E0%B8%82%E0%B8%B2%E0%B8%A2","https://www.one2car.com/%E0%B8%A3%E0%B8%96-%E0%B8%AA%E0%B8%B3%E0%B8%AB%E0%B8%A3%E0%B8%B1%E0%B8%9A-%E0%B8%82%E0%B8%B2%E0%B8%A2?type=used&page_number=31&page_size=26","2021 Mazda 2 1.3 (ปี 15-25) S Leather Sedan - AT","289,000 บาท","ขาย Mazda 2 S leaher 1.3 รองท้อปเบนซิน รถบ้านขายเอง ออกธ ค 2021 จด มค 2022 เบาะนั่งวัสดุ: ...","120 - 125K กม.","สมุทรปราการ","Mazda 2","มือสอง","เกียร์อัตโนมัติ"
"1786479379-500","https://www.one2car.com/%E0%B8%A3%E0%B8%96%E0%B8%A1%E0%B8%B7%E0%B8%AD%E0%B8%AA%E0%B8%AD%E0%B8%87-%E0%B8%AA%E0%B8%B3%E0%B8%AB%E0%B8%A3%E0%B8%B1%E0%B8%9A-%E0%B8%82%E0%B8%B2%E0%B8%A2","https://www.one2car.com/%E0%B8%A3%E0%B8%96-%E0%B8%AA%E0%B8%B3%E0%B8%AB%E0%B8%A3%E0%B8%B1%E0%B8%9A-%E0%B8%82%E0%B8%B2%E0%B8%A2?type=used&page_number=31&page_size=26","2022 Honda CR-V 1.6 (ปี 17-21) DT EL SUV - AWD AT","799,000 บาท","ไมล์แท้ 60,xxx KM (วิ่งน้อยมาก) 1.6 EL AWD รุ่น TOP สุด (Panoramic Sunroof) ...","60852 กม.","กรุงเทพมหานคร","Honda CR-V","มือสอง","เกียร์อัตโนมัติ"
"1786479379-501","https://www.one2car.com/%E0%B8%A3%E0%B8%96%E0%B8%A1%E0%B8%B7%E0%B8%AD%E0%B8%AA%E0%B8%AD%E0%B8%87-%E0%B8%AA%E0%B8%B3%E0%B8%AB%E0%B8%A3%E0%B8%B1%E0%B8%9A-%E0%B8%82%E0%B8%B2%E0%B8%A2","https://www.one2car.com/%E0%B8%A3%E0%B8%96-%E0%B8%AA%E0%B8%B3%E0%B8%AB%E0%B8%A3%E0%B8%B1%E0%B8%9A-%E0%B8%82%E0%B8%B2%E0%B8%A2?type=used&page_number=31&page_size=26","2024 Honda HR-V 1.5 (ปี 22-28) e:HEV EL SUV - e HEV EL AT ...","759,000 บาท","1.5 e:HEV EL ไมล์แท้ 16,xxx KM เท่านั้น (วิ่งน้อยมาก) Model 2024 พร้อมสีเทา Meteoroid ...","16880 กม.","กรุงเทพมหานคร","Honda HR-V","มือสอง","เกียร์อัตโนมัติ"
"1786479379-502","https://www.one2car.com/%E0%B8%A3%E0%B8%96%E0%B8%A1%E0%B8%B7%E0%B8%AD%E0%B8%AA%E0%B8%AD%E0%B8%87-%E0%B8%AA%E0%B8%B3%E0%B8%AB%E0%B8%A3%E0%B8%B1%E0%B8%9A-%E0%B8%82%E0%B8%B2%E0%B8%A2","https://www.one2car.com/%E0%B8%A3%E0%B8%96-%E0%B8%AA%E0%B8%B3%E0%B8%AB%E0%B8%A3%E0%B8%B1%E0%B8%9A-%E0%B8%82%E0%B8%B2%E0%B8%A2?type=used&page_number=31&page_size=26","2020 Honda BR-V 1.5 (ปี 16-20) V SUV - AT","379,000 บาท","1.5 V ไมล์แท้ Model Minorchange (2019 ถึง 2022) รุ่นสุดท้ายของ BR-V โฉมนี้ ...","129372 กม.","กรุงเทพมหานคร","","มือสอง","เกียร์อัตโนมัติ"
"1786479379-503","https://www.one2car.com/%E0%B8%A3%E0%B8%96%E0%B8%A1%E0%B8%B7%E0%B8%AD%E0%B8%AA%E0%B8%AD%E0%B8%87-%E0%B8%AA%E0%B8%B3%E0%B8%AB%E0%B8%A3%E0%B8%B1%E0%B8%9A-%E0%B8%82%E0%B8%B2%E0%B8%A2","https://www.one2car.com/%E0%B8%A3%E0%B8%96-%E0%B8%AA%E0%B8%B3%E0%B8%AB%E0%B8%A3%E0%B8%B1%E0%B8%9A-%E0%B8%82%E0%B8%B2%E0%B8%A2?type=used&page_number=31&page_size=26","2020 Honda CIVIC 1.8 FC (ปี 16-20) E Sedan - AT","499,000 บาท","ไมล์แท้ 54,xxx KM เท่านั้น (วิ่งน้อยมาก) 1.8 E Model 2020 (Minorchange) ...","54075 กม.","กรุงเทพมหานคร","Honda CIVIC","มือสอง","เกียร์อัตโนมัติ"
"1786479379-504","https://www.one2car.com/%E0%B8%A3%E0%B8%96%E0%B8%A1%E0%B8%B7%E0%B8%AD%E0%B8%AA%E0%B8%AD%E0%B8%87-%E0%B8%AA%E0%B8%B3%E0%B8%AB%E0%B8%A3%E0%B8%B1%E0%B8%9A-%E0%B8%82%E0%B8%B2%E0%B8%A2","https://www.one2car.com/%E0%B8%A3%E0%B8%96-%E0%B8%AA%E0%B8%B3%E0%B8%AB%E0%B8%A3%E0%B8%B1%E0%B8%9A-%E0%B8%82%E0%B8%B2%E0%B8%A2?type=used&page_number=31&page_size=26","2019 MG HS 1.5 (ปี 19-26) D SUV - ( 19-24)","370,000 บาท","รถใช้งานน้อย วิ่งน้อย วิ่งไปแล้ว 64,000 กิโลแท้ๆ เข้าเช็คระยะที่ศูนย์ทุกครั้ง เครื่อง ...","60 - 65K กม.","กรุงเทพมหานคร","","มือสอง","เกียร์อัตโนมัติ"
"1786479379-505","https://www.one2car.com/%E0%B8%A3%E0%B8%96%E0%B8%A1%E0%B8%B7%E0%B8%AD%E0%B8%AA%E0%B8%AD%E0%B8%87-%E0%B8%AA%E0%B8%B3%E0%B8%AB%E0%B8%A3%E0%B8%B1%E0%B8%9A-%E0%B8%82%E0%B8%B2%E0%B8%A2","https://www.one2car.com/%E0%B8%A3%E0%B8%96-%E0%B8%AA%E0%B8%B3%E0%B8%AB%E0%B8%A3%E0%B8%B1%E0%B8%9A-%E0%B8%82%E0%B8%B2%E0%B8%A2?type=used&page_number=31&page_size=26","2024 Honda City 1.5 (ปี 20-26) e:HEV RS Hatchback - e HEV ...","529,000 บาท","1.5 e:HEV RS ตัวถัง Hatchback รุ่น Top สุดในไลน์อัพของ Honda City ไมล์เเท้ ...","57861 กม.","กรุงเทพมหานคร","Honda City","มือสอง","เกียร์อัตโนมัติ"
"1786479379-506","https://www.one2car.com/%E0%B8%A3%E0%B8%96%E0%B8%A1%E0%B8%B7%E0%B8%AD%E0%B8%AA%E0%B8%AD%E0%B8%87-%E0%B8%AA%E0%B8%B3%E0%B8%AB%E0%B8%A3%E0%B8%B1%E0%B8%9A-%E0%B8%82%E0%B8%B2%E0%B8%A2","https://www.one2car.com/%E0%B8%A3%E0%B8%96-%E0%B8%AA%E0%B8%B3%E0%B8%AB%E0%B8%A3%E0%B8%B1%E0%B8%9A-%E0%B8%82%E0%B8%B2%E0%B8%A2?type=used&page_number=31&page_size=26","2023 Ford EVEREST 2.0 (ปี 22-28) Titanium+ SUV - Titanium ...","999,000 บาท","2.0 Bi-Turbo Titanium+ 2WD (Next-Gen) รุ่น TOP สุด 2WD ไมล์แท้ มาพร้อม Extended Warranty ...","98123 กม.","กรุงเทพมหานคร","Ford EVEREST","มือสอง","เกียร์อัตโนมัติ"
"1786479379-507","https://www.one2car.com/%E0%B8%A3%E0%B8%96%E0%B8%A1%E0%B8%B7%E0%B8%AD%E0%B8%AA%E0%B8%AD%E0%B8%87-%E0%B8%AA%E0%B8%B3%E0%B8%AB%E0%B8%A3%E0%B8%B1%E0%B8%9A-%E0%B8%82%E0%B8%B2%E0%B8%A2","https://www.one2car.com/%E0%B8%A3%E0%B8%96-%E0%B8%AA%E0%B8%B3%E0%B8%AB%E0%B8%A3%E0%B8%B1%E0%B8%9A-%E0%B8%82%E0%B8%B2%E0%B8%A2?type=used&page_number=31&page_size=26","2022 Ford EVEREST 2.0 (ปี 22-28) Titanium+ SUV - Titanium ...","1,050,000 บาท","2.0 Bi-Turbo Titanium+ 2WD (Next-Gen) รุ่น TOP สุดในรุ่นขับเคลื่อน 2 ล้อ ไมล์แท้ ...","72602 กม.","กรุงเทพมหานคร","Ford EVEREST","มือสอง","เกียร์อัตโนมัติ"
"1786479379-508","https://www.one2car.com/%E0%B8%A3%E0%B8%96%E0%B8%A1%E0%B8%B7%E0%B8%AD%E0%B8%AA%E0%B8%AD%E0%B8%87-%E0%B8%AA%E0%B8%B3%E0%B8%AB%E0%B8%A3%E0%B8%B1%E0%B8%9A-%E0%B8%82%E0%B8%B2%E0%B8%A2","https://www.one2car.com/%E0%B8%A3%E0%B8%96-%E0%B8%AA%E0%B8%B3%E0%B8%AB%E0%B8%A3%E0%B8%B1%E0%B8%9A-%E0%B8%82%E0%B8%B2%E0%B8%A2?type=used&page_number=31&page_size=26","2021 Ford EVEREST 2.0 (ปี 15-22) Titanium SUV - AT","499,000 บาท","2.0 Titanium Model Minorchange รุ่นสุดท้ายของ Everest โฉมนี้ ตัวรถมีการปรับโฉมใหม่ ...","142287 กม.","กรุงเทพมหานคร","Ford EVEREST","มือสอง","เกียร์อัตโนมัติ"
"1786479379-509","https://www.one2car.com/%E0%B8%A3%E0%B8%96%E0%B8%A1%E0%B8%B7%E0%B8%AD%E0%B8%AA%E0%B8%AD%E0%B8%87-%E0%B8%AA%E0%B8%B3%E0%B8%AB%E0%B8%A3%E0%B8%B1%E0%B8%9A-%E0%B8%82%E0%B8%B2%E0%B8%A2","https://www.one2car.com/%E0%B8%A3%E0%B8%96-%E0%B8%AA%E0%B8%B3%E0%B8%AB%E0%B8%A3%E0%B8%B1%E0%B8%9A-%E0%B8%82%E0%B8%B2%E0%B8%A2?type=used&page_number=31&page_size=26","2018 Toyota HARRIER 2.5 (ปี 14-17) Hybrid SUV","950,000 บาท","Full optional, mint condition, first class insurance, full Toyota dealer service record. ...","55 - 60K กม.","กรุงเทพมหานคร","Toyota HARRIER","มือสอง","เกียร์อัตโนมัติ"
"1786479379-510","https://www.one2car.com/%E0%B8%A3%E0%B8%96%E0%B8%A1%E0%B8%B7%E0%B8%AD%E0%B8%AA%E0%B8%AD%E0%B8%87-%E0%B8%AA%E0%B8%B3%E0%B8%AB%E0%B8%A3%E0%B8%B1%E0%B8%9A-%E0%B8%82%E0%B8%B2%E0%B8%A2","https://www.one2car.com/%E0%B8%A3%E0%B8%96-%E0%B8%AA%E0%B8%B3%E0%B8%AB%E0%B8%A3%E0%B8%B1%E0%B8%9A-%E0%B8%82%E0%B8%B2%E0%B8%A2?type=used&page_number=31&page_size=26","2024 Ford EVEREST 3.0 (ปี 22-28) Platinum SUV - 4WD AT","1,790,000 บาท","3.0 Platinum 4WD (V6) รุ่น Top สุดของ Everest ไมล์แท้ 43,xxx KM รับประกันตัวรถ 5 ปี ...","43322 กม.","กรุงเทพมหานคร","Ford EVEREST","มือสอง","เกียร์อัตโนมัติ"
"1786479379-511","https://www.one2car.com/%E0%B8%A3%E0%B8%96%E0%B8%A1%E0%B8%B7%E0%B8%AD%E0%B8%AA%E0%B8%AD%E0%B8%87-%E0%B8%AA%E0%B8%B3%E0%B8%AB%E0%B8%A3%E0%B8%B1%E0%B8%9A-%E0%B8%82%E0%B8%B2%E0%B8%A2","https://www.one2car.com/%E0%B8%A3%E0%B8%96-%E0%B8%AA%E0%B8%B3%E0%B8%AB%E0%B8%A3%E0%B8%B1%E0%B8%9A-%E0%B8%82%E0%B8%B2%E0%B8%A2?type=used&page_number=31&page_size=26","2023 Ford EVEREST 2.0 (ปี 22-28) WildTrak SUV - 4WD AT","1,290,000 บาท","ไมล์แท้ 29,xxx KM (วิ่งน้อยมาก) รุ่น Wildtrak แต่งทั้งคันจากโรงงาน รุ่น TOP สุด ...","29919 กม.","กรุงเทพมหานคร","Ford EVEREST","มือสอง","เกียร์อัตโนมัติ"
"1786479379-512","https://www.one2car.com/%E0%B8%A3%E0%B8%96%E0%B8%A1%E0%B8%B7%E0%B8%AD%E0%B8%AA%E0%B8%AD%E0%B8%87-%E0%B8%AA%E0%B8%B3%E0%B8%AB%E0%B8%A3%E0%B8%B1%E0%B8%9A-%E0%B8%82%E0%B8%B2%E0%B8%A2","https://www.one2car.com/%E0%B8%A3%E0%B8%96-%E0%B8%AA%E0%B8%B3%E0%B8%AB%E0%B8%A3%E0%B8%B1%E0%B8%9A-%E0%B8%82%E0%B8%B2%E0%B8%A2?type=used&page_number=31&page_size=26","2024 Ford EVEREST 2.0 (ปี 22-28) WildTrak SUV - 4WD AT","1,290,000 บาท","WildTrak 4WD รุ่นพิเศษตัวแต่งทั้งคันมาจากโรงงาน (รถมีจำนวนน้อยมากครับ) Model Top ...","59690 กม.","กรุงเทพมหานคร","Ford EVEREST","มือสอง","เกียร์อัตโนมัติ"
"1786479379-513","https://www.one2car.com/%E0%B8%A3%E0%B8%96%E0%B8%A1%E0%B8%B7%E0%B8%AD%E0%B8%AA%E0%B8%AD%E0%B8%87-%E0%B8%AA%E0%B8%B3%E0%B8%AB%E0%B8%A3%E0%B8%B1%E0%B8%9A-%E0%B8%82%E0%B8%B2%E0%B8%A2","https://www.one2car.com/%E0%B8%A3%E0%B8%96-%E0%B8%AA%E0%B8%B3%E0%B8%AB%E0%B8%A3%E0%B8%B1%E0%B8%9A-%E0%B8%82%E0%B8%B2%E0%B8%A2?type=used&page_number=31&page_size=26","2019 Ford EVEREST 2.0 (ปี 15-22) Titanium+ SUV - Titanium ...","629,000 บาท","2.0 Bi-Turbo Titanium+ 4WD (213 HP) รุ่น TOP สุด Full Option และ Panoramic Sunroof ...","152325 กม.","กรุงเทพมหานคร","Ford EVEREST","มือสอง","เกียร์อัตโนมัติ"
"1786479379-514","https://www.one2car.com/%E0%B8%A3%E0%B8%96%E0%B8%A1%E0%B8%B7%E0%B8%AD%E0%B8%AA%E0%B8%AD%E0%B8%87-%E0%B8%AA%E0%B8%B3%E0%B8%AB%E0%B8%A3%E0%B8%B1%E0%B8%9A-%E0%B8%82%E0%B8%B2%E0%B8%A2","https://www.one2car.com/%E0%B8%A3%E0%B8%96-%E0%B8%AA%E0%B8%B3%E0%B8%AB%E0%B8%A3%E0%B8%B1%E0%B8%9A-%E0%B8%82%E0%B8%B2%E0%B8%A2?type=used&page_number=31&page_size=26","2023 Ford EVEREST 2.0 (ปี 22-28) Titanium+ SUV - Titanium ...","1,050,000 บาท","รุ่น 2.0 Bi-Turbo Titanium+ 4WD (Next-Gen) รุ่น Top ที่สุดในไลน์อัพ Titanium+ Model 2023 ...","86052 กม.","กรุงเทพมหานคร","Ford EVEREST","มือสอง","เกียร์อัตโนมัติ"
"1786479379-515","https://www.one2car.com/%E0%B8%A3%E0%B8%96%E0%B8%A1%E0%B8%B7%E0%B8%AD%E0%B8%AA%E0%B8%AD%E0%B8%87-%E0%B8%AA%E0%B8%B3%E0%B8%AB%E0%B8%A3%E0%B8%B1%E0%B8%9A-%E0%B8%82%E0%B8%B2%E0%B8%A2","https://www.one2car.com/%E0%B8%A3%E0%B8%96-%E0%B8%AA%E0%B8%B3%E0%B8%AB%E0%B8%A3%E0%B8%B1%E0%B8%9A-%E0%B8%82%E0%B8%B2%E0%B8%A2?type=used&page_number=31&page_size=26","2022 Ford EVEREST 2.0 (ปี 22-28) Titanium+ SUV - Titanium ...","999,000 บาท","2.0 Bi-Turbo Titanium+ 4WD (Next-Gen) Top ที่สุดในไลน์อัพ Titanium+ Model 2022 ไมล์แท้ ...","133958 กม.","กรุงเทพมหานคร","Ford EVEREST","มือสอง","เกียร์อัตโนมัติ"
"1786479379-516","https://www.one2car.com/%E0%B8%A3%E0%B8%96%E0%B8%A1%E0%B8%B7%E0%B8%AD%E0%B8%AA%E0%B8%AD%E0%B8%87-%E0%B8%AA%E0%B8%B3%E0%B8%AB%E0%B8%A3%E0%B8%B1%E0%B8%9A-%E0%B8%82%E0%B8%B2%E0%B8%A2","https://www.one2car.com/%E0%B8%A3%E0%B8%96-%E0%B8%AA%E0%B8%B3%E0%B8%AB%E0%B8%A3%E0%B8%B1%E0%B8%9A-%E0%B8%82%E0%B8%B2%E0%B8%A2?type=used&page_number=31&page_size=26","2019 Ford EVEREST 2.0 (ปี 15-22) Titanium+ SUV - Titanium ...","599,000 บาท","2.0 Bi-Turbo Titanium+ 4WD (213 HP) รุ่น TOP สุด Full Option และ Panoramic Sunroof ...","102779 กม.","กรุงเทพมหานคร","Ford EVEREST","มือสอง","เกียร์อัตโนมัติ"
"1786479379-517","https://www.one2car.com/%E0%B8%A3%E0%B8%96%E0%B8%A1%E0%B8%B7%E0%B8%AD%E0%B8%AA%E0%B8%AD%E0%B8%87-%E0%B8%AA%E0%B8%B3%E0%B8%AB%E0%B8%A3%E0%B8%B1%E0%B8%9A-%E0%B8%82%E0%B8%B2%E0%B8%A2","https://www.one2car.com/%E0%B8%A3%E0%B8%96-%E0%B8%AA%E0%B8%B3%E0%B8%AB%E0%B8%A3%E0%B8%B1%E0%B8%9A-%E0%B8%82%E0%B8%B2%E0%B8%A2?type=used&page_number=31&page_size=26","2023 Ford EVEREST 2.0 (ปี 22-28) Titanium+ SUV - Titanium ...","1,100,000 บาท","ไมล์แท้ 30,xxx KMเท่านั้น (วิ่งน้อยมาก) รุ่น 2.0 Bi-Turbo Titanium+ 4WD (Next-Gen) Model ...","30351 กม.","กรุงเทพมหานคร","Ford EVEREST","มือสอง","เกียร์อัตโนมัติ"
"1786479379-518","https://www.one2car.com/%E0%B8%A3%E0%B8%96%E0%B8%A1%E0%B8%B7%E0%B8%AD%E0%B8%AA%E0%B8%AD%E0%B8%87-%E0%B8%AA%E0%B8%B3%E0%B8%AB%E0%B8%A3%E0%B8%B1%E0%B8%9A-%E0%B8%82%E0%B8%B2%E0%B8%A2","https://www.one2car.com/%E0%B8%A3%E0%B8%96-%E0%B8%AA%E0%B8%B3%E0%B8%AB%E0%B8%A3%E0%B8%B1%E0%B8%9A-%E0%B8%82%E0%B8%B2%E0%B8%A2?type=used&page_number=31&page_size=26","2016 Mazda CX-5 2.0 (ปี 13-16) S SUV","295,000 บาท","***** รถบ้านมือเดียวแท้ เจ้าของขายเอง สภาพยอดเยี่ยม ไม่มีการเกิดอุบัติเหตุ จมน้ำ ...","184481 กม.","กรุงเทพมหานคร","Mazda CX-5","มือสอง","เกียร์อัตโนมัติ"
"1786479379-519","https://www.one2car.com/%E0%B8%A3%E0%B8%96%E0%B8%A1%E0%B8%B7%E0%B8%AD%E0%B8%AA%E0%B8%AD%E0%B8%87-%E0%B8%AA%E0%B8%B3%E0%B8%AB%E0%B8%A3%E0%B8%B1%E0%B8%9A-%E0%B8%82%E0%B8%B2%E0%B8%A2","https://www.one2car.com/%E0%B8%A3%E0%B8%96-%E0%B8%AA%E0%B8%B3%E0%B8%AB%E0%B8%A3%E0%B8%B1%E0%B8%9A-%E0%B8%82%E0%B8%B2%E0%B8%A2?type=used&page_number=31&page_size=26","2025 Ford EVEREST 2.0 (ปี 22-28) Sport SUV - AT","1,050,000 บาท","2.0 Sport ไมล์แท้ 47,xxx KM (วิ่งน้อยมาก) พร้อม Option DAT Package B ...","47590 กม.","กรุงเทพมหานคร","Ford EVEREST","มือสอง","เกียร์อัตโนมัติ"
"1786479382-520","https://www.one2car.com/%E0%B8%A3%E0%B8%96%E0%B8%A1%E0%B8%B7%E0%B8%AD%E0%B8%AA%E0%B8%AD%E0%B8%87-%E0%B8%AA%E0%B8%B3%E0%B8%AB%E0%B8%A3%E0%B8%B1%E0%B8%9A-%E0%B8%82%E0%B8%B2%E0%B8%A2","https://www.one2car.com/%E0%B8%A3%E0%B8%96-%E0%B8%AA%E0%B8%B3%E0%B8%AB%E0%B8%A3%E0%B8%B1%E0%B8%9A-%E0%B8%82%E0%B8%B2%E0%B8%A2?type=used&page_number=32&page_size=26","2023 Ford EVEREST 2.0 (ปี 22-28) Sport SUV - AT","959,000 บาท","2.0 Sport (DAT Package B) Model 2023 (Next-Gen) ไมล์แท้ รับประกันตัวรถ 5 ปี 150,000 KM ...","86494 กม.","กรุงเทพมหานคร","Ford EVEREST","มือสอง","เกียร์อัตโนมัติ"
"1786479382-521","https://www.one2car.com/%E0%B8%A3%E0%B8%96%E0%B8%A1%E0%B8%B7%E0%B8%AD%E0%B8%AA%E0%B8%AD%E0%B8%87-%E0%B8%AA%E0%B8%B3%E0%B8%AB%E0%B8%A3%E0%B8%B1%E0%B8%9A-%E0%B8%82%E0%B8%B2%E0%B8%A2","https://www.one2car.com/%E0%B8%A3%E0%B8%96-%E0%B8%AA%E0%B8%B3%E0%B8%AB%E0%B8%A3%E0%B8%B1%E0%B8%9A-%E0%B8%82%E0%B8%B2%E0%B8%A2?type=used&page_number=32&page_size=26","2012 Toyota FORTUNER 3.0 (ปี 12-15) V 50th Anniversary SUV...","459,000 บาท","ขาย Toyota Fortuner 3.0 V 2WD (Champ) 50th ปี 2012 ภายในสีดำ รถบ้านประวัติดี ...","225 - 230K กม.","กรุงเทพมหานคร","Toyota FORTUNER","มือสอง","เกียร์อัตโนมัติ"
"1786479382-522","https://www.one2car.com/%E0%B8%A3%E0%B8%96%E0%B8%A1%E0%B8%B7%E0%B8%AD%E0%B8%AA%E0%B8%AD%E0%B8%87-%E0%B8%AA%E0%B8%B3%E0%B8%AB%E0%B8%A3%E0%B8%B1%E0%B8%9A-%E0%B8%82%E0%B8%B2%E0%B8%A2","https://www.one2car.com/%E0%B8%A3%E0%B8%96-%E0%B8%AA%E0%B8%B3%E0%B8%AB%E0%B8%A3%E0%B8%B1%E0%B8%9A-%E0%B8%82%E0%B8%B2%E0%B8%A2?type=used&page_number=32&page_size=26","2016 Honda HR-V 1.8 (ปี 14-18) E Limited SUV","379,000 บาท","ขาย HONDA HRV 1.8 E LIMITED ปี 2016(MY15) รถบ้านมือเดียวป้ายแดง ไมล์วิ่งมาเพียง 92294 ...","90 - 95K กม.","กรุงเทพมหานคร","Honda HR-V","มือสอง","เกียร์อัตโนมัติ"
"1786479382-523","https://www.one2car.com/%E0%B8%A3%E0%B8%96%E0%B8%A1%E0%B8%B7%E0%B8%AD%E0%B8%AA%E0%B8%AD%E0%B8%87-%E0%B8%AA%E0%B8%B3%E0%B8%AB%E0%B8%A3%E0%B8%B1%E0%B8%9A-%E0%B8%82%E0%B8%B2%E0%B8%A2","https://www.one2car.com/%E0%B8%A3%E0%B8%96-%E0%B8%AA%E0%B8%B3%E0%B8%AB%E0%B8%A3%E0%B8%B1%E0%B8%9A-%E0%B8%82%E0%B8%B2%E0%B8%A2?type=used&page_number=32&page_size=26","2017 Mazda CX-5 2.2 (ปี 13-16) XDL SUV - AWD","289,000 บาท","ขาย Mazda CX-5 2.2 XDL (ดีเซล) AWD ปี 2017 รถบ้านประวัติดี ล้อแม็กซ์ 18“ ชุดเบรก brembo ...","95 - 100K กม.","กรุงเทพมหานคร","Mazda CX-5","มือสอง","เกียร์อัตโนมัติ"
"1786479382-524","https://www.one2car.com/%E0%B8%A3%E0%B8%96%E0%B8%A1%E0%B8%B7%E0%B8%AD%E0%B8%AA%E0%B8%AD%E0%B8%87-%E0%B8%AA%E0%B8%B3%E0%B8%AB%E0%B8%A3%E0%B8%B1%E0%B8%9A-%E0%B8%82%E0%B8%B2%E0%B8%A2","https://www.one2car.com/%E0%B8%A3%E0%B8%96-%E0%B8%AA%E0%B8%B3%E0%B8%AB%E0%B8%A3%E0%B8%B1%E0%B8%9A-%E0%B8%82%E0%B8%B2%E0%B8%A2?type=used&page_number=32&page_size=26","2022 Ford RANGER 2.0 Double Cab (ปี 22-28) WildTrak Hi-Rid...","799,000 บาท","Wildtrak 4WD (Bi-Turbo) รุ่น Top สุดเครื่องยนต์ Bi-Turbo 4WD Model 2022 (NEXTGEN) ไมล์แท้ ...","74650 กม.","กรุงเทพมหานคร","Ford RANGER","มือสอง","เกียร์อัตโนมัติ"
"1786479382-525","https://www.one2car.com/%E0%B8%A3%E0%B8%96%E0%B8%A1%E0%B8%B7%E0%B8%AD%E0%B8%AA%E0%B8%AD%E0%B8%87-%E0%B8%AA%E0%B8%B3%E0%B8%AB%E0%B8%A3%E0%B8%B1%E0%B8%9A-%E0%B8%82%E0%B8%B2%E0%B8%A2","https://www.one2car.com/%E0%B8%A3%E0%B8%96-%E0%B8%AA%E0%B8%B3%E0%B8%AB%E0%B8%A3%E0%B8%B1%E0%B8%9A-%E0%B8%82%E0%B8%B2%E0%B8%A2?type=used&page_number=32&page_size=26","2024 Ford RANGER 2.0 Double Cab (ปี 22-28) WildTrak Hi-Rid...","759,000 บาท","ไมล์แท้ 33,xxx KM เท่านั้น (วิ่งน้อยมาก) 2.0 WildTrak Bi-Turbo Hi-Rider (เครื่องยนต์ 210 ...","33279 กม.","กรุงเทพมหานคร","Ford RANGER","มือสอง","เกียร์อัตโนมัติ"
"1786479382-526","https://www.one2car.com/%E0%B8%A3%E0%B8%96%E0%B8%A1%E0%B8%B7%E0%B8%AD%E0%B8%AA%E0%B8%AD%E0%B8%87-%E0%B8%AA%E0%B8%B3%E0%B8%AB%E0%B8%A3%E0%B8%B1%E0%B8%9A-%E0%B8%82%E0%B8%B2%E0%B8%A2","https://www.one2car.com/%E0%B8%A3%E0%B8%96-%E0%B8%AA%E0%B8%B3%E0%B8%AB%E0%B8%A3%E0%B8%B1%E0%B8%9A-%E0%B8%82%E0%B8%B2%E0%B8%A2?type=used&page_number=32&page_size=26","2023 Ford RANGER 2.0 Double Cab (ปี 22-28) WildTrak Hi-Rid...","759,000 บาท","ไมล์แท้ 40,xxx KM เท่านั้น (วิ่งน้อยมาก) 2.0 Hi-Rider Wildtrak (Next-Gen) เกียร์ AT ...","40728 กม.","กรุงเทพมหานคร","Ford RANGER","มือสอง","เกียร์อัตโนมัติ"
"1786479382-527","https://www.one2car.com/%E0%B8%A3%E0%B8%96%E0%B8%A1%E0%B8%B7%E0%B8%AD%E0%B8%AA%E0%B8%AD%E0%B8%87-%E0%B8%AA%E0%B8%B3%E0%B8%AB%E0%B8%A3%E0%B8%B1%E0%B8%9A-%E0%B8%82%E0%B8%B2%E0%B8%A2","https://www.one2car.com/%E0%B8%A3%E0%B8%96-%E0%B8%AA%E0%B8%B3%E0%B8%AB%E0%B8%A3%E0%B8%B1%E0%B8%9A-%E0%B8%82%E0%B8%B2%E0%B8%A2?type=used&page_number=32&page_size=26","2023 Ford RANGER 3.0 Double Cab (ปี 22-28) Raptor Pickup -...","1,290,000 บาท","ไมล์แท้ 5,xxx KM เท่านั้น (วิ่งน้อยมาก) 3.0 V6 Raptor 4WD (เครื่องยนต์เบนซิน V6 Twin ...","5794 กม.","กรุงเทพมหานคร","Ford RANGER","มือสอง","เกียร์อัตโนมัติ"
"1786479382-528","https://www.one2car.com/%E0%B8%A3%E0%B8%96%E0%B8%A1%E0%B8%B7%E0%B8%AD%E0%B8%AA%E0%B8%AD%E0%B8%87-%E0%B8%AA%E0%B8%B3%E0%B8%AB%E0%B8%A3%E0%B8%B1%E0%B8%9A-%E0%B8%82%E0%B8%B2%E0%B8%A2","https://www.one2car.com/%E0%B8%A3%E0%B8%96-%E0%B8%AA%E0%B8%B3%E0%B8%AB%E0%B8%A3%E0%B8%B1%E0%B8%9A-%E0%B8%82%E0%B8%B2%E0%B8%A2?type=used&page_number=32&page_size=26","2020 Ford RANGER 2.0 Single Cab (ปี 15-21) Pickup","559,000 บาท","ขาย Ford Ranger All-New 2.0 Bi-Turbo SWB 4WD ปี 2020 มือเดียวออกห้าง เลขไมล์เพียง 79285 ...","75 - 80K กม.","กรุงเทพมหานคร","Ford RANGER","มือสอง","เกียร์อัตโนมัติ"
"1786479382-529","https://www.one2car.com/%E0%B8%A3%E0%B8%96%E0%B8%A1%E0%B8%B7%E0%B8%AD%E0%B8%AA%E0%B8%AD%E0%B8%87-%E0%B8%AA%E0%B8%B3%E0%B8%AB%E0%B8%A3%E0%B8%B1%E0%B8%9A-%E0%B8%82%E0%B8%B2%E0%B8%A2","https://www.one2car.com/%E0%B8%A3%E0%B8%96-%E0%B8%AA%E0%B8%B3%E0%B8%AB%E0%B8%A3%E0%B8%B1%E0%B8%9A-%E0%B8%82%E0%B8%B2%E0%B8%A2?type=used&page_number=32&page_size=26","2018 Mercedes-Benz C220 2.0 W205 (ปี 14-22) d AMG Dynamic ...","990,000 บาท","สภาพยอดเยี่ยม 🚗 Mercedes-Benz C220d AMG Dynamic ปี 2017 สีดำสุดหรู ...","114000 กม.","กรุงเทพมหานคร","","มือสอง","เกียร์อัตโนมัติ"
"1786479382-530","https://www.one2car.com/%E0%B8%A3%E0%B8%96%E0%B8%A1%E0%B8%B7%E0%B8%AD%E0%B8%AA%E0%B8%AD%E0%B8%87-%E0%B8%AA%E0%B8%B3%E0%B8%AB%E0%B8%A3%E0%B8%B1%E0%B8%9A-%E0%B8%82%E0%B8%B2%E0%B8%A2","https://www.one2car.com/%E0%B8%A3%E0%B8%96-%E0%B8%AA%E0%B8%B3%E0%B8%AB%E0%B8%A3%E0%B8%B1%E0%B8%9A-%E0%B8%82%E0%B8%B2%E0%B8%A2?type=used&page_number=32&page_size=26","2018 Toyota HIACE 3.0 Commuter (ปี 05-19) D4D Van","759,000 บาท","ขาย Toyota Commuter 3.0 D4D ปี 2018 แต่ง VIP เบาะหนัง 3 แถว เครื่องเสียง แอร์ไมโครบัส ...","200 - 205K กม.","กรุงเทพมหานคร","Toyota HIACE","มือสอง","เกียร์ธรรมดา"
"1786479382-531","https://www.one2car.com/%E0%B8%A3%E0%B8%96%E0%B8%A1%E0%B8%B7%E0%B8%AD%E0%B8%AA%E0%B8%AD%E0%B8%87-%E0%B8%AA%E0%B8%B3%E0%B8%AB%E0%B8%A3%E0%B8%B1%E0%B8%9A-%E0%B8%82%E0%B8%B2%E0%B8%A2","https://www.one2car.com/%E0%B8%A3%E0%B8%96-%E0%B8%AA%E0%B8%B3%E0%B8%AB%E0%B8%A3%E0%B8%B1%E0%B8%9A-%E0%B8%82%E0%B8%B2%E0%B8%A2?type=used&page_number=32&page_size=26","2017 Mercedes-Benz SPRINTER 2.1 (ปี 07-15) 316 CDI BlueTEC...","1,389,000 บาท","BENZ SPRINTER 2.1 VAN 316 CDI BLUETEC ปี 16/17 สีขาว เกียร์ A/T ราคา 1,389,000 บาท ...","235 - 240K กม.","กรุงเทพมหานคร","","มือสอง","เกียร์อัตโนมัติ"
"1786479382-532","https://www.one2car.com/%E0%B8%A3%E0%B8%96%E0%B8%A1%E0%B8%B7%E0%B8%AD%E0%B8%AA%E0%B8%AD%E0%B8%87-%E0%B8%AA%E0%B8%B3%E0%B8%AB%E0%B8%A3%E0%B8%B1%E0%B8%9A-%E0%B8%82%E0%B8%B2%E0%B8%A2","https://www.one2car.com/%E0%B8%A3%E0%B8%96-%E0%B8%AA%E0%B8%B3%E0%B8%AB%E0%B8%A3%E0%B8%B1%E0%B8%9A-%E0%B8%82%E0%B8%B2%E0%B8%A2?type=used&page_number=32&page_size=26","2023 BMW 520d 2.0 G30 (ปี 17-22) M Sport Sedan - AT","1,690,000 บาท","ไมล์แท้ 58,xxx KM เท่านั้น (วิ่งน้อยมาก) รุ่น 520d M Sport (Top ที่สุดเครื่องดีเซล) Model ...","58257 กม.","กรุงเทพมหานคร","BMW 520d","มือสอง","เกียร์อัตโนมัติ"
"1786479382-533","https://www.one2car.com/%E0%B8%A3%E0%B8%96%E0%B8%A1%E0%B8%B7%E0%B8%AD%E0%B8%AA%E0%B8%AD%E0%B8%87-%E0%B8%AA%E0%B8%B3%E0%B8%AB%E0%B8%A3%E0%B8%B1%E0%B8%9A-%E0%B8%82%E0%B8%B2%E0%B8%A2","https://www.one2car.com/%E0%B8%A3%E0%B8%96-%E0%B8%AA%E0%B8%B3%E0%B8%AB%E0%B8%A3%E0%B8%B1%E0%B8%9A-%E0%B8%82%E0%B8%B2%E0%B8%A2?type=used&page_number=32&page_size=26","2022 BMW 520d 2.0 G30 (ปี 17-22) M Sport Sedan - AT","1,590,000 บาท","520d M Sport Model G30 LCI (Minorchange) Full Option (Top ที่สุดเครื่องยนต์ดีเซล) ไมล์แท้ ...","71639 กม.","กรุงเทพมหานคร","BMW 520d","มือสอง","เกียร์อัตโนมัติ"
"1786479382-534","https://www.one2car.com/%E0%B8%A3%E0%B8%96%E0%B8%A1%E0%B8%B7%E0%B8%AD%E0%B8%AA%E0%B8%AD%E0%B8%87-%E0%B8%AA%E0%B8%B3%E0%B8%AB%E0%B8%A3%E0%B8%B1%E0%B8%9A-%E0%B8%82%E0%B8%B2%E0%B8%A2","https://www.one2car.com/%E0%B8%A3%E0%B8%96-%E0%B8%AA%E0%B8%B3%E0%B8%AB%E0%B8%A3%E0%B8%B1%E0%B8%9A-%E0%B8%82%E0%B8%B2%E0%B8%A2?type=used&page_number=32&page_size=26","2009 Mercedes-Benz S300 3.0 W221 (ปี 06-14) Sedan - AT","599,000 บาท","รถมือเดียว ไมล์แท้ 90000 เจ้าของขายเอง เข้าศูนย์ตลอด ป้ายแดงมือเดียว Brand: Mercedes-Benz ...","95 - 100K กม.","กรุงเทพมหานคร","","มือสอง","เกียร์อัตโนมัติ"
"1786479382-535","https://www.one2car.com/%E0%B8%A3%E0%B8%96%E0%B8%A1%E0%B8%B7%E0%B8%AD%E0%B8%AA%E0%B8%AD%E0%B8%87-%E0%B8%AA%E0%B8%B3%E0%B8%AB%E0%B8%A3%E0%B8%B1%E0%B8%9A-%E0%B8%82%E0%B8%B2%E0%B8%A2","https://www.one2car.com/%E0%B8%A3%E0%B8%96-%E0%B8%AA%E0%B8%B3%E0%B8%AB%E0%B8%A3%E0%B8%B1%E0%B8%9A-%E0%B8%82%E0%B8%B2%E0%B8%A2?type=used&page_number=32&page_size=26","2015 Toyota ESQUIRE 2.0 (ปี 14-17) Gi Van","729,000 บาท","รถมือเดียวออกห้าง MODEL ปลายปี 2015 แท้ๆ รุ่น TOYOTA ESQUIRE 2.0 GI รถแท้ออกศูนย์ ...","155 - 160K กม.","กรุงเทพมหานคร","","มือสอง","เกียร์อัตโนมัติ"
"1786479382-536","https://www.one2car.com/%E0%B8%A3%E0%B8%96%E0%B8%A1%E0%B8%B7%E0%B8%AD%E0%B8%AA%E0%B8%AD%E0%B8%87-%E0%B8%AA%E0%B8%B3%E0%B8%AB%E0%B8%A3%E0%B8%B1%E0%B8%9A-%E0%B8%82%E0%B8%B2%E0%B8%A2","https://www.one2car.com/%E0%B8%A3%E0%B8%96-%E0%B8%AA%E0%B8%B3%E0%B8%AB%E0%B8%A3%E0%B8%B1%E0%B8%9A-%E0%B8%82%E0%B8%B2%E0%B8%A2?type=used&page_number=32&page_size=26","2017 Mercedes-Benz S500 3.0 W222 (ปี 13-21) PLUG-IN Hybrid...","1,259,000 บาท","ปี 2017 Mercedes-Benz S500 3.0 W222 PLUG-IN Hybrid Sedan ราคา 1,259,000 บาท ✅ผ่อนเริ่มต้น ...","130 - 135K กม.","กรุงเทพมหานคร","Mercedes-Benz S500","มือสอง","เกียร์อัตโนมัติ"
"1786479382-537","https://www.one2car.com/%E0%B8%A3%E0%B8%96%E0%B8%A1%E0%B8%B7%E0%B8%AD%E0%B8%AA%E0%B8%AD%E0%B8%87-%E0%B8%AA%E0%B8%B3%E0%B8%AB%E0%B8%A3%E0%B8%B1%E0%B8%9A-%E0%B8%82%E0%B8%B2%E0%B8%A2","https://www.one2car.com/%E0%B8%A3%E0%B8%96-%E0%B8%AA%E0%B8%B3%E0%B8%AB%E0%B8%A3%E0%B8%B1%E0%B8%9A-%E0%B8%82%E0%B8%B2%E0%B8%A2?type=used&page_number=32&page_size=26","2023 BMW 330e 2.0 G20 (ปี 19-26) M Sport Sedan - AT","1,100,000 บาท","330e M Sport (TOP) รุ่นฉลองครบรอบ 50 ปี ตัวรถสีน้ำเงิน Portimao Blue (Signature ของ BMW) ...","71549 กม.","กรุงเทพมหานคร","BMW 330e","มือสอง","เกียร์อัตโนมัติ"
"1786479382-538","https://www.one2car.com/%E0%B8%A3%E0%B8%96%E0%B8%A1%E0%B8%B7%E0%B8%AD%E0%B8%AA%E0%B8%AD%E0%B8%87-%E0%B8%AA%E0%B8%B3%E0%B8%AB%E0%B8%A3%E0%B8%B1%E0%B8%9A-%E0%B8%82%E0%B8%B2%E0%B8%A2","https://www.one2car.com/%E0%B8%A3%E0%B8%96-%E0%B8%AA%E0%B8%B3%E0%B8%AB%E0%B8%A3%E0%B8%B1%E0%B8%9A-%E0%B8%82%E0%B8%B2%E0%B8%A2?type=used&page_number=32&page_size=26","2007 BMW 325i 2.5 E92 (ปี 05-13) Coupe - AT","699,000 บาท","E92 ไมล์แท้ วิ่งเฉลี่ยมาเพียง 9,xxx KM/ปี วิ่งมาน้อยมากครับ ชุดแต่งคาร์บอนแท้รอบคัน ...","169964 กม.","กรุงเทพมหานคร","","มือสอง","เกียร์อัตโนมัติ"
"1786479382-539","https://www.one2car.com/%E0%B8%A3%E0%B8%96%E0%B8%A1%E0%B8%B7%E0%B8%AD%E0%B8%AA%E0%B8%AD%E0%B8%87-%E0%B8%AA%E0%B8%B3%E0%B8%AB%E0%B8%A3%E0%B8%B1%E0%B8%9A-%E0%B8%82%E0%B8%B2%E0%B8%A2","https://www.one2car.com/%E0%B8%A3%E0%B8%96-%E0%B8%AA%E0%B8%B3%E0%B8%AB%E0%B8%A3%E0%B8%B1%E0%B8%9A-%E0%B8%82%E0%B8%B2%E0%B8%A2?type=used&page_number=32&page_size=26","2022 Honda HR-V 1.5 (ปี 22-28) e:HEV EL SUV - e HEV EL","579,000 บาท","Excellent Condition Excellent Service Record Tire in Good Condition Just Complete Service ...","232000 กม.","กรุงเทพมหานคร","Honda HR-V","มือสอง","เกียร์อัตโนมัติ"
"1786479382-540","https://www.one2car.com/%E0%B8%A3%E0%B8%96%E0%B8%A1%E0%B8%B7%E0%B8%AD%E0%B8%AA%E0%B8%AD%E0%B8%87-%E0%B8%AA%E0%B8%B3%E0%B8%AB%E0%B8%A3%E0%B8%B1%E0%B8%9A-%E0%B8%82%E0%B8%B2%E0%B8%A2","https://www.one2car.com/%E0%B8%A3%E0%B8%96-%E0%B8%AA%E0%B8%B3%E0%B8%AB%E0%B8%A3%E0%B8%B1%E0%B8%9A-%E0%B8%82%E0%B8%B2%E0%B8%A2?type=used&page_number=32&page_size=26","2023 BMW X7 3.0 G07 (ปี 19-26) xDrive40d M Sport SUV - 4WD...","2,390,000 บาท","X7 G07 xDrive40d M Sport 4WD ไมล์แท้ เครื่องยนต์ดีเซล รับประกันตัวรถ 5 ปี ไม่จำกัดระยะทาง ...","143581 กม.","กรุงเทพมหานคร","","มือสอง","เกียร์อัตโนมัติ"
"1786479382-541","https://www.one2car.com/%E0%B8%A3%E0%B8%96%E0%B8%A1%E0%B8%B7%E0%B8%AD%E0%B8%AA%E0%B8%AD%E0%B8%87-%E0%B8%AA%E0%B8%B3%E0%B8%AB%E0%B8%A3%E0%B8%B1%E0%B8%9A-%E0%B8%82%E0%B8%B2%E0%B8%A2","https://www.one2car.com/%E0%B8%A3%E0%B8%96-%E0%B8%AA%E0%B8%B3%E0%B8%AB%E0%B8%A3%E0%B8%B1%E0%B8%9A-%E0%B8%82%E0%B8%B2%E0%B8%A2?type=used&page_number=32&page_size=26","2016 Mercedes-Benz S300 2.1 W222 (ปี 13-21) BlueTEC Hybrid...","1,099,000 บาท","ปี 2016 Mercedes-Benz S300 2.1 W222 BlueTEC Hybrid Sedan ราคา 1,099,000 บาท ✅ผ่อนเริ่มต้น ...","65 - 70K กม.","กรุงเทพมหานคร","","มือสอง","เกียร์อัตโนมัติ"
"1786479382-542","https://www.one2car.com/%E0%B8%A3%E0%B8%96%E0%B8%A1%E0%B8%B7%E0%B8%AD%E0%B8%AA%E0%B8%AD%E0%B8%87-%E0%B8%AA%E0%B8%B3%E0%B8%AB%E0%B8%A3%E0%B8%B1%E0%B8%9A-%E0%B8%82%E0%B8%B2%E0%B8%A2","https://www.one2car.com/%E0%B8%A3%E0%B8%96-%E0%B8%AA%E0%B8%B3%E0%B8%AB%E0%B8%A3%E0%B8%B1%E0%B8%9A-%E0%B8%82%E0%B8%B2%E0%B8%A2?type=used&page_number=32&page_size=26","2022 BMW X1 2.0 F48 (ปี 16-20) sDrive20d xLine SUV - AT   ...","859,000 บาท","X1 sDrive20d xLine ไมล์แท้ Model F48 LCI (Minorchange) รุ่นปรับโฉมใหม่ ...","104587 กม.","กรุงเทพมหานคร","BMW X1","มือสอง","เกียร์อัตโนมัติ"
"1786479386-543","https://www.one2car.com/%E0%B8%A3%E0%B8%96%E0%B8%A1%E0%B8%B7%E0%B8%AD%E0%B8%AA%E0%B8%AD%E0%B8%87-%E0%B8%AA%E0%B8%B3%E0%B8%AB%E0%B8%A3%E0%B8%B1%E0%B8%9A-%E0%B8%82%E0%B8%B2%E0%B8%A2","https://www.one2car.com/%E0%B8%A3%E0%B8%96-%E0%B8%AA%E0%B8%B3%E0%B8%AB%E0%B8%A3%E0%B8%B1%E0%B8%9A-%E0%B8%82%E0%B8%B2%E0%B8%A2?type=used&page_number=33&page_size=26","2022 BMW X1 2.0 F48 (ปี 16-20) sDrive20d M Sport SUV - AT ...","999,000 บาท","ไมล์แท้ 61,xxx KM (วิ่งน้อยมาก) รุ่น TOP ที่สุดของ X1 (M SPORT) Model LCI (Minorchange) ...","61623 กม.","กรุงเทพมหานคร","BMW X1","มือสอง","เกียร์อัตโนมัติ"
"1786479386-544","https://www.one2car.com/%E0%B8%A3%E0%B8%96%E0%B8%A1%E0%B8%B7%E0%B8%AD%E0%B8%AA%E0%B8%AD%E0%B8%87-%E0%B8%AA%E0%B8%B3%E0%B8%AB%E0%B8%A3%E0%B8%B1%E0%B8%9A-%E0%B8%82%E0%B8%B2%E0%B8%A2","https://www.one2car.com/%E0%B8%A3%E0%B8%96-%E0%B8%AA%E0%B8%B3%E0%B8%AB%E0%B8%A3%E0%B8%B1%E0%B8%9A-%E0%B8%82%E0%B8%B2%E0%B8%A2?type=used&page_number=33&page_size=26","2021 Mercedes-Benz GLA200 1.3 W247 (ปี 20-27) AMG Dynamic ...","899,000 บาท","GLA200 AMG Dynamic (Top ที่สุดของ GLA) Model 2021 ไมล์แท้ ตัวรถ Wrap ใสกันรอยมาแล้วรอบคัน ...","121499 กม.","กรุงเทพมหานคร","","มือสอง","เกียร์อัตโนมัติ"
"1786479386-545","https://www.one2car.com/%E0%B8%A3%E0%B8%96%E0%B8%A1%E0%B8%B7%E0%B8%AD%E0%B8%AA%E0%B8%AD%E0%B8%87-%E0%B8%AA%E0%B8%B3%E0%B8%AB%E0%B8%A3%E0%B8%B1%E0%B8%9A-%E0%B8%82%E0%B8%B2%E0%B8%A2","https://www.one2car.com/%E0%B8%A3%E0%B8%96-%E0%B8%AA%E0%B8%B3%E0%B8%AB%E0%B8%A3%E0%B8%B1%E0%B8%9A-%E0%B8%82%E0%B8%B2%E0%B8%A2?type=used&page_number=33&page_size=26","2019 Mercedes-Benz CLS53 3.0 W257 (ปี 18-24) AMG 4MATIC+ S...","1,990,000 บาท","CLS53 4MATIC+ (Top ที่สุดในไลน์อัพของ CLS) ไมล์แท้ 66,xxx KM เท่านั้น (วิ่งน้อยมาก) ...","66388 กม.","กรุงเทพมหานคร","","มือสอง","เกียร์อัตโนมัติ"
"1786479386-546","https://www.one2car.com/%E0%B8%A3%E0%B8%96%E0%B8%A1%E0%B8%B7%E0%B8%AD%E0%B8%AA%E0%B8%AD%E0%B8%87-%E0%B8%AA%E0%B8%B3%E0%B8%AB%E0%B8%A3%E0%B8%B1%E0%B8%9A-%E0%B8%82%E0%B8%B2%E0%B8%A2","https://www.one2car.com/%E0%B8%A3%E0%B8%96-%E0%B8%AA%E0%B8%B3%E0%B8%AB%E0%B8%A3%E0%B8%B1%E0%B8%9A-%E0%B8%82%E0%B8%B2%E0%B8%A2?type=used&page_number=33&page_size=26","2020 Mercedes-Benz C220 2.0 W205 (ปี 14-22) d Avantgarde S...","999,000 บาท","C220d Model Facelift รุ่นสุดท้ายของ W205 ไมล์แท้ 47,xxx KM เท่านั้น (วิ่งน้อยมาก) ...","47195 กม.","กรุงเทพมหานคร","","มือสอง","เกียร์อัตโนมัติ"
"1786479386-547","https://www.one2car.com/%E0%B8%A3%E0%B8%96%E0%B8%A1%E0%B8%B7%E0%B8%AD%E0%B8%AA%E0%B8%AD%E0%B8%87-%E0%B8%AA%E0%B8%B3%E0%B8%AB%E0%B8%A3%E0%B8%B1%E0%B8%9A-%E0%B8%82%E0%B8%B2%E0%B8%A2","https://www.one2car.com/%E0%B8%A3%E0%B8%96-%E0%B8%AA%E0%B8%B3%E0%B8%AB%E0%B8%A3%E0%B8%B1%E0%B8%9A-%E0%B8%82%E0%B8%B2%E0%B8%A2?type=used&page_number=33&page_size=26","2019 Toyota VELLFIRE 2.5 (ปี 15-23) HV X Van - 4WD","1,260,000 บาท","#Toyota #vellfire HV 2.5X 2018 💸 ราคา 1,260,000.- ประวัติดีจัดไฟแนนซ์ได้เต็ม ผ่อน ...","95 - 100K กม.","สมุทรปราการ","Toyota VELLFIRE","มือสอง","เกียร์อัตโนมัติ"
"1786479386-548","https://www.one2car.com/%E0%B8%A3%E0%B8%96%E0%B8%A1%E0%B8%B7%E0%B8%AD%E0%B8%AA%E0%B8%AD%E0%B8%87-%E0%B8%AA%E0%B8%B3%E0%B8%AB%E0%B8%A3%E0%B8%B1%E0%B8%9A-%E0%B8%82%E0%B8%B2%E0%B8%A2","https://www.one2car.com/%E0%B8%A3%E0%B8%96-%E0%B8%AA%E0%B8%B3%E0%B8%AB%E0%B8%A3%E0%B8%B1%E0%B8%9A-%E0%B8%82%E0%B8%B2%E0%B8%A2?type=used&page_number=33&page_size=26","2020 Toyota HILUX REVO 2.4 Double Cab Prerunner Entry Pick...","550,000 บาท","#Toyota #revo Dcab prerunner 2.4 Entry[A] 2020 💸 ราคา 558,000.- ...","135 - 140K กม.","สมุทรปราการ","Toyota HILUX REVO","มือสอง","เกียร์อัตโนมัติ"
"1786479386-549","https://www.one2car.com/%E0%B8%A3%E0%B8%96%E0%B8%A1%E0%B8%B7%E0%B8%AD%E0%B8%AA%E0%B8%AD%E0%B8%87-%E0%B8%AA%E0%B8%B3%E0%B8%AB%E0%B8%A3%E0%B8%B1%E0%B8%9A-%E0%B8%82%E0%B8%B2%E0%B8%A2","https://www.one2car.com/%E0%B8%A3%E0%B8%96-%E0%B8%AA%E0%B8%B3%E0%B8%AB%E0%B8%A3%E0%B8%B1%E0%B8%9A-%E0%B8%82%E0%B8%B2%E0%B8%A2?type=used&page_number=33&page_size=26","2013 Kia PICANTO 1.2 (ปี 11-15) K1 Hatchback - AT","105,000 บาท","🚗 ขาย Kia Picanto ปี 2013 เกียร์อัตโนมัติ ประหยัดน้ำมัน พร้อมใช้งาน ใช้งานมา 3 ปี ...","90 - 95K กม.","ชลบุรี","","มือสอง","เกียร์อัตโนมัติ"
"1786479386-550","https://www.one2car.com/%E0%B8%A3%E0%B8%96%E0%B8%A1%E0%B8%B7%E0%B8%AD%E0%B8%AA%E0%B8%AD%E0%B8%87-%E0%B8%AA%E0%B8%B3%E0%B8%AB%E0%B8%A3%E0%B8%B1%E0%B8%9A-%E0%B8%82%E0%B8%B2%E0%B8%A2","https://www.one2car.com/%E0%B8%A3%E0%B8%96-%E0%B8%AA%E0%B8%B3%E0%B8%AB%E0%B8%A3%E0%B8%B1%E0%B8%9A-%E0%B8%82%E0%B8%B2%E0%B8%A2?type=used&page_number=33&page_size=26","2018 Mercedes-Benz C350 2.0 W205 (ปี 14-22) e Avantgarde S...","529,000 บาท","ปี 2018 Mercedes-Benz C350 2.0 W205 e Avantgarde Sedan ราคา 529,000 บาท ✅ผ่อนเริ่มต้น ...","95 - 100K กม.","กรุงเทพมหานคร","Mercedes-Benz C350","มือสอง","เกียร์อัตโนมัติ"
"1786479386-551","https://www.one2car.com/%E0%B8%A3%E0%B8%96%E0%B8%A1%E0%B8%B7%E0%B8%AD%E0%B8%AA%E0%B8%AD%E0%B8%87-%E0%B8%AA%E0%B8%B3%E0%B8%AB%E0%B8%A3%E0%B8%B1%E0%B8%9A-%E0%B8%82%E0%B8%B2%E0%B8%A2","https://www.one2car.com/%E0%B8%A3%E0%B8%96-%E0%B8%AA%E0%B8%B3%E0%B8%AB%E0%B8%A3%E0%B8%B1%E0%B8%9A-%E0%B8%82%E0%B8%B2%E0%B8%A2?type=used&page_number=33&page_size=26","2002 Ford RANGER 2.5 Super Cab (ปี 99-02) XL Pickup - Supe...","69,900 บาท","ไม่มีการเกิดอุบัติเหตุ สภาพยอดเยี่ยม สภาพยางยังดีอยู่ เลขไมล์ต่ำ","205546 กม.","กาญจนบุรี","Ford RANGER","มือสอง","เกียร์ธรรมดา"
"1786479386-552","https://www.one2car.com/%E0%B8%A3%E0%B8%96%E0%B8%A1%E0%B8%B7%E0%B8%AD%E0%B8%AA%E0%B8%AD%E0%B8%87-%E0%B8%AA%E0%B8%B3%E0%B8%AB%E0%B8%A3%E0%B8%B1%E0%B8%9A-%E0%B8%82%E0%B8%B2%E0%B8%A2","https://www.one2car.com/%E0%B8%A3%E0%B8%96-%E0%B8%AA%E0%B8%B3%E0%B8%AB%E0%B8%A3%E0%B8%B1%E0%B8%9A-%E0%B8%82%E0%B8%B2%E0%B8%A2?type=used&page_number=33&page_size=26","2019 Honda HR-V 1.8 (ปี 14-18) RS SUV","488,000 บาท","💙NEW ARRIVAL รถสวยเข้าใหม่ครับ💙 😍HONDA HRV 1.8 RS รุ่นTOPสุด หลังคาแก้ว รถปี 2019 ...","110 - 115K กม.","กรุงเทพมหานคร","Honda HR-V","มือสอง","เกียร์อัตโนมัติ"
"1786479386-553","https://www.one2car.com/%E0%B8%A3%E0%B8%96%E0%B8%A1%E0%B8%B7%E0%B8%AD%E0%B8%AA%E0%B8%AD%E0%B8%87-%E0%B8%AA%E0%B8%B3%E0%B8%AB%E0%B8%A3%E0%B8%B1%E0%B8%9A-%E0%B8%82%E0%B8%B2%E0%B8%A2","https://www.one2car.com/%E0%B8%A3%E0%B8%96-%E0%B8%AA%E0%B8%B3%E0%B8%AB%E0%B8%A3%E0%B8%B1%E0%B8%9A-%E0%B8%82%E0%B8%B2%E0%B8%A2?type=used&page_number=33&page_size=26","2014 Honda CIVIC 1.8 FB (ปี 12-16) ES Sedan","299,000 บาท","🎉สภาพน้องๆป้ายแดง HONDA CIVIC 1.8ES ตัว TOP สีเทา ปี 2014 ใช้งานน้อยมากเพียง 160,000 ...","160 - 165K กม.","กรุงเทพมหานคร","Honda CIVIC","มือสอง","เกียร์อัตโนมัติ"
"1786479386-554","https://www.one2car.com/%E0%B8%A3%E0%B8%96%E0%B8%A1%E0%B8%B7%E0%B8%AD%E0%B8%AA%E0%B8%AD%E0%B8%87-%E0%B8%AA%E0%B8%B3%E0%B8%AB%E0%B8%A3%E0%B8%B1%E0%B8%9A-%E0%B8%82%E0%B8%B2%E0%B8%A2","https://www.one2car.com/%E0%B8%A3%E0%B8%96-%E0%B8%AA%E0%B8%B3%E0%B8%AB%E0%B8%A3%E0%B8%B1%E0%B8%9A-%E0%B8%82%E0%B8%B2%E0%B8%A2?type=used&page_number=33&page_size=26","2020 Toyota ALPHARD 2.5 (ปี 15-23) Hybrid SR C-Package E-F...","2,050,000 บาท","สภาพยอดเยี่ยม เพิ่งทำการเช็คสภาพรถ มีประวัติการเข้าศูนย์บริการ สภาพยางยังดีอยู่ ...","135 - 140K กม.","มหาสารคาม","Toyota ALPHARD","มือสอง","เกียร์อัตโนมัติ"
"1786479386-555","https://www.one2car.com/%E0%B8%A3%E0%B8%96%E0%B8%A1%E0%B8%B7%E0%B8%AD%E0%B8%AA%E0%B8%AD%E0%B8%87-%E0%B8%AA%E0%B8%B3%E0%B8%AB%E0%B8%A3%E0%B8%B1%E0%B8%9A-%E0%B8%82%E0%B8%B2%E0%B8%A2","https://www.one2car.com/%E0%B8%A3%E0%B8%96-%E0%B8%AA%E0%B8%B3%E0%B8%AB%E0%B8%A3%E0%B8%B1%E0%B8%9A-%E0%B8%82%E0%B8%B2%E0%B8%A2?type=used&page_number=33&page_size=26","2017 Honda CR-V 2.4 (ปี 12-16) EL SUV","468,000 บาท","💙NEW ARRIVAL (1ใน100) เป็นรถที่ใหม่มากๆน่าใช้มากๆสภาพน้องๆป้ายแดง ￼สวยสุดในรุ่น ...","135 - 140K กม.","กรุงเทพมหานคร","Honda CR-V","มือสอง","เกียร์อัตโนมัติ"
"1786479386-556","https://www.one2car.com/%E0%B8%A3%E0%B8%96%E0%B8%A1%E0%B8%B7%E0%B8%AD%E0%B8%AA%E0%B8%AD%E0%B8%87-%E0%B8%AA%E0%B8%B3%E0%B8%AB%E0%B8%A3%E0%B8%B1%E0%B8%9A-%E0%B8%82%E0%B8%B2%E0%B8%A2","https://www.one2car.com/%E0%B8%A3%E0%B8%96-%E0%B8%AA%E0%B8%B3%E0%B8%AB%E0%B8%A3%E0%B8%B1%E0%B8%9A-%E0%B8%82%E0%B8%B2%E0%B8%A2?type=used&page_number=33&page_size=26","2013 Honda JAZZ 1.5 (ปี 08-14) V Hatchback","199,000 บาท","Honda Jazz 1.5 V รอง Top 2013 แท้✅ สภาพ 1ใน100 เจ้าของเก่าดูแลดีมาก จอดในร่มตลอด ...","130 - 135K กม.","กรุงเทพมหานคร","Honda JAZZ","มือสอง","เกียร์อัตโนมัติ"
"1786479386-557","https://www.one2car.com/%E0%B8%A3%E0%B8%96%E0%B8%A1%E0%B8%B7%E0%B8%AD%E0%B8%AA%E0%B8%AD%E0%B8%87-%E0%B8%AA%E0%B8%B3%E0%B8%AB%E0%B8%A3%E0%B8%B1%E0%B8%9A-%E0%B8%82%E0%B8%B2%E0%B8%A2","https://www.one2car.com/%E0%B8%A3%E0%B8%96-%E0%B8%AA%E0%B8%B3%E0%B8%AB%E0%B8%A3%E0%B8%B1%E0%B8%9A-%E0%B8%82%E0%B8%B2%E0%B8%A2?type=used&page_number=33&page_size=26","2020 BMW 530e 2.0 G30 (ปี 17-22) M Sport Sedan","899,000 บาท","💙NEW ARRIVAL รถสวยเข้าใหม่ครับ💙 😉BMW 530e MSPORT (รุ่น TOP สุดของรุ่น) สีขาวรถปี 2020 ...","70 - 75K กม.","กรุงเทพมหานคร","","มือสอง","เกียร์อัตโนมัติ"
"1786479386-558","https://www.one2car.com/%E0%B8%A3%E0%B8%96%E0%B8%A1%E0%B8%B7%E0%B8%AD%E0%B8%AA%E0%B8%AD%E0%B8%87-%E0%B8%AA%E0%B8%B3%E0%B8%AB%E0%B8%A3%E0%B8%B1%E0%B8%9A-%E0%B8%82%E0%B8%B2%E0%B8%A2","https://www.one2car.com/%E0%B8%A3%E0%B8%96-%E0%B8%AA%E0%B8%B3%E0%B8%AB%E0%B8%A3%E0%B8%B1%E0%B8%9A-%E0%B8%82%E0%B8%B2%E0%B8%A2?type=used&page_number=33&page_size=26","2024 Mitsubishi Xpander Cross 1.6 (ปี 23-27) HEV Wagon - C...","669,000 บาท","🚗 **Mitsubishi Xpander Cross HEV ปี 2024 ตัวท็อป ไมล์น้อย สภาพสวย พร้อมใช้** 💰 ราคา: ...","30 - 35K กม.","นนทบุรี","","มือสอง","เกียร์อัตโนมัติ"
"1786479386-559","https://www.one2car.com/%E0%B8%A3%E0%B8%96%E0%B8%A1%E0%B8%B7%E0%B8%AD%E0%B8%AA%E0%B8%AD%E0%B8%87-%E0%B8%AA%E0%B8%B3%E0%B8%AB%E0%B8%A3%E0%B8%B1%E0%B8%9A-%E0%B8%82%E0%B8%B2%E0%B8%A2","https://www.one2car.com/%E0%B8%A3%E0%B8%96-%E0%B8%AA%E0%B8%B3%E0%B8%AB%E0%B8%A3%E0%B8%B1%E0%B8%9A-%E0%B8%82%E0%B8%B2%E0%B8%A2?type=used&page_number=33&page_size=26","2002 Mercedes-Benz C180 2.0 W203 (ปี 01-07) Elegance Sedan...","169,000 บาท","BENZ C180 2.0 W203 ELEGANCE SEDAN ปี 2002 สีเทา เกียร์ A/T ราคา 169,000 บาท สนใจโทร 📞 ...","200 - 205K กม.","กรุงเทพมหานคร","","มือสอง","เกียร์อัตโนมัติ"
"1786479386-560","https://www.one2car.com/%E0%B8%A3%E0%B8%96%E0%B8%A1%E0%B8%B7%E0%B8%AD%E0%B8%AA%E0%B8%AD%E0%B8%87-%E0%B8%AA%E0%B8%B3%E0%B8%AB%E0%B8%A3%E0%B8%B1%E0%B8%9A-%E0%B8%82%E0%B8%B2%E0%B8%A2","https://www.one2car.com/%E0%B8%A3%E0%B8%96-%E0%B8%AA%E0%B8%B3%E0%B8%AB%E0%B8%A3%E0%B8%B1%E0%B8%9A-%E0%B8%82%E0%B8%B2%E0%B8%A2?type=used&page_number=33&page_size=26","2020 Nissan Kicks 1.2 (ปี 20-26) VL SUV","430,000 บาท","ขาย Nissan Kicks VL (Gen 1) ปี 2022 (ตัวท็อป) ราคา: 430,000 บาท (ไม่รวมเลขทะเบียน) ...","52000 กม.","กรุงเทพมหานคร","","มือสอง","เกียร์อัตโนมัติ"
"1786479386-561","https://www.one2car.com/%E0%B8%A3%E0%B8%96%E0%B8%A1%E0%B8%B7%E0%B8%AD%E0%B8%AA%E0%B8%AD%E0%B8%87-%E0%B8%AA%E0%B8%B3%E0%B8%AB%E0%B8%A3%E0%B8%B1%E0%B8%9A-%E0%B8%82%E0%B8%B2%E0%B8%A2","https://www.one2car.com/%E0%B8%A3%E0%B8%96-%E0%B8%AA%E0%B8%B3%E0%B8%AB%E0%B8%A3%E0%B8%B1%E0%B8%9A-%E0%B8%82%E0%B8%B2%E0%B8%A2?type=used&page_number=33&page_size=26","2023 Ford RANGER 3.0 Double Cab (ปี 22-28) Raptor Pickup -...","1,540,000 บาท","FOR SALE – Ford Ranger Raptor 3.0 V6 | July 2023 | Koh Samui One of the most capable and ...","16600 กม.","สุราษฎร์ธานี","Ford RANGER","มือสอง","เกียร์อัตโนมัติ"
"1786479386-562","https://www.one2car.com/%E0%B8%A3%E0%B8%96%E0%B8%A1%E0%B8%B7%E0%B8%AD%E0%B8%AA%E0%B8%AD%E0%B8%87-%E0%B8%AA%E0%B8%B3%E0%B8%AB%E0%B8%A3%E0%B8%B1%E0%B8%9A-%E0%B8%82%E0%B8%B2%E0%B8%A2","https://www.one2car.com/%E0%B8%A3%E0%B8%96-%E0%B8%AA%E0%B8%B3%E0%B8%AB%E0%B8%A3%E0%B8%B1%E0%B8%9A-%E0%B8%82%E0%B8%B2%E0%B8%A2?type=used&page_number=33&page_size=26","2018 Mercedes-Benz CLA200 1.6 W117 (ปี 14-18) Urban Sedan ...","999,000 บาท","ขายด่วน Mercedes-Benz CLA 200 ปี 2018 สีดำ Luxury Coupe Sedan สีดำ สภาพสวยมาก ...","100 - 105K กม.","กรุงเทพมหานคร","","มือสอง","เกียร์อัตโนมัติ"
"1786479386-563","https://www.one2car.com/%E0%B8%A3%E0%B8%96%E0%B8%A1%E0%B8%B7%E0%B8%AD%E0%B8%AA%E0%B8%AD%E0%B8%87-%E0%B8%AA%E0%B8%B3%E0%B8%AB%E0%B8%A3%E0%B8%B1%E0%B8%9A-%E0%B8%82%E0%B8%B2%E0%B8%A2","https://www.one2car.com/%E0%B8%A3%E0%B8%96-%E0%B8%AA%E0%B8%B3%E0%B8%AB%E0%B8%A3%E0%B8%B1%E0%B8%9A-%E0%B8%82%E0%B8%B2%E0%B8%A2?type=used&page_number=33&page_size=26","2013 Honda City 1.5 (ปี 08-14) SV Sedan","239,000 บาท","ตัวรถผลิตและออกรถปี 2013 แท้ๆ HONDA CITY 1.5 SV ไมเนอร์เชนจ์ ไฟใหม้ ตัวท็อปสุด รถบ้านแท้ๆ ...","110 - 115K กม.","กรุงเทพมหานคร","Honda City","มือสอง","เกียร์อัตโนมัติ"
"1786479386-564","https://www.one2car.com/%E0%B8%A3%E0%B8%96%E0%B8%A1%E0%B8%B7%E0%B8%AD%E0%B8%AA%E0%B8%AD%E0%B8%87-%E0%B8%AA%E0%B8%B3%E0%B8%AB%E0%B8%A3%E0%B8%B1%E0%B8%9A-%E0%B8%82%E0%B8%B2%E0%B8%A2","https://www.one2car.com/%E0%B8%A3%E0%B8%96-%E0%B8%AA%E0%B8%B3%E0%B8%AB%E0%B8%A3%E0%B8%B1%E0%B8%9A-%E0%B8%82%E0%B8%B2%E0%B8%A2?type=used&page_number=33&page_size=26","2025 Honda HR-V 1.5 (ปี 22-28) e:HEV RS SUV - e HEV RS AT ...","940,000 บาท","รถบ้าน รถสวย ไมล์น้อย ราคาต่อรองได้ ผู้ประสานงาน คนไทย","15 - 20K กม.","ชลบุรี","Honda HR-V","มือสอง","เกียร์อัตโนมัติ"
"1786479386-565","https://www.one2car.com/%E0%B8%A3%E0%B8%96%E0%B8%A1%E0%B8%B7%E0%B8%AD%E0%B8%AA%E0%B8%AD%E0%B8%87-%E0%B8%AA%E0%B8%B3%E0%B8%AB%E0%B8%A3%E0%B8%B1%E0%B8%9A-%E0%B8%82%E0%B8%B2%E0%B8%A2","https://www.one2car.com/%E0%B8%A3%E0%B8%96-%E0%B8%AA%E0%B8%B3%E0%B8%AB%E0%B8%A3%E0%B8%B1%E0%B8%9A-%E0%B8%82%E0%B8%B2%E0%B8%A2?type=used&page_number=33&page_size=26","2018 Hyundai H-1 2.5 (ปี 08-17) Deluxe Van","735,000 บาท","#ฟรีดาวน์ รถมือสอง ราคาถูก สภาพสวย ช่วงล่างเยี่ยม พร้อมโปรโมชั่นพิเศษ รับประกันว่ารถสวย ...","104183 กม.","กรุงเทพมหานคร","Hyundai H-1","มือสอง","เกียร์อัตโนมัติ"
"1786479386-566","https://www.one2car.com/%E0%B8%A3%E0%B8%96%E0%B8%A1%E0%B8%B7%E0%B8%AD%E0%B8%AA%E0%B8%AD%E0%B8%87-%E0%B8%AA%E0%B8%B3%E0%B8%AB%E0%B8%A3%E0%B8%B1%E0%B8%9A-%E0%B8%82%E0%B8%B2%E0%B8%A2","https://www.one2car.com/%E0%B8%A3%E0%B8%96-%E0%B8%AA%E0%B8%B3%E0%B8%AB%E0%B8%A3%E0%B8%B1%E0%B8%9A-%E0%B8%82%E0%B8%B2%E0%B8%A2?type=used&page_number=33&page_size=26","2020 Honda HR-V 1.8 (ปี 14-18) EL SUV","565,000 บาท","#ฟรีดาวน์ รถมือสอง ราคาถูก สภาพสวย ช่วงล่างเยี่ยม พร้อมโปรโมชั่นพิเศษ รับประกันว่ารถสวย ...","58310 กม.","กรุงเทพมหานคร","Honda HR-V","มือสอง","เกียร์อัตโนมัติ"
"1786479386-567","https://www.one2car.com/%E0%B8%A3%E0%B8%96%E0%B8%A1%E0%B8%B7%E0%B8%AD%E0%B8%AA%E0%B8%AD%E0%B8%87-%E0%B8%AA%E0%B8%B3%E0%B8%AB%E0%B8%A3%E0%B8%B1%E0%B8%9A-%E0%B8%82%E0%B8%B2%E0%B8%A2","https://www.one2car.com/%E0%B8%A3%E0%B8%96-%E0%B8%AA%E0%B8%B3%E0%B8%AB%E0%B8%A3%E0%B8%B1%E0%B8%9A-%E0%B8%82%E0%B8%B2%E0%B8%A2?type=used&page_number=33&page_size=26","2016 Toyota CAMRY 2.5 (ปี 12-18) Hybrid Premium Sedan","385,000 บาท","【 SPEC & OPTION 】 ✅ เครื่องยนต์ 2AR-FXE Hybrid Dual VVT-i 2,494 cc. ✅ กำลังสูงสุด 160 ...","206079 กม.","กรุงเทพมหานคร","Toyota CAMRY","มือสอง","เกียร์อัตโนมัติ"
"1786479386-568","https://www.one2car.com/%E0%B8%A3%E0%B8%96%E0%B8%A1%E0%B8%B7%E0%B8%AD%E0%B8%AA%E0%B8%AD%E0%B8%87-%E0%B8%AA%E0%B8%B3%E0%B8%AB%E0%B8%A3%E0%B8%B1%E0%B8%9A-%E0%B8%82%E0%B8%B2%E0%B8%A2","https://www.one2car.com/%E0%B8%A3%E0%B8%96-%E0%B8%AA%E0%B8%B3%E0%B8%AB%E0%B8%A3%E0%B8%B1%E0%B8%9A-%E0%B8%82%E0%B8%B2%E0%B8%A2?type=used&page_number=33&page_size=26","2021 Mercedes-Benz GLS350 2.9 W167 (ปี 20-26) d AMG Premiu...","3,190,000 บาท","Mercedes-Benz GLS 350d 4MATIC (X167) — 2021 Single owner from new. Zero accidents. ...","135 - 140K กม.","ภูเก็ต","","มือสอง","เกียร์อัตโนมัติ"
"1786479390-569","https://www.one2car.com/%E0%B8%A3%E0%B8%96%E0%B8%A1%E0%B8%B7%E0%B8%AD%E0%B8%AA%E0%B8%AD%E0%B8%87-%E0%B8%AA%E0%B8%B3%E0%B8%AB%E0%B8%A3%E0%B8%B1%E0%B8%9A-%E0%B8%82%E0%B8%B2%E0%B8%A2","https://www.one2car.com/%E0%B8%A3%E0%B8%96-%E0%B8%AA%E0%B8%B3%E0%B8%AB%E0%B8%A3%E0%B8%B1%E0%B8%9A-%E0%B8%82%E0%B8%B2%E0%B8%A2?type=used&page_number=34&page_size=26","2021 MG ZS 1.5 (ปี 17-25) D+ SUV - D","299,000 บาท","😀 ราคา 299,000 บาท 😀 MG ZS 1.5 D+ (Minorchange) ปี 2021 สีดำดุดัน พร้อมชุดแต่งรอบคัน ...","60 - 65K กม.","กรุงเทพมหานคร","","มือสอง","เกียร์อัตโนมัติ"
"1786479390-570","https://www.one2car.com/%E0%B8%A3%E0%B8%96%E0%B8%A1%E0%B8%B7%E0%B8%AD%E0%B8%AA%E0%B8%AD%E0%B8%87-%E0%B8%AA%E0%B8%B3%E0%B8%AB%E0%B8%A3%E0%B8%B1%E0%B8%9A-%E0%B8%82%E0%B8%B2%E0%B8%A2","https://www.one2car.com/%E0%B8%A3%E0%B8%96-%E0%B8%AA%E0%B8%B3%E0%B8%AB%E0%B8%A3%E0%B8%B1%E0%B8%9A-%E0%B8%82%E0%B8%B2%E0%B8%A2?type=used&page_number=34&page_size=26","2023 Ford EVEREST 2.0 (ปี 22-28) Sport SUV","999,000 บาท","FORD EVEREST NEXT-GEN 2.0 TURBO SPORT ปี 2023 + Option Pack A สีส้มครับ และ ...","25 - 30K กม.","กรุงเทพมหานคร","Ford EVEREST","มือสอง","เกียร์อัตโนมัติ"
"1786479390-571","https://www.one2car.com/%E0%B8%A3%E0%B8%96%E0%B8%A1%E0%B8%B7%E0%B8%AD%E0%B8%AA%E0%B8%AD%E0%B8%87-%E0%B8%AA%E0%B8%B3%E0%B8%AB%E0%B8%A3%E0%B8%B1%E0%B8%9A-%E0%B8%82%E0%B8%B2%E0%B8%A2","https://www.one2car.com/%E0%B8%A3%E0%B8%96-%E0%B8%AA%E0%B8%B3%E0%B8%AB%E0%B8%A3%E0%B8%B1%E0%B8%9A-%E0%B8%82%E0%B8%B2%E0%B8%A2?type=used&page_number=34&page_size=26","2019 Mercedes-Benz CLA250 2.0 W117 (ปี 13-18) AMG Dynamic ...","799,000 บาท","Mercedes-Benz CLA 250 AMG Dynamic (Night Edition) แถมทะเบียนมงคล**ราคา35,000บ ...","180 - 185K กม.","กรุงเทพมหานคร","Mercedes-Benz CLA250","มือสอง","เกียร์อัตโนมัติ"
"1786479390-572","https://www.one2car.com/%E0%B8%A3%E0%B8%96%E0%B8%A1%E0%B8%B7%E0%B8%AD%E0%B8%AA%E0%B8%AD%E0%B8%87-%E0%B8%AA%E0%B8%B3%E0%B8%AB%E0%B8%A3%E0%B8%B1%E0%B8%9A-%E0%B8%82%E0%B8%B2%E0%B8%A2","https://www.one2car.com/%E0%B8%A3%E0%B8%96-%E0%B8%AA%E0%B8%B3%E0%B8%AB%E0%B8%A3%E0%B8%B1%E0%B8%9A-%E0%B8%82%E0%B8%B2%E0%B8%A2?type=used&page_number=34&page_size=26","2025 Toyota Majesty 2.8 (ปี 19-30) Premium Van - AT","1,750,000 บาท","รถใช้งานน้อย ส่วนใหญ่จอดไว้ไม่ได้ใช้งาน เลขไมล์เพียง 22,000 กิโลเมตร สภาพดี พร้อมใช้งาน ...","22000 กม.","ปทุมธานี","","มือสอง","เกียร์อัตโนมัติ"
"1786479390-573","https://www.one2car.com/%E0%B8%A3%E0%B8%96%E0%B8%A1%E0%B8%B7%E0%B8%AD%E0%B8%AA%E0%B8%AD%E0%B8%87-%E0%B8%AA%E0%B8%B3%E0%B8%AB%E0%B8%A3%E0%B8%B1%E0%B8%9A-%E0%B8%82%E0%B8%B2%E0%B8%A2","https://www.one2car.com/%E0%B8%A3%E0%B8%96-%E0%B8%AA%E0%B8%B3%E0%B8%AB%E0%B8%A3%E0%B8%B1%E0%B8%9A-%E0%B8%82%E0%B8%B2%E0%B8%A2?type=used&page_number=34&page_size=26","2017 BMW X5 2.0 F15 (ปี 13-17) xDrive40e M Sport SUV - AWD...","659,000 บาท","🚘 SUV สุดหรู มือแรก ดูแลถึง เซอร์วิสศูนย์ทุกระยะ ราคาน่าคบ 📍 BMW ✳️ X5 xDrive40e M Sport ...","165 - 170K กม.","กรุงเทพมหานคร","BMW X5","มือสอง","เกียร์อัตโนมัติ"
"1786479390-574","https://www.one2car.com/%E0%B8%A3%E0%B8%96%E0%B8%A1%E0%B8%B7%E0%B8%AD%E0%B8%AA%E0%B8%AD%E0%B8%87-%E0%B8%AA%E0%B8%B3%E0%B8%AB%E0%B8%A3%E0%B8%B1%E0%B8%9A-%E0%B8%82%E0%B8%B2%E0%B8%A2","https://www.one2car.com/%E0%B8%A3%E0%B8%96-%E0%B8%AA%E0%B8%B3%E0%B8%AB%E0%B8%A3%E0%B8%B1%E0%B8%9A-%E0%B8%82%E0%B8%B2%E0%B8%A2?type=used&page_number=34&page_size=26","2023 Ford EVEREST 2.0 (ปี 22-28) Titanium+ SUV - Titanium ...","1,159,000 บาท","🚘 SUV 7 ที่นั่ง ตัวท็อป สายลุย ออปชันจัดเต็ม ครบจบในคันเดียว 📍 FORD ✳️ EVEREST 2.0 ...","75 - 80K กม.","กรุงเทพมหานคร","Ford EVEREST","มือสอง","เกียร์อัตโนมัติ"
"1786479390-575","https://www.one2car.com/%E0%B8%A3%E0%B8%96%E0%B8%A1%E0%B8%B7%E0%B8%AD%E0%B8%AA%E0%B8%AD%E0%B8%87-%E0%B8%AA%E0%B8%B3%E0%B8%AB%E0%B8%A3%E0%B8%B1%E0%B8%9A-%E0%B8%82%E0%B8%B2%E0%B8%A2","https://www.one2car.com/%E0%B8%A3%E0%B8%96-%E0%B8%AA%E0%B8%B3%E0%B8%AB%E0%B8%A3%E0%B8%B1%E0%B8%9A-%E0%B8%82%E0%B8%B2%E0%B8%A2?type=used&page_number=34&page_size=26","2019 BMW 330e 2.0 F30 (ปี 16-20) M Sport Sedan","589,000 บาท","🚘 ซีดานสปอร์ตหรู รุ่นท็อปสุด ขับสนุก แรง ประหยัด! 📍 BMW ✳️ 330e Plug-In HYBRID M Sport ...","137000 กม.","กรุงเทพมหานคร","BMW 330e","มือสอง","เกียร์อัตโนมัติ"
"1786479390-576","https://www.one2car.com/%E0%B8%A3%E0%B8%96%E0%B8%A1%E0%B8%B7%E0%B8%AD%E0%B8%AA%E0%B8%AD%E0%B8%87-%E0%B8%AA%E0%B8%B3%E0%B8%AB%E0%B8%A3%E0%B8%B1%E0%B8%9A-%E0%B8%82%E0%B8%B2%E0%B8%A2","https://www.one2car.com/%E0%B8%A3%E0%B8%96-%E0%B8%AA%E0%B8%B3%E0%B8%AB%E0%B8%A3%E0%B8%B1%E0%B8%9A-%E0%B8%82%E0%B8%B2%E0%B8%A2?type=used&page_number=34&page_size=26","2017 Mini Countryman 2.0 F60 Cooper S Hightrim Hatchback -...","749,000 บาท","รถบ้านแท้ เจ้าของดูแลอย่างดี พร้อมใช้งาน ไม่เคยใช้งานหนัก ขับดี ช่วงล่างแน่นสไตล์ MINI ...","115 - 120K กม.","ชลบุรี","","มือสอง","เกียร์อัตโนมัติ"
"1786479390-577","https://www.one2car.com/%E0%B8%A3%E0%B8%96%E0%B8%A1%E0%B8%B7%E0%B8%AD%E0%B8%AA%E0%B8%AD%E0%B8%87-%E0%B8%AA%E0%B8%B3%E0%B8%AB%E0%B8%A3%E0%B8%B1%E0%B8%9A-%E0%B8%82%E0%B8%B2%E0%B8%A2","https://www.one2car.com/%E0%B8%A3%E0%B8%96-%E0%B8%AA%E0%B8%B3%E0%B8%AB%E0%B8%A3%E0%B8%B1%E0%B8%9A-%E0%B8%82%E0%B8%B2%E0%B8%A2?type=used&page_number=34&page_size=26","2022 Honda HR-V 1.5 (ปี 22-28) e:HEV E SUV - e HEV E","629,000 บาท","🚘ไฮบริด ยอดนิยม แรง ประหยัด ครบ จบในคันเดียว 📍 HONDA ✳️ HR-V 1.5E e:HEV ✡️ เบนซิน 1.5 ...","75 - 80K กม.","กรุงเทพมหานคร","Honda HR-V","มือสอง","เกียร์อัตโนมัติ"
"1786479390-578","https://www.one2car.com/%E0%B8%A3%E0%B8%96%E0%B8%A1%E0%B8%B7%E0%B8%AD%E0%B8%AA%E0%B8%AD%E0%B8%87-%E0%B8%AA%E0%B8%B3%E0%B8%AB%E0%B8%A3%E0%B8%B1%E0%B8%9A-%E0%B8%82%E0%B8%B2%E0%B8%A2","https://www.one2car.com/%E0%B8%A3%E0%B8%96-%E0%B8%AA%E0%B8%B3%E0%B8%AB%E0%B8%A3%E0%B8%B1%E0%B8%9A-%E0%B8%82%E0%B8%B2%E0%B8%A2?type=used&page_number=34&page_size=26","2019 Honda CIVIC 1.5 FK (ปี 17-21) Turbo Hatchback","559,000 บาท","🚘 มือแรก ดูแลถึง เซอร์วิสศูนย์ทุกระยะ 📍 HONDA ✳️ CIVIC 1.5 TURBO HATCHBACK [FK] ✡️ เบนซิน ...","236000 กม.","กรุงเทพมหานคร","Honda CIVIC","มือสอง","เกียร์อัตโนมัติ"
"1786479390-579","https://www.one2car.com/%E0%B8%A3%E0%B8%96%E0%B8%A1%E0%B8%B7%E0%B8%AD%E0%B8%AA%E0%B8%AD%E0%B8%87-%E0%B8%AA%E0%B8%B3%E0%B8%AB%E0%B8%A3%E0%B8%B1%E0%B8%9A-%E0%B8%82%E0%B8%B2%E0%B8%A2","https://www.one2car.com/%E0%B8%A3%E0%B8%96-%E0%B8%AA%E0%B8%B3%E0%B8%AB%E0%B8%A3%E0%B8%B1%E0%B8%9A-%E0%B8%82%E0%B8%B2%E0%B8%A2?type=used&page_number=34&page_size=26","2018 Toyota C-HR 1.8 (ปี 17-23) HV Hi SUV - AT","430,000 บาท","สภาพยอดเยี่ยม เพิ่งทำการเช็คสภาพรถ มีประวัติการเข้าศูนย์บริการ ไม่มีการเกิดอุบัติเหตุ ...","130 - 135K กม.","ชลบุรี","Toyota C-HR","มือสอง","เกียร์อัตโนมัติ"
"1786479390-580","https://www.one2car.com/%E0%B8%A3%E0%B8%96%E0%B8%A1%E0%B8%B7%E0%B8%AD%E0%B8%AA%E0%B8%AD%E0%B8%87-%E0%B8%AA%E0%B8%B3%E0%B8%AB%E0%B8%A3%E0%B8%B1%E0%B8%9A-%E0%B8%82%E0%B8%B2%E0%B8%A2","https://www.one2car.com/%E0%B8%A3%E0%B8%96-%E0%B8%AA%E0%B8%B3%E0%B8%AB%E0%B8%A3%E0%B8%B1%E0%B8%9A-%E0%B8%82%E0%B8%B2%E0%B8%A2?type=used&page_number=34&page_size=26","2012 Porsche CAYENNE 3.0 (ปี 10-16) S Hybrid SUV - 4WD","899,000 บาท","🚘 ขุมพลังไฮบริด แรงเร้าใจ ล้ำสมัย สุดพรีเมี่ยม 📍 PORSCHE ✳️ Cayenne S Hybrid (4WD) ✡️ ...","120 - 125K กม.","กรุงเทพมหานคร","Porsche CAYENNE","มือสอง","เกียร์อัตโนมัติ"
"1786479390-581","https://www.one2car.com/%E0%B8%A3%E0%B8%96%E0%B8%A1%E0%B8%B7%E0%B8%AD%E0%B8%AA%E0%B8%AD%E0%B8%87-%E0%B8%AA%E0%B8%B3%E0%B8%AB%E0%B8%A3%E0%B8%B1%E0%B8%9A-%E0%B8%82%E0%B8%B2%E0%B8%A2","https://www.one2car.com/%E0%B8%A3%E0%B8%96-%E0%B8%AA%E0%B8%B3%E0%B8%AB%E0%B8%A3%E0%B8%B1%E0%B8%9A-%E0%B8%82%E0%B8%B2%E0%B8%A2?type=used&page_number=34&page_size=26","2019 Mercedes-Benz E220 2.0 W213 (ปี 16-23) d Sport Sedan ...","1,040,000 บาท","เบนซ์ E220d sport ปี19 ไมล์ 180,000 กิโลเมตร เจ้าของขายเอง รถเจ้าของเดียวออกศูนย์เบนซ์ ...","180 - 185K กม.","กรุงเทพมหานคร","Mercedes-Benz E220","มือสอง","เกียร์อัตโนมัติ"
"1786479390-582","https://www.one2car.com/%E0%B8%A3%E0%B8%96%E0%B8%A1%E0%B8%B7%E0%B8%AD%E0%B8%AA%E0%B8%AD%E0%B8%87-%E0%B8%AA%E0%B8%B3%E0%B8%AB%E0%B8%A3%E0%B8%B1%E0%B8%9A-%E0%B8%82%E0%B8%B2%E0%B8%A2","https://www.one2car.com/%E0%B8%A3%E0%B8%96-%E0%B8%AA%E0%B8%B3%E0%B8%AB%E0%B8%A3%E0%B8%B1%E0%B8%9A-%E0%B8%82%E0%B8%B2%E0%B8%A2?type=used&page_number=34&page_size=26","2021 Lexus LM300h 2.5 (ปี 20-26) Executive (7-Seater) Van ...","2,890,000 บาท","2021 Lexus LM300h Executive Lounge | Full Lexus History | 76,000 km | Phuket | 2.9M THB 📍 ...","75 - 80K กม.","ภูเก็ต","","มือสอง","เกียร์อัตโนมัติ"
"1786479390-583","https://www.one2car.com/%E0%B8%A3%E0%B8%96%E0%B8%A1%E0%B8%B7%E0%B8%AD%E0%B8%AA%E0%B8%AD%E0%B8%87-%E0%B8%AA%E0%B8%B3%E0%B8%AB%E0%B8%A3%E0%B8%B1%E0%B8%9A-%E0%B8%82%E0%B8%B2%E0%B8%A2","https://www.one2car.com/%E0%B8%A3%E0%B8%96-%E0%B8%AA%E0%B8%B3%E0%B8%AB%E0%B8%A3%E0%B8%B1%E0%B8%9A-%E0%B8%82%E0%B8%B2%E0%B8%A2?type=used&page_number=34&page_size=26","2023 BMW M2 3.0 G87 (ปี 23-29) Coupe - AT","5,050,000 บาท","เปลี่ยนสัญญาผ่อนต่อ Line max_3838 รถมือเดียว เจ้าของขายเอง เลขไมล์ 25,000 km | สภาพเดิม ...","20 - 25K กม.","กรุงเทพมหานคร","","มือสอง","เกียร์อัตโนมัติ"
"1786479390-584","https://www.one2car.com/%E0%B8%A3%E0%B8%96%E0%B8%A1%E0%B8%B7%E0%B8%AD%E0%B8%AA%E0%B8%AD%E0%B8%87-%E0%B8%AA%E0%B8%B3%E0%B8%AB%E0%B8%A3%E0%B8%B1%E0%B8%9A-%E0%B8%82%E0%B8%B2%E0%B8%A2","https://www.one2car.com/%E0%B8%A3%E0%B8%96-%E0%B8%AA%E0%B8%B3%E0%B8%AB%E0%B8%A3%E0%B8%B1%E0%B8%9A-%E0%B8%82%E0%B8%B2%E0%B8%A2?type=used&page_number=34&page_size=26","2013 Hyundai H-1 2.5 (ปี 08-17) Deluxe Van","439,000 บาท","🚐 ราคาเพียง 439,000.- รถตู้ VIP 11 ที่นั่งมหาชน ตัวท็อป Deluxe สีดำบิ๊กบอส ...","89000 กม.","กรุงเทพมหานคร","Hyundai H-1","มือสอง","เกียร์อัตโนมัติ"
"1786479390-585","https://www.one2car.com/%E0%B8%A3%E0%B8%96%E0%B8%A1%E0%B8%B7%E0%B8%AD%E0%B8%AA%E0%B8%AD%E0%B8%87-%E0%B8%AA%E0%B8%B3%E0%B8%AB%E0%B8%A3%E0%B8%B1%E0%B8%9A-%E0%B8%82%E0%B8%B2%E0%B8%A2","https://www.one2car.com/%E0%B8%A3%E0%B8%96-%E0%B8%AA%E0%B8%B3%E0%B8%AB%E0%B8%A3%E0%B8%B1%E0%B8%9A-%E0%B8%82%E0%B8%B2%E0%B8%A2?type=used&page_number=34&page_size=26","2022 Mercedes-Benz S560 3.0 W222 (ปี 13-21) e AMG Premium ...","2,690,000 บาท","Full MB warranty until February 2029, 35,000km in perfect condition, never crashed or ...","30 - 35K กม.","เชียงราย","","มือสอง","เกียร์อัตโนมัติ"
"1786479390-586","https://www.one2car.com/%E0%B8%A3%E0%B8%96%E0%B8%A1%E0%B8%B7%E0%B8%AD%E0%B8%AA%E0%B8%AD%E0%B8%87-%E0%B8%AA%E0%B8%B3%E0%B8%AB%E0%B8%A3%E0%B8%B1%E0%B8%9A-%E0%B8%82%E0%B8%B2%E0%B8%A2","https://www.one2car.com/%E0%B8%A3%E0%B8%96-%E0%B8%AA%E0%B8%B3%E0%B8%AB%E0%B8%A3%E0%B8%B1%E0%B8%9A-%E0%B8%82%E0%B8%B2%E0%B8%A2?type=used&page_number=34&page_size=26","2024 BMW M760e 3.0 G70 (ปี 22-30) xDrive Sedan - AWD AT   ...","3,990,000 บาท","Bmw series 7 M760 ปี 2024 Full Option ที่สุดในตระกูล ซีรี่ 7 แล้ว อ๊อฟชั่น อาทิ เช่น TV ...","47000 กม.","กรุงเทพมหานคร","","มือสอง","เกียร์อัตโนมัติ"
"1786479394-587","https://www.one2car.com/%E0%B8%A3%E0%B8%96%E0%B8%A1%E0%B8%B7%E0%B8%AD%E0%B8%AA%E0%B8%AD%E0%B8%87-%E0%B8%AA%E0%B8%B3%E0%B8%AB%E0%B8%A3%E0%B8%B1%E0%B8%9A-%E0%B8%82%E0%B8%B2%E0%B8%A2","https://www.one2car.com/%E0%B8%A3%E0%B8%96-%E0%B8%AA%E0%B8%B3%E0%B8%AB%E0%B8%A3%E0%B8%B1%E0%B8%9A-%E0%B8%82%E0%B8%B2%E0%B8%A2?type=used&page_number=35&page_size=26","2020 Isuzu D-MAX 3.0 Spark (ปี 11-17) S Pickup","299,000 บาท","☎ คุณน้อง **** * ☎ คุณเอ๋ ****.","10 - 15K กม.","กรุงเทพมหานคร","Isuzu D-MAX","มือสอง","เกียร์ธรรมดา"
"1786479394-588","https://www.one2car.com/%E0%B8%A3%E0%B8%96%E0%B8%A1%E0%B8%B7%E0%B8%AD%E0%B8%AA%E0%B8%AD%E0%B8%87-%E0%B8%AA%E0%B8%B3%E0%B8%AB%E0%B8%A3%E0%B8%B1%E0%B8%9A-%E0%B8%82%E0%B8%B2%E0%B8%A2","https://www.one2car.com/%E0%B8%A3%E0%B8%96-%E0%B8%AA%E0%B8%B3%E0%B8%AB%E0%B8%A3%E0%B8%B1%E0%B8%9A-%E0%B8%82%E0%B8%B2%E0%B8%A2?type=used&page_number=35&page_size=26","2021 Mini Countryman 2.0 F60 Cooper S Hightrim Hatchback  ...","1,198,000 บาท","Mini Cooper S Countryman 2.0 Hightrim (F60) ออกศูนย์เดือน 12/2021 ✅รถมือเดียว ✅ไมล์ ...","63000 กม.","ปทุมธานี","","มือสอง","เกียร์อัตโนมัติ"
"1786479394-589","https://www.one2car.com/%E0%B8%A3%E0%B8%96%E0%B8%A1%E0%B8%B7%E0%B8%AD%E0%B8%AA%E0%B8%AD%E0%B8%87-%E0%B8%AA%E0%B8%B3%E0%B8%AB%E0%B8%A3%E0%B8%B1%E0%B8%9A-%E0%B8%82%E0%B8%B2%E0%B8%A2","https://www.one2car.com/%E0%B8%A3%E0%B8%96-%E0%B8%AA%E0%B8%B3%E0%B8%AB%E0%B8%A3%E0%B8%B1%E0%B8%9A-%E0%B8%82%E0%B8%B2%E0%B8%A2?type=used&page_number=35&page_size=26","2016 Toyota FORTUNER 2.4 (ปี 15-25) V SUV","638,000 บาท","Toyota Fortuner 2.4 V A/T 2WD ปี 2016 ✅ไมล์ 98,xxx km. ราคา 638,000 ฿ ฟรีดาวน์ ✨✨ ผ่อน ...","98000 กม.","ปทุมธานี","Toyota FORTUNER","มือสอง","เกียร์อัตโนมัติ"
"1786479394-590","https://www.one2car.com/%E0%B8%A3%E0%B8%96%E0%B8%A1%E0%B8%B7%E0%B8%AD%E0%B8%AA%E0%B8%AD%E0%B8%87-%E0%B8%AA%E0%B8%B3%E0%B8%AB%E0%B8%A3%E0%B8%B1%E0%B8%9A-%E0%B8%82%E0%B8%B2%E0%B8%A2","https://www.one2car.com/%E0%B8%A3%E0%B8%96-%E0%B8%AA%E0%B8%B3%E0%B8%AB%E0%B8%A3%E0%B8%B1%E0%B8%9A-%E0%B8%82%E0%B8%B2%E0%B8%A2?type=used&page_number=35&page_size=26","2023 Hyundai Staria 2.2 (ปี 21-28) SEL Van","969,000 บาท","เจ้าของขายเอง รอยู่ในสภาพดีเยี่ยม เลขไมแท้ ขับมือเดียว เข้าศูนย์เช็คระยะตามรอบ ...","55000 กม.","ปทุมธานี","","มือสอง","เกียร์อัตโนมัติ"
"1786479394-591","https://www.one2car.com/%E0%B8%A3%E0%B8%96%E0%B8%A1%E0%B8%B7%E0%B8%AD%E0%B8%AA%E0%B8%AD%E0%B8%87-%E0%B8%AA%E0%B8%B3%E0%B8%AB%E0%B8%A3%E0%B8%B1%E0%B8%9A-%E0%B8%82%E0%B8%B2%E0%B8%A2","https://www.one2car.com/%E0%B8%A3%E0%B8%96-%E0%B8%AA%E0%B8%B3%E0%B8%AB%E0%B8%A3%E0%B8%B1%E0%B8%9A-%E0%B8%82%E0%B8%B2%E0%B8%A2?type=used&page_number=35&page_size=26","2014 Mercedes-Benz S400 3.5 W222 (ปี 13-21) Hybrid AMG Pre...","899,000 บาท","​[THAI VERSION] เจ้าของขายเอง: Mercedes-Benz S400 Hybrid ปี 2014 (W222 LWB) สภาพนางฟ้า ...","65 - 70K กม.","กรุงเทพมหานคร","","มือสอง","เกียร์อัตโนมัติ"
"1786479394-592","https://www.one2car.com/%E0%B8%A3%E0%B8%96%E0%B8%A1%E0%B8%B7%E0%B8%AD%E0%B8%AA%E0%B8%AD%E0%B8%87-%E0%B8%AA%E0%B8%B3%E0%B8%AB%E0%B8%A3%E0%B8%B1%E0%B8%9A-%E0%B8%82%E0%B8%B2%E0%B8%A2","https://www.one2car.com/%E0%B8%A3%E0%B8%96-%E0%B8%AA%E0%B8%B3%E0%B8%AB%E0%B8%A3%E0%B8%B1%E0%B8%9A-%E0%B8%82%E0%B8%B2%E0%B8%A2?type=used&page_number=35&page_size=26","2018 Honda City 1.5 (ปี 14-18) V+ Sedan - V","339,000 บาท","💥 เจ้าของขายเอง รถมือสองสภาพดี 💥 ขอคนซื้อใช้เองนะคะ Honda City รุ่น V+(รองท็อป) ✅ ราคาขาย ...","135 - 140K กม.","สมุทรปราการ","Honda City","มือสอง","เกียร์อัตโนมัติ"
"1786479394-593","https://www.one2car.com/%E0%B8%A3%E0%B8%96%E0%B8%A1%E0%B8%B7%E0%B8%AD%E0%B8%AA%E0%B8%AD%E0%B8%87-%E0%B8%AA%E0%B8%B3%E0%B8%AB%E0%B8%A3%E0%B8%B1%E0%B8%9A-%E0%B8%82%E0%B8%B2%E0%B8%A2","https://www.one2car.com/%E0%B8%A3%E0%B8%96-%E0%B8%AA%E0%B8%B3%E0%B8%AB%E0%B8%A3%E0%B8%B1%E0%B8%9A-%E0%B8%82%E0%B8%B2%E0%B8%A2?type=used&page_number=35&page_size=26","2014 Nissan TEANA 2.0 (ปี 13-20) XE Sedan","250,000 บาท","เข้าศูนย์ตามกำหนดตลอด ไม่เคยเกิดอุบัติเหตุ มีประกันประเภท 1 คุ้มครองถึง 23 มีนาคม ...","80 - 85K กม.","กรุงเทพมหานคร","Nissan TEANA","มือสอง","เกียร์อัตโนมัติ"
"1786479394-594","https://www.one2car.com/%E0%B8%A3%E0%B8%96%E0%B8%A1%E0%B8%B7%E0%B8%AD%E0%B8%AA%E0%B8%AD%E0%B8%87-%E0%B8%AA%E0%B8%B3%E0%B8%AB%E0%B8%A3%E0%B8%B1%E0%B8%9A-%E0%B8%82%E0%B8%B2%E0%B8%A2","https://www.one2car.com/%E0%B8%A3%E0%B8%96-%E0%B8%AA%E0%B8%B3%E0%B8%AB%E0%B8%A3%E0%B8%B1%E0%B8%9A-%E0%B8%82%E0%B8%B2%E0%B8%A2?type=used&page_number=35&page_size=26","2020 Toyota FORTUNER 2.8 (ปี 15-25) TRD Sportivo SUV - 4WD...","799,000 บาท","☎ คุณน้อง **** * ☎ คุณอร **** * ☎ คุณเอ๋ ****.","15 - 20K กม.","กรุงเทพมหานคร","Toyota FORTUNER","มือสอง","เกียร์อัตโนมัติ"
"1786479394-595","https://www.one2car.com/%E0%B8%A3%E0%B8%96%E0%B8%A1%E0%B8%B7%E0%B8%AD%E0%B8%AA%E0%B8%AD%E0%B8%87-%E0%B8%AA%E0%B8%B3%E0%B8%AB%E0%B8%A3%E0%B8%B1%E0%B8%9A-%E0%B8%82%E0%B8%B2%E0%B8%A2","https://www.one2car.com/%E0%B8%A3%E0%B8%96-%E0%B8%AA%E0%B8%B3%E0%B8%AB%E0%B8%A3%E0%B8%B1%E0%B8%9A-%E0%B8%82%E0%B8%B2%E0%B8%A2?type=used&page_number=35&page_size=26","2019 Hyundai H-1 2.5 (ปี 18-24) Deluxe Van","599,000 บาท","ประตูไสล้ไฟฟ้าสองด้าน ☎ คุณน้อง **** * ☎ คุณอร **** * ☎ คุณเอ๋ ****.","82000 กม.","กรุงเทพมหานคร","Hyundai H-1","มือสอง","เกียร์อัตโนมัติ"
"1786479394-596","https://www.one2car.com/%E0%B8%A3%E0%B8%96%E0%B8%A1%E0%B8%B7%E0%B8%AD%E0%B8%AA%E0%B8%AD%E0%B8%87-%E0%B8%AA%E0%B8%B3%E0%B8%AB%E0%B8%A3%E0%B8%B1%E0%B8%9A-%E0%B8%82%E0%B8%B2%E0%B8%A2","https://www.one2car.com/%E0%B8%A3%E0%B8%96-%E0%B8%AA%E0%B8%B3%E0%B8%AB%E0%B8%A3%E0%B8%B1%E0%B8%9A-%E0%B8%82%E0%B8%B2%E0%B8%A2?type=used&page_number=35&page_size=26","2018 Honda HR-V 1.8 (ปี 14-18) RS SUV - AT","500,999 บาท","🚗ขายรถบ้าน ติดต่อภญ.เกตุอนิตย์สา(ดา) 🚓 🛍️โทร.****☎️ 🚘Honda HR-V 1.8 Rs ปี 2018 ...","140 - 145K กม.","สตูล","Honda HR-V","มือสอง","เกียร์อัตโนมัติ"
"1786479394-597","https://www.one2car.com/%E0%B8%A3%E0%B8%96%E0%B8%A1%E0%B8%B7%E0%B8%AD%E0%B8%AA%E0%B8%AD%E0%B8%87-%E0%B8%AA%E0%B8%B3%E0%B8%AB%E0%B8%A3%E0%B8%B1%E0%B8%9A-%E0%B8%82%E0%B8%B2%E0%B8%A2","https://www.one2car.com/%E0%B8%A3%E0%B8%96-%E0%B8%AA%E0%B8%B3%E0%B8%AB%E0%B8%A3%E0%B8%B1%E0%B8%9A-%E0%B8%82%E0%B8%B2%E0%B8%A2?type=used&page_number=35&page_size=26","2015 Mercedes-Benz CLA180 1.6 W117 (ปี 14-18) Urban Coupe ...","429,000 บาท","2015 MERCEDES-BENZ CLA180 1.6 Urban สีขาว ✨ สปอร์ต 4 ประตู ดีไซน์หรู ขับสนุก ...","275 - 280K กม.","ปทุมธานี","","มือสอง","เกียร์อัตโนมัติ"
"1786479394-598","https://www.one2car.com/%E0%B8%A3%E0%B8%96%E0%B8%A1%E0%B8%B7%E0%B8%AD%E0%B8%AA%E0%B8%AD%E0%B8%87-%E0%B8%AA%E0%B8%B3%E0%B8%AB%E0%B8%A3%E0%B8%B1%E0%B8%9A-%E0%B8%82%E0%B8%B2%E0%B8%A2","https://www.one2car.com/%E0%B8%A3%E0%B8%96-%E0%B8%AA%E0%B8%B3%E0%B8%AB%E0%B8%A3%E0%B8%B1%E0%B8%9A-%E0%B8%82%E0%B8%B2%E0%B8%A2?type=used&page_number=35&page_size=26","2014 Suzuki SWIFT 1.2 (ปี 12-17) GA Hatchback - AT","185,900 บาท","♥️ออกสดป้ายแดง ใช้เองมือเดียว ใช้งานทะนุถนอม ✅ เดิมทั้งคัน สภาพยอดเยี่ยม ✅ เลขไมล์ต่ำ ✅ ...","95 - 100K กม.","สมุทรสาคร","Suzuki SWIFT","มือสอง","เกียร์อัตโนมัติ"
"1786479394-599","https://www.one2car.com/%E0%B8%A3%E0%B8%96%E0%B8%A1%E0%B8%B7%E0%B8%AD%E0%B8%AA%E0%B8%AD%E0%B8%87-%E0%B8%AA%E0%B8%B3%E0%B8%AB%E0%B8%A3%E0%B8%B1%E0%B8%9A-%E0%B8%82%E0%B8%B2%E0%B8%A2","https://www.one2car.com/%E0%B8%A3%E0%B8%96-%E0%B8%AA%E0%B8%B3%E0%B8%AB%E0%B8%A3%E0%B8%B1%E0%B8%9A-%E0%B8%82%E0%B8%B2%E0%B8%A2?type=used&page_number=35&page_size=26","2022 Ford RANGER 2.0 Double Cab (ปี 22-28) WildTrak Hi-Rid...","680,000 บาท","สภาพยอดเยี่ยม เพิ่งทำการเช็คสภาพรถ มีประวัติการเข้าศูนย์บริการ สภาพยางยังดีอยู่","105 - 110K กม.","กรุงเทพมหานคร","Ford RANGER","มือสอง","เกียร์อัตโนมัติ"
"1786479394-600","https://www.one2car.com/%E0%B8%A3%E0%B8%96%E0%B8%A1%E0%B8%B7%E0%B8%AD%E0%B8%AA%E0%B8%AD%E0%B8%87-%E0%B8%AA%E0%B8%B3%E0%B8%AB%E0%B8%A3%E0%B8%B1%E0%B8%9A-%E0%B8%82%E0%B8%B2%E0%B8%A2","https://www.one2car.com/%E0%B8%A3%E0%B8%96-%E0%B8%AA%E0%B8%B3%E0%B8%AB%E0%B8%A3%E0%B8%B1%E0%B8%9A-%E0%B8%82%E0%B8%B2%E0%B8%A2?type=used&page_number=35&page_size=26","2014 Isuzu MU-X 3.0 (ปี 13-19) DVD SUV - AT","350,000 บาท","ขาย ISUZU Mu X 3.0 DVD สีขาว เกียร์ออโต้ รถบ้าน เจ้าของขายเอง ราคา 350,000 บาท ...","65 - 70K กม.","ชลบุรี","Isuzu MU-X","มือสอง","เกียร์อัตโนมัติ"
"1786479394-601","https://www.one2car.com/%E0%B8%A3%E0%B8%96%E0%B8%A1%E0%B8%B7%E0%B8%AD%E0%B8%AA%E0%B8%AD%E0%B8%87-%E0%B8%AA%E0%B8%B3%E0%B8%AB%E0%B8%A3%E0%B8%B1%E0%B8%9A-%E0%B8%82%E0%B8%B2%E0%B8%A2","https://www.one2car.com/%E0%B8%A3%E0%B8%96-%E0%B8%AA%E0%B8%B3%E0%B8%AB%E0%B8%A3%E0%B8%B1%E0%B8%9A-%E0%B8%82%E0%B8%B2%E0%B8%A2?type=used&page_number=35&page_size=26","2013 Honda ACCORD 2.4 (ปี 13-19) EL Sedan","310,000 บาท","เจ้าของขายเองครับ Honda Accord G9 2.4 EL ปี 2013 สีบรอนซ์เงิน ราคา 310,000 บาท ...","175 - 180K กม.","กรุงเทพมหานคร","Honda ACCORD","มือสอง","เกียร์อัตโนมัติ"
"1786479394-602","https://www.one2car.com/%E0%B8%A3%E0%B8%96%E0%B8%A1%E0%B8%B7%E0%B8%AD%E0%B8%AA%E0%B8%AD%E0%B8%87-%E0%B8%AA%E0%B8%B3%E0%B8%AB%E0%B8%A3%E0%B8%B1%E0%B8%9A-%E0%B8%82%E0%B8%B2%E0%B8%A2","https://www.one2car.com/%E0%B8%A3%E0%B8%96-%E0%B8%AA%E0%B8%B3%E0%B8%AB%E0%B8%A3%E0%B8%B1%E0%B8%9A-%E0%B8%82%E0%B8%B2%E0%B8%A2?type=used&page_number=35&page_size=26","2024 Toyota CAMRY 2.5 (ปี 18-24) HEV Premium Sedan","1,038,000 บาท","Toyota Camry 2.5 HEV Premium (Minorchange) ออกศูนย์เดือน 11/2023 ✅ไมล์ 31,xxx km. ...","31000 กม.","ปทุมธานี","Toyota CAMRY","มือสอง","เกียร์อัตโนมัติ"
"1786479394-603","https://www.one2car.com/%E0%B8%A3%E0%B8%96%E0%B8%A1%E0%B8%B7%E0%B8%AD%E0%B8%AA%E0%B8%AD%E0%B8%87-%E0%B8%AA%E0%B8%B3%E0%B8%AB%E0%B8%A3%E0%B8%B1%E0%B8%9A-%E0%B8%82%E0%B8%B2%E0%B8%A2","https://www.one2car.com/%E0%B8%A3%E0%B8%96-%E0%B8%AA%E0%B8%B3%E0%B8%AB%E0%B8%A3%E0%B8%B1%E0%B8%9A-%E0%B8%82%E0%B8%B2%E0%B8%A2?type=used&page_number=35&page_size=26","2018 Toyota FORTUNER 2.4 (ปี 15-25) V SUV","649,000 บาท","สภาพยอดเยี่ยม เลขไมล์ต่ำ เพิ่งทำการเช็คสภาพรถ มีประวัติการเข้าศูนย์บริการ ...","15 - 20K กม.","ชลบุรี","Toyota FORTUNER","มือสอง","เกียร์อัตโนมัติ"
"1786479394-604","https://www.one2car.com/%E0%B8%A3%E0%B8%96%E0%B8%A1%E0%B8%B7%E0%B8%AD%E0%B8%AA%E0%B8%AD%E0%B8%87-%E0%B8%AA%E0%B8%B3%E0%B8%AB%E0%B8%A3%E0%B8%B1%E0%B8%9A-%E0%B8%82%E0%B8%B2%E0%B8%A2","https://www.one2car.com/%E0%B8%A3%E0%B8%96-%E0%B8%AA%E0%B8%B3%E0%B8%AB%E0%B8%A3%E0%B8%B1%E0%B8%9A-%E0%B8%82%E0%B8%B2%E0%B8%A2?type=used&page_number=35&page_size=26","2021 Mercedes-Benz GLA200 1.3 W247 (ปี 20-27) AMG Dynamic ...","1,088,000 บาท","Benz GLA200 AMG Dynamic (W247) ปี 2021 ✅ไมล์น้อย 46,xxx km. ✅รถมือเดียว ...","46000 กม.","ปทุมธานี","","มือสอง","เกียร์อัตโนมัติ"
"1786479394-605","https://www.one2car.com/%E0%B8%A3%E0%B8%96%E0%B8%A1%E0%B8%B7%E0%B8%AD%E0%B8%AA%E0%B8%AD%E0%B8%87-%E0%B8%AA%E0%B8%B3%E0%B8%AB%E0%B8%A3%E0%B8%B1%E0%B8%9A-%E0%B8%82%E0%B8%B2%E0%B8%A2","https://www.one2car.com/%E0%B8%A3%E0%B8%96-%E0%B8%AA%E0%B8%B3%E0%B8%AB%E0%B8%A3%E0%B8%B1%E0%B8%9A-%E0%B8%82%E0%B8%B2%E0%B8%A2?type=used&page_number=35&page_size=26","2018 Mercedes-Benz GLC250 2.1 W253 (ปี 15-22) d 4MATIC SUV...","988,000 บาท","Benz GLC 250d 4MATIC Off-Road (W253) ค.ศ 2017จดทะเบียน ค.ศ 2018 ✅ไมล์น้อย 98,xxx km. ...","98000 กม.","ปทุมธานี","Mercedes-Benz GLC250","มือสอง","เกียร์อัตโนมัติ"
"1786479394-606","https://www.one2car.com/%E0%B8%A3%E0%B8%96%E0%B8%A1%E0%B8%B7%E0%B8%AD%E0%B8%AA%E0%B8%AD%E0%B8%87-%E0%B8%AA%E0%B8%B3%E0%B8%AB%E0%B8%A3%E0%B8%B1%E0%B8%9A-%E0%B8%82%E0%B8%B2%E0%B8%A2","https://www.one2car.com/%E0%B8%A3%E0%B8%96-%E0%B8%AA%E0%B8%B3%E0%B8%AB%E0%B8%A3%E0%B8%B1%E0%B8%9A-%E0%B8%82%E0%B8%B2%E0%B8%A2?type=used&page_number=35&page_size=26","2022 Isuzu D-MAX 1.9 Space Cab (ปี 19-26) Hi-Lander L DA P...","488,000 บาท","Isuzu D-Max Hi-Lander 1.9 Ddi L DA Cab A/T ปี 2022 แท้ -รถมือเดียว -ไมล์ 84,xxx km. ...","85 - 90K กม.","ปทุมธานี","Isuzu D-MAX","มือสอง","เกียร์อัตโนมัติ"
"1786479394-607","https://www.one2car.com/%E0%B8%A3%E0%B8%96%E0%B8%A1%E0%B8%B7%E0%B8%AD%E0%B8%AA%E0%B8%AD%E0%B8%87-%E0%B8%AA%E0%B8%B3%E0%B8%AB%E0%B8%A3%E0%B8%B1%E0%B8%9A-%E0%B8%82%E0%B8%B2%E0%B8%A2","https://www.one2car.com/%E0%B8%A3%E0%B8%96-%E0%B8%AA%E0%B8%B3%E0%B8%AB%E0%B8%A3%E0%B8%B1%E0%B8%9A-%E0%B8%82%E0%B8%B2%E0%B8%A2?type=used&page_number=35&page_size=26","2017 Mercedes-Benz E350 2.0 W213 (ปี 16-23) e Exclusive Se...","698,000 บาท","Benz E350e Exclusive (W213) ปี 2017 ✅ไมล์ 81,xxx km. ✅ประวัติเซอร์วิสศูนย์ทุกระยะ ราคา ...","81000 กม.","ปทุมธานี","Mercedes-Benz E350","มือสอง","เกียร์อัตโนมัติ"
"1786479394-608","https://www.one2car.com/%E0%B8%A3%E0%B8%96%E0%B8%A1%E0%B8%B7%E0%B8%AD%E0%B8%AA%E0%B8%AD%E0%B8%87-%E0%B8%AA%E0%B8%B3%E0%B8%AB%E0%B8%A3%E0%B8%B1%E0%B8%9A-%E0%B8%82%E0%B8%B2%E0%B8%A2","https://www.one2car.com/%E0%B8%A3%E0%B8%96-%E0%B8%AA%E0%B8%B3%E0%B8%AB%E0%B8%A3%E0%B8%B1%E0%B8%9A-%E0%B8%82%E0%B8%B2%E0%B8%A2?type=used&page_number=35&page_size=26","2020 Honda CIVIC 1.5 FC (ปี 16-20) Turbo Sedan","575,000 บาท","#ฟรีดาวน์ รถมือสอง ราคาถูก สภาพสวย ช่วงล่างเยี่ยม พร้อมโปรโมชั่นพิเศษ รับประกันว่ารถสวย ...","141142 กม.","กรุงเทพมหานคร","Honda CIVIC","มือสอง","เกียร์อัตโนมัติ"
"1786479394-609","https://www.one2car.com/%E0%B8%A3%E0%B8%96%E0%B8%A1%E0%B8%B7%E0%B8%AD%E0%B8%AA%E0%B8%AD%E0%B8%87-%E0%B8%AA%E0%B8%B3%E0%B8%AB%E0%B8%A3%E0%B8%B1%E0%B8%9A-%E0%B8%82%E0%B8%B2%E0%B8%A2","https://www.one2car.com/%E0%B8%A3%E0%B8%96-%E0%B8%AA%E0%B8%B3%E0%B8%AB%E0%B8%A3%E0%B8%B1%E0%B8%9A-%E0%B8%82%E0%B8%B2%E0%B8%A2?type=used&page_number=35&page_size=26","2018 Mercedes-Benz CLS300 2.0 W257 (ปี 18-24) d AMG Premiu...","1,798,000 บาท","Benz CLS300d AMG Premium (W257) ปี 2018 ✅ไมล์น้อย 44,xxx km. ✅ประวัติเซอร์วิสศูนย์ทุกระยะ ...","44000 กม.","ปทุมธานี","","มือสอง","เกียร์อัตโนมัติ"
"1786479403-610","https://www.one2car.com/%E0%B8%A3%E0%B8%96%E0%B8%A1%E0%B8%B7%E0%B8%AD%E0%B8%AA%E0%B8%AD%E0%B8%87-%E0%B8%AA%E0%B8%B3%E0%B8%AB%E0%B8%A3%E0%B8%B1%E0%B8%9A-%E0%B8%82%E0%B8%B2%E0%B8%A2","https://www.one2car.com/%E0%B8%A3%E0%B8%96-%E0%B8%AA%E0%B8%B3%E0%B8%AB%E0%B8%A3%E0%B8%B1%E0%B8%9A-%E0%B8%82%E0%B8%B2%E0%B8%A2?type=used&page_number=36&page_size=26","2015 Mini COOPER 2.0 F55 SD 5-Door Special Edition Hatchba...","699,900 บาท","Excellent Condition Low Mileage Accident Free Excellent Service Record Always garaged ...","75 - 80K กม.","ภูเก็ต","Mini COOPER","มือสอง","เกียร์อัตโนมัติ"
"1786479403-611","https://www.one2car.com/%E0%B8%A3%E0%B8%96%E0%B8%A1%E0%B8%B7%E0%B8%AD%E0%B8%AA%E0%B8%AD%E0%B8%87-%E0%B8%AA%E0%B8%B3%E0%B8%AB%E0%B8%A3%E0%B8%B1%E0%B8%9A-%E0%B8%82%E0%B8%B2%E0%B8%A2","https://www.one2car.com/%E0%B8%A3%E0%B8%96-%E0%B8%AA%E0%B8%B3%E0%B8%AB%E0%B8%A3%E0%B8%B1%E0%B8%9A-%E0%B8%82%E0%B8%B2%E0%B8%A2?type=used&page_number=36&page_size=26","2023 Mercedes-Benz C350 2.0 W206 (ปี 22-30) e AMG Dynamic ...","1,598,000 บาท","Benz C350e AMG Dynamic (W206) ออกศูนย์เดือน 11/2023 ✅ไมล์น้อย 37,xxx km. ✅รถมือเดียว ...","37000 กม.","ปทุมธานี","Mercedes-Benz C350","มือสอง","เกียร์อัตโนมัติ"
"1786479403-612","https://www.one2car.com/%E0%B8%A3%E0%B8%96%E0%B8%A1%E0%B8%B7%E0%B8%AD%E0%B8%AA%E0%B8%AD%E0%B8%87-%E0%B8%AA%E0%B8%B3%E0%B8%AB%E0%B8%A3%E0%B8%B1%E0%B8%9A-%E0%B8%82%E0%B8%B2%E0%B8%A2","https://www.one2car.com/%E0%B8%A3%E0%B8%96-%E0%B8%AA%E0%B8%B3%E0%B8%AB%E0%B8%A3%E0%B8%B1%E0%B8%9A-%E0%B8%82%E0%B8%B2%E0%B8%A2?type=used&page_number=36&page_size=26","2024 Ford EVEREST 2.0 (ปี 22-28) Titanium+ SUV - Titanium ...","1,248,000 บาท","Ford Everest 2.0 Bi-Turbo Titanium+ 10AT 4×4 ออกศูนย์ปี 2023 จดทะเบียนปี 2024 ✅ไมล์น้อย ...","19000 กม.","ปทุมธานี","Ford EVEREST","มือสอง","เกียร์อัตโนมัติ"
"1786479403-613","https://www.one2car.com/%E0%B8%A3%E0%B8%96%E0%B8%A1%E0%B8%B7%E0%B8%AD%E0%B8%AA%E0%B8%AD%E0%B8%87-%E0%B8%AA%E0%B8%B3%E0%B8%AB%E0%B8%A3%E0%B8%B1%E0%B8%9A-%E0%B8%82%E0%B8%B2%E0%B8%A2","https://www.one2car.com/%E0%B8%A3%E0%B8%96-%E0%B8%AA%E0%B8%B3%E0%B8%AB%E0%B8%A3%E0%B8%B1%E0%B8%9A-%E0%B8%82%E0%B8%B2%E0%B8%A2?type=used&page_number=36&page_size=26","2022 Toyota YARIS 1.2 (ปี 17-25) Entry Hatchback","395,000 บาท","#ฟรีดาวน์ รถมือสอง ราคาถูก สภาพสวย ช่วงล่างเยี่ยม พร้อมโปรโมชั่นพิเศษ รับประกันว่ารถสวย ...","30 - 35K กม.","กรุงเทพมหานคร","Toyota YARIS","มือสอง","เกียร์อัตโนมัติ"
"1786479403-614","https://www.one2car.com/%E0%B8%A3%E0%B8%96%E0%B8%A1%E0%B8%B7%E0%B8%AD%E0%B8%AA%E0%B8%AD%E0%B8%87-%E0%B8%AA%E0%B8%B3%E0%B8%AB%E0%B8%A3%E0%B8%B1%E0%B8%9A-%E0%B8%82%E0%B8%B2%E0%B8%A2","https://www.one2car.com/%E0%B8%A3%E0%B8%96-%E0%B8%AA%E0%B8%B3%E0%B8%AB%E0%B8%A3%E0%B8%B1%E0%B8%9A-%E0%B8%82%E0%B8%B2%E0%B8%A2?type=used&page_number=36&page_size=26","2015 Subaru XV 2.0 (ปี 12-16) SUV - AWD","225,000 บาท","รถมือเดียว เจ้าของขายเอง มีประวัติการเข้าศูนย์บริการ ไม่มีการเกิดอุบัติเหตุ ไม่เคยจมน้ำ","140 - 145K กม.","กรุงเทพมหานคร","Subaru XV","มือสอง","เกียร์อัตโนมัติ"
"1786479403-615","https://www.one2car.com/%E0%B8%A3%E0%B8%96%E0%B8%A1%E0%B8%B7%E0%B8%AD%E0%B8%AA%E0%B8%AD%E0%B8%87-%E0%B8%AA%E0%B8%B3%E0%B8%AB%E0%B8%A3%E0%B8%B1%E0%B8%9A-%E0%B8%82%E0%B8%B2%E0%B8%A2","https://www.one2car.com/%E0%B8%A3%E0%B8%96-%E0%B8%AA%E0%B8%B3%E0%B8%AB%E0%B8%A3%E0%B8%B1%E0%B8%9A-%E0%B8%82%E0%B8%B2%E0%B8%A2?type=used&page_number=36&page_size=26","2023 Isuzu D-MAX 1.9 Cab-4 (ปี 19-26) S Pickup","595,000 บาท","#ฟรีดาวน์ รถมือสอง ราคาถูก สภาพสวย ช่วงล่างเยี่ยม พร้อมโปรโมชั่นพิเศษ รับประกันว่ารถสวย ...","43121 กม.","กรุงเทพมหานคร","Isuzu D-MAX","มือสอง","เกียร์อัตโนมัติ"
"1786479403-616","https://www.one2car.com/%E0%B8%A3%E0%B8%96%E0%B8%A1%E0%B8%B7%E0%B8%AD%E0%B8%AA%E0%B8%AD%E0%B8%87-%E0%B8%AA%E0%B8%B3%E0%B8%AB%E0%B8%A3%E0%B8%B1%E0%B8%9A-%E0%B8%82%E0%B8%B2%E0%B8%A2","https://www.one2car.com/%E0%B8%A3%E0%B8%96-%E0%B8%AA%E0%B8%B3%E0%B8%AB%E0%B8%A3%E0%B8%B1%E0%B8%9A-%E0%B8%82%E0%B8%B2%E0%B8%A2?type=used&page_number=36&page_size=26","2009 Mercedes-Benz CLK200 Kompressor 1.8 W209 (ปี 02-09) A...","888,000 บาท","W209 CLK200 kompressor Cabriolet รถบ้านเล่มลอยพร้อมโอน รถศูนย์ไทย Cabriolet Facelift ...","95 - 100K กม.","กรุงเทพมหานคร","","มือสอง","เกียร์อัตโนมัติ"
"1786479403-617","https://www.one2car.com/%E0%B8%A3%E0%B8%96%E0%B8%A1%E0%B8%B7%E0%B8%AD%E0%B8%AA%E0%B8%AD%E0%B8%87-%E0%B8%AA%E0%B8%B3%E0%B8%AB%E0%B8%A3%E0%B8%B1%E0%B8%9A-%E0%B8%82%E0%B8%B2%E0%B8%A2","https://www.one2car.com/%E0%B8%A3%E0%B8%96-%E0%B8%AA%E0%B8%B3%E0%B8%AB%E0%B8%A3%E0%B8%B1%E0%B8%9A-%E0%B8%82%E0%B8%B2%E0%B8%A2?type=used&page_number=36&page_size=26","2024 BYD Dolphin (ปี 23-30) Extended Range Hatchback - 0.0...","409,000 บาท","BYD DOLPHIN EV EXTENDED RANGE ปี 23/24 สีชมพู-เทา เกียร์ A/T ราคา 409,000 บาท ...","95 - 100K กม.","กรุงเทพมหานคร","","มือสอง","เกียร์อัตโนมัติ"
"1786479403-618","https://www.one2car.com/%E0%B8%A3%E0%B8%96%E0%B8%A1%E0%B8%B7%E0%B8%AD%E0%B8%AA%E0%B8%AD%E0%B8%87-%E0%B8%AA%E0%B8%B3%E0%B8%AB%E0%B8%A3%E0%B8%B1%E0%B8%9A-%E0%B8%82%E0%B8%B2%E0%B8%A2","https://www.one2car.com/%E0%B8%A3%E0%B8%96-%E0%B8%AA%E0%B8%B3%E0%B8%AB%E0%B8%A3%E0%B8%B1%E0%B8%9A-%E0%B8%82%E0%B8%B2%E0%B8%A2?type=used&page_number=36&page_size=26","2024 BYD Dolphin (ปี 23-30) Standard Range Hatchback - 0.0...","369,000 บาท","ปี 2024 BYD Dolphin 0.0 Standard Range Hatchback อุปกรณ์ครบ คู่มือ กุญแจสำรอง ราคา ...","90 - 95K กม.","กรุงเทพมหานคร","","มือสอง","เกียร์อัตโนมัติ"
"1786479403-619","https://www.one2car.com/%E0%B8%A3%E0%B8%96%E0%B8%A1%E0%B8%B7%E0%B8%AD%E0%B8%AA%E0%B8%AD%E0%B8%87-%E0%B8%AA%E0%B8%B3%E0%B8%AB%E0%B8%A3%E0%B8%B1%E0%B8%9A-%E0%B8%82%E0%B8%B2%E0%B8%A2","https://www.one2car.com/%E0%B8%A3%E0%B8%96-%E0%B8%AA%E0%B8%B3%E0%B8%AB%E0%B8%A3%E0%B8%B1%E0%B8%9A-%E0%B8%82%E0%B8%B2%E0%B8%A2?type=used&page_number=36&page_size=26","2010 Honda ACCORD 2.0 (ปี 07-13) E Sedan","175,000 บาท","มีประวัติการเข้าศูนย์บริการ เจ้าของขายเอง มีประกันชั้นหนึ่งอยู่","160 - 165K กม.","นนทบุรี","Honda ACCORD","มือสอง","เกียร์อัตโนมัติ"
"1786479403-620","https://www.one2car.com/%E0%B8%A3%E0%B8%96%E0%B8%A1%E0%B8%B7%E0%B8%AD%E0%B8%AA%E0%B8%AD%E0%B8%87-%E0%B8%AA%E0%B8%B3%E0%B8%AB%E0%B8%A3%E0%B8%B1%E0%B8%9A-%E0%B8%82%E0%B8%B2%E0%B8%A2","https://www.one2car.com/%E0%B8%A3%E0%B8%96-%E0%B8%AA%E0%B8%B3%E0%B8%AB%E0%B8%A3%E0%B8%B1%E0%B8%9A-%E0%B8%82%E0%B8%B2%E0%B8%A2?type=used&page_number=36&page_size=26","2022 ORA Good Cat (ปี 21-27) 400 Tech Hatchback - 0.0","329,000 บาท","ปี 2022 ORA Good Cat 0.0 400 Tech Hatchback ราคา 329,000 บาท ✅ผ่อนเริ่มต้น 6,xxx / เดือน ...","155 - 160K กม.","กรุงเทพมหานคร","","มือสอง","เกียร์อัตโนมัติ"
"1786479403-621","https://www.one2car.com/%E0%B8%A3%E0%B8%96%E0%B8%A1%E0%B8%B7%E0%B8%AD%E0%B8%AA%E0%B8%AD%E0%B8%87-%E0%B8%AA%E0%B8%B3%E0%B8%AB%E0%B8%A3%E0%B8%B1%E0%B8%9A-%E0%B8%82%E0%B8%B2%E0%B8%A2","https://www.one2car.com/%E0%B8%A3%E0%B8%96-%E0%B8%AA%E0%B8%B3%E0%B8%AB%E0%B8%A3%E0%B8%B1%E0%B8%9A-%E0%B8%82%E0%B8%B2%E0%B8%A2?type=used&page_number=36&page_size=26","2024 Volvo EX30 (ปี 24-29) Core Extended Range SUV - 0.0  ...","849,000 บาท","รถไฟฟ้า EV แท้ 100% เข้ามาแล้ว ทดลองขับได้แล้ววันนี้ รุ่นนี้เป็นรุ่นที่น่าใช้มากๆ ในตลาด ...","30 - 35K กม.","กรุงเทพมหานคร","","มือสอง","เกียร์อัตโนมัติ"
"1786479403-622","https://www.one2car.com/%E0%B8%A3%E0%B8%96%E0%B8%A1%E0%B8%B7%E0%B8%AD%E0%B8%AA%E0%B8%AD%E0%B8%87-%E0%B8%AA%E0%B8%B3%E0%B8%AB%E0%B8%A3%E0%B8%B1%E0%B8%9A-%E0%B8%82%E0%B8%B2%E0%B8%A2","https://www.one2car.com/%E0%B8%A3%E0%B8%96-%E0%B8%AA%E0%B8%B3%E0%B8%AB%E0%B8%A3%E0%B8%B1%E0%B8%9A-%E0%B8%82%E0%B8%B2%E0%B8%A2?type=used&page_number=36&page_size=26","2018 Mitsubishi PAJERO SPORT 2.4 (ปี 15-18) GT Premium SUV...","569,000 บาท","รถบ้านแท้ ใช้งานน้อย ดูแลตลอด พร้อมใช้งาน ✅ เครื่องยนต์ดีเซล 2.4 MIVEC Turbo 181 แรงม้า ✅ ...","150 - 155K กม.","กรุงเทพมหานคร","Mitsubishi PAJERO SPORT","มือสอง","เกียร์อัตโนมัติ"
"1786479403-623","https://www.one2car.com/%E0%B8%A3%E0%B8%96%E0%B8%A1%E0%B8%B7%E0%B8%AD%E0%B8%AA%E0%B8%AD%E0%B8%87-%E0%B8%AA%E0%B8%B3%E0%B8%AB%E0%B8%A3%E0%B8%B1%E0%B8%9A-%E0%B8%82%E0%B8%B2%E0%B8%A2","https://www.one2car.com/%E0%B8%A3%E0%B8%96-%E0%B8%AA%E0%B8%B3%E0%B8%AB%E0%B8%A3%E0%B8%B1%E0%B8%9A-%E0%B8%82%E0%B8%B2%E0%B8%A2?type=used&page_number=36&page_size=26","2018 Ford RANGER 2.0 Double Cab (ปี 15-21) WildTrak Hi-Rid...","550,000 บาท","- รถบ้านใช้งานคนเดียว, เช็คตามระยะ มีประวัติตรวจสอบได้ - ยางใหม่ - ไม่มีการเกิดอุบัติเหตุ","245 - 250K กม.","นนทบุรี","Ford RANGER","มือสอง","เกียร์อัตโนมัติ"
"1786479403-624","https://www.one2car.com/%E0%B8%A3%E0%B8%96%E0%B8%A1%E0%B8%B7%E0%B8%AD%E0%B8%AA%E0%B8%AD%E0%B8%87-%E0%B8%AA%E0%B8%B3%E0%B8%AB%E0%B8%A3%E0%B8%B1%E0%B8%9A-%E0%B8%82%E0%B8%B2%E0%B8%A2","https://www.one2car.com/%E0%B8%A3%E0%B8%96-%E0%B8%AA%E0%B8%B3%E0%B8%AB%E0%B8%A3%E0%B8%B1%E0%B8%9A-%E0%B8%82%E0%B8%B2%E0%B8%A2?type=used&page_number=36&page_size=26","2015 Mercedes-Benz E200 2.0 W207 (ปี 10-16) Sport Coupe   ...","759,000 บาท","Mercedes-Benz W207 E200 Coupe AMG รุ่นพิเศษ Sport Plus Edition ปี 2015 รถขับดี ...","158000 กม.","กรุงเทพมหานคร","","มือสอง","เกียร์อัตโนมัติ"
"1786479403-625","https://www.one2car.com/%E0%B8%A3%E0%B8%96%E0%B8%A1%E0%B8%B7%E0%B8%AD%E0%B8%AA%E0%B8%AD%E0%B8%87-%E0%B8%AA%E0%B8%B3%E0%B8%AB%E0%B8%A3%E0%B8%B1%E0%B8%9A-%E0%B8%82%E0%B8%B2%E0%B8%A2","https://www.one2car.com/%E0%B8%A3%E0%B8%96-%E0%B8%AA%E0%B8%B3%E0%B8%AB%E0%B8%A3%E0%B8%B1%E0%B8%9A-%E0%B8%82%E0%B8%B2%E0%B8%A2?type=used&page_number=36&page_size=26","2024 Mercedes-Benz C220 2.0 W206 (ปี 22-30) d AMG Line Sed...","2,100,000 บาท","รถมือเดียว รถบ้าน ไม่เคยชน ไม่เคยน้ำท่วม มีประกันชั้น1 ถึงปีหน้าเดือนพ.ค ...","30 - 35K กม.","สมุทรปราการ","","มือสอง","เกียร์อัตโนมัติ"
"1786479403-626","https://www.one2car.com/%E0%B8%A3%E0%B8%96%E0%B8%A1%E0%B8%B7%E0%B8%AD%E0%B8%AA%E0%B8%AD%E0%B8%87-%E0%B8%AA%E0%B8%B3%E0%B8%AB%E0%B8%A3%E0%B8%B1%E0%B8%9A-%E0%B8%82%E0%B8%B2%E0%B8%A2","https://www.one2car.com/%E0%B8%A3%E0%B8%96-%E0%B8%AA%E0%B8%B3%E0%B8%AB%E0%B8%A3%E0%B8%B1%E0%B8%9A-%E0%B8%82%E0%B8%B2%E0%B8%A2?type=used&page_number=36&page_size=26","2011 Mercedes-Benz CLS350 3.0 W218 (ปี 11-16) CDI BlueEFFI...","729,000 บาท","Excellent Condition Low Mileage Accident Free Benz CLS 350 CDI (W218) เจ้สของขายเองครับ ...","60 - 65K กม.","กรุงเทพมหานคร","","มือสอง","เกียร์อัตโนมัติ"
"1786479403-627","https://www.one2car.com/%E0%B8%A3%E0%B8%96%E0%B8%A1%E0%B8%B7%E0%B8%AD%E0%B8%AA%E0%B8%AD%E0%B8%87-%E0%B8%AA%E0%B8%B3%E0%B8%AB%E0%B8%A3%E0%B8%B1%E0%B8%9A-%E0%B8%82%E0%B8%B2%E0%B8%A2","https://www.one2car.com/%E0%B8%A3%E0%B8%96-%E0%B8%AA%E0%B8%B3%E0%B8%AB%E0%B8%A3%E0%B8%B1%E0%B8%9A-%E0%B8%82%E0%B8%B2%E0%B8%A2?type=used&page_number=36&page_size=26","2008 Toyota FORTUNER 3.0 (ปี 04-08) V SUV - 4WD","315,000 บาท","#ฟรีดาวน์ รถมือสอง ราคาถูก สภาพสวย ช่วงล่างเยี่ยม พร้อมโปรโมชั่นพิเศษ รับประกันว่ารถสวย ...","225480 กม.","กรุงเทพมหานคร","Toyota FORTUNER","มือสอง","เกียร์อัตโนมัติ"
"1786479403-628","https://www.one2car.com/%E0%B8%A3%E0%B8%96%E0%B8%A1%E0%B8%B7%E0%B8%AD%E0%B8%AA%E0%B8%AD%E0%B8%87-%E0%B8%AA%E0%B8%B3%E0%B8%AB%E0%B8%A3%E0%B8%B1%E0%B8%9A-%E0%B8%82%E0%B8%B2%E0%B8%A2","https://www.one2car.com/%E0%B8%A3%E0%B8%96-%E0%B8%AA%E0%B8%B3%E0%B8%AB%E0%B8%A3%E0%B8%B1%E0%B8%9A-%E0%B8%82%E0%B8%B2%E0%B8%A2?type=used&page_number=36&page_size=26","2026 BMW 220i 2.0 F44 (ปี 20-27) Gran M Sport Coupe - AT  ...","1,090,000 บาท","🔥 สภาพป้ายแดง BMW 220i M Sport ปี 2021 (จดทะเบียนปี 2026)🔥 รถบ้านแท้เจ้าของขายเอง ...","30 - 35K กม.","กรุงเทพมหานคร","","มือสอง","เกียร์อัตโนมัติ"
"1786479403-629","https://www.one2car.com/%E0%B8%A3%E0%B8%96%E0%B8%A1%E0%B8%B7%E0%B8%AD%E0%B8%AA%E0%B8%AD%E0%B8%87-%E0%B8%AA%E0%B8%B3%E0%B8%AB%E0%B8%A3%E0%B8%B1%E0%B8%9A-%E0%B8%82%E0%B8%B2%E0%B8%A2","https://www.one2car.com/%E0%B8%A3%E0%B8%96-%E0%B8%AA%E0%B8%B3%E0%B8%AB%E0%B8%A3%E0%B8%B1%E0%B8%9A-%E0%B8%82%E0%B8%B2%E0%B8%A2?type=used&page_number=36&page_size=26","2015 Toyota YARIS 1.2 (ปี 13-17) G Hatchback","335,000 บาท","#ฟรีดาวน์ รถมือสอง ราคาถูก สภาพสวย ช่วงล่างเยี่ยม พร้อมโปรโมชั่นพิเศษ รับประกันว่ารถสวย ...","150979 กม.","กรุงเทพมหานคร","Toyota YARIS","มือสอง","เกียร์อัตโนมัติ"
"1786479403-630","https://www.one2car.com/%E0%B8%A3%E0%B8%96%E0%B8%A1%E0%B8%B7%E0%B8%AD%E0%B8%AA%E0%B8%AD%E0%B8%87-%E0%B8%AA%E0%B8%B3%E0%B8%AB%E0%B8%A3%E0%B8%B1%E0%B8%9A-%E0%B8%82%E0%B8%B2%E0%B8%A2","https://www.one2car.com/%E0%B8%A3%E0%B8%96-%E0%B8%AA%E0%B8%B3%E0%B8%AB%E0%B8%A3%E0%B8%B1%E0%B8%9A-%E0%B8%82%E0%B8%B2%E0%B8%A2?type=used&page_number=36&page_size=26","2020 Mitsubishi TRITON 2.4 Mega Cab (ปี 18-23) GT Plus Pic...","365,000 บาท","#ฟรีดาวน์ รถมือสอง ราคาถูก สภาพสวย ช่วงล่างเยี่ยม พร้อมโปรโมชั่นพิเศษ รับประกันว่ารถสวย ...","94932 กม.","กรุงเทพมหานคร","Mitsubishi TRITON","มือสอง","เกียร์อัตโนมัติ"
"1786479403-631","https://www.one2car.com/%E0%B8%A3%E0%B8%96%E0%B8%A1%E0%B8%B7%E0%B8%AD%E0%B8%AA%E0%B8%AD%E0%B8%87-%E0%B8%AA%E0%B8%B3%E0%B8%AB%E0%B8%A3%E0%B8%B1%E0%B8%9A-%E0%B8%82%E0%B8%B2%E0%B8%A2","https://www.one2car.com/%E0%B8%A3%E0%B8%96-%E0%B8%AA%E0%B8%B3%E0%B8%AB%E0%B8%A3%E0%B8%B1%E0%B8%9A-%E0%B8%82%E0%B8%B2%E0%B8%A2?type=used&page_number=36&page_size=26","2021 Toyota HILUX REVO 2.4 Double Cab Prerunner Entry Pick...","645,000 บาท","#ฟรีดาวน์ รถมือสอง ราคาถูก สภาพสวย ช่วงล่างเยี่ยม พร้อมโปรโมชั่นพิเศษ รับประกันว่ารถสวย ...","38286 กม.","กรุงเทพมหานคร","Toyota HILUX REVO","มือสอง","เกียร์อัตโนมัติ"
"1786479403-632","https://www.one2car.com/%E0%B8%A3%E0%B8%96%E0%B8%A1%E0%B8%B7%E0%B8%AD%E0%B8%AA%E0%B8%AD%E0%B8%87-%E0%B8%AA%E0%B8%B3%E0%B8%AB%E0%B8%A3%E0%B8%B1%E0%B8%9A-%E0%B8%82%E0%B8%B2%E0%B8%A2","https://www.one2car.com/%E0%B8%A3%E0%B8%96-%E0%B8%AA%E0%B8%B3%E0%B8%AB%E0%B8%A3%E0%B8%B1%E0%B8%9A-%E0%B8%82%E0%B8%B2%E0%B8%A2?type=used&page_number=36&page_size=26","2010 Honda ACCORD 2.4 (ปี 07-13) E Sedan","170,000 บาท","Honda Accord G8 2.4 E ปี 2010 รถบ้านแท้ ใช้งานในกรุงเทพฯ เป็นรถ 2 มือเท่านั้น ...","280 - 285K กม.","กรุงเทพมหานคร","Honda ACCORD","มือสอง","เกียร์อัตโนมัติ"
"1786479403-633","https://www.one2car.com/%E0%B8%A3%E0%B8%96%E0%B8%A1%E0%B8%B7%E0%B8%AD%E0%B8%AA%E0%B8%AD%E0%B8%87-%E0%B8%AA%E0%B8%B3%E0%B8%AB%E0%B8%A3%E0%B8%B1%E0%B8%9A-%E0%B8%82%E0%B8%B2%E0%B8%A2","https://www.one2car.com/%E0%B8%A3%E0%B8%96-%E0%B8%AA%E0%B8%B3%E0%B8%AB%E0%B8%A3%E0%B8%B1%E0%B8%9A-%E0%B8%82%E0%B8%B2%E0%B8%A2?type=used&page_number=36&page_size=26","2020 Nissan LEAF (ปี 19-26) Hatchback - 0.0","319,000 บาท","NISSAN LEAF EV HATCHBACK ปี 19/20 สีขาว-ดำ เกียร์ A/T ราคา 319,000 บาท ✅ผ่อนเริ่มต้น ...","50 - 55K กม.","กรุงเทพมหานคร","","มือสอง","เกียร์อัตโนมัติ"
"1786479403-634","https://www.one2car.com/%E0%B8%A3%E0%B8%96%E0%B8%A1%E0%B8%B7%E0%B8%AD%E0%B8%AA%E0%B8%AD%E0%B8%87-%E0%B8%AA%E0%B8%B3%E0%B8%AB%E0%B8%A3%E0%B8%B1%E0%B8%9A-%E0%B8%82%E0%B8%B2%E0%B8%A2","https://www.one2car.com/%E0%B8%A3%E0%B8%96-%E0%B8%AA%E0%B8%B3%E0%B8%AB%E0%B8%A3%E0%B8%B1%E0%B8%9A-%E0%B8%82%E0%B8%B2%E0%B8%A2?type=used&page_number=36&page_size=26","2012 Nissan ALMERA 1.2 (ปี 11-19) E Sedan - AT","115,000 บาท","รถบ้าน ใช้มือเดียว ไมล์น้อย 75,176 km ไม่เคยเฉี่ยวชนหนักถึงโครงสร้างและตัวเครื่องยนต์ ...","75 - 80K กม.","กรุงเทพมหานคร","Nissan ALMERA","มือสอง","เกียร์อัตโนมัติ"
"1786479403-635","https://www.one2car.com/%E0%B8%A3%E0%B8%96%E0%B8%A1%E0%B8%B7%E0%B8%AD%E0%B8%AA%E0%B8%AD%E0%B8%87-%E0%B8%AA%E0%B8%B3%E0%B8%AB%E0%B8%A3%E0%B8%B1%E0%B8%9A-%E0%B8%82%E0%B8%B2%E0%B8%A2","https://www.one2car.com/%E0%B8%A3%E0%B8%96-%E0%B8%AA%E0%B8%B3%E0%B8%AB%E0%B8%A3%E0%B8%B1%E0%B8%9A-%E0%B8%82%E0%B8%B2%E0%B8%A2?type=used&page_number=36&page_size=26","2018 Nissan Note 1.2 (ปี 17-22) VL Hatchback","259,000 บาท","2018 Nissan Note 1.2 (ปี 17-22) VL Hatchback อุปกรณ์ครบ คู่มือ กุญแจสำรอง ราคา 259,000 ...","175 - 180K กม.","กรุงเทพมหานคร","","มือสอง","เกียร์อัตโนมัติ"
"1786479406-636","https://www.one2car.com/%E0%B8%A3%E0%B8%96%E0%B8%A1%E0%B8%B7%E0%B8%AD%E0%B8%AA%E0%B8%AD%E0%B8%87-%E0%B8%AA%E0%B8%B3%E0%B8%AB%E0%B8%A3%E0%B8%B1%E0%B8%9A-%E0%B8%82%E0%B8%B2%E0%B8%A2","https://www.one2car.com/%E0%B8%A3%E0%B8%96-%E0%B8%AA%E0%B8%B3%E0%B8%AB%E0%B8%A3%E0%B8%B1%E0%B8%9A-%E0%B8%82%E0%B8%B2%E0%B8%A2?type=used&page_number=37&page_size=26","2018 Toyota HILUX REVO 2.4 Single Cab J Pickup","259,000 บาท","📦 รถพร้อม ตู้พร้อม รับงานได้เลย 🚚 𝟮𝟬𝟭𝟴 𝗧𝗢𝗬𝗢𝗧𝗔 𝗛𝗜𝗟𝗨𝗫 𝗥𝗘𝗩𝗢 M/T เครื่องดีเซล 2.4 ประหยัดจริง ...","110 - 115K กม.","กรุงเทพมหานคร","Toyota HILUX REVO","มือสอง","เกียร์ธรรมดา"
"1786479406-637","https://www.one2car.com/%E0%B8%A3%E0%B8%96%E0%B8%A1%E0%B8%B7%E0%B8%AD%E0%B8%AA%E0%B8%AD%E0%B8%87-%E0%B8%AA%E0%B8%B3%E0%B8%AB%E0%B8%A3%E0%B8%B1%E0%B8%9A-%E0%B8%82%E0%B8%B2%E0%B8%A2","https://www.one2car.com/%E0%B8%A3%E0%B8%96-%E0%B8%AA%E0%B8%B3%E0%B8%AB%E0%B8%A3%E0%B8%B1%E0%B8%9A-%E0%B8%82%E0%B8%B2%E0%B8%A2?type=used&page_number=37&page_size=26","2021 Toyota CAMRY 2.0 (ปี 18-24) G Sedan","798,000 บาท","✨ ทำเรื่องกับเรารู้ผลจบไวใน 30 นาที ✨ 🚗TOYOTA CAMRY 2.0 G 2021 ⚙️ เกียร์: ออโต้ 💵 798,000 ...","115 - 120K กม.","กรุงเทพมหานคร","Toyota CAMRY","มือสอง","เกียร์อัตโนมัติ"
"1786479406-638","https://www.one2car.com/%E0%B8%A3%E0%B8%96%E0%B8%A1%E0%B8%B7%E0%B8%AD%E0%B8%AA%E0%B8%AD%E0%B8%87-%E0%B8%AA%E0%B8%B3%E0%B8%AB%E0%B8%A3%E0%B8%B1%E0%B8%9A-%E0%B8%82%E0%B8%B2%E0%B8%A2","https://www.one2car.com/%E0%B8%A3%E0%B8%96-%E0%B8%AA%E0%B8%B3%E0%B8%AB%E0%B8%A3%E0%B8%B1%E0%B8%9A-%E0%B8%82%E0%B8%B2%E0%B8%A2?type=used&page_number=37&page_size=26","2021 Toyota Corolla Altis 1.8 (ปี 19-25) Hybrid Smart Seda...","588,000 บาท","✨ ทำเรื่องกับเรารู้ผลจบไวใน 30 นาที ✨ 🚗Toyota Altis 1.8HV SMART 2020 ⚙️ เกียร์: ออโต้ 💵 ...","65 - 70K กม.","กรุงเทพมหานคร","Toyota Corolla Altis","มือสอง","เกียร์อัตโนมัติ"
"1786479406-639","https://www.one2car.com/%E0%B8%A3%E0%B8%96%E0%B8%A1%E0%B8%B7%E0%B8%AD%E0%B8%AA%E0%B8%AD%E0%B8%87-%E0%B8%AA%E0%B8%B3%E0%B8%AB%E0%B8%A3%E0%B8%B1%E0%B8%9A-%E0%B8%82%E0%B8%B2%E0%B8%A2","https://www.one2car.com/%E0%B8%A3%E0%B8%96-%E0%B8%AA%E0%B8%B3%E0%B8%AB%E0%B8%A3%E0%B8%B1%E0%B8%9A-%E0%B8%82%E0%B8%B2%E0%B8%A2?type=used&page_number=37&page_size=26","2017 Honda CR-V 1.6 (ปี 17-21) DT E SUV","638,000 บาท","✨ ทำเรื่องกับเรารู้ผลจบไวใน 30 นาที ✨ 🚗Honda CR-V 1.6 DT E CVT A/T 2017 ⚙️ เกียร์: ออโต้ ...","140 - 145K กม.","กรุงเทพมหานคร","Honda CR-V","มือสอง","เกียร์อัตโนมัติ"
"1786479406-640","https://www.one2car.com/%E0%B8%A3%E0%B8%96%E0%B8%A1%E0%B8%B7%E0%B8%AD%E0%B8%AA%E0%B8%AD%E0%B8%87-%E0%B8%AA%E0%B8%B3%E0%B8%AB%E0%B8%A3%E0%B8%B1%E0%B8%9A-%E0%B8%82%E0%B8%B2%E0%B8%A2","https://www.one2car.com/%E0%B8%A3%E0%B8%96-%E0%B8%AA%E0%B8%B3%E0%B8%AB%E0%B8%A3%E0%B8%B1%E0%B8%9A-%E0%B8%82%E0%B8%B2%E0%B8%A2?type=used&page_number=37&page_size=26","2012 Toyota VIOS 1.5 (ปี 07-13) J Sedan - AT","85,000 บาท","ประกาศขาย","375 - 380K กม.","ลพบุรี","Toyota VIOS","มือสอง","เกียร์อัตโนมัติ"
"1786479406-641","https://www.one2car.com/%E0%B8%A3%E0%B8%96%E0%B8%A1%E0%B8%B7%E0%B8%AD%E0%B8%AA%E0%B8%AD%E0%B8%87-%E0%B8%AA%E0%B8%B3%E0%B8%AB%E0%B8%A3%E0%B8%B1%E0%B8%9A-%E0%B8%82%E0%B8%B2%E0%B8%A2","https://www.one2car.com/%E0%B8%A3%E0%B8%96-%E0%B8%AA%E0%B8%B3%E0%B8%AB%E0%B8%A3%E0%B8%B1%E0%B8%9A-%E0%B8%82%E0%B8%B2%E0%B8%A2?type=used&page_number=37&page_size=26","2018 Nissan MARCH 1.2 (ปี 10-21) E Hatchback","219,000 บาท","2018 Nissan MARCH 1.2 (ปี 10-21) E Hatchback ราคา 219,000 บาท ✅ผ่อนเริ่มต้น 4,xxx / เดือน ...","135 - 140K กม.","กรุงเทพมหานคร","Nissan MARCH","มือสอง","เกียร์อัตโนมัติ"
"1786479406-642","https://www.one2car.com/%E0%B8%A3%E0%B8%96%E0%B8%A1%E0%B8%B7%E0%B8%AD%E0%B8%AA%E0%B8%AD%E0%B8%87-%E0%B8%AA%E0%B8%B3%E0%B8%AB%E0%B8%A3%E0%B8%B1%E0%B8%9A-%E0%B8%82%E0%B8%B2%E0%B8%A2","https://www.one2car.com/%E0%B8%A3%E0%B8%96-%E0%B8%AA%E0%B8%B3%E0%B8%AB%E0%B8%A3%E0%B8%B1%E0%B8%9A-%E0%B8%82%E0%B8%B2%E0%B8%A2?type=used&page_number=37&page_size=26","2010 Chevrolet CAPTIVA 2.0 (ปี 07-12) LT SUV - 4WD AT","119,000 บาท","รถบ้านเจ้าของขายเอง เครื่อง เกียร์ ดี สีสวย สภาพพร้อมใช้ ภายในสะอาด อุปกรณ์ใช้ได้หมด ...","25 - 30K กม.","กรุงเทพมหานคร","Chevrolet CAPTIVA","มือสอง","เกียร์อัตโนมัติ"
"1786479406-643","https://www.one2car.com/%E0%B8%A3%E0%B8%96%E0%B8%A1%E0%B8%B7%E0%B8%AD%E0%B8%AA%E0%B8%AD%E0%B8%87-%E0%B8%AA%E0%B8%B3%E0%B8%AB%E0%B8%A3%E0%B8%B1%E0%B8%9A-%E0%B8%82%E0%B8%B2%E0%B8%A2","https://www.one2car.com/%E0%B8%A3%E0%B8%96-%E0%B8%AA%E0%B8%B3%E0%B8%AB%E0%B8%A3%E0%B8%B1%E0%B8%9A-%E0%B8%82%E0%B8%B2%E0%B8%A2?type=used&page_number=37&page_size=26","2012 Ford FOCUS 2.0 (ปี 09-12) Sport Hatchback - AT","69,000 บาท","Tire in Good Condition Just Complete Service, painted Excellent Service Record","155 - 160K กม.","ชลบุรี","","มือสอง","เกียร์อัตโนมัติ"
"1786479406-644","https://www.one2car.com/%E0%B8%A3%E0%B8%96%E0%B8%A1%E0%B8%B7%E0%B8%AD%E0%B8%AA%E0%B8%AD%E0%B8%87-%E0%B8%AA%E0%B8%B3%E0%B8%AB%E0%B8%A3%E0%B8%B1%E0%B8%9A-%E0%B8%82%E0%B8%B2%E0%B8%A2","https://www.one2car.com/%E0%B8%A3%E0%B8%96-%E0%B8%AA%E0%B8%B3%E0%B8%AB%E0%B8%A3%E0%B8%B1%E0%B8%9A-%E0%B8%82%E0%B8%B2%E0%B8%A2?type=used&page_number=37&page_size=26","2020 Honda ACCORD 2.0 (ปี 19-23) Hybrid TECH Sedan","849,999 บาท","Excellent Condition Excellent Service Record Just Complete Service Tires : KUMHO - Ecsta ...","85 - 90K กม.","กรุงเทพมหานคร","Honda ACCORD","มือสอง","เกียร์อัตโนมัติ"
"1786479406-645","https://www.one2car.com/%E0%B8%A3%E0%B8%96%E0%B8%A1%E0%B8%B7%E0%B8%AD%E0%B8%AA%E0%B8%AD%E0%B8%87-%E0%B8%AA%E0%B8%B3%E0%B8%AB%E0%B8%A3%E0%B8%B1%E0%B8%9A-%E0%B8%82%E0%B8%B2%E0%B8%A2","https://www.one2car.com/%E0%B8%A3%E0%B8%96-%E0%B8%AA%E0%B8%B3%E0%B8%AB%E0%B8%A3%E0%B8%B1%E0%B8%9A-%E0%B8%82%E0%B8%B2%E0%B8%A2?type=used&page_number=37&page_size=26","2004 Toyota VIOS 1.5 (ปี 02-07) J Sedan - AT","70,000 บาท","ไม่มีการเกิดอุบัติเหตุ","200708 กม.","กรุงเทพมหานคร","Toyota VIOS","มือสอง","เกียร์อัตโนมัติ"
"1786479406-646","https://www.one2car.com/%E0%B8%A3%E0%B8%96%E0%B8%A1%E0%B8%B7%E0%B8%AD%E0%B8%AA%E0%B8%AD%E0%B8%87-%E0%B8%AA%E0%B8%B3%E0%B8%AB%E0%B8%A3%E0%B8%B1%E0%B8%9A-%E0%B8%82%E0%B8%B2%E0%B8%A2","https://www.one2car.com/%E0%B8%A3%E0%B8%96-%E0%B8%AA%E0%B8%B3%E0%B8%AB%E0%B8%A3%E0%B8%B1%E0%B8%9A-%E0%B8%82%E0%B8%B2%E0%B8%A2?type=used&page_number=37&page_size=26","2014 Volvo S60 1.6 (ปี 11-15) DRIVe Sedan","249,000 บาท","Perfect!!! Volvo S60 กรุงเทพฯ / สาทร - เครื่องยนต์ 1.6 ขับเคลื่อนล้อหลัง/เบนซิน - ปี 2014 ...","156000 กม.","กรุงเทพมหานคร","","มือสอง","เกียร์อัตโนมัติ"
"1786479406-647","https://www.one2car.com/%E0%B8%A3%E0%B8%96%E0%B8%A1%E0%B8%B7%E0%B8%AD%E0%B8%AA%E0%B8%AD%E0%B8%87-%E0%B8%AA%E0%B8%B3%E0%B8%AB%E0%B8%A3%E0%B8%B1%E0%B8%9A-%E0%B8%82%E0%B8%B2%E0%B8%A2","https://www.one2car.com/%E0%B8%A3%E0%B8%96-%E0%B8%AA%E0%B8%B3%E0%B8%AB%E0%B8%A3%E0%B8%B1%E0%B8%9A-%E0%B8%82%E0%B8%B2%E0%B8%A2?type=used&page_number=37&page_size=26","2018 Mercedes-Benz E350 2.0 W213 (ปี 16-23) e Avantgarde S...","519,000 บาท","Benz E350e 2018","155 - 160K กม.","กรุงเทพมหานคร","Mercedes-Benz E350","มือสอง","เกียร์อัตโนมัติ"
"1786479406-648","https://www.one2car.com/%E0%B8%A3%E0%B8%96%E0%B8%A1%E0%B8%B7%E0%B8%AD%E0%B8%AA%E0%B8%AD%E0%B8%87-%E0%B8%AA%E0%B8%B3%E0%B8%AB%E0%B8%A3%E0%B8%B1%E0%B8%9A-%E0%B8%82%E0%B8%B2%E0%B8%A2","https://www.one2car.com/%E0%B8%A3%E0%B8%96-%E0%B8%AA%E0%B8%B3%E0%B8%AB%E0%B8%A3%E0%B8%B1%E0%B8%9A-%E0%B8%82%E0%B8%B2%E0%B8%A2?type=used&page_number=37&page_size=26","2021 Honda CIVIC 1.5 FE (ปี 21-26) EL+ Sedan - EL AT","659,000 บาท","ไมล์น้อยที่สุด สภาพยอดเยี่ยม รถใช้คนเดียว สวยกริ๊ป ถ้าหารุ่นนี้อยู่ห้ามพลาด ...","74000 กม.","ชลบุรี","Honda CIVIC","มือสอง","เกียร์อัตโนมัติ"
"1786479406-649","https://www.one2car.com/%E0%B8%A3%E0%B8%96%E0%B8%A1%E0%B8%B7%E0%B8%AD%E0%B8%AA%E0%B8%AD%E0%B8%87-%E0%B8%AA%E0%B8%B3%E0%B8%AB%E0%B8%A3%E0%B8%B1%E0%B8%9A-%E0%B8%82%E0%B8%B2%E0%B8%A2","https://www.one2car.com/%E0%B8%A3%E0%B8%96-%E0%B8%AA%E0%B8%B3%E0%B8%AB%E0%B8%A3%E0%B8%B1%E0%B8%9A-%E0%B8%82%E0%B8%B2%E0%B8%A2?type=used&page_number=37&page_size=26","2025 Toyota Yaris Ativ 1.2 (ปี 22-28) Sport Sedan","429,000 บาท","🌟 Toyota Yaris Ativ 1.2 Sport ปี 2025 🌟 🌟 เบนซิน เกียร์อัตโนมัติ สีขาว เลขไมล์ 7017 กม. 🌟 ...","7017 กม.","สุราษฎร์ธานี","Toyota Yaris Ativ","มือสอง","เกียร์อัตโนมัติ"
"1786479406-650","https://www.one2car.com/%E0%B8%A3%E0%B8%96%E0%B8%A1%E0%B8%B7%E0%B8%AD%E0%B8%AA%E0%B8%AD%E0%B8%87-%E0%B8%AA%E0%B8%B3%E0%B8%AB%E0%B8%A3%E0%B8%B1%E0%B8%9A-%E0%B8%82%E0%B8%B2%E0%B8%A2","https://www.one2car.com/%E0%B8%A3%E0%B8%96-%E0%B8%AA%E0%B8%B3%E0%B8%AB%E0%B8%A3%E0%B8%B1%E0%B8%9A-%E0%B8%82%E0%B8%B2%E0%B8%A2?type=used&page_number=37&page_size=26","2013 Honda City 1.5 (ปี 08-14) SV Sedan","239,000 บาท","ไมล์แท้ 7X,XXX Km. รับประกนไมล์แท้ๆ วิ่งน้อยมากๆ ตัวรถผลิตและออกรถปี 2013 แท้ๆ HONDA CITY ...","70000 กม.","กรุงเทพมหานคร","Honda City","มือสอง","เกียร์อัตโนมัติ"
"1786479406-651","https://www.one2car.com/%E0%B8%A3%E0%B8%96%E0%B8%A1%E0%B8%B7%E0%B8%AD%E0%B8%AA%E0%B8%AD%E0%B8%87-%E0%B8%AA%E0%B8%B3%E0%B8%AB%E0%B8%A3%E0%B8%B1%E0%B8%9A-%E0%B8%82%E0%B8%B2%E0%B8%A2","https://www.one2car.com/%E0%B8%A3%E0%B8%96-%E0%B8%AA%E0%B8%B3%E0%B8%AB%E0%B8%A3%E0%B8%B1%E0%B8%9A-%E0%B8%82%E0%B8%B2%E0%B8%A2?type=used&page_number=37&page_size=26","2022 Mitsubishi MIRAGE 1.2 (ปี 19-26) Active Hatchback - A...","300,000 บาท","Excellent Condition Low Mileage Accident Free Excellent Service Record Tire in Good ...","28300 กม.","กรุงเทพมหานคร","Mitsubishi MIRAGE","มือสอง","เกียร์อัตโนมัติ"
"1786479410-652","https://www.one2car.com/%E0%B8%A3%E0%B8%96%E0%B8%A1%E0%B8%B7%E0%B8%AD%E0%B8%AA%E0%B8%AD%E0%B8%87-%E0%B8%AA%E0%B8%B3%E0%B8%AB%E0%B8%A3%E0%B8%B1%E0%B8%9A-%E0%B8%82%E0%B8%B2%E0%B8%A2","https://www.one2car.com/%E0%B8%A3%E0%B8%96-%E0%B8%AA%E0%B8%B3%E0%B8%AB%E0%B8%A3%E0%B8%B1%E0%B8%9A-%E0%B8%82%E0%B8%B2%E0%B8%A2?type=used&page_number=38&page_size=26","2021 Toyota CAMRY 2.0 (ปี 18-24) G Sedan","798,000 บาท","✨ ทำเรื่องกับเรารู้ผลจบไวใน 30 นาที ✨ 🚗TOYOTA CAMRY 2.0 G 2021 ⚙️ เกียร์: ออโต้ 💵 798,000 ...","75 - 80K กม.","กรุงเทพมหานคร","Toyota CAMRY","มือสอง","เกียร์อัตโนมัติ"
"1786479410-653","https://www.one2car.com/%E0%B8%A3%E0%B8%96%E0%B8%A1%E0%B8%B7%E0%B8%AD%E0%B8%AA%E0%B8%AD%E0%B8%87-%E0%B8%AA%E0%B8%B3%E0%B8%AB%E0%B8%A3%E0%B8%B1%E0%B8%9A-%E0%B8%82%E0%B8%B2%E0%B8%A2","https://www.one2car.com/%E0%B8%A3%E0%B8%96-%E0%B8%AA%E0%B8%B3%E0%B8%AB%E0%B8%A3%E0%B8%B1%E0%B8%9A-%E0%B8%82%E0%B8%B2%E0%B8%A2?type=used&page_number=38&page_size=26","2020 Toyota CAMRY 2.5 (ปี 18-24) Hybrid Sedan","798,000 บาท","✨ ทำเรื่องกับเรารู้ผลจบไวใน 30 นาที ✨ 🚗TOYOTA CAMRY 2.5 HV 2020 ⚙️ เกียร์: ออโต้ 💵 ...","110 - 115K กม.","กรุงเทพมหานคร","Toyota CAMRY","มือสอง","เกียร์อัตโนมัติ"
"1786479410-654","https://www.one2car.com/%E0%B8%A3%E0%B8%96%E0%B8%A1%E0%B8%B7%E0%B8%AD%E0%B8%AA%E0%B8%AD%E0%B8%87-%E0%B8%AA%E0%B8%B3%E0%B8%AB%E0%B8%A3%E0%B8%B1%E0%B8%9A-%E0%B8%82%E0%B8%B2%E0%B8%A2","https://www.one2car.com/%E0%B8%A3%E0%B8%96-%E0%B8%AA%E0%B8%B3%E0%B8%AB%E0%B8%A3%E0%B8%B1%E0%B8%9A-%E0%B8%82%E0%B8%B2%E0%B8%A2?type=used&page_number=38&page_size=26","2019 Toyota CAMRY 2.0 (ปี 18-24) G Sedan","658,000 บาท","✨ ทำเรื่องกับเรารู้ผลจบไวใน 30 นาที ✨ 🚗Toyota Camry 2.0G 2019 ⚙️ เกียร์: ออโต้ 💵 658,000 ...","200 - 205K กม.","กรุงเทพมหานคร","Toyota CAMRY","มือสอง","เกียร์อัตโนมัติ"
"1786479410-655","https://www.one2car.com/%E0%B8%A3%E0%B8%96%E0%B8%A1%E0%B8%B7%E0%B8%AD%E0%B8%AA%E0%B8%AD%E0%B8%87-%E0%B8%AA%E0%B8%B3%E0%B8%AB%E0%B8%A3%E0%B8%B1%E0%B8%9A-%E0%B8%82%E0%B8%B2%E0%B8%A2","https://www.one2car.com/%E0%B8%A3%E0%B8%96-%E0%B8%AA%E0%B8%B3%E0%B8%AB%E0%B8%A3%E0%B8%B1%E0%B8%9A-%E0%B8%82%E0%B8%B2%E0%B8%A2?type=used&page_number=38&page_size=26","2021 Toyota CAMRY 2.5 (ปี 18-24) G Sedan","858,000 บาท","✨ ทำเรื่องกับเรารู้ผลจบไวใน 30 นาที ✨ 🚗TOYOTA CAMRY 2.5 G Sunroof 2020 จด 2021 ⚙️ เกียร์: ...","110 - 115K กม.","กรุงเทพมหานคร","Toyota CAMRY","มือสอง","เกียร์อัตโนมัติ"
"1786479410-656","https://www.one2car.com/%E0%B8%A3%E0%B8%96%E0%B8%A1%E0%B8%B7%E0%B8%AD%E0%B8%AA%E0%B8%AD%E0%B8%87-%E0%B8%AA%E0%B8%B3%E0%B8%AB%E0%B8%A3%E0%B8%B1%E0%B8%9A-%E0%B8%82%E0%B8%B2%E0%B8%A2","https://www.one2car.com/%E0%B8%A3%E0%B8%96-%E0%B8%AA%E0%B8%B3%E0%B8%AB%E0%B8%A3%E0%B8%B1%E0%B8%9A-%E0%B8%82%E0%B8%B2%E0%B8%A2?type=used&page_number=38&page_size=26","2019 Toyota CAMRY 2.0 (ปี 18-24) G Sedan","728,000 บาท","✨ ทำเรื่องกับเรารู้ผลจบไวใน 30 นาที ✨ 🚗TOYOTA CAMRY 2.0 G 2019 ⚙️ เกียร์: ออโต้ 💵 728,000 ...","105 - 110K กม.","กรุงเทพมหานคร","Toyota CAMRY","มือสอง","เกียร์อัตโนมัติ"
"1786479410-657","https://www.one2car.com/%E0%B8%A3%E0%B8%96%E0%B8%A1%E0%B8%B7%E0%B8%AD%E0%B8%AA%E0%B8%AD%E0%B8%87-%E0%B8%AA%E0%B8%B3%E0%B8%AB%E0%B8%A3%E0%B8%B1%E0%B8%9A-%E0%B8%82%E0%B8%B2%E0%B8%A2","https://www.one2car.com/%E0%B8%A3%E0%B8%96-%E0%B8%AA%E0%B8%B3%E0%B8%AB%E0%B8%A3%E0%B8%B1%E0%B8%9A-%E0%B8%82%E0%B8%B2%E0%B8%A2?type=used&page_number=38&page_size=26","2021 Toyota CAMRY 2.5 (ปี 18-24) Hybrid Premium Sedan","888,000 บาท","✨ ทำเรื่องกับเรารู้ผลจบไวใน 30 นาที ✨ 🚗TOYOTA CAMRY 2.5 HYBRID PREMIUM 2020 จด 2021 ⚙️ ...","135 - 140K กม.","กรุงเทพมหานคร","Toyota CAMRY","มือสอง","เกียร์อัตโนมัติ"
"1786479410-658","https://www.one2car.com/%E0%B8%A3%E0%B8%96%E0%B8%A1%E0%B8%B7%E0%B8%AD%E0%B8%AA%E0%B8%AD%E0%B8%87-%E0%B8%AA%E0%B8%B3%E0%B8%AB%E0%B8%A3%E0%B8%B1%E0%B8%9A-%E0%B8%82%E0%B8%B2%E0%B8%A2","https://www.one2car.com/%E0%B8%A3%E0%B8%96-%E0%B8%AA%E0%B8%B3%E0%B8%AB%E0%B8%A3%E0%B8%B1%E0%B8%9A-%E0%B8%82%E0%B8%B2%E0%B8%A2?type=used&page_number=38&page_size=26","2022 Toyota CAMRY 2.5 (ปี 18-24) Premium Sedan","948,000 บาท","✨ ทำเรื่องกับเรารู้ผลจบไวใน 30 นาที ✨ 🚗TOYOTA CAMRY 2.5 SUNROOF PREMIUM 2022 ⚙️ เกียร์: ...","150 - 155K กม.","กรุงเทพมหานคร","Toyota CAMRY","มือสอง","เกียร์อัตโนมัติ"
"1786479410-659","https://www.one2car.com/%E0%B8%A3%E0%B8%96%E0%B8%A1%E0%B8%B7%E0%B8%AD%E0%B8%AA%E0%B8%AD%E0%B8%87-%E0%B8%AA%E0%B8%B3%E0%B8%AB%E0%B8%A3%E0%B8%B1%E0%B8%9A-%E0%B8%82%E0%B8%B2%E0%B8%A2","https://www.one2car.com/%E0%B8%A3%E0%B8%96-%E0%B8%AA%E0%B8%B3%E0%B8%AB%E0%B8%A3%E0%B8%B1%E0%B8%9A-%E0%B8%82%E0%B8%B2%E0%B8%A2?type=used&page_number=38&page_size=26","2021 Toyota CAMRY 2.0 (ปี 18-24) G Sedan","788,000 บาท","✨ ทำเรื่องกับเรารู้ผลจบไวใน 30 นาที ✨ 🚗TOYOTA CAMRY 2.0G 2021 ⚙️ เกียร์: ออโต้ 💵 788,000 ...","180 - 185K กม.","กรุงเทพมหานคร","Toyota CAMRY","มือสอง","เกียร์อัตโนมัติ"
"1786479410-660","https://www.one2car.com/%E0%B8%A3%E0%B8%96%E0%B8%A1%E0%B8%B7%E0%B8%AD%E0%B8%AA%E0%B8%AD%E0%B8%87-%E0%B8%AA%E0%B8%B3%E0%B8%AB%E0%B8%A3%E0%B8%B1%E0%B8%9A-%E0%B8%82%E0%B8%B2%E0%B8%A2","https://www.one2car.com/%E0%B8%A3%E0%B8%96-%E0%B8%AA%E0%B8%B3%E0%B8%AB%E0%B8%A3%E0%B8%B1%E0%B8%9A-%E0%B8%82%E0%B8%B2%E0%B8%A2?type=used&page_number=38&page_size=26","2013 Hyundai H-1 2.5 (ปี 08-17) Deluxe Van","439,000 บาท","Hyundai H-1 2.5 Deluxe ปี 2013 สีดำ AT รถสวย วิ่งมาน้อยมาก เพียง 89,808 km. 💸 ราคา ...","85 - 90K กม.","กรุงเทพมหานคร","Hyundai H-1","มือสอง","เกียร์อัตโนมัติ"
"1786479410-661","https://www.one2car.com/%E0%B8%A3%E0%B8%96%E0%B8%A1%E0%B8%B7%E0%B8%AD%E0%B8%AA%E0%B8%AD%E0%B8%87-%E0%B8%AA%E0%B8%B3%E0%B8%AB%E0%B8%A3%E0%B8%B1%E0%B8%9A-%E0%B8%82%E0%B8%B2%E0%B8%A2","https://www.one2car.com/%E0%B8%A3%E0%B8%96-%E0%B8%AA%E0%B8%B3%E0%B8%AB%E0%B8%A3%E0%B8%B1%E0%B8%9A-%E0%B8%82%E0%B8%B2%E0%B8%A2?type=used&page_number=38&page_size=26","2016 Honda City 1.5 (ปี 14-18) SV Sedan - AT","315,000 บาท","HONDA CITY 1.5 SV AT 2016 สี: เทา เกียร์: อัตโนมัติ ปี: 2016 ราคาขาย : 280,000 บาท ...","135 - 140K กม.","นนทบุรี","Honda City","มือสอง","เกียร์อัตโนมัติ"
"1786479410-662","https://www.one2car.com/%E0%B8%A3%E0%B8%96%E0%B8%A1%E0%B8%B7%E0%B8%AD%E0%B8%AA%E0%B8%AD%E0%B8%87-%E0%B8%AA%E0%B8%B3%E0%B8%AB%E0%B8%A3%E0%B8%B1%E0%B8%9A-%E0%B8%82%E0%B8%B2%E0%B8%A2","https://www.one2car.com/%E0%B8%A3%E0%B8%96-%E0%B8%AA%E0%B8%B3%E0%B8%AB%E0%B8%A3%E0%B8%B1%E0%B8%9A-%E0%B8%82%E0%B8%B2%E0%B8%A2?type=used&page_number=38&page_size=26","2021 Kia GRAND CARNIVAL 2.2 (ปี 15-20) LX Wagon","719,000 บาท","KIA GRAND CARNIVAL 2.2 LX ปี20/21 สีขาว เกียร์ A/T ราคา่ 719,000 บาท ✅ผ่อนเริ่มต้น 1x,xxx ...","120 - 125K กม.","กรุงเทพมหานคร","Kia GRAND CARNIVAL","มือสอง","เกียร์อัตโนมัติ"
"1786479410-663","https://www.one2car.com/%E0%B8%A3%E0%B8%96%E0%B8%A1%E0%B8%B7%E0%B8%AD%E0%B8%AA%E0%B8%AD%E0%B8%87-%E0%B8%AA%E0%B8%B3%E0%B8%AB%E0%B8%A3%E0%B8%B1%E0%B8%9A-%E0%B8%82%E0%B8%B2%E0%B8%A2","https://www.one2car.com/%E0%B8%A3%E0%B8%96-%E0%B8%AA%E0%B8%B3%E0%B8%AB%E0%B8%A3%E0%B8%B1%E0%B8%9A-%E0%B8%82%E0%B8%B2%E0%B8%A2?type=used&page_number=38&page_size=26","2016 Chevrolet CAPTIVA 2.0 (ปี 11-16) LTZ SUV - 4WD","330,000 บาท","Chevrolet Captiva 2016 2.0 LTZ ตัวท็อป ทำรถมาแล้วพร้อมใช้งาน สภาพเนียนกริบ ...","160 - 165K กม.","กรุงเทพมหานคร","Chevrolet CAPTIVA","มือสอง","เกียร์อัตโนมัติ"
"1786479410-664","https://www.one2car.com/%E0%B8%A3%E0%B8%96%E0%B8%A1%E0%B8%B7%E0%B8%AD%E0%B8%AA%E0%B8%AD%E0%B8%87-%E0%B8%AA%E0%B8%B3%E0%B8%AB%E0%B8%A3%E0%B8%B1%E0%B8%9A-%E0%B8%82%E0%B8%B2%E0%B8%A2","https://www.one2car.com/%E0%B8%A3%E0%B8%96-%E0%B8%AA%E0%B8%B3%E0%B8%AB%E0%B8%A3%E0%B8%B1%E0%B8%9A-%E0%B8%82%E0%B8%B2%E0%B8%A2?type=used&page_number=38&page_size=26","2023 Mitsubishi Xpander Cross 1.5 (ปี 23-27) Wagon","579,000 บาท","ปี 2023 Mitsubishi Xpander Cross 1.5 Wagon ราคา 579,000 บาท ✅ผ่อนเริ่มต้น 10,xxx / เดือน ...","120 - 125K กม.","กรุงเทพมหานคร","","มือสอง","เกียร์อัตโนมัติ"
"1786479410-665","https://www.one2car.com/%E0%B8%A3%E0%B8%96%E0%B8%A1%E0%B8%B7%E0%B8%AD%E0%B8%AA%E0%B8%AD%E0%B8%87-%E0%B8%AA%E0%B8%B3%E0%B8%AB%E0%B8%A3%E0%B8%B1%E0%B8%9A-%E0%B8%82%E0%B8%B2%E0%B8%A2","https://www.one2car.com/%E0%B8%A3%E0%B8%96-%E0%B8%AA%E0%B8%B3%E0%B8%AB%E0%B8%A3%E0%B8%B1%E0%B8%9A-%E0%B8%82%E0%B8%B2%E0%B8%A2?type=used&page_number=38&page_size=26","2023 MG Maxus9 (ปี 23-29) V Van - 0.0","1,259,000 บาท","MG Maxus 9 V Super Luxury : (ราคาออกใหม่ป้ายแดง 2,699,000 บาท) วันนี้ที่รถบ้านพลอยขวัญ ...","80 - 85K กม.","กรุงเทพมหานคร","","มือสอง","เกียร์อัตโนมัติ"
"1786479410-666","https://www.one2car.com/%E0%B8%A3%E0%B8%96%E0%B8%A1%E0%B8%B7%E0%B8%AD%E0%B8%AA%E0%B8%AD%E0%B8%87-%E0%B8%AA%E0%B8%B3%E0%B8%AB%E0%B8%A3%E0%B8%B1%E0%B8%9A-%E0%B8%82%E0%B8%B2%E0%B8%A2","https://www.one2car.com/%E0%B8%A3%E0%B8%96-%E0%B8%AA%E0%B8%B3%E0%B8%AB%E0%B8%A3%E0%B8%B1%E0%B8%9A-%E0%B8%82%E0%B8%B2%E0%B8%A2?type=used&page_number=38&page_size=26","2014 Mazda 3 2.0 (ปี 14-18) SP Sports Hatchback","289,000 บาท","รถบ้าน,มือเดียว,ไม่มีการเกิดอุบัติเหตุ , สภาพยางยังดีอยู่","15 - 20K กม.","กรุงเทพมหานคร","Mazda 3","มือสอง","เกียร์อัตโนมัติ"
"1786479410-667","https://www.one2car.com/%E0%B8%A3%E0%B8%96%E0%B8%A1%E0%B8%B7%E0%B8%AD%E0%B8%AA%E0%B8%AD%E0%B8%87-%E0%B8%AA%E0%B8%B3%E0%B8%AB%E0%B8%A3%E0%B8%B1%E0%B8%9A-%E0%B8%82%E0%B8%B2%E0%B8%A2","https://www.one2car.com/%E0%B8%A3%E0%B8%96-%E0%B8%AA%E0%B8%B3%E0%B8%AB%E0%B8%A3%E0%B8%B1%E0%B8%9A-%E0%B8%82%E0%B8%B2%E0%B8%A2?type=used&page_number=38&page_size=26","2019 MG ZS (ปี 17-25) EV SUV - 0.0","299,000 บาท","2019 MG ZS 0.0 EV SUV รถสวย อุปกรณ์ครบ คู่มือ กุญแจสำรอง ราคา 299,000 บาท ✅ผ่อนเริ่มต้น ...","80 - 85K กม.","กรุงเทพมหานคร","","มือสอง","เกียร์อัตโนมัติ"
"1786479410-668","https://www.one2car.com/%E0%B8%A3%E0%B8%96%E0%B8%A1%E0%B8%B7%E0%B8%AD%E0%B8%AA%E0%B8%AD%E0%B8%87-%E0%B8%AA%E0%B8%B3%E0%B8%AB%E0%B8%A3%E0%B8%B1%E0%B8%9A-%E0%B8%82%E0%B8%B2%E0%B8%A2","https://www.one2car.com/%E0%B8%A3%E0%B8%96-%E0%B8%AA%E0%B8%B3%E0%B8%AB%E0%B8%A3%E0%B8%B1%E0%B8%9A-%E0%B8%82%E0%B8%B2%E0%B8%A2?type=used&page_number=38&page_size=26","2015 Mercedes-Benz S300 2.1 W222 (ปี 13-21) BlueTEC Hybrid...","1,200,000 บาท","สอบถามรายละเอียดเพิ่มเติมได้ที่ ****","120 - 125K กม.","กรุงเทพมหานคร","","มือสอง","เกียร์อัตโนมัติ"
"1786479410-669","https://www.one2car.com/%E0%B8%A3%E0%B8%96%E0%B8%A1%E0%B8%B7%E0%B8%AD%E0%B8%AA%E0%B8%AD%E0%B8%87-%E0%B8%AA%E0%B8%B3%E0%B8%AB%E0%B8%A3%E0%B8%B1%E0%B8%9A-%E0%B8%82%E0%B8%B2%E0%B8%A2","https://www.one2car.com/%E0%B8%A3%E0%B8%96-%E0%B8%AA%E0%B8%B3%E0%B8%AB%E0%B8%A3%E0%B8%B1%E0%B8%9A-%E0%B8%82%E0%B8%B2%E0%B8%A2?type=used&page_number=38&page_size=26","2021 Mercedes-Benz C200 2.0 W205 (ปี 14-22) AMG Dynamic Co...","1,688,000 บาท","✨ ทำเรื่องกับเรารู้ผลจบไวใน 30 นาที ✨ 🚗MERCEDES BENZ 2.0 C200 COOUPE 2021 ⚙️ เกียร์: ...","145 - 150K กม.","กรุงเทพมหานคร","Mercedes-Benz C200","มือสอง","เกียร์อัตโนมัติ"
"1786479410-670","https://www.one2car.com/%E0%B8%A3%E0%B8%96%E0%B8%A1%E0%B8%B7%E0%B8%AD%E0%B8%AA%E0%B8%AD%E0%B8%87-%E0%B8%AA%E0%B8%B3%E0%B8%AB%E0%B8%A3%E0%B8%B1%E0%B8%9A-%E0%B8%82%E0%B8%B2%E0%B8%A2","https://www.one2car.com/%E0%B8%A3%E0%B8%96-%E0%B8%AA%E0%B8%B3%E0%B8%AB%E0%B8%A3%E0%B8%B1%E0%B8%9A-%E0%B8%82%E0%B8%B2%E0%B8%A2?type=used&page_number=38&page_size=26","2019 Mercedes-Benz C43 3.0 W205 (ปี 14-22) AMG 4MATIC Coup...","1,788,000 บาท","✨ ทำเรื่องกับเรารู้ผลจบไวใน 30 นาที ✨ 🚗MERCEDES BENZ 3.0 AMG C43 4MATIC COUPE 2019 ⚙️ ...","95 - 100K กม.","กรุงเทพมหานคร","","มือสอง","เกียร์อัตโนมัติ"
"1786479410-671","https://www.one2car.com/%E0%B8%A3%E0%B8%96%E0%B8%A1%E0%B8%B7%E0%B8%AD%E0%B8%AA%E0%B8%AD%E0%B8%87-%E0%B8%AA%E0%B8%B3%E0%B8%AB%E0%B8%A3%E0%B8%B1%E0%B8%9A-%E0%B8%82%E0%B8%B2%E0%B8%A2","https://www.one2car.com/%E0%B8%A3%E0%B8%96-%E0%B8%AA%E0%B8%B3%E0%B8%AB%E0%B8%A3%E0%B8%B1%E0%B8%9A-%E0%B8%82%E0%B8%B2%E0%B8%A2?type=used&page_number=38&page_size=26","2021 Mercedes-Benz CLS300 2.0 W257 (ปี 18-24) d AMG Premiu...","1,988,000 บาท","✨ ทำเรื่องกับเรารู้ผลจบไวใน 30 นาที ✨ 🚗Mercedes Benz 2.0 CLS 300 d 2020 จด 2021 ⚙️ ...","120 - 125K กม.","กรุงเทพมหานคร","","มือสอง","เกียร์อัตโนมัติ"
"1786479410-672","https://www.one2car.com/%E0%B8%A3%E0%B8%96%E0%B8%A1%E0%B8%B7%E0%B8%AD%E0%B8%AA%E0%B8%AD%E0%B8%87-%E0%B8%AA%E0%B8%B3%E0%B8%AB%E0%B8%A3%E0%B8%B1%E0%B8%9A-%E0%B8%82%E0%B8%B2%E0%B8%A2","https://www.one2car.com/%E0%B8%A3%E0%B8%96-%E0%B8%AA%E0%B8%B3%E0%B8%AB%E0%B8%A3%E0%B8%B1%E0%B8%9A-%E0%B8%82%E0%B8%B2%E0%B8%A2?type=used&page_number=38&page_size=26","2022 Toyota HILUX REVO 2.4 Double Cab Prerunner Mid Pickup...","589,000 บาท","ขาย Toyota Revo 4dr Entry at 2.4Dct สภาพสวย รถมือเดียว ออกป้ายแดง ไมล์น้อย 48,xxx ...","0 - 5K กม.","ชลบุรี","Toyota HILUX REVO","มือสอง","เกียร์อัตโนมัติ"
"1786479410-673","https://www.one2car.com/%E0%B8%A3%E0%B8%96%E0%B8%A1%E0%B8%B7%E0%B8%AD%E0%B8%AA%E0%B8%AD%E0%B8%87-%E0%B8%AA%E0%B8%B3%E0%B8%AB%E0%B8%A3%E0%B8%B1%E0%B8%9A-%E0%B8%82%E0%B8%B2%E0%B8%A2","https://www.one2car.com/%E0%B8%A3%E0%B8%96-%E0%B8%AA%E0%B8%B3%E0%B8%AB%E0%B8%A3%E0%B8%B1%E0%B8%9A-%E0%B8%82%E0%B8%B2%E0%B8%A2?type=used&page_number=38&page_size=26","2023 Toyota ALPHARD 2.5 (ปี 15-23) S C-Package Van","2,388,000 บาท","✨ ทำเรื่องกับเรารู้ผลจบไวใน 30 นาที ✨ 🚗Toyota Alphard 2.5 SC Package 2023 ⚙️ เกียร์: ...","96652 กม.","กรุงเทพมหานคร","Toyota ALPHARD","มือสอง","เกียร์อัตโนมัติ"
"1786479410-674","https://www.one2car.com/%E0%B8%A3%E0%B8%96%E0%B8%A1%E0%B8%B7%E0%B8%AD%E0%B8%AA%E0%B8%AD%E0%B8%87-%E0%B8%AA%E0%B8%B3%E0%B8%AB%E0%B8%A3%E0%B8%B1%E0%B8%9A-%E0%B8%82%E0%B8%B2%E0%B8%A2","https://www.one2car.com/%E0%B8%A3%E0%B8%96-%E0%B8%AA%E0%B8%B3%E0%B8%AB%E0%B8%A3%E0%B8%B1%E0%B8%9A-%E0%B8%82%E0%B8%B2%E0%B8%A2?type=used&page_number=38&page_size=26","2021 Toyota ALPHARD 2.5 (ปี 15-23) HV G F-Package Van","1,888,000 บาท","✨ ทำเรื่องกับเรารู้ผลจบไวใน 30 นาที ✨ 🚗Toyota Alphard 2.5 G F Package Hybrid 2021 ⚙️ ...","240 - 245K กม.","กรุงเทพมหานคร","Toyota ALPHARD","มือสอง","เกียร์อัตโนมัติ"
"1786479410-675","https://www.one2car.com/%E0%B8%A3%E0%B8%96%E0%B8%A1%E0%B8%B7%E0%B8%AD%E0%B8%AA%E0%B8%AD%E0%B8%87-%E0%B8%AA%E0%B8%B3%E0%B8%AB%E0%B8%A3%E0%B8%B1%E0%B8%9A-%E0%B8%82%E0%B8%B2%E0%B8%A2","https://www.one2car.com/%E0%B8%A3%E0%B8%96-%E0%B8%AA%E0%B8%B3%E0%B8%AB%E0%B8%A3%E0%B8%B1%E0%B8%9A-%E0%B8%82%E0%B8%B2%E0%B8%A2?type=used&page_number=38&page_size=26","2019 Toyota ALPHARD 2.5 (ปี 15-23) HV Van - 4WD","1,688,000 บาท","✨ ทำเรื่องกับเรารู้ผลจบไวใน 30 นาที ✨ 🚗TOYOTA ALPHARD 2.5 HYBRID 2019 ⚙️ เกียร์: ออโต้ 💵 ...","200 - 205K กม.","กรุงเทพมหานคร","Toyota ALPHARD","มือสอง","เกียร์อัตโนมัติ"
"1786479410-676","https://www.one2car.com/%E0%B8%A3%E0%B8%96%E0%B8%A1%E0%B8%B7%E0%B8%AD%E0%B8%AA%E0%B8%AD%E0%B8%87-%E0%B8%AA%E0%B8%B3%E0%B8%AB%E0%B8%A3%E0%B8%B1%E0%B8%9A-%E0%B8%82%E0%B8%B2%E0%B8%A2","https://www.one2car.com/%E0%B8%A3%E0%B8%96-%E0%B8%AA%E0%B8%B3%E0%B8%AB%E0%B8%A3%E0%B8%B1%E0%B8%9A-%E0%B8%82%E0%B8%B2%E0%B8%A2?type=used&page_number=38&page_size=26","2020 Toyota ALPHARD 2.5 (ปี 15-23) HV Van - 4WD","1,880,000 บาท","✨ ทำเรื่องกับเรารู้ผลจบไวใน 30 นาที ✨ 🚗Toyota Alphard 2.5 Hybrid E-Four 2020 ⚙️ เกียร์: ...","200 - 205K กม.","กรุงเทพมหานคร","Toyota ALPHARD","มือสอง","เกียร์อัตโนมัติ"
"1786479410-677","https://www.one2car.com/%E0%B8%A3%E0%B8%96%E0%B8%A1%E0%B8%B7%E0%B8%AD%E0%B8%AA%E0%B8%AD%E0%B8%87-%E0%B8%AA%E0%B8%B3%E0%B8%AB%E0%B8%A3%E0%B8%B1%E0%B8%9A-%E0%B8%82%E0%B8%B2%E0%B8%A2","https://www.one2car.com/%E0%B8%A3%E0%B8%96-%E0%B8%AA%E0%B8%B3%E0%B8%AB%E0%B8%A3%E0%B8%B1%E0%B8%9A-%E0%B8%82%E0%B8%B2%E0%B8%A2?type=used&page_number=38&page_size=26","2020 Toyota ALPHARD 2.5 (ปี 15-23) HV Van - 4WD","1,988,000 บาท","✨ ทำเรื่องกับเรารู้ผลจบไวใน 30 นาที ✨ 🚗TOYOTA ALPHARD 2.5 HYBRID 2020 ⚙️ เกียร์: ออโต้ 💵 ...","90 - 95K กม.","กรุงเทพมหานคร","Toyota ALPHARD","มือสอง","เกียร์อัตโนมัติ"
"1786479415-678","https://www.one2car.com/%E0%B8%A3%E0%B8%96%E0%B8%A1%E0%B8%B7%E0%B8%AD%E0%B8%AA%E0%B8%AD%E0%B8%87-%E0%B8%AA%E0%B8%B3%E0%B8%AB%E0%B8%A3%E0%B8%B1%E0%B8%9A-%E0%B8%82%E0%B8%B2%E0%B8%A2","https://www.one2car.com/%E0%B8%A3%E0%B8%96-%E0%B8%AA%E0%B8%B3%E0%B8%AB%E0%B8%A3%E0%B8%B1%E0%B8%9A-%E0%B8%82%E0%B8%B2%E0%B8%A2?type=used&page_number=39&page_size=26","2019 Toyota ALPHARD 2.5 (ปี 15-23) Hybrid SR C-Package E-F...","1,888,000 บาท","✨ ทำเรื่องกับเรารู้ผลจบไวใน 30 นาที ✨ 🚗TOYOYA ALPHARD 2.5 HYBRID SRC 2018 จด 2019 ⚙️ ...","125 - 130K กม.","กรุงเทพมหานคร","Toyota ALPHARD","มือสอง","เกียร์อัตโนมัติ"
"1786479415-679","https://www.one2car.com/%E0%B8%A3%E0%B8%96%E0%B8%A1%E0%B8%B7%E0%B8%AD%E0%B8%AA%E0%B8%AD%E0%B8%87-%E0%B8%AA%E0%B8%B3%E0%B8%AB%E0%B8%A3%E0%B8%B1%E0%B8%9A-%E0%B8%82%E0%B8%B2%E0%B8%A2","https://www.one2car.com/%E0%B8%A3%E0%B8%96-%E0%B8%AA%E0%B8%B3%E0%B8%AB%E0%B8%A3%E0%B8%B1%E0%B8%9A-%E0%B8%82%E0%B8%B2%E0%B8%A2?type=used&page_number=39&page_size=26","2019 Toyota ALPHARD 2.5 (ปี 15-23) HV Van - 4WD","1,888,000 บาท","✨ ทำเรื่องกับเรารู้ผลจบไวใน 30 นาที ✨ 🚗TOYOTA ALPHARD 2.5 HYBRID 2019 ⚙️ เกียร์: ออโต้ 💵 ...","105 - 110K กม.","กรุงเทพมหานคร","Toyota ALPHARD","มือสอง","เกียร์อัตโนมัติ"
"1786479415-680","https://www.one2car.com/%E0%B8%A3%E0%B8%96%E0%B8%A1%E0%B8%B7%E0%B8%AD%E0%B8%AA%E0%B8%AD%E0%B8%87-%E0%B8%AA%E0%B8%B3%E0%B8%AB%E0%B8%A3%E0%B8%B1%E0%B8%9A-%E0%B8%82%E0%B8%B2%E0%B8%A2","https://www.one2car.com/%E0%B8%A3%E0%B8%96-%E0%B8%AA%E0%B8%B3%E0%B8%AB%E0%B8%A3%E0%B8%B1%E0%B8%9A-%E0%B8%82%E0%B8%B2%E0%B8%A2?type=used&page_number=39&page_size=26","2021 Toyota ALPHARD 2.5 (ปี 15-23) HV G F-Package Van - 4W...","1,980,000 บาท","🚗 รถมือเดียวออกห้าง 📏 เลขไมล์: 242,000 km 🔧 ขนาดเครื่องยนต์: 2500 cc ⛽ ชนิดเชื้อเพลิง: ...","240 - 245K กม.","กรุงเทพมหานคร","Toyota ALPHARD","มือสอง","เกียร์อัตโนมัติ"
"1786479415-681","https://www.one2car.com/%E0%B8%A3%E0%B8%96%E0%B8%A1%E0%B8%B7%E0%B8%AD%E0%B8%AA%E0%B8%AD%E0%B8%87-%E0%B8%AA%E0%B8%B3%E0%B8%AB%E0%B8%A3%E0%B8%B1%E0%B8%9A-%E0%B8%82%E0%B8%B2%E0%B8%A2","https://www.one2car.com/%E0%B8%A3%E0%B8%96-%E0%B8%AA%E0%B8%B3%E0%B8%AB%E0%B8%A3%E0%B8%B1%E0%B8%9A-%E0%B8%82%E0%B8%B2%E0%B8%A2?type=used&page_number=39&page_size=26","2020 Toyota ALPHARD 2.5 (ปี 15-23) HV Van - 4WD","1,980,000 บาท","✨ ทำเรื่องกับเรารู้ผลจบไวใน 30 นาที ✨ 🚗TOYOTA ALPHARD 2.5 HYBRID 2020 ⚙️ เกียร์: ออโต้ 💵 ...","180 - 185K กม.","กรุงเทพมหานคร","Toyota ALPHARD","มือสอง","เกียร์อัตโนมัติ"
"1786479415-682","https://www.one2car.com/%E0%B8%A3%E0%B8%96%E0%B8%A1%E0%B8%B7%E0%B8%AD%E0%B8%AA%E0%B8%AD%E0%B8%87-%E0%B8%AA%E0%B8%B3%E0%B8%AB%E0%B8%A3%E0%B8%B1%E0%B8%9A-%E0%B8%82%E0%B8%B2%E0%B8%A2","https://www.one2car.com/%E0%B8%A3%E0%B8%96-%E0%B8%AA%E0%B8%B3%E0%B8%AB%E0%B8%A3%E0%B8%B1%E0%B8%9A-%E0%B8%82%E0%B8%B2%E0%B8%A2?type=used&page_number=39&page_size=26","2020 Toyota ALPHARD 2.5 (ปี 15-23) HV Van - 4WD","1,988,000 บาท","✨ ทำเรื่องกับเรารู้ผลจบไวใน 30 นาที ✨ 🚗TOYOTA ALPHARD 2.5 HYBRID 2020 ⚙️ เกียร์: ออโต้ 💵 ...","120 - 125K กม.","กรุงเทพมหานคร","Toyota ALPHARD","มือสอง","เกียร์อัตโนมัติ"
"1786479415-683","https://www.one2car.com/%E0%B8%A3%E0%B8%96%E0%B8%A1%E0%B8%B7%E0%B8%AD%E0%B8%AA%E0%B8%AD%E0%B8%87-%E0%B8%AA%E0%B8%B3%E0%B8%AB%E0%B8%A3%E0%B8%B1%E0%B8%9A-%E0%B8%82%E0%B8%B2%E0%B8%A2","https://www.one2car.com/%E0%B8%A3%E0%B8%96-%E0%B8%AA%E0%B8%B3%E0%B8%AB%E0%B8%A3%E0%B8%B1%E0%B8%9A-%E0%B8%82%E0%B8%B2%E0%B8%A2?type=used&page_number=39&page_size=26","2022 Toyota CAMRY 2.5 (ปี 18-24) HEV Premium Luxury Sedan ...","999,000 บาท","👑 ราคาเพียง 999,000.- ท็อปสุดในรุ่น Premium Luxury หลังคาแก้ว เบาะหลังปรับไฟฟ้า ...","188000 กม.","กรุงเทพมหานคร","Toyota CAMRY","มือสอง","เกียร์อัตโนมัติ"
"1786479415-684","https://www.one2car.com/%E0%B8%A3%E0%B8%96%E0%B8%A1%E0%B8%B7%E0%B8%AD%E0%B8%AA%E0%B8%AD%E0%B8%87-%E0%B8%AA%E0%B8%B3%E0%B8%AB%E0%B8%A3%E0%B8%B1%E0%B8%9A-%E0%B8%82%E0%B8%B2%E0%B8%A2","https://www.one2car.com/%E0%B8%A3%E0%B8%96-%E0%B8%AA%E0%B8%B3%E0%B8%AB%E0%B8%A3%E0%B8%B1%E0%B8%9A-%E0%B8%82%E0%B8%B2%E0%B8%A2?type=used&page_number=39&page_size=26","2021 Volvo V60 2.0 (ปี 20-28) Recharge T8 Inscription Wago...","899,000 บาท","👑 ราคาเพียง 899,000.- สปอร์ตแวกอนระดับ VIP ตัวท็อป Inscription ขุมพลัง T8 Plug-in Hybrid ...","97000 กม.","กรุงเทพมหานคร","Volvo V60","มือสอง","เกียร์อัตโนมัติ"
"1786479415-685","https://www.one2car.com/%E0%B8%A3%E0%B8%96%E0%B8%A1%E0%B8%B7%E0%B8%AD%E0%B8%AA%E0%B8%AD%E0%B8%87-%E0%B8%AA%E0%B8%B3%E0%B8%AB%E0%B8%A3%E0%B8%B1%E0%B8%9A-%E0%B8%82%E0%B8%B2%E0%B8%A2","https://www.one2car.com/%E0%B8%A3%E0%B8%96-%E0%B8%AA%E0%B8%B3%E0%B8%AB%E0%B8%A3%E0%B8%B1%E0%B8%9A-%E0%B8%82%E0%B8%B2%E0%B8%A2?type=used&page_number=39&page_size=26","2022 Honda ACCORD 1.5 (ปี 19-23) EL Sedan","749,000 บาท","👑 ราคาเพียง 749,000.- เก๋งใหญ่ D-Segment โฉม G10 ปีใหม่สด 2022 สปอร์ตเทอร์โบ ...","124000 กม.","กรุงเทพมหานคร","Honda ACCORD","มือสอง","เกียร์อัตโนมัติ"
"1786479415-686","https://www.one2car.com/%E0%B8%A3%E0%B8%96%E0%B8%A1%E0%B8%B7%E0%B8%AD%E0%B8%AA%E0%B8%AD%E0%B8%87-%E0%B8%AA%E0%B8%B3%E0%B8%AB%E0%B8%A3%E0%B8%B1%E0%B8%9A-%E0%B8%82%E0%B8%B2%E0%B8%A2","https://www.one2car.com/%E0%B8%A3%E0%B8%96-%E0%B8%AA%E0%B8%B3%E0%B8%AB%E0%B8%A3%E0%B8%B1%E0%B8%9A-%E0%B8%82%E0%B8%B2%E0%B8%A2?type=used&page_number=39&page_size=26","2021 Mercedes-Benz E300 2.0 W213 (ปี 16-23) e Avantgarde S...","1,269,000 บาท","🩶 ภาพลักษณ์ผู้นำ ยนตรกรรมหรูล้ำสมัย! MERCEDES-BENZ E300e W213 AVANTGARDE 2021 🩶 ...","97000 กม.","กรุงเทพมหานคร","Mercedes-Benz E300","มือสอง","เกียร์อัตโนมัติ"
"1786479415-687","https://www.one2car.com/%E0%B8%A3%E0%B8%96%E0%B8%A1%E0%B8%B7%E0%B8%AD%E0%B8%AA%E0%B8%AD%E0%B8%87-%E0%B8%AA%E0%B8%B3%E0%B8%AB%E0%B8%A3%E0%B8%B1%E0%B8%9A-%E0%B8%82%E0%B8%B2%E0%B8%A2","https://www.one2car.com/%E0%B8%A3%E0%B8%96-%E0%B8%AA%E0%B8%B3%E0%B8%AB%E0%B8%A3%E0%B8%B1%E0%B8%9A-%E0%B8%82%E0%B8%B2%E0%B8%A2?type=used&page_number=39&page_size=26","2023 Toyota FORTUNER 2.4 (ปี 15-25) Legender SUV","1,199,000 บาท","👑 ราคาเพียง 1,199,000.- PPV หล่อเทพยอดฮิตอันดับ 1 โฉม LEGENDER ปีใหม่ 2023 ...","49000 กม.","กรุงเทพมหานคร","Toyota FORTUNER","มือสอง","เกียร์อัตโนมัติ"
"1786479415-688","https://www.one2car.com/%E0%B8%A3%E0%B8%96%E0%B8%A1%E0%B8%B7%E0%B8%AD%E0%B8%AA%E0%B8%AD%E0%B8%87-%E0%B8%AA%E0%B8%B3%E0%B8%AB%E0%B8%A3%E0%B8%B1%E0%B8%9A-%E0%B8%82%E0%B8%B2%E0%B8%A2","https://www.one2car.com/%E0%B8%A3%E0%B8%96-%E0%B8%AA%E0%B8%B3%E0%B8%AB%E0%B8%A3%E0%B8%B1%E0%B8%9A-%E0%B8%82%E0%B8%B2%E0%B8%A2?type=used&page_number=39&page_size=26","2022 Toyota CAMRY 2.5 (ปี 18-24) HEV Premium Luxury Sedan ...","1,099,000 บาท","👑 ราคาเพียง 1,099,000.- ไมล์แท้ 72,xxx KM! ท็อปสุด Premium Luxury หลังคาแก้ว ...","72000 กม.","กรุงเทพมหานคร","Toyota CAMRY","มือสอง","เกียร์อัตโนมัติ"
"1786479415-689","https://www.one2car.com/%E0%B8%A3%E0%B8%96%E0%B8%A1%E0%B8%B7%E0%B8%AD%E0%B8%AA%E0%B8%AD%E0%B8%87-%E0%B8%AA%E0%B8%B3%E0%B8%AB%E0%B8%A3%E0%B8%B1%E0%B8%9A-%E0%B8%82%E0%B8%B2%E0%B8%A2","https://www.one2car.com/%E0%B8%A3%E0%B8%96-%E0%B8%AA%E0%B8%B3%E0%B8%AB%E0%B8%A3%E0%B8%B1%E0%B8%9A-%E0%B8%82%E0%B8%B2%E0%B8%A2?type=used&page_number=39&page_size=26","2017 Honda CR-V 1.6 (ปี 17-21) DT E SUV","599,000 บาท","🚙 ราคาเพียง 599,000.- SUV 7 ที่นั่งสายครอบครัว ขุมพลังดีเซลเทอร์โบสุดประหยัด! HONDA CR-V ...","180000 กม.","กรุงเทพมหานคร","Honda CR-V","มือสอง","เกียร์อัตโนมัติ"
"1786479415-690","https://www.one2car.com/%E0%B8%A3%E0%B8%96%E0%B8%A1%E0%B8%B7%E0%B8%AD%E0%B8%AA%E0%B8%AD%E0%B8%87-%E0%B8%AA%E0%B8%B3%E0%B8%AB%E0%B8%A3%E0%B8%B1%E0%B8%9A-%E0%B8%82%E0%B8%B2%E0%B8%A2","https://www.one2car.com/%E0%B8%A3%E0%B8%96-%E0%B8%AA%E0%B8%B3%E0%B8%AB%E0%B8%A3%E0%B8%B1%E0%B8%9A-%E0%B8%82%E0%B8%B2%E0%B8%A2?type=used&page_number=39&page_size=26","2020 Honda ACCORD 2.0 (ปี 19-23) Hybrid Sedan","850,000 บาท","💼 ภาพลักษณ์ผู้บริหารหลักล้าน จ่ายแค่ 7 แสนกว่า! HONDA ACCORD 2.0 HYBRID 2020 💼 ...","120000 กม.","กรุงเทพมหานคร","Honda ACCORD","มือสอง","เกียร์อัตโนมัติ"
"1786479415-691","https://www.one2car.com/%E0%B8%A3%E0%B8%96%E0%B8%A1%E0%B8%B7%E0%B8%AD%E0%B8%AA%E0%B8%AD%E0%B8%87-%E0%B8%AA%E0%B8%B3%E0%B8%AB%E0%B8%A3%E0%B8%B1%E0%B8%9A-%E0%B8%82%E0%B8%B2%E0%B8%A2","https://www.one2car.com/%E0%B8%A3%E0%B8%96-%E0%B8%AA%E0%B8%B3%E0%B8%AB%E0%B8%A3%E0%B8%B1%E0%B8%9A-%E0%B8%82%E0%B8%B2%E0%B8%A2?type=used&page_number=39&page_size=26","2022 Ford EVEREST 2.0 (ปี 22-28) Sport SUV","899,000 บาท","🖤 ดุดันไม่เกรงใจใคร! FORD EVEREST 2.0 SPORT 2022 สีดำ 🖤 ราคาพิเศษเพียง 899,000.- หล่อ ...","118000 กม.","กรุงเทพมหานคร","Ford EVEREST","มือสอง","เกียร์อัตโนมัติ"
"1786479415-692","https://www.one2car.com/%E0%B8%A3%E0%B8%96%E0%B8%A1%E0%B8%B7%E0%B8%AD%E0%B8%AA%E0%B8%AD%E0%B8%87-%E0%B8%AA%E0%B8%B3%E0%B8%AB%E0%B8%A3%E0%B8%B1%E0%B8%9A-%E0%B8%82%E0%B8%B2%E0%B8%A2","https://www.one2car.com/%E0%B8%A3%E0%B8%96-%E0%B8%AA%E0%B8%B3%E0%B8%AB%E0%B8%A3%E0%B8%B1%E0%B8%9A-%E0%B8%82%E0%B8%B2%E0%B8%A2?type=used&page_number=39&page_size=26","2022 Toyota INNOVA 2.8 (ปี 16-22) Crysta Premium Wagon","699,000 บาท","🚙 MPV ดีเซลสุดพรีเมียม ปีใหม่ราคาช็อกวงการ! TOYOTA INNOVA 2.8 CRYSTA PREMIUM 2022 🚙 ...","154000 กม.","กรุงเทพมหานคร","Toyota INNOVA","มือสอง","เกียร์อัตโนมัติ"
"1786479415-693","https://www.one2car.com/%E0%B8%A3%E0%B8%96%E0%B8%A1%E0%B8%B7%E0%B8%AD%E0%B8%AA%E0%B8%AD%E0%B8%87-%E0%B8%AA%E0%B8%B3%E0%B8%AB%E0%B8%A3%E0%B8%B1%E0%B8%9A-%E0%B8%82%E0%B8%B2%E0%B8%A2","https://www.one2car.com/%E0%B8%A3%E0%B8%96-%E0%B8%AA%E0%B8%B3%E0%B8%AB%E0%B8%A3%E0%B8%B1%E0%B8%9A-%E0%B8%82%E0%B8%B2%E0%B8%A2?type=used&page_number=39&page_size=26","2023 Mercedes-Benz GLC220 2.0 W253 (ปี 15-22) d SUV","1,279,000 บาท","2020จด2023 MERCEDES-BENZ GLC220d 2.0 W253 เกียร์ออโต้ สีดำ 🏷ราคา 1,279,000 บาท ...","118000 กม.","กรุงเทพมหานคร","","มือสอง","เกียร์อัตโนมัติ"
"1786479415-694","https://www.one2car.com/%E0%B8%A3%E0%B8%96%E0%B8%A1%E0%B8%B7%E0%B8%AD%E0%B8%AA%E0%B8%AD%E0%B8%87-%E0%B8%AA%E0%B8%B3%E0%B8%AB%E0%B8%A3%E0%B8%B1%E0%B8%9A-%E0%B8%82%E0%B8%B2%E0%B8%A2","https://www.one2car.com/%E0%B8%A3%E0%B8%96-%E0%B8%AA%E0%B8%B3%E0%B8%AB%E0%B8%A3%E0%B8%B1%E0%B8%9A-%E0%B8%82%E0%B8%B2%E0%B8%A2?type=used&page_number=39&page_size=26","2022 Toyota Corolla Cross 1.8 (ปี 20-26) Hybrid Premium Sa...","729,000 บาท","🛡️ ตัวท็อปความปลอดภัย มั่นใจทุกการเดินทาง! TOYOTA COROLLA CROSS 1.8 HYBRID PREMIUM SAFETY ...","104000 กม.","กรุงเทพมหานคร","","มือสอง","เกียร์อัตโนมัติ"
"1786479415-695","https://www.one2car.com/%E0%B8%A3%E0%B8%96%E0%B8%A1%E0%B8%B7%E0%B8%AD%E0%B8%AA%E0%B8%AD%E0%B8%87-%E0%B8%AA%E0%B8%B3%E0%B8%AB%E0%B8%A3%E0%B8%B1%E0%B8%9A-%E0%B8%82%E0%B8%B2%E0%B8%A2","https://www.one2car.com/%E0%B8%A3%E0%B8%96-%E0%B8%AA%E0%B8%B3%E0%B8%AB%E0%B8%A3%E0%B8%B1%E0%B8%9A-%E0%B8%82%E0%B8%B2%E0%B8%A2?type=used&page_number=39&page_size=26","2017 Mercedes-Benz S500 3.0 W222 (ปี 13-21) e AMG Premium ...","1,189,000 บาท","👑 ราคาเพียง 1,189,000.- ยนตรกรรมเรือธงระดับ VIP ชุดแต่ง AMG แท้ หลังคาแก้ว! MERCEDES-BENZ ...","126000 กม.","กรุงเทพมหานคร","Mercedes-Benz S500","มือสอง","เกียร์อัตโนมัติ"
"1786479415-696","https://www.one2car.com/%E0%B8%A3%E0%B8%96%E0%B8%A1%E0%B8%B7%E0%B8%AD%E0%B8%AA%E0%B8%AD%E0%B8%87-%E0%B8%AA%E0%B8%B3%E0%B8%AB%E0%B8%A3%E0%B8%B1%E0%B8%9A-%E0%B8%82%E0%B8%B2%E0%B8%A2","https://www.one2car.com/%E0%B8%A3%E0%B8%96-%E0%B8%AA%E0%B8%B3%E0%B8%AB%E0%B8%A3%E0%B8%B1%E0%B8%9A-%E0%B8%82%E0%B8%B2%E0%B8%A2?type=used&page_number=39&page_size=26","2015 Kia GRAND CARNIVAL 2.2 (ปี 15-20) EX Wagon","559,000 บาท","เจ้าของขายเอง Kia Grand Carnival EX ปี 2015 รุ่นท็อป ประกันภัยชั้น 1 หมด ส.ค. 2569 (MPV) ...","20 - 25K กม.","กรุงเทพมหานคร","Kia GRAND CARNIVAL","มือสอง","เกียร์อัตโนมัติ"
"1786479415-697","https://www.one2car.com/%E0%B8%A3%E0%B8%96%E0%B8%A1%E0%B8%B7%E0%B8%AD%E0%B8%AA%E0%B8%AD%E0%B8%87-%E0%B8%AA%E0%B8%B3%E0%B8%AB%E0%B8%A3%E0%B8%B1%E0%B8%9A-%E0%B8%82%E0%B8%B2%E0%B8%A2","https://www.one2car.com/%E0%B8%A3%E0%B8%96-%E0%B8%AA%E0%B8%B3%E0%B8%AB%E0%B8%A3%E0%B8%B1%E0%B8%9A-%E0%B8%82%E0%B8%B2%E0%B8%A2?type=used&page_number=39&page_size=26","2016 Mercedes-Benz S300 2.1 W222 (ปี 13-21) BlueTEC Hybrid...","1,099,000 บาท","👑 ราคาเพียง 1,099,000.- ไมล์แท้ 69,xxx KM เท่านั้น! ยนตรกรรมเรือธงบิ๊กบอส ...","69000 กม.","กรุงเทพมหานคร","","มือสอง","เกียร์อัตโนมัติ"
"1786479415-698","https://www.one2car.com/%E0%B8%A3%E0%B8%96%E0%B8%A1%E0%B8%B7%E0%B8%AD%E0%B8%AA%E0%B8%AD%E0%B8%87-%E0%B8%AA%E0%B8%B3%E0%B8%AB%E0%B8%A3%E0%B8%B1%E0%B8%9A-%E0%B8%82%E0%B8%B2%E0%B8%A2","https://www.one2car.com/%E0%B8%A3%E0%B8%96-%E0%B8%AA%E0%B8%B3%E0%B8%AB%E0%B8%A3%E0%B8%B1%E0%B8%9A-%E0%B8%82%E0%B8%B2%E0%B8%A2?type=used&page_number=39&page_size=26","2023 Honda CIVIC 1.5 FE (ปี 21-26) EL Sedan","639,000 บาท","🏎️ ราคาเพียง 639,000.- โฉมปัจจุบันหล่อสปอร์ตพรีเมียม ขุมพลังวีเทคเทอร์โบ! HONDA CIVIC FE ...","92000 กม.","กรุงเทพมหานคร","Honda CIVIC","มือสอง","เกียร์อัตโนมัติ"
"1786479415-699","https://www.one2car.com/%E0%B8%A3%E0%B8%96%E0%B8%A1%E0%B8%B7%E0%B8%AD%E0%B8%AA%E0%B8%AD%E0%B8%87-%E0%B8%AA%E0%B8%B3%E0%B8%AB%E0%B8%A3%E0%B8%B1%E0%B8%9A-%E0%B8%82%E0%B8%B2%E0%B8%A2","https://www.one2car.com/%E0%B8%A3%E0%B8%96-%E0%B8%AA%E0%B8%B3%E0%B8%AB%E0%B8%A3%E0%B8%B1%E0%B8%9A-%E0%B8%82%E0%B8%B2%E0%B8%A2?type=used&page_number=39&page_size=26","2021 Honda ACCORD 1.5 (ปี 19-23) EL Sedan","729,000 บาท","👑 ราคาเพียง 729,000.- เก๋งใหญ่ D-Segment โฉม G10 ปีใหม่ 2021 สปอร์ตเทอร์โบ สีเทาโมเดิร์น! ...","131000 กม.","กรุงเทพมหานคร","Honda ACCORD","มือสอง","เกียร์อัตโนมัติ"
"1786479415-700","https://www.one2car.com/%E0%B8%A3%E0%B8%96%E0%B8%A1%E0%B8%B7%E0%B8%AD%E0%B8%AA%E0%B8%AD%E0%B8%87-%E0%B8%AA%E0%B8%B3%E0%B8%AB%E0%B8%A3%E0%B8%B1%E0%B8%9A-%E0%B8%82%E0%B8%B2%E0%B8%A2","https://www.one2car.com/%E0%B8%A3%E0%B8%96-%E0%B8%AA%E0%B8%B3%E0%B8%AB%E0%B8%A3%E0%B8%B1%E0%B8%9A-%E0%B8%82%E0%B8%B2%E0%B8%A2?type=used&page_number=39&page_size=26","2017 Mercedes-Benz S500 3.0 W222 (ปี 13-21) e AMG Premium ...","1,259,000 บาท","👑 ราคาเพียง 1,259,000.- ยนตรกรรมเรือธงระดับ VIP ตัวท็อป AMG แท้ หลังคาแก้ว สีขาวมุกออร่า! ...","132000 กม.","กรุงเทพมหานคร","Mercedes-Benz S500","มือสอง","เกียร์อัตโนมัติ"
"1786479415-701","https://www.one2car.com/%E0%B8%A3%E0%B8%96%E0%B8%A1%E0%B8%B7%E0%B8%AD%E0%B8%AA%E0%B8%AD%E0%B8%87-%E0%B8%AA%E0%B8%B3%E0%B8%AB%E0%B8%A3%E0%B8%B1%E0%B8%9A-%E0%B8%82%E0%B8%B2%E0%B8%A2","https://www.one2car.com/%E0%B8%A3%E0%B8%96-%E0%B8%AA%E0%B8%B3%E0%B8%AB%E0%B8%A3%E0%B8%B1%E0%B8%9A-%E0%B8%82%E0%B8%B2%E0%B8%A2?type=used&page_number=39&page_size=26","2022 Mercedes-Benz A200 1.3 W177 (ปี 19-25) AMG Dynamic Se...","929,000 บาท","🖤 หรูหรา ดุดัน สไตล์สปอร์ต! MERCEDES-BENZ A200 1.3 AMG DYNAMIC 2022 🖤 ราคาพิเศษเพียง ...","43000 กม.","กรุงเทพมหานคร","","มือสอง","เกียร์อัตโนมัติ"
"1786479415-702","https://www.one2car.com/%E0%B8%A3%E0%B8%96%E0%B8%A1%E0%B8%B7%E0%B8%AD%E0%B8%AA%E0%B8%AD%E0%B8%87-%E0%B8%AA%E0%B8%B3%E0%B8%AB%E0%B8%A3%E0%B8%B1%E0%B8%9A-%E0%B8%82%E0%B8%B2%E0%B8%A2","https://www.one2car.com/%E0%B8%A3%E0%B8%96-%E0%B8%AA%E0%B8%B3%E0%B8%AB%E0%B8%A3%E0%B8%B1%E0%B8%9A-%E0%B8%82%E0%B8%B2%E0%B8%A2?type=used&page_number=39&page_size=26","2021 Toyota CAMRY 2.0 (ปี 18-24) G Sedan","789,000 บาท","👑 ราคาเพียง 789,000.- ไมล์แท้ 66,xxx KM! ยนตรกรรม D-Segment หรูหรา ...","66000 กม.","กรุงเทพมหานคร","Toyota CAMRY","มือสอง","เกียร์อัตโนมัติ"
"1786479415-703","https://www.one2car.com/%E0%B8%A3%E0%B8%96%E0%B8%A1%E0%B8%B7%E0%B8%AD%E0%B8%AA%E0%B8%AD%E0%B8%87-%E0%B8%AA%E0%B8%B3%E0%B8%AB%E0%B8%A3%E0%B8%B1%E0%B8%9A-%E0%B8%82%E0%B8%B2%E0%B8%A2","https://www.one2car.com/%E0%B8%A3%E0%B8%96-%E0%B8%AA%E0%B8%B3%E0%B8%AB%E0%B8%A3%E0%B8%B1%E0%B8%9A-%E0%B8%82%E0%B8%B2%E0%B8%A2?type=used&page_number=39&page_size=26","2021 Mercedes-Benz CLS220 2.0 W257 (ปี 18-24) d AMG Premiu...","2,239,000 บาท","2021 MERCEDES-BENZ CLS220d 2.0 w257 AMG PREMIUM เกียร์ออโต้ สีดำ 🏷ราคา 2,239,000 บาท ...","27000 กม.","กรุงเทพมหานคร","","มือสอง","เกียร์อัตโนมัติ"
"1786479419-704","https://www.one2car.com/%E0%B8%A3%E0%B8%96%E0%B8%A1%E0%B8%B7%E0%B8%AD%E0%B8%AA%E0%B8%AD%E0%B8%87-%E0%B8%AA%E0%B8%B3%E0%B8%AB%E0%B8%A3%E0%B8%B1%E0%B8%9A-%E0%B8%82%E0%B8%B2%E0%B8%A2","https://www.one2car.com/%E0%B8%A3%E0%B8%96-%E0%B8%AA%E0%B8%B3%E0%B8%AB%E0%B8%A3%E0%B8%B1%E0%B8%9A-%E0%B8%82%E0%B8%B2%E0%B8%A2?type=used&page_number=40&page_size=26","2023 Mercedes-Benz A200 1.3 W177 (ปี 19-25) Progressive Se...","869,000 บาท","🩶 เบนซ์คันแรกในราคาหลักแสน! สปอร์ตพรีเมียม ล้ำสมัย BENZ A200 W177 2021 จด 2023 🩶 ...","71000 กม.","กรุงเทพมหานคร","","มือสอง","เกียร์อัตโนมัติ"
"1786479419-705","https://www.one2car.com/%E0%B8%A3%E0%B8%96%E0%B8%A1%E0%B8%B7%E0%B8%AD%E0%B8%AA%E0%B8%AD%E0%B8%87-%E0%B8%AA%E0%B8%B3%E0%B8%AB%E0%B8%A3%E0%B8%B1%E0%B8%9A-%E0%B8%82%E0%B8%B2%E0%B8%A2","https://www.one2car.com/%E0%B8%A3%E0%B8%96-%E0%B8%AA%E0%B8%B3%E0%B8%AB%E0%B8%A3%E0%B8%B1%E0%B8%9A-%E0%B8%82%E0%B8%B2%E0%B8%A2?type=used&page_number=40&page_size=26","2018 Honda CIVIC 1.8 FC (ปี 16-20) EL Sedan","479,000 บาท","🏎️ ราคาเพียง 479,000.- ตัวท็อปเครื่อง 1.8 EL สีแดงสปอร์ตทรงพลัง หล่อเท่สะดุดตา! HONDA ...","160000 กม.","กรุงเทพมหานคร","Honda CIVIC","มือสอง","เกียร์อัตโนมัติ"
"1786479419-706","https://www.one2car.com/%E0%B8%A3%E0%B8%96%E0%B8%A1%E0%B8%B7%E0%B8%AD%E0%B8%AA%E0%B8%AD%E0%B8%87-%E0%B8%AA%E0%B8%B3%E0%B8%AB%E0%B8%A3%E0%B8%B1%E0%B8%9A-%E0%B8%82%E0%B8%B2%E0%B8%A2","https://www.one2car.com/%E0%B8%A3%E0%B8%96-%E0%B8%AA%E0%B8%B3%E0%B8%AB%E0%B8%A3%E0%B8%B1%E0%B8%9A-%E0%B8%82%E0%B8%B2%E0%B8%A2?type=used&page_number=40&page_size=26","2023 BMW iX I20 (ปี 21-28) xDrive40 SUV - 0.0 4WD","2,269,000 บาท","2023 BMW IX-EV X drive40 เกียร์ออโต้ สีเทา 🏷ราคา 2,269,000 บาท 🚩ผ่อนต่อเดือน 64,xxx บาท ...","40000 กม.","กรุงเทพมหานคร","","มือสอง","เกียร์อัตโนมัติ"
"1786479419-707","https://www.one2car.com/%E0%B8%A3%E0%B8%96%E0%B8%A1%E0%B8%B7%E0%B8%AD%E0%B8%AA%E0%B8%AD%E0%B8%87-%E0%B8%AA%E0%B8%B3%E0%B8%AB%E0%B8%A3%E0%B8%B1%E0%B8%9A-%E0%B8%82%E0%B8%B2%E0%B8%A2","https://www.one2car.com/%E0%B8%A3%E0%B8%96-%E0%B8%AA%E0%B8%B3%E0%B8%AB%E0%B8%A3%E0%B8%B1%E0%B8%9A-%E0%B8%82%E0%B8%B2%E0%B8%A2?type=used&page_number=40&page_size=26","2021 Toyota CAMRY 2.5 (ปี 18-24) Hybrid Sedan","769,000 บาท","👑 ราคาเพียง 769,000.- ปรับราคาใหม่สุดคุ้ม! ยนตกรรม D-Segment หรูหรา ...","151000 กม.","กรุงเทพมหานคร","Toyota CAMRY","มือสอง","เกียร์อัตโนมัติ"
"1786479419-708","https://www.one2car.com/%E0%B8%A3%E0%B8%96%E0%B8%A1%E0%B8%B7%E0%B8%AD%E0%B8%AA%E0%B8%AD%E0%B8%87-%E0%B8%AA%E0%B8%B3%E0%B8%AB%E0%B8%A3%E0%B8%B1%E0%B8%9A-%E0%B8%82%E0%B8%B2%E0%B8%A2","https://www.one2car.com/%E0%B8%A3%E0%B8%96-%E0%B8%AA%E0%B8%B3%E0%B8%AB%E0%B8%A3%E0%B8%B1%E0%B8%9A-%E0%B8%82%E0%B8%B2%E0%B8%A2?type=used&page_number=40&page_size=26","2017 Nissan NP 300 Navara 2.5 Double Cab Calibre V Pickup ...","369,000 บาท","🛻 ราคาเพียง 369,000.- กระบะ 4 ประตูตัวยกสูง Calibre บล็อกแกร่ง หล่อสปอร์ตออปชั่นแน่น! ...","216000 กม.","กรุงเทพมหานคร","Nissan NP 300 Navara","มือสอง","เกียร์อัตโนมัติ"
"1786479419-709","https://www.one2car.com/%E0%B8%A3%E0%B8%96%E0%B8%A1%E0%B8%B7%E0%B8%AD%E0%B8%AA%E0%B8%AD%E0%B8%87-%E0%B8%AA%E0%B8%B3%E0%B8%AB%E0%B8%A3%E0%B8%B1%E0%B8%9A-%E0%B8%82%E0%B8%B2%E0%B8%A2","https://www.one2car.com/%E0%B8%A3%E0%B8%96-%E0%B8%AA%E0%B8%B3%E0%B8%AB%E0%B8%A3%E0%B8%B1%E0%B8%9A-%E0%B8%82%E0%B8%B2%E0%B8%A2?type=used&page_number=40&page_size=26","2019 Hyundai H-1 2.5 (ปี 18-24) Elite Van - AT","719,000 บาท","- ขาย Hyundai H1 ELITE 2019 - รถบ้านแท้ๆ เจ้าของขายเอง - รถสภาพดี ...","90 - 95K กม.","กรุงเทพมหานคร","Hyundai H-1","มือสอง","เกียร์อัตโนมัติ"
"1786479419-710","https://www.one2car.com/%E0%B8%A3%E0%B8%96%E0%B8%A1%E0%B8%B7%E0%B8%AD%E0%B8%AA%E0%B8%AD%E0%B8%87-%E0%B8%AA%E0%B8%B3%E0%B8%AB%E0%B8%A3%E0%B8%B1%E0%B8%9A-%E0%B8%82%E0%B8%B2%E0%B8%A2","https://www.one2car.com/%E0%B8%A3%E0%B8%96-%E0%B8%AA%E0%B8%B3%E0%B8%AB%E0%B8%A3%E0%B8%B1%E0%B8%9A-%E0%B8%82%E0%B8%B2%E0%B8%A2?type=used&page_number=40&page_size=26","2020 Mercedes-Benz CLS53 3.0 W257 (ปี 18-24) AMG 4MATIC+ S...","2,399,999 บาท","Excellent Condition Accident Free Excellent Service Record Tire in Good Condition","75341 กม.","กรุงเทพมหานคร","","มือสอง","เกียร์อัตโนมัติ"
"1786479419-711","https://www.one2car.com/%E0%B8%A3%E0%B8%96%E0%B8%A1%E0%B8%B7%E0%B8%AD%E0%B8%AA%E0%B8%AD%E0%B8%87-%E0%B8%AA%E0%B8%B3%E0%B8%AB%E0%B8%A3%E0%B8%B1%E0%B8%9A-%E0%B8%82%E0%B8%B2%E0%B8%A2","https://www.one2car.com/%E0%B8%A3%E0%B8%96-%E0%B8%AA%E0%B8%B3%E0%B8%AB%E0%B8%A3%E0%B8%B1%E0%B8%9A-%E0%B8%82%E0%B8%B2%E0%B8%A2?type=used&page_number=40&page_size=26","2012 Hyundai H-1 2.5 (ปี 08-17) Maesto Deluxe Van - AT","550,000 บาท","การบำรุงรักษาทั้งหมดดำเนินการที่ศูนย์บริการรถยนต์ที่ได้รับอนุญาตอย่างเป็นทางการ ...","60 - 65K กม.","ชลบุรี","Hyundai H-1","มือสอง","เกียร์อัตโนมัติ"
"1786479419-712","https://www.one2car.com/%E0%B8%A3%E0%B8%96%E0%B8%A1%E0%B8%B7%E0%B8%AD%E0%B8%AA%E0%B8%AD%E0%B8%87-%E0%B8%AA%E0%B8%B3%E0%B8%AB%E0%B8%A3%E0%B8%B1%E0%B8%9A-%E0%B8%82%E0%B8%B2%E0%B8%A2","https://www.one2car.com/%E0%B8%A3%E0%B8%96-%E0%B8%AA%E0%B8%B3%E0%B8%AB%E0%B8%A3%E0%B8%B1%E0%B8%9A-%E0%B8%82%E0%B8%B2%E0%B8%A2?type=used&page_number=40&page_size=26","2018 Honda ACCORD 2.0 (ปี 13-19) EL Sedan - AT","429,000 บาท","Honda Accord G9 2.0 EL ปี 2018 Minorchange 💰 ราคา 429,000 บาท ✨ ขายพร้อมทะเบียน 4กบ 738 ...","235 - 240K กม.","นนทบุรี","Honda ACCORD","มือสอง","เกียร์อัตโนมัติ"
"1786479419-713","https://www.one2car.com/%E0%B8%A3%E0%B8%96%E0%B8%A1%E0%B8%B7%E0%B8%AD%E0%B8%AA%E0%B8%AD%E0%B8%87-%E0%B8%AA%E0%B8%B3%E0%B8%AB%E0%B8%A3%E0%B8%B1%E0%B8%9A-%E0%B8%82%E0%B8%B2%E0%B8%A2","https://www.one2car.com/%E0%B8%A3%E0%B8%96-%E0%B8%AA%E0%B8%B3%E0%B8%AB%E0%B8%A3%E0%B8%B1%E0%B8%9A-%E0%B8%82%E0%B8%B2%E0%B8%A2?type=used&page_number=40&page_size=26","2023 ORA Good Cat (ปี 21-27) 500 Ultra Hatchback - 0 AT   ...","460,000 บาท","เพิ่งทำการเช็คสภาพรถ เลขไมล์ต่ำ มีประวัติการเข้าศูนย์บริการ สภาพยางยังดีอยู่ ...","40 - 45K กม.","กรุงเทพมหานคร","","มือสอง","เกียร์อัตโนมัติ"
"1786479419-714","https://www.one2car.com/%E0%B8%A3%E0%B8%96%E0%B8%A1%E0%B8%B7%E0%B8%AD%E0%B8%AA%E0%B8%AD%E0%B8%87-%E0%B8%AA%E0%B8%B3%E0%B8%AB%E0%B8%A3%E0%B8%B1%E0%B8%9A-%E0%B8%82%E0%B8%B2%E0%B8%A2","https://www.one2car.com/%E0%B8%A3%E0%B8%96-%E0%B8%AA%E0%B8%B3%E0%B8%AB%E0%B8%A3%E0%B8%B1%E0%B8%9A-%E0%B8%82%E0%B8%B2%E0%B8%A2?type=used&page_number=40&page_size=26","2025 TESLA Model Y Launch Series Long Range SUV - AWD","1,799,000 บาท","2025 Tesla Model Y long range AWD ** LAUNCH SERIES ** Limited Edition รถใหม่ไม่มีแล้ว🎉 กด ...","0 - 5K กม.","กรุงเทพมหานคร","","มือสอง","เกียร์อัตโนมัติ"
"1786479419-715","https://www.one2car.com/%E0%B8%A3%E0%B8%96%E0%B8%A1%E0%B8%B7%E0%B8%AD%E0%B8%AA%E0%B8%AD%E0%B8%87-%E0%B8%AA%E0%B8%B3%E0%B8%AB%E0%B8%A3%E0%B8%B1%E0%B8%9A-%E0%B8%82%E0%B8%B2%E0%B8%A2","https://www.one2car.com/%E0%B8%A3%E0%B8%96-%E0%B8%AA%E0%B8%B3%E0%B8%AB%E0%B8%A3%E0%B8%B1%E0%B8%9A-%E0%B8%82%E0%B8%B2%E0%B8%A2?type=used&page_number=40&page_size=26","2016 Honda BR-V 1.5 (ปี 16-20) SV SUV - AT","309,000 บาท","ขาย Honda BR-V 1.5SV ปี 2016 รุ่นท้อป 7 ที่นั่ง สีเทาดำ เจ้าของขายเองเ ...","150 - 155K กม.","กรุงเทพมหานคร","","มือสอง","เกียร์อัตโนมัติ"
"1786479419-716","https://www.one2car.com/%E0%B8%A3%E0%B8%96%E0%B8%A1%E0%B8%B7%E0%B8%AD%E0%B8%AA%E0%B8%AD%E0%B8%87-%E0%B8%AA%E0%B8%B3%E0%B8%AB%E0%B8%A3%E0%B8%B1%E0%B8%9A-%E0%B8%82%E0%B8%B2%E0%B8%A2","https://www.one2car.com/%E0%B8%A3%E0%B8%96-%E0%B8%AA%E0%B8%B3%E0%B8%AB%E0%B8%A3%E0%B8%B1%E0%B8%9A-%E0%B8%82%E0%B8%B2%E0%B8%A2?type=used&page_number=40&page_size=26","2018 BMW X1 2.0 F48 (ปี 16-20) sDrive18d xLine SUV - AT   ...","580,000 บาท","BMW X1 2.0 F48 (ปี 16-20) sDrive18d xLine SUV รถปี 2019 สภาพสวยมาก ไม่เคยชน ...","125 - 130K กม.","กรุงเทพมหานคร","BMW X1","มือสอง","เกียร์อัตโนมัติ"
"1786479419-717","https://www.one2car.com/%E0%B8%A3%E0%B8%96%E0%B8%A1%E0%B8%B7%E0%B8%AD%E0%B8%AA%E0%B8%AD%E0%B8%87-%E0%B8%AA%E0%B8%B3%E0%B8%AB%E0%B8%A3%E0%B8%B1%E0%B8%9A-%E0%B8%82%E0%B8%B2%E0%B8%A2","https://www.one2car.com/%E0%B8%A3%E0%B8%96-%E0%B8%AA%E0%B8%B3%E0%B8%AB%E0%B8%A3%E0%B8%B1%E0%B8%9A-%E0%B8%82%E0%B8%B2%E0%B8%A2?type=used&page_number=40&page_size=26","2022 Mazda 2 1.3 (ปี 15-25) C Sedan","379,000 บาท","ปี 2022 Mazda 2 1.3 C Sedan รถสวย อุปกรณ์ครบ คู่มือ กุญแจสำรอง ราคา 379,000 บาท ...","55 - 60K กม.","กรุงเทพมหานคร","Mazda 2","มือสอง","เกียร์อัตโนมัติ"
"1786479419-718","https://www.one2car.com/%E0%B8%A3%E0%B8%96%E0%B8%A1%E0%B8%B7%E0%B8%AD%E0%B8%AA%E0%B8%AD%E0%B8%87-%E0%B8%AA%E0%B8%B3%E0%B8%AB%E0%B8%A3%E0%B8%B1%E0%B8%9A-%E0%B8%82%E0%B8%B2%E0%B8%A2","https://www.one2car.com/%E0%B8%A3%E0%B8%96-%E0%B8%AA%E0%B8%B3%E0%B8%AB%E0%B8%A3%E0%B8%B1%E0%B8%9A-%E0%B8%82%E0%B8%B2%E0%B8%A2?type=used&page_number=40&page_size=26","1997 Jeep CHEROKEE 4.0 (ปี 94-03) Limited SUV - 4WD AT","180,000 บาท","ขายรถ..JEEP Cherokee XJ 4.0 ปี 1997 ติดตั้งแก๊สเรียบร้อย รถแต่งยกสูง ของแต่ง กันชนหน้า ...","330 - 335K กม.","กรุงเทพมหานคร","","มือสอง","เกียร์อัตโนมัติ"
"1786479419-719","https://www.one2car.com/%E0%B8%A3%E0%B8%96%E0%B8%A1%E0%B8%B7%E0%B8%AD%E0%B8%AA%E0%B8%AD%E0%B8%87-%E0%B8%AA%E0%B8%B3%E0%B8%AB%E0%B8%A3%E0%B8%B1%E0%B8%9A-%E0%B8%82%E0%B8%B2%E0%B8%A2","https://www.one2car.com/%E0%B8%A3%E0%B8%96-%E0%B8%AA%E0%B8%B3%E0%B8%AB%E0%B8%A3%E0%B8%B1%E0%B8%9A-%E0%B8%82%E0%B8%B2%E0%B8%A2?type=used&page_number=40&page_size=26","2022 Audi A8 3.0 (ปี 18-24) L 55 TFSI Quattro Premium Seda...","2,395,000 บาท","สภาพยอดเยี่ยม เลขไมล์ต่ำ เพิ่งทำการเช็คสภาพรถ มีประวัติการเข้าศูนย์บริการ ...","65 - 70K กม.","กรุงเทพมหานคร","","มือสอง","เกียร์อัตโนมัติ"
"1786479419-720","https://www.one2car.com/%E0%B8%A3%E0%B8%96%E0%B8%A1%E0%B8%B7%E0%B8%AD%E0%B8%AA%E0%B8%AD%E0%B8%87-%E0%B8%AA%E0%B8%B3%E0%B8%AB%E0%B8%A3%E0%B8%B1%E0%B8%9A-%E0%B8%82%E0%B8%B2%E0%B8%A2","https://www.one2car.com/%E0%B8%A3%E0%B8%96-%E0%B8%AA%E0%B8%B3%E0%B8%AB%E0%B8%A3%E0%B8%B1%E0%B8%9A-%E0%B8%82%E0%B8%B2%E0%B8%A2?type=used&page_number=40&page_size=26","2022 Mazda 3 2.0 (ปี 19-25) SP Sedan","575,000 บาท","ขาย Mazda 3 2.0 SP (TOP) SUNROOF Sedan ปี 2022 สภาพดี หาคนดูแลต่อครับ ————— ❤️รถบ้าน ...","105 - 110K กม.","นนทบุรี","Mazda 3","มือสอง","เกียร์อัตโนมัติ"
"1786479419-721","https://www.one2car.com/%E0%B8%A3%E0%B8%96%E0%B8%A1%E0%B8%B7%E0%B8%AD%E0%B8%AA%E0%B8%AD%E0%B8%87-%E0%B8%AA%E0%B8%B3%E0%B8%AB%E0%B8%A3%E0%B8%B1%E0%B8%9A-%E0%B8%82%E0%B8%B2%E0%B8%A2","https://www.one2car.com/%E0%B8%A3%E0%B8%96-%E0%B8%AA%E0%B8%B3%E0%B8%AB%E0%B8%A3%E0%B8%B1%E0%B8%9A-%E0%B8%82%E0%B8%B2%E0%B8%A2?type=used&page_number=40&page_size=26","2019 Mitsubishi Xpander 1.5 (ปี 18-22) GT Wagon - AT","400,000 บาท","รถสภาพดีขับคนเดียวเข้าศูนย์ตลอด","115 - 120K กม.","นครปฐม","Mitsubishi Xpander","มือสอง","เกียร์อัตโนมัติ"
"1786479419-722","https://www.one2car.com/%E0%B8%A3%E0%B8%96%E0%B8%A1%E0%B8%B7%E0%B8%AD%E0%B8%AA%E0%B8%AD%E0%B8%87-%E0%B8%AA%E0%B8%B3%E0%B8%AB%E0%B8%A3%E0%B8%B1%E0%B8%9A-%E0%B8%82%E0%B8%B2%E0%B8%A2","https://www.one2car.com/%E0%B8%A3%E0%B8%96-%E0%B8%AA%E0%B8%B3%E0%B8%AB%E0%B8%A3%E0%B8%B1%E0%B8%9A-%E0%B8%82%E0%B8%B2%E0%B8%A2?type=used&page_number=40&page_size=26","2020 Honda City 1.0 (ปี 20-26) S+ Hatchback - ( 19-24) SV ...","379,000 บาท","เล่มพร้อมโอน เจ้าของขายเอง ชื่อลำดับที่ 1 ทะเบียนสลับออก ประกันภัยชั้น 1 ซ่อมอู่ AXA ...","35 - 40K กม.","กรุงเทพมหานคร","Honda City","มือสอง","เกียร์อัตโนมัติ"
"1786479419-723","https://www.one2car.com/%E0%B8%A3%E0%B8%96%E0%B8%A1%E0%B8%B7%E0%B8%AD%E0%B8%AA%E0%B8%AD%E0%B8%87-%E0%B8%AA%E0%B8%B3%E0%B8%AB%E0%B8%A3%E0%B8%B1%E0%B8%9A-%E0%B8%82%E0%B8%B2%E0%B8%A2","https://www.one2car.com/%E0%B8%A3%E0%B8%96-%E0%B8%AA%E0%B8%B3%E0%B8%AB%E0%B8%A3%E0%B8%B1%E0%B8%9A-%E0%B8%82%E0%B8%B2%E0%B8%A2?type=used&page_number=40&page_size=26","2012 Toyota VIOS 1.5 (ปี 07-13) E Sedan - AT","139,000 บาท","Toyota Vios ปี 2012 1.5E เกียร์ออโต้ สีเทา ไมล์แท้ 150,000 รถมือเดียว วิ่งน้อย ...","145 - 150K กม.","กรุงเทพมหานคร","Toyota VIOS","มือสอง","เกียร์อัตโนมัติ"
"1786479419-724","https://www.one2car.com/%E0%B8%A3%E0%B8%96%E0%B8%A1%E0%B8%B7%E0%B8%AD%E0%B8%AA%E0%B8%AD%E0%B8%87-%E0%B8%AA%E0%B8%B3%E0%B8%AB%E0%B8%A3%E0%B8%B1%E0%B8%9A-%E0%B8%82%E0%B8%B2%E0%B8%A2","https://www.one2car.com/%E0%B8%A3%E0%B8%96-%E0%B8%AA%E0%B8%B3%E0%B8%AB%E0%B8%A3%E0%B8%B1%E0%B8%9A-%E0%B8%82%E0%B8%B2%E0%B8%A2?type=used&page_number=40&page_size=26","2004 Honda CIVIC 1.7 Dimension (ปี 00-04) E Sedan - AT","115,000 บาท","รถเดิม สภาพดีมาก ไม่เคยติดแก๊ส มีประกัน 2+ หมดปี 70 / ยางใหม่ 4 เส้น (ใช้งานไม่ถึง 1 ...","240 - 245K กม.","ชลบุรี","Honda CIVIC","มือสอง","เกียร์อัตโนมัติ"
"1786479419-725","https://www.one2car.com/%E0%B8%A3%E0%B8%96%E0%B8%A1%E0%B8%B7%E0%B8%AD%E0%B8%AA%E0%B8%AD%E0%B8%87-%E0%B8%AA%E0%B8%B3%E0%B8%AB%E0%B8%A3%E0%B8%B1%E0%B8%9A-%E0%B8%82%E0%B8%B2%E0%B8%A2","https://www.one2car.com/%E0%B8%A3%E0%B8%96-%E0%B8%AA%E0%B8%B3%E0%B8%AB%E0%B8%A3%E0%B8%B1%E0%B8%9A-%E0%B8%82%E0%B8%B2%E0%B8%A2?type=used&page_number=40&page_size=26","2009 Honda JAZZ 1.5 (ปี 08-14) S Hatchback - AT","175,000 บาท","รถสวย ไมล์น้อย(แท้ๆ) ขับดี ยางใหม่ เบรคใหม่ หัวเทียนใหม่ พร้อมใช้งาน จอ android ...","110 - 115K กม.","ชลบุรี","Honda JAZZ","มือสอง","เกียร์อัตโนมัติ"
"1786479419-726","https://www.one2car.com/%E0%B8%A3%E0%B8%96%E0%B8%A1%E0%B8%B7%E0%B8%AD%E0%B8%AA%E0%B8%AD%E0%B8%87-%E0%B8%AA%E0%B8%B3%E0%B8%AB%E0%B8%A3%E0%B8%B1%E0%B8%9A-%E0%B8%82%E0%B8%B2%E0%B8%A2","https://www.one2car.com/%E0%B8%A3%E0%B8%96-%E0%B8%AA%E0%B8%B3%E0%B8%AB%E0%B8%A3%E0%B8%B1%E0%B8%9A-%E0%B8%82%E0%B8%B2%E0%B8%A2?type=used&page_number=40&page_size=26","2023 Porsche Taycan (ปี 20-26) 4S Cross Turismo Wagon - 0 ...","4,150,000 บาท","AAS Taycan Warranty till 10/27, No accident Excellent Condition","35 - 40K กม.","ภูเก็ต","","มือสอง","เกียร์อัตโนมัติ"
"1786479419-727","https://www.one2car.com/%E0%B8%A3%E0%B8%96%E0%B8%A1%E0%B8%B7%E0%B8%AD%E0%B8%AA%E0%B8%AD%E0%B8%87-%E0%B8%AA%E0%B8%B3%E0%B8%AB%E0%B8%A3%E0%B8%B1%E0%B8%9A-%E0%B8%82%E0%B8%B2%E0%B8%A2","https://www.one2car.com/%E0%B8%A3%E0%B8%96-%E0%B8%AA%E0%B8%B3%E0%B8%AB%E0%B8%A3%E0%B8%B1%E0%B8%9A-%E0%B8%82%E0%B8%B2%E0%B8%A2?type=used&page_number=40&page_size=26","2022 Isuzu D-MAX 3.0 Space Cab (ปี 19-26) Vcross Z Pickup ...","619,000 บาท","ISUZU D-MAX 3.0 V-CROSS Z 4WD ปี2565 สีดำ . 💥ราคา 619,000 บาท 💥 ฟรีดาวน์ ไม่ใช้คนค้ำ✅ ...","80 - 85K กม.","เชียงใหม่","Isuzu D-MAX","มือสอง","เกียร์ธรรมดา"
"1786479424-728","https://www.one2car.com/%E0%B8%A3%E0%B8%96%E0%B8%A1%E0%B8%B7%E0%B8%AD%E0%B8%AA%E0%B8%AD%E0%B8%87-%E0%B8%AA%E0%B8%B3%E0%B8%AB%E0%B8%A3%E0%B8%B1%E0%B8%9A-%E0%B8%82%E0%B8%B2%E0%B8%A2","https://www.one2car.com/%E0%B8%A3%E0%B8%96-%E0%B8%AA%E0%B8%B3%E0%B8%AB%E0%B8%A3%E0%B8%B1%E0%B8%9A-%E0%B8%82%E0%B8%B2%E0%B8%A2?type=used&page_number=41&page_size=26","2021 Toyota HILUX REVO 2.4 Smart Cab Z Edition Entry Picku...","419,000 บาท","TOYOTA HILUX REVO 2.4 SMART CAB Z EDITION Entry ปี2564 สีขาว ราคาสุดพิเศษ 419,000 บาท ...","65 - 70K กม.","เชียงใหม่","Toyota HILUX REVO","มือสอง","เกียร์ธรรมดา"
"1786479424-729","https://www.one2car.com/%E0%B8%A3%E0%B8%96%E0%B8%A1%E0%B8%B7%E0%B8%AD%E0%B8%AA%E0%B8%AD%E0%B8%87-%E0%B8%AA%E0%B8%B3%E0%B8%AB%E0%B8%A3%E0%B8%B1%E0%B8%9A-%E0%B8%82%E0%B8%B2%E0%B8%A2","https://www.one2car.com/%E0%B8%A3%E0%B8%96-%E0%B8%AA%E0%B8%B3%E0%B8%AB%E0%B8%A3%E0%B8%B1%E0%B8%9A-%E0%B8%82%E0%B8%B2%E0%B8%A2?type=used&page_number=41&page_size=26","2022 Toyota CAMRY 2.5 (ปี 18-24) Sport Sedan","859,000 บาท","TOYOTA CAMRY 2.5 Sport ปี2565 สีเทา . 💥ราคาสุดพิเศษ 859,000 บาท💥 ฟรีดาวน์ ไม่ใช้คนค้ำ✅ ...","55 - 60K กม.","เชียงใหม่","Toyota CAMRY","มือสอง","เกียร์อัตโนมัติ"
"1786479424-730","https://www.one2car.com/%E0%B8%A3%E0%B8%96%E0%B8%A1%E0%B8%B7%E0%B8%AD%E0%B8%AA%E0%B8%AD%E0%B8%87-%E0%B8%AA%E0%B8%B3%E0%B8%AB%E0%B8%A3%E0%B8%B1%E0%B8%9A-%E0%B8%82%E0%B8%B2%E0%B8%A2","https://www.one2car.com/%E0%B8%A3%E0%B8%96-%E0%B8%AA%E0%B8%B3%E0%B8%AB%E0%B8%A3%E0%B8%B1%E0%B8%9A-%E0%B8%82%E0%B8%B2%E0%B8%A2?type=used&page_number=41&page_size=26","2022 Toyota ALPHARD 2.5 (ปี 15-23) S C-Package Van","2,390,000 บาท","TOYOTA ALPHARD 2.5 SC PACKAGE ปี2565 สีดำ . 💥ราคาสุดพิเศษ 2,450,000 บาท💥 ฟรีดาวน์ ...","35 - 40K กม.","เชียงใหม่","Toyota ALPHARD","มือสอง","เกียร์อัตโนมัติ"
"1786479424-731","https://www.one2car.com/%E0%B8%A3%E0%B8%96%E0%B8%A1%E0%B8%B7%E0%B8%AD%E0%B8%AA%E0%B8%AD%E0%B8%87-%E0%B8%AA%E0%B8%B3%E0%B8%AB%E0%B8%A3%E0%B8%B1%E0%B8%9A-%E0%B8%82%E0%B8%B2%E0%B8%A2","https://www.one2car.com/%E0%B8%A3%E0%B8%96-%E0%B8%AA%E0%B8%B3%E0%B8%AB%E0%B8%A3%E0%B8%B1%E0%B8%9A-%E0%B8%82%E0%B8%B2%E0%B8%A2?type=used&page_number=41&page_size=26","2016 Honda CIVIC 1.5 FC (ปี 16-20) Turbo RS Sedan","609,000 บาท","HONDA CIVIC FC 1.5 RS ปี2559 สีขาว ราคาสุดพิเศษ 609,000 บาท ฟรีดาวน์ ไม่ใช้คนค้ำ✅ ...","85 - 90K กม.","เชียงใหม่","Honda CIVIC","มือสอง","เกียร์อัตโนมัติ"
"1786479424-732","https://www.one2car.com/%E0%B8%A3%E0%B8%96%E0%B8%A1%E0%B8%B7%E0%B8%AD%E0%B8%AA%E0%B8%AD%E0%B8%87-%E0%B8%AA%E0%B8%B3%E0%B8%AB%E0%B8%A3%E0%B8%B1%E0%B8%9A-%E0%B8%82%E0%B8%B2%E0%B8%A2","https://www.one2car.com/%E0%B8%A3%E0%B8%96-%E0%B8%AA%E0%B8%B3%E0%B8%AB%E0%B8%A3%E0%B8%B1%E0%B8%9A-%E0%B8%82%E0%B8%B2%E0%B8%A2?type=used&page_number=41&page_size=26","2017 Toyota YARIS 1.2 (ปี 17-25) J Hatchback","269,000 บาท","🚗🎀TOYOTA YARIS 1.2 J HATCHBACK A/T ปี 2017🚗🎀 📌ราคาพิเศษวันนี้ 269,000 บาท ...","135 - 140K กม.","กรุงเทพมหานคร","Toyota YARIS","มือสอง","เกียร์อัตโนมัติ"
"1786479424-733","https://www.one2car.com/%E0%B8%A3%E0%B8%96%E0%B8%A1%E0%B8%B7%E0%B8%AD%E0%B8%AA%E0%B8%AD%E0%B8%87-%E0%B8%AA%E0%B8%B3%E0%B8%AB%E0%B8%A3%E0%B8%B1%E0%B8%9A-%E0%B8%82%E0%B8%B2%E0%B8%A2","https://www.one2car.com/%E0%B8%A3%E0%B8%96-%E0%B8%AA%E0%B8%B3%E0%B8%AB%E0%B8%A3%E0%B8%B1%E0%B8%9A-%E0%B8%82%E0%B8%B2%E0%B8%A2?type=used&page_number=41&page_size=26","2010 Nissan Frontier Navara 2.5 King Cab SE Pickup - MT   ...","179,000 บาท","สภาพยอดเยี่ยม เลขไมล์ต่ำ ไม่มีการเกิดอุบัติเหตุ","120274 กม.","ชลบุรี","Nissan Frontier Navara","มือสอง","เกียร์ธรรมดา"
"1786479424-734","https://www.one2car.com/%E0%B8%A3%E0%B8%96%E0%B8%A1%E0%B8%B7%E0%B8%AD%E0%B8%AA%E0%B8%AD%E0%B8%87-%E0%B8%AA%E0%B8%B3%E0%B8%AB%E0%B8%A3%E0%B8%B1%E0%B8%9A-%E0%B8%82%E0%B8%B2%E0%B8%A2","https://www.one2car.com/%E0%B8%A3%E0%B8%96-%E0%B8%AA%E0%B8%B3%E0%B8%AB%E0%B8%A3%E0%B8%B1%E0%B8%9A-%E0%B8%82%E0%B8%B2%E0%B8%A2?type=used&page_number=41&page_size=26","2018 Mercedes-Benz CLA250 2.0 W117 (ปี 13-18) AMG Sport Co...","730,000 บาท","Mercedes-Benz CLA 250 รุ่นปี2018 จดทะเบียนปี2019 รถบ้านเจ้าของขายเอง ...","125 - 130K กม.","เชียงใหม่","Mercedes-Benz CLA250","มือสอง","เกียร์อัตโนมัติ"
"1786479424-735","https://www.one2car.com/%E0%B8%A3%E0%B8%96%E0%B8%A1%E0%B8%B7%E0%B8%AD%E0%B8%AA%E0%B8%AD%E0%B8%87-%E0%B8%AA%E0%B8%B3%E0%B8%AB%E0%B8%A3%E0%B8%B1%E0%B8%9A-%E0%B8%82%E0%B8%B2%E0%B8%A2","https://www.one2car.com/%E0%B8%A3%E0%B8%96-%E0%B8%AA%E0%B8%B3%E0%B8%AB%E0%B8%A3%E0%B8%B1%E0%B8%9A-%E0%B8%82%E0%B8%B2%E0%B8%A2?type=used&page_number=41&page_size=26","2016 Toyota CAMRY 2.0 (ปี 12-18) G Extremo Sedan","459,000 บาท","🎀TOYOTA CAMRY 2.0G EXTREMO A/T ปี 2016🎀 😱🎀ราคาวันนี้ 459,000​ บาท 🎀😱 🌟เครดิตดีฟรีดาวน์ ...","120 - 125K กม.","กรุงเทพมหานคร","Toyota CAMRY","มือสอง","เกียร์อัตโนมัติ"
"1786479424-736","https://www.one2car.com/%E0%B8%A3%E0%B8%96%E0%B8%A1%E0%B8%B7%E0%B8%AD%E0%B8%AA%E0%B8%AD%E0%B8%87-%E0%B8%AA%E0%B8%B3%E0%B8%AB%E0%B8%A3%E0%B8%B1%E0%B8%9A-%E0%B8%82%E0%B8%B2%E0%B8%A2","https://www.one2car.com/%E0%B8%A3%E0%B8%96-%E0%B8%AA%E0%B8%B3%E0%B8%AB%E0%B8%A3%E0%B8%B1%E0%B8%9A-%E0%B8%82%E0%B8%B2%E0%B8%A2?type=used&page_number=41&page_size=26","2018 Honda JAZZ 1.5 (ปี 14-22) V+ Hatchback - V","439,000 บาท","ขาย Honda Jazz 1.5 V+ ปี 2018 🚗✨ รถบ้านแท้ มือเดียว ไมล์ 90,000 กม. ประวัติเซอร์วิสครบ ...","90 - 95K กม.","กรุงเทพมหานคร","Honda JAZZ","มือสอง","เกียร์อัตโนมัติ"
"1786479424-737","https://www.one2car.com/%E0%B8%A3%E0%B8%96%E0%B8%A1%E0%B8%B7%E0%B8%AD%E0%B8%AA%E0%B8%AD%E0%B8%87-%E0%B8%AA%E0%B8%B3%E0%B8%AB%E0%B8%A3%E0%B8%B1%E0%B8%9A-%E0%B8%82%E0%B8%B2%E0%B8%A2","https://www.one2car.com/%E0%B8%A3%E0%B8%96-%E0%B8%AA%E0%B8%B3%E0%B8%AB%E0%B8%A3%E0%B8%B1%E0%B8%9A-%E0%B8%82%E0%B8%B2%E0%B8%A2?type=used&page_number=41&page_size=26","2019 Mazda CX-5 2.0 (ปี 17-26) S SUV","499,000 บาท","2019 Mazda CX-5 2.0 S SUV ราคา 499,000 บาท ✅ผ่อนเริ่มต้น 9,xxx / เดือน ผ่อนนานสูงสุด 84 ...","120 - 125K กม.","กรุงเทพมหานคร","Mazda CX-5","มือสอง","เกียร์อัตโนมัติ"
"1786479424-738","https://www.one2car.com/%E0%B8%A3%E0%B8%96%E0%B8%A1%E0%B8%B7%E0%B8%AD%E0%B8%AA%E0%B8%AD%E0%B8%87-%E0%B8%AA%E0%B8%B3%E0%B8%AB%E0%B8%A3%E0%B8%B1%E0%B8%9A-%E0%B8%82%E0%B8%B2%E0%B8%A2","https://www.one2car.com/%E0%B8%A3%E0%B8%96-%E0%B8%AA%E0%B8%B3%E0%B8%AB%E0%B8%A3%E0%B8%B1%E0%B8%9A-%E0%B8%82%E0%B8%B2%E0%B8%A2?type=used&page_number=41&page_size=26","2024 Honda City 1.0 (ปี 20-26) RS Hatchback","549,000 บาท","Excellent Condition Low Mileage Accident Free Excellent Service Record Tire in Good ...","30 - 35K กม.","นครศรีธรรมราช","Honda City","มือสอง","เกียร์อัตโนมัติ"
"1786479424-739","https://www.one2car.com/%E0%B8%A3%E0%B8%96%E0%B8%A1%E0%B8%B7%E0%B8%AD%E0%B8%AA%E0%B8%AD%E0%B8%87-%E0%B8%AA%E0%B8%B3%E0%B8%AB%E0%B8%A3%E0%B8%B1%E0%B8%9A-%E0%B8%82%E0%B8%B2%E0%B8%A2","https://www.one2car.com/%E0%B8%A3%E0%B8%96-%E0%B8%AA%E0%B8%B3%E0%B8%AB%E0%B8%A3%E0%B8%B1%E0%B8%9A-%E0%B8%82%E0%B8%B2%E0%B8%A2?type=used&page_number=41&page_size=26","2017 BMW X1 1.5 F48 (ปี 16-20) sDrive18i xLine SUV - AT   ...","610,000 บาท","เจ้าของขายเอง 2017 BMW x1 1.5 f48 ( 2017 ) sdrive18i xline suv Bought and Service at: ...","35 - 40K กม.","กรุงเทพมหานคร","BMW X1","มือสอง","เกียร์อัตโนมัติ"
"1786479424-740","https://www.one2car.com/%E0%B8%A3%E0%B8%96%E0%B8%A1%E0%B8%B7%E0%B8%AD%E0%B8%AA%E0%B8%AD%E0%B8%87-%E0%B8%AA%E0%B8%B3%E0%B8%AB%E0%B8%A3%E0%B8%B1%E0%B8%9A-%E0%B8%82%E0%B8%B2%E0%B8%A2","https://www.one2car.com/%E0%B8%A3%E0%B8%96-%E0%B8%AA%E0%B8%B3%E0%B8%AB%E0%B8%A3%E0%B8%B1%E0%B8%9A-%E0%B8%82%E0%B8%B2%E0%B8%A2?type=used&page_number=41&page_size=26","2018 Honda CR-V 1.6 (ปี 17-21) DT EL SUV - AWD AT","459,000 บาท","🔥🔥🔥ราคาเพียง 459,000 บาท🔥🔥🔥 Honda CRV 1.6EL 4WD สีเทา ปี 2018 จด 2019 เครื่องยนต์ดีเซล ...","170 - 175K กม.","กรุงเทพมหานคร","Honda CR-V","มือสอง","เกียร์อัตโนมัติ"
"1786479424-741","https://www.one2car.com/%E0%B8%A3%E0%B8%96%E0%B8%A1%E0%B8%B7%E0%B8%AD%E0%B8%AA%E0%B8%AD%E0%B8%87-%E0%B8%AA%E0%B8%B3%E0%B8%AB%E0%B8%A3%E0%B8%B1%E0%B8%9A-%E0%B8%82%E0%B8%B2%E0%B8%A2","https://www.one2car.com/%E0%B8%A3%E0%B8%96-%E0%B8%AA%E0%B8%B3%E0%B8%AB%E0%B8%A3%E0%B8%B1%E0%B8%9A-%E0%B8%82%E0%B8%B2%E0%B8%A2?type=used&page_number=41&page_size=26","2019 Toyota HIACE 3.0 Commuter (ปี 05-19) D4D Van","660,000 บาท","สภาพยอดเยี่ยม เลขไมล์ต่ำ เพิ่งทำการเช็คสภาพรถ มีประวัติการเข้าศูนย์บริการ ...","105 - 110K กม.","กรุงเทพมหานคร","Toyota HIACE","มือสอง","เกียร์อัตโนมัติ"
"1786479424-742","https://www.one2car.com/%E0%B8%A3%E0%B8%96%E0%B8%A1%E0%B8%B7%E0%B8%AD%E0%B8%AA%E0%B8%AD%E0%B8%87-%E0%B8%AA%E0%B8%B3%E0%B8%AB%E0%B8%A3%E0%B8%B1%E0%B8%9A-%E0%B8%82%E0%B8%B2%E0%B8%A2","https://www.one2car.com/%E0%B8%A3%E0%B8%96-%E0%B8%AA%E0%B8%B3%E0%B8%AB%E0%B8%A3%E0%B8%B1%E0%B8%9A-%E0%B8%82%E0%B8%B2%E0%B8%A2?type=used&page_number=41&page_size=26","2021 Honda CIVIC 1.5 FK (ปี 17-21) Turbo RS Hatchback","749,000 บาท","🎉รถสวยบอดี้เดิม 🎉ไมล์เดิมไมล์แท้ 🎉ภายในสะอาด 🎉เบาะหนังแท้ คู่หน้าปรับไฟฟ้า 🎉ระบบPush ...","70291 กม.","กรุงเทพมหานคร","Honda CIVIC","มือสอง","เกียร์อัตโนมัติ"
"1786479424-743","https://www.one2car.com/%E0%B8%A3%E0%B8%96%E0%B8%A1%E0%B8%B7%E0%B8%AD%E0%B8%AA%E0%B8%AD%E0%B8%87-%E0%B8%AA%E0%B8%B3%E0%B8%AB%E0%B8%A3%E0%B8%B1%E0%B8%9A-%E0%B8%82%E0%B8%B2%E0%B8%A2","https://www.one2car.com/%E0%B8%A3%E0%B8%96-%E0%B8%AA%E0%B8%B3%E0%B8%AB%E0%B8%A3%E0%B8%B1%E0%B8%9A-%E0%B8%82%E0%B8%B2%E0%B8%A2?type=used&page_number=41&page_size=26","2003 Nissan Frontier 3.0 King Cab ZDi Pickup","79,000 บาท","สภาพยอดเยี่ยม เพิ่งทำการเช็คสภาพรถ สภาพยางยังดีอยู่ ขายรถนิสสัน frontier (เครื่องTOYOTA ...","215 - 220K กม.","กรุงเทพมหานคร","Nissan Frontier","มือสอง","เกียร์ธรรมดา"
"1786479424-744","https://www.one2car.com/%E0%B8%A3%E0%B8%96%E0%B8%A1%E0%B8%B7%E0%B8%AD%E0%B8%AA%E0%B8%AD%E0%B8%87-%E0%B8%AA%E0%B8%B3%E0%B8%AB%E0%B8%A3%E0%B8%B1%E0%B8%9A-%E0%B8%82%E0%B8%B2%E0%B8%A2","https://www.one2car.com/%E0%B8%A3%E0%B8%96-%E0%B8%AA%E0%B8%B3%E0%B8%AB%E0%B8%A3%E0%B8%B1%E0%B8%9A-%E0%B8%82%E0%B8%B2%E0%B8%A2?type=used&page_number=41&page_size=26","2001 Mercedes-Benz E240 2.6 W210 (ปี 95-03) Avantgarde Sed...","139,000 บาท","สนใจติดต่อ ****","170 - 175K กม.","กรุงเทพมหานคร","Mercedes-Benz E240","มือสอง","เกียร์อัตโนมัติ"
"1786479424-745","https://www.one2car.com/%E0%B8%A3%E0%B8%96%E0%B8%A1%E0%B8%B7%E0%B8%AD%E0%B8%AA%E0%B8%AD%E0%B8%87-%E0%B8%AA%E0%B8%B3%E0%B8%AB%E0%B8%A3%E0%B8%B1%E0%B8%9A-%E0%B8%82%E0%B8%B2%E0%B8%A2","https://www.one2car.com/%E0%B8%A3%E0%B8%96-%E0%B8%AA%E0%B8%B3%E0%B8%AB%E0%B8%A3%E0%B8%B1%E0%B8%9A-%E0%B8%82%E0%B8%B2%E0%B8%A2?type=used&page_number=41&page_size=26","2019 Toyota CAMRY 2.5 (ปี 18-24) G Sedan","740,000 บาท","Toyota Camry 2.5G เบนซิน ปี2019 จด 2020 เจ้าของขายเอง สภาพดี ขับคนเดียว ไม่เคยชนหนัก ...","73500 กม.","นนทบุรี","Toyota CAMRY","มือสอง","เกียร์อัตโนมัติ"
"1786479424-746","https://www.one2car.com/%E0%B8%A3%E0%B8%96%E0%B8%A1%E0%B8%B7%E0%B8%AD%E0%B8%AA%E0%B8%AD%E0%B8%87-%E0%B8%AA%E0%B8%B3%E0%B8%AB%E0%B8%A3%E0%B8%B1%E0%B8%9A-%E0%B8%82%E0%B8%B2%E0%B8%A2","https://www.one2car.com/%E0%B8%A3%E0%B8%96-%E0%B8%AA%E0%B8%B3%E0%B8%AB%E0%B8%A3%E0%B8%B1%E0%B8%9A-%E0%B8%82%E0%B8%B2%E0%B8%A2?type=used&page_number=41&page_size=26","2015 Mini Countryman 2.0 R60 Cooper SD ALL4 Hatchback - 4W...","459,000 บาท","🔥 459,000.- เท่านั้น! MINI Countryman Cooper SD ALL4 AWD รุ่นท็อป ดีเซล 🔥 💥 หายากมาก! ...","145 - 150K กม.","กรุงเทพมหานคร","","มือสอง","เกียร์อัตโนมัติ"
"1786479424-747","https://www.one2car.com/%E0%B8%A3%E0%B8%96%E0%B8%A1%E0%B8%B7%E0%B8%AD%E0%B8%AA%E0%B8%AD%E0%B8%87-%E0%B8%AA%E0%B8%B3%E0%B8%AB%E0%B8%A3%E0%B8%B1%E0%B8%9A-%E0%B8%82%E0%B8%B2%E0%B8%A2","https://www.one2car.com/%E0%B8%A3%E0%B8%96-%E0%B8%AA%E0%B8%B3%E0%B8%AB%E0%B8%A3%E0%B8%B1%E0%B8%9A-%E0%B8%82%E0%B8%B2%E0%B8%A2?type=used&page_number=41&page_size=26","2021 Haval H6 1.5 (ปี 21-27) Pro SUV - AT","499,000 บาท","Accident Free","190 - 195K กม.","กรุงเทพมหานคร","","มือสอง","เกียร์อัตโนมัติ"
"1786479424-748","https://www.one2car.com/%E0%B8%A3%E0%B8%96%E0%B8%A1%E0%B8%B7%E0%B8%AD%E0%B8%AA%E0%B8%AD%E0%B8%87-%E0%B8%AA%E0%B8%B3%E0%B8%AB%E0%B8%A3%E0%B8%B1%E0%B8%9A-%E0%B8%82%E0%B8%B2%E0%B8%A2","https://www.one2car.com/%E0%B8%A3%E0%B8%96-%E0%B8%AA%E0%B8%B3%E0%B8%AB%E0%B8%A3%E0%B8%B1%E0%B8%9A-%E0%B8%82%E0%B8%B2%E0%B8%A2?type=used&page_number=41&page_size=26","2009 Toyota ALPHARD 3.5 (ปี 08-14) Q Van","579,000 บาท","รถจดทะเบียนชื่อบริษัท ต้องการขายเนื่องจากกรรมการ ไม่ได้ใช้งานแล้ว สามารถนัดูรถ (จ-ศ เวลา ...","292944 กม.","กรุงเทพมหานคร","Toyota ALPHARD","มือสอง","เกียร์อัตโนมัติ"
"1786479424-749","https://www.one2car.com/%E0%B8%A3%E0%B8%96%E0%B8%A1%E0%B8%B7%E0%B8%AD%E0%B8%AA%E0%B8%AD%E0%B8%87-%E0%B8%AA%E0%B8%B3%E0%B8%AB%E0%B8%A3%E0%B8%B1%E0%B8%9A-%E0%B8%82%E0%B8%B2%E0%B8%A2","https://www.one2car.com/%E0%B8%A3%E0%B8%96-%E0%B8%AA%E0%B8%B3%E0%B8%AB%E0%B8%A3%E0%B8%B1%E0%B8%9A-%E0%B8%82%E0%B8%B2%E0%B8%A2?type=used&page_number=41&page_size=26","2020 Mitsubishi PAJERO SPORT 2.4 (ปี 19-25) GT Premium SUV...","739,000 บาท","ผ่านการรับรองตรวจสภาพ ที่ได้มาตรฐาน และการยอมรับ กว่า 344 จุด รับประกันศูนย์สูงสุด 5 ปี ...","65 - 70K กม.","ปทุมธานี","Mitsubishi PAJERO SPORT","มือสอง","เกียร์อัตโนมัติ"
"1786479424-750","https://www.one2car.com/%E0%B8%A3%E0%B8%96%E0%B8%A1%E0%B8%B7%E0%B8%AD%E0%B8%AA%E0%B8%AD%E0%B8%87-%E0%B8%AA%E0%B8%B3%E0%B8%AB%E0%B8%A3%E0%B8%B1%E0%B8%9A-%E0%B8%82%E0%B8%B2%E0%B8%A2","https://www.one2car.com/%E0%B8%A3%E0%B8%96-%E0%B8%AA%E0%B8%B3%E0%B8%AB%E0%B8%A3%E0%B8%B1%E0%B8%9A-%E0%B8%82%E0%B8%B2%E0%B8%A2?type=used&page_number=41&page_size=26","2020 Mitsubishi PAJERO SPORT 2.4 (ปี 19-25) GT Premium SUV...","739,000 บาท","ผ่านการรับรองตรวจสภาพ ที่ได้มาตรฐาน และการยอมรับ กว่า 344 จุด รับประกันศูนย์สูงสุด 5 ปี ...","105 - 110K กม.","ปทุมธานี","Mitsubishi PAJERO SPORT","มือสอง","เกียร์อัตโนมัติ"
"1786479424-751","https://www.one2car.com/%E0%B8%A3%E0%B8%96%E0%B8%A1%E0%B8%B7%E0%B8%AD%E0%B8%AA%E0%B8%AD%E0%B8%87-%E0%B8%AA%E0%B8%B3%E0%B8%AB%E0%B8%A3%E0%B8%B1%E0%B8%9A-%E0%B8%82%E0%B8%B2%E0%B8%A2","https://www.one2car.com/%E0%B8%A3%E0%B8%96-%E0%B8%AA%E0%B8%B3%E0%B8%AB%E0%B8%A3%E0%B8%B1%E0%B8%9A-%E0%B8%82%E0%B8%B2%E0%B8%A2?type=used&page_number=41&page_size=26","2012 Chevrolet COLORADO 2.5 Flex Cab (ปี 11-20) LT Pickup ...","159,000 บาท","CHEVROLET Colorado 2.5 LT Cab 2012 เครื่องเสียงชุดใหญ่ เครื่องเสียงชุดใหญ่สายบันเทิงไม่ควร ...","250 - 255K กม.","กรุงเทพมหานคร","Chevrolet COLORADO","มือสอง","เกียร์ธรรมดา"
"1786479424-752","https://www.one2car.com/%E0%B8%A3%E0%B8%96%E0%B8%A1%E0%B8%B7%E0%B8%AD%E0%B8%AA%E0%B8%AD%E0%B8%87-%E0%B8%AA%E0%B8%B3%E0%B8%AB%E0%B8%A3%E0%B8%B1%E0%B8%9A-%E0%B8%82%E0%B8%B2%E0%B8%A2","https://www.one2car.com/%E0%B8%A3%E0%B8%96-%E0%B8%AA%E0%B8%B3%E0%B8%AB%E0%B8%A3%E0%B8%B1%E0%B8%9A-%E0%B8%82%E0%B8%B2%E0%B8%A2?type=used&page_number=41&page_size=26","2019 Honda CIVIC 1.5 FC (ปี 16-20) Turbo Sedan","529,000 บาท","🔥🔥 แรร์ไอเทมตัวจริง! CIVIC FC TURBO มือเดียวป้ายทะเบียนสลับคืน 🔥🔥 📌 CIVIC FC 1.5 TURBO ปี ...","155 - 160K กม.","กรุงเทพมหานคร","Honda CIVIC","มือสอง","เกียร์อัตโนมัติ"
"1786479428-753","https://www.one2car.com/%E0%B8%A3%E0%B8%96%E0%B8%A1%E0%B8%B7%E0%B8%AD%E0%B8%AA%E0%B8%AD%E0%B8%87-%E0%B8%AA%E0%B8%B3%E0%B8%AB%E0%B8%A3%E0%B8%B1%E0%B8%9A-%E0%B8%82%E0%B8%B2%E0%B8%A2","https://www.one2car.com/%E0%B8%A3%E0%B8%96-%E0%B8%AA%E0%B8%B3%E0%B8%AB%E0%B8%A3%E0%B8%B1%E0%B8%9A-%E0%B8%82%E0%B8%B2%E0%B8%A2?type=used&page_number=42&page_size=26","2013 Toyota ALPHARD 2.4 (ปี 08-14) V Van - AT","650,000 บาท","ราคาต่อรองได้ สภาพภายนอกยอดเยี่ยม เพิ่งทำการเช็คสภาพรถ มีประวัติการเข้าศูนย์บริการ ...","35 - 40K กม.","กรุงเทพมหานคร","Toyota ALPHARD","มือสอง","เกียร์อัตโนมัติ"
"1786479428-754","https://www.one2car.com/%E0%B8%A3%E0%B8%96%E0%B8%A1%E0%B8%B7%E0%B8%AD%E0%B8%AA%E0%B8%AD%E0%B8%87-%E0%B8%AA%E0%B8%B3%E0%B8%AB%E0%B8%A3%E0%B8%B1%E0%B8%9A-%E0%B8%82%E0%B8%B2%E0%B8%A2","https://www.one2car.com/%E0%B8%A3%E0%B8%96-%E0%B8%AA%E0%B8%B3%E0%B8%AB%E0%B8%A3%E0%B8%B1%E0%B8%9A-%E0%B8%82%E0%B8%B2%E0%B8%A2?type=used&page_number=42&page_size=26","2017 Mazda 2 1.3 (ปี 15-25) Sports Standard Hatchback","269,000 บาท","รถสวย อุปกรณ์ครบ คู่มือ กุญแจสำรอง ราคา 269,000 บาท ✅ผ่อนเริ่มต้น 5,xxx / เดือน ...","85 - 90K กม.","กรุงเทพมหานคร","Mazda 2","มือสอง","เกียร์อัตโนมัติ"
"1786479428-755","https://www.one2car.com/%E0%B8%A3%E0%B8%96%E0%B8%A1%E0%B8%B7%E0%B8%AD%E0%B8%AA%E0%B8%AD%E0%B8%87-%E0%B8%AA%E0%B8%B3%E0%B8%AB%E0%B8%A3%E0%B8%B1%E0%B8%9A-%E0%B8%82%E0%B8%B2%E0%B8%A2","https://www.one2car.com/%E0%B8%A3%E0%B8%96-%E0%B8%AA%E0%B8%B3%E0%B8%AB%E0%B8%A3%E0%B8%B1%E0%B8%9A-%E0%B8%82%E0%B8%B2%E0%B8%A2?type=used&page_number=42&page_size=26","2023 Ford RANGER 2.0 Double Cab (ปี 22-28) Stormtrak Hi-Ri...","969,000 บาท","Ford Ranger Stormtrak 2.0 Bi-Turbo 4WD ปี 2023 (สิงหาคม) ✅ เครื่องยนต์ดีเซล 2.0 Bi-Turbo ...","55 - 60K กม.","ภูเก็ต","Ford RANGER","มือสอง","เกียร์อัตโนมัติ"
"1786479428-756","https://www.one2car.com/%E0%B8%A3%E0%B8%96%E0%B8%A1%E0%B8%B7%E0%B8%AD%E0%B8%AA%E0%B8%AD%E0%B8%87-%E0%B8%AA%E0%B8%B3%E0%B8%AB%E0%B8%A3%E0%B8%B1%E0%B8%9A-%E0%B8%82%E0%B8%B2%E0%B8%A2","https://www.one2car.com/%E0%B8%A3%E0%B8%96-%E0%B8%AA%E0%B8%B3%E0%B8%AB%E0%B8%A3%E0%B8%B1%E0%B8%9A-%E0%B8%82%E0%B8%B2%E0%B8%A2?type=used&page_number=42&page_size=26","2013 Toyota FORTUNER 3.0 (ปี 12-15) TRD Sportivo SUV - 4WD...","650,000 บาท","ขายรถแต่งแล้ว 650,000 บาท Fortuner TRD 2013 ทะเบียน 2กล6143 ผลรวม 23 ดีมาก ยอดเสน่ห์ ...","125 - 130K กม.","กรุงเทพมหานคร","Toyota FORTUNER","มือสอง","เกียร์อัตโนมัติ"
"1786479428-757","https://www.one2car.com/%E0%B8%A3%E0%B8%96%E0%B8%A1%E0%B8%B7%E0%B8%AD%E0%B8%AA%E0%B8%AD%E0%B8%87-%E0%B8%AA%E0%B8%B3%E0%B8%AB%E0%B8%A3%E0%B8%B1%E0%B8%9A-%E0%B8%82%E0%B8%B2%E0%B8%A2","https://www.one2car.com/%E0%B8%A3%E0%B8%96-%E0%B8%AA%E0%B8%B3%E0%B8%AB%E0%B8%A3%E0%B8%B1%E0%B8%9A-%E0%B8%82%E0%B8%B2%E0%B8%A2?type=used&page_number=42&page_size=26","2017 BMW 320d 2.0 F30 (ปี 11-16) M Performance Sedan","789,000 บาท","Bmw Series3 F30 M-sport LCI 320d ปี2017 เป็นตัว M-Performance แท้จากศูนย์ ✨ เลขไมล์เพียง ...","105000 กม.","กรุงเทพมหานคร","BMW 320d","มือสอง","เกียร์อัตโนมัติ"
"1786479428-758","https://www.one2car.com/%E0%B8%A3%E0%B8%96%E0%B8%A1%E0%B8%B7%E0%B8%AD%E0%B8%AA%E0%B8%AD%E0%B8%87-%E0%B8%AA%E0%B8%B3%E0%B8%AB%E0%B8%A3%E0%B8%B1%E0%B8%9A-%E0%B8%82%E0%B8%B2%E0%B8%A2","https://www.one2car.com/%E0%B8%A3%E0%B8%96-%E0%B8%AA%E0%B8%B3%E0%B8%AB%E0%B8%A3%E0%B8%B1%E0%B8%9A-%E0%B8%82%E0%B8%B2%E0%B8%A2?type=used&page_number=42&page_size=26","2015 Isuzu MU-X 3.0 (ปี 13-19) DVD SUV - 4WD","450,000 บาท","2015 Isuzu MU-X · Suv · Driven 250,000 kilometers ISUZU MU-X 3.0 DVD NAVI 4WD ปี 2015 ...","225 - 230K กม.","กรุงเทพมหานคร","Isuzu MU-X","มือสอง","เกียร์อัตโนมัติ"
"1786479428-759","https://www.one2car.com/%E0%B8%A3%E0%B8%96%E0%B8%A1%E0%B8%B7%E0%B8%AD%E0%B8%AA%E0%B8%AD%E0%B8%87-%E0%B8%AA%E0%B8%B3%E0%B8%AB%E0%B8%A3%E0%B8%B1%E0%B8%9A-%E0%B8%82%E0%B8%B2%E0%B8%A2","https://www.one2car.com/%E0%B8%A3%E0%B8%96-%E0%B8%AA%E0%B8%B3%E0%B8%AB%E0%B8%A3%E0%B8%B1%E0%B8%9A-%E0%B8%82%E0%B8%B2%E0%B8%A2?type=used&page_number=42&page_size=26","2012 Honda City 1.5 (ปี 08-14) V Sedan","130,000 บาท","รถติดตั้ง NGV รถบ้านเปลี่ยนถ่ายน้ำมันเครื่องตามระยะ เพิ่งเปลี่ยนยางแท่นเครื่องและชุดซีลประ ...","280 - 285K กม.","นนทบุรี","Honda City","มือสอง","เกียร์อัตโนมัติ"
"1786479428-760","https://www.one2car.com/%E0%B8%A3%E0%B8%96%E0%B8%A1%E0%B8%B7%E0%B8%AD%E0%B8%AA%E0%B8%AD%E0%B8%87-%E0%B8%AA%E0%B8%B3%E0%B8%AB%E0%B8%A3%E0%B8%B1%E0%B8%9A-%E0%B8%82%E0%B8%B2%E0%B8%A2","https://www.one2car.com/%E0%B8%A3%E0%B8%96-%E0%B8%AA%E0%B8%B3%E0%B8%AB%E0%B8%A3%E0%B8%B1%E0%B8%9A-%E0%B8%82%E0%B8%B2%E0%B8%A2?type=used&page_number=42&page_size=26","2012 Volkswagen CARAVELLE 2.0 (ปี 04-16) TDi Van - AT","430,000 บาท","ปล่อยรถส่วนตัวครับ รายละเอียด ~Volk Caravelle ปี 2012 T5.1 2.0 TDi ~เครื่องยนต์ดีเซล ...","220 - 225K กม.","แพร่","","มือสอง","เกียร์อัตโนมัติ"
"1786479428-761","https://www.one2car.com/%E0%B8%A3%E0%B8%96%E0%B8%A1%E0%B8%B7%E0%B8%AD%E0%B8%AA%E0%B8%AD%E0%B8%87-%E0%B8%AA%E0%B8%B3%E0%B8%AB%E0%B8%A3%E0%B8%B1%E0%B8%9A-%E0%B8%82%E0%B8%B2%E0%B8%A2","https://www.one2car.com/%E0%B8%A3%E0%B8%96-%E0%B8%AA%E0%B8%B3%E0%B8%AB%E0%B8%A3%E0%B8%B1%E0%B8%9A-%E0%B8%82%E0%B8%B2%E0%B8%A2?type=used&page_number=42&page_size=26","2012 Mitsubishi PAJERO SPORT 2.5 (ปี 08-15) GT SUV","278,000 บาท","คอมมอนเรล VG TURBO เบาะหนังสามแถว แอร์ทุกแถวฉ่ำๆ เอนกประสงค์พร้อมเดินทาง #MITSUBISHI ...","215 - 220K กม.","กรุงเทพมหานคร","Mitsubishi PAJERO SPORT","มือสอง","เกียร์อัตโนมัติ"
"1786479428-762","https://www.one2car.com/%E0%B8%A3%E0%B8%96%E0%B8%A1%E0%B8%B7%E0%B8%AD%E0%B8%AA%E0%B8%AD%E0%B8%87-%E0%B8%AA%E0%B8%B3%E0%B8%AB%E0%B8%A3%E0%B8%B1%E0%B8%9A-%E0%B8%82%E0%B8%B2%E0%B8%A2","https://www.one2car.com/%E0%B8%A3%E0%B8%96-%E0%B8%AA%E0%B8%B3%E0%B8%AB%E0%B8%A3%E0%B8%B1%E0%B8%9A-%E0%B8%82%E0%B8%B2%E0%B8%A2?type=used&page_number=42&page_size=26","2023 Toyota INNOVA 2.8 (ปี 16-22) Crysta Wagon","709,000 บาท","TOYOTA INNOVA 2.8 CRYSTA ปี 2023 สีเทา เกียร์ A/T ราคา 709,000 บาท ✅ผ่อนเริ่มต้น 1x,xxx / ...","95 - 100K กม.","กรุงเทพมหานคร","Toyota INNOVA","มือสอง","เกียร์อัตโนมัติ"
"1786479428-763","https://www.one2car.com/%E0%B8%A3%E0%B8%96%E0%B8%A1%E0%B8%B7%E0%B8%AD%E0%B8%AA%E0%B8%AD%E0%B8%87-%E0%B8%AA%E0%B8%B3%E0%B8%AB%E0%B8%A3%E0%B8%B1%E0%B8%9A-%E0%B8%82%E0%B8%B2%E0%B8%A2","https://www.one2car.com/%E0%B8%A3%E0%B8%96-%E0%B8%AA%E0%B8%B3%E0%B8%AB%E0%B8%A3%E0%B8%B1%E0%B8%9A-%E0%B8%82%E0%B8%B2%E0%B8%A2?type=used&page_number=42&page_size=26","2017 Mercedes-Benz CLA200 1.6 W117 (ปี 14-18) Urban Sedan ...","469,000 บาท","Benz CLA200 Urban Facelift ปี 2017 สีดำ Service มาครบครับ Facelift แล้วครับ เบนซินล้วน ...","145 - 150K กม.","กรุงเทพมหานคร","","มือสอง","เกียร์อัตโนมัติ"
"1786479428-764","https://www.one2car.com/%E0%B8%A3%E0%B8%96%E0%B8%A1%E0%B8%B7%E0%B8%AD%E0%B8%AA%E0%B8%AD%E0%B8%87-%E0%B8%AA%E0%B8%B3%E0%B8%AB%E0%B8%A3%E0%B8%B1%E0%B8%9A-%E0%B8%82%E0%B8%B2%E0%B8%A2","https://www.one2car.com/%E0%B8%A3%E0%B8%96-%E0%B8%AA%E0%B8%B3%E0%B8%AB%E0%B8%A3%E0%B8%B1%E0%B8%9A-%E0%B8%82%E0%B8%B2%E0%B8%A2?type=used&page_number=42&page_size=26","2021 Toyota INNOVA 2.8 (ปี 16-22) Crysta Wagon","629,000 บาท","TOYOTA INNOVA 2.8 CRYSTA ปี 2021 สีเทา เกียร์ A/T ราคา 629,000 บาท ✅ผ่อนเริ่มต้น 1x,xxx / ...","115 - 120K กม.","กรุงเทพมหานคร","Toyota INNOVA","มือสอง","เกียร์อัตโนมัติ"
"1786479428-765","https://www.one2car.com/%E0%B8%A3%E0%B8%96%E0%B8%A1%E0%B8%B7%E0%B8%AD%E0%B8%AA%E0%B8%AD%E0%B8%87-%E0%B8%AA%E0%B8%B3%E0%B8%AB%E0%B8%A3%E0%B8%B1%E0%B8%9A-%E0%B8%82%E0%B8%B2%E0%B8%A2","https://www.one2car.com/%E0%B8%A3%E0%B8%96-%E0%B8%AA%E0%B8%B3%E0%B8%AB%E0%B8%A3%E0%B8%B1%E0%B8%9A-%E0%B8%82%E0%B8%B2%E0%B8%A2?type=used&page_number=42&page_size=26","2018 Nissan NP 300 Navara 2.5 Double Cab Calibre EL Pickup...","369,000 บาท","📌 รถกระบะ 4 ประตู ยกสูงยอดนิยม สภาพสวย เจ้าของเก่าดูแลดี ผ่านการรับรองสภาพจาก One2car ได้ ...","115 - 120K กม.","กรุงเทพมหานคร","Nissan NP 300 Navara","มือสอง","เกียร์ธรรมดา"
"1786479428-766","https://www.one2car.com/%E0%B8%A3%E0%B8%96%E0%B8%A1%E0%B8%B7%E0%B8%AD%E0%B8%AA%E0%B8%AD%E0%B8%87-%E0%B8%AA%E0%B8%B3%E0%B8%AB%E0%B8%A3%E0%B8%B1%E0%B8%9A-%E0%B8%82%E0%B8%B2%E0%B8%A2","https://www.one2car.com/%E0%B8%A3%E0%B8%96-%E0%B8%AA%E0%B8%B3%E0%B8%AB%E0%B8%A3%E0%B8%B1%E0%B8%9A-%E0%B8%82%E0%B8%B2%E0%B8%A2?type=used&page_number=42&page_size=26","2022 Audi TT 2.0 (ปี 14-25) 45 TFSI Quattro S line Coupe -...","1,790,000 บาท","แต่งเต็ม แต่งเป็นล้าน แต่ง ttrs stage 2 รถสวยสุดแล้ว ท้าให้มาดูตัวรถจริง ...","65 - 70K กม.","สมุทรปราการ","","มือสอง","เกียร์อัตโนมัติ"
"1786479428-767","https://www.one2car.com/%E0%B8%A3%E0%B8%96%E0%B8%A1%E0%B8%B7%E0%B8%AD%E0%B8%AA%E0%B8%AD%E0%B8%87-%E0%B8%AA%E0%B8%B3%E0%B8%AB%E0%B8%A3%E0%B8%B1%E0%B8%9A-%E0%B8%82%E0%B8%B2%E0%B8%A2","https://www.one2car.com/%E0%B8%A3%E0%B8%96-%E0%B8%AA%E0%B8%B3%E0%B8%AB%E0%B8%A3%E0%B8%B1%E0%B8%9A-%E0%B8%82%E0%B8%B2%E0%B8%A2?type=used&page_number=42&page_size=26","2018 Mazda 2 1.3 (ปี 15-25) High Connect Sedan","269,000 บาท","📌 MAZDA2 1.3 HIGH CONNECT ปี 2018 รถเล็กสุดประหยัด ไมเนอร์เชนจ์ มือเดียว ดูแลดี ...","185 - 190K กม.","กรุงเทพมหานคร","Mazda 2","มือสอง","เกียร์อัตโนมัติ"
"1786479428-768","https://www.one2car.com/%E0%B8%A3%E0%B8%96%E0%B8%A1%E0%B8%B7%E0%B8%AD%E0%B8%AA%E0%B8%AD%E0%B8%87-%E0%B8%AA%E0%B8%B3%E0%B8%AB%E0%B8%A3%E0%B8%B1%E0%B8%9A-%E0%B8%82%E0%B8%B2%E0%B8%A2","https://www.one2car.com/%E0%B8%A3%E0%B8%96-%E0%B8%AA%E0%B8%B3%E0%B8%AB%E0%B8%A3%E0%B8%B1%E0%B8%9A-%E0%B8%82%E0%B8%B2%E0%B8%A2?type=used&page_number=42&page_size=26","2022 Toyota Veloz 1.5 (ปี 22-30) Smart Wagon","529,000 บาท","TOYOTA VELOZ 1.5 SMART ปี2022 สีเทา เกียร์ A/T ราคา 529,000 ✅ผ่อนเริ่มต้น 1x,xxx / เดือน ...","90 - 95K กม.","กรุงเทพมหานคร","","มือสอง","เกียร์อัตโนมัติ"
"1786479428-769","https://www.one2car.com/%E0%B8%A3%E0%B8%96%E0%B8%A1%E0%B8%B7%E0%B8%AD%E0%B8%AA%E0%B8%AD%E0%B8%87-%E0%B8%AA%E0%B8%B3%E0%B8%AB%E0%B8%A3%E0%B8%B1%E0%B8%9A-%E0%B8%82%E0%B8%B2%E0%B8%A2","https://www.one2car.com/%E0%B8%A3%E0%B8%96-%E0%B8%AA%E0%B8%B3%E0%B8%AB%E0%B8%A3%E0%B8%B1%E0%B8%9A-%E0%B8%82%E0%B8%B2%E0%B8%A2?type=used&page_number=42&page_size=26","2007 Honda City 1.5 ZX (ปี 05-07) ZX V Sedan","135,000 บาท","สภาพยอดเยี่ยม สภาพยอดเยี่ยม เพิ่งทำการเช็คสภาพรถ","240059 กม.","ชัยภูมิ","Honda City","มือสอง","เกียร์อัตโนมัติ"
"1786479435-770","https://www.one2car.com/%E0%B8%A3%E0%B8%96%E0%B8%A1%E0%B8%B7%E0%B8%AD%E0%B8%AA%E0%B8%AD%E0%B8%87-%E0%B8%AA%E0%B8%B3%E0%B8%AB%E0%B8%A3%E0%B8%B1%E0%B8%9A-%E0%B8%82%E0%B8%B2%E0%B8%A2","https://www.one2car.com/%E0%B8%A3%E0%B8%96-%E0%B8%AA%E0%B8%B3%E0%B8%AB%E0%B8%A3%E0%B8%B1%E0%B8%9A-%E0%B8%82%E0%B8%B2%E0%B8%A2?type=used&page_number=43&page_size=26","2021 Toyota SIENTA 1.5 (ปี 16-23) V Wagon","489,000 บาท","ปี 2021 Toyota SIENTA 1.5 V Wagon รถสวย อุปกรณ์ครบ คู่มือ กุญแจสำรอง ราคา 489,000 บาท ...","110 - 115K กม.","กรุงเทพมหานคร","Toyota SIENTA","มือสอง","เกียร์อัตโนมัติ"
"1786479435-771","https://www.one2car.com/%E0%B8%A3%E0%B8%96%E0%B8%A1%E0%B8%B7%E0%B8%AD%E0%B8%AA%E0%B8%AD%E0%B8%87-%E0%B8%AA%E0%B8%B3%E0%B8%AB%E0%B8%A3%E0%B8%B1%E0%B8%9A-%E0%B8%82%E0%B8%B2%E0%B8%A2","https://www.one2car.com/%E0%B8%A3%E0%B8%96-%E0%B8%AA%E0%B8%B3%E0%B8%AB%E0%B8%A3%E0%B8%B1%E0%B8%9A-%E0%B8%82%E0%B8%B2%E0%B8%A2?type=used&page_number=43&page_size=26","2023 Toyota Corolla Cross 1.8 (ปี 20-26) Hybrid Premium Sa...","799,000 บาท","Excellent Condition Low Mileage Accident Free Tire in Good Condition","0 - 5K กม.","ภูเก็ต","","มือสอง","เกียร์อัตโนมัติ"
"1786479435-772","https://www.one2car.com/%E0%B8%A3%E0%B8%96%E0%B8%A1%E0%B8%B7%E0%B8%AD%E0%B8%AA%E0%B8%AD%E0%B8%87-%E0%B8%AA%E0%B8%B3%E0%B8%AB%E0%B8%A3%E0%B8%B1%E0%B8%9A-%E0%B8%82%E0%B8%B2%E0%B8%A2","https://www.one2car.com/%E0%B8%A3%E0%B8%96-%E0%B8%AA%E0%B8%B3%E0%B8%AB%E0%B8%A3%E0%B8%B1%E0%B8%9A-%E0%B8%82%E0%B8%B2%E0%B8%A2?type=used&page_number=43&page_size=26","2007 Honda CIVIC 1.8 FD (ปี 05-12) S Sedan","135,000 บาท","สภาพยอดเยี่ยม ไม่มีการเกิดอุบัติเหตุ รถมือเดียว เจ้าของขายเอง","230343 กม.","อุบลราชธานี","Honda CIVIC","มือสอง","เกียร์อัตโนมัติ"
"1786479435-773","https://www.one2car.com/%E0%B8%A3%E0%B8%96%E0%B8%A1%E0%B8%B7%E0%B8%AD%E0%B8%AA%E0%B8%AD%E0%B8%87-%E0%B8%AA%E0%B8%B3%E0%B8%AB%E0%B8%A3%E0%B8%B1%E0%B8%9A-%E0%B8%82%E0%B8%B2%E0%B8%A2","https://www.one2car.com/%E0%B8%A3%E0%B8%96-%E0%B8%AA%E0%B8%B3%E0%B8%AB%E0%B8%A3%E0%B8%B1%E0%B8%9A-%E0%B8%82%E0%B8%B2%E0%B8%A2?type=used&page_number=43&page_size=26","2018 Toyota HILUX REVO 2.4 Double Cab E Plus Prerunner Pic...","469,000 บาท","ปี 2018 Toyota HILUX REVO 2.4 Double Cab E Plus Prerunner รถสวย อุปกรณ์ครบ คู่มือ ...","110 - 115K กม.","กรุงเทพมหานคร","Toyota HILUX REVO","มือสอง","เกียร์ธรรมดา"
"1786479435-774","https://www.one2car.com/%E0%B8%A3%E0%B8%96%E0%B8%A1%E0%B8%B7%E0%B8%AD%E0%B8%AA%E0%B8%AD%E0%B8%87-%E0%B8%AA%E0%B8%B3%E0%B8%AB%E0%B8%A3%E0%B8%B1%E0%B8%9A-%E0%B8%82%E0%B8%B2%E0%B8%A2","https://www.one2car.com/%E0%B8%A3%E0%B8%96-%E0%B8%AA%E0%B8%B3%E0%B8%AB%E0%B8%A3%E0%B8%B1%E0%B8%9A-%E0%B8%82%E0%B8%B2%E0%B8%A2?type=used&page_number=43&page_size=26","2019 Honda ACCORD 2.0 (ปี 19-23) Hybrid TECH Sedan","867,000 บาท","Honda Accord 2.0 Hybrid Tech top สุด ปี 2019 -รถมือแรกมือเดียวลงเล่ม - ไมล์แท้ 63,xxxkm - ...","60 - 65K กม.","นนทบุรี","Honda ACCORD","มือสอง","เกียร์อัตโนมัติ"
"1786479435-775","https://www.one2car.com/%E0%B8%A3%E0%B8%96%E0%B8%A1%E0%B8%B7%E0%B8%AD%E0%B8%AA%E0%B8%AD%E0%B8%87-%E0%B8%AA%E0%B8%B3%E0%B8%AB%E0%B8%A3%E0%B8%B1%E0%B8%9A-%E0%B8%82%E0%B8%B2%E0%B8%A2","https://www.one2car.com/%E0%B8%A3%E0%B8%96-%E0%B8%AA%E0%B8%B3%E0%B8%AB%E0%B8%A3%E0%B8%B1%E0%B8%9A-%E0%B8%82%E0%B8%B2%E0%B8%A2?type=used&page_number=43&page_size=26","2021 Mercedes-Benz E200 2.0 W238 (ปี 17-24) AMG Dynamic Co...","2,284,000 บาท","Benz E200 Coupe Amg Facelift ปี2021 ตัว Option เต็ม -เลขไมล์แท้ 52,xxx km ...","50 - 55K กม.","นนทบุรี","","มือสอง","เกียร์อัตโนมัติ"
"1786479435-776","https://www.one2car.com/%E0%B8%A3%E0%B8%96%E0%B8%A1%E0%B8%B7%E0%B8%AD%E0%B8%AA%E0%B8%AD%E0%B8%87-%E0%B8%AA%E0%B8%B3%E0%B8%AB%E0%B8%A3%E0%B8%B1%E0%B8%9A-%E0%B8%82%E0%B8%B2%E0%B8%A2","https://www.one2car.com/%E0%B8%A3%E0%B8%96-%E0%B8%AA%E0%B8%B3%E0%B8%AB%E0%B8%A3%E0%B8%B1%E0%B8%9A-%E0%B8%82%E0%B8%B2%E0%B8%A2?type=used&page_number=43&page_size=26","2022 Toyota FORTUNER 2.4 (ปี 15-25) Legender SUV","1,085,000 บาท","Toyota Fortuner Legender ขับ 2 ปลายปี 22 -เลขไมล์แท้ 48,xxx km -เข้าศูนย์ทุกระยะ -ยาง ...","40 - 45K กม.","นนทบุรี","Toyota FORTUNER","มือสอง","เกียร์อัตโนมัติ"
"1786479435-777","https://www.one2car.com/%E0%B8%A3%E0%B8%96%E0%B8%A1%E0%B8%B7%E0%B8%AD%E0%B8%AA%E0%B8%AD%E0%B8%87-%E0%B8%AA%E0%B8%B3%E0%B8%AB%E0%B8%A3%E0%B8%B1%E0%B8%9A-%E0%B8%82%E0%B8%B2%E0%B8%A2","https://www.one2car.com/%E0%B8%A3%E0%B8%96-%E0%B8%AA%E0%B8%B3%E0%B8%AB%E0%B8%A3%E0%B8%B1%E0%B8%9A-%E0%B8%82%E0%B8%B2%E0%B8%A2?type=used&page_number=43&page_size=26","2021 Ford EVEREST 2.0 (ปี 15-22) Titanium+ SUV - Titanium ...","690,000 บาท","Excellent Condition ขายด่วน! Ford Everest 2.0 Bi-Turbo 4WD Titanium+ ปี 2021 ...","68500 กม.","ชลบุรี","Ford EVEREST","มือสอง","เกียร์อัตโนมัติ"
"1786479435-778","https://www.one2car.com/%E0%B8%A3%E0%B8%96%E0%B8%A1%E0%B8%B7%E0%B8%AD%E0%B8%AA%E0%B8%AD%E0%B8%87-%E0%B8%AA%E0%B8%B3%E0%B8%AB%E0%B8%A3%E0%B8%B1%E0%B8%9A-%E0%B8%82%E0%B8%B2%E0%B8%A2","https://www.one2car.com/%E0%B8%A3%E0%B8%96-%E0%B8%AA%E0%B8%B3%E0%B8%AB%E0%B8%A3%E0%B8%B1%E0%B8%9A-%E0%B8%82%E0%B8%B2%E0%B8%A2?type=used&page_number=43&page_size=26","2019 Toyota HILUX REVO 2.4 Double Cab J Plus Pickup","469,000 บาท","2019 Toyota HILUX REVO 2.4 Double Cab J Plus Pickup รถสวย อุปกรณ์ครบ คู่มือ กุญแจสำรอง ...","115 - 120K กม.","กรุงเทพมหานคร","Toyota HILUX REVO","มือสอง","เกียร์อัตโนมัติ"
"1786479435-779","https://www.one2car.com/%E0%B8%A3%E0%B8%96%E0%B8%A1%E0%B8%B7%E0%B8%AD%E0%B8%AA%E0%B8%AD%E0%B8%87-%E0%B8%AA%E0%B8%B3%E0%B8%AB%E0%B8%A3%E0%B8%B1%E0%B8%9A-%E0%B8%82%E0%B8%B2%E0%B8%A2","https://www.one2car.com/%E0%B8%A3%E0%B8%96-%E0%B8%AA%E0%B8%B3%E0%B8%AB%E0%B8%A3%E0%B8%B1%E0%B8%9A-%E0%B8%82%E0%B8%B2%E0%B8%A2?type=used&page_number=43&page_size=26","2022 Honda City 1.0 (ปี 19-26) RS Sedan - ( 19-24)","430,000 บาท","Single Owner Blue book available Excellent Condition Low Mileage Excellent Service Record ...","25 - 30K กม.","กรุงเทพมหานคร","Honda City","มือสอง","เกียร์อัตโนมัติ"
"1786479435-780","https://www.one2car.com/%E0%B8%A3%E0%B8%96%E0%B8%A1%E0%B8%B7%E0%B8%AD%E0%B8%AA%E0%B8%AD%E0%B8%87-%E0%B8%AA%E0%B8%B3%E0%B8%AB%E0%B8%A3%E0%B8%B1%E0%B8%9A-%E0%B8%82%E0%B8%B2%E0%B8%A2","https://www.one2car.com/%E0%B8%A3%E0%B8%96-%E0%B8%AA%E0%B8%B3%E0%B8%AB%E0%B8%A3%E0%B8%B1%E0%B8%9A-%E0%B8%82%E0%B8%B2%E0%B8%A2?type=used&page_number=43&page_size=26","2003 Mercedes-Benz E200 Kompressor 1.8 W211 (ปี 03-09) Ele...","89,000 บาท","Excellent Condition Low Mileage Accident Free Excellent Service Record Tire in Good ...","190 - 195K กม.","นครสวรรค์","Mercedes-Benz E200 Kompressor","มือสอง","เกียร์อัตโนมัติ"
"1786479435-781","https://www.one2car.com/%E0%B8%A3%E0%B8%96%E0%B8%A1%E0%B8%B7%E0%B8%AD%E0%B8%AA%E0%B8%AD%E0%B8%87-%E0%B8%AA%E0%B8%B3%E0%B8%AB%E0%B8%A3%E0%B8%B1%E0%B8%9A-%E0%B8%82%E0%B8%B2%E0%B8%A2","https://www.one2car.com/%E0%B8%A3%E0%B8%96-%E0%B8%AA%E0%B8%B3%E0%B8%AB%E0%B8%A3%E0%B8%B1%E0%B8%9A-%E0%B8%82%E0%B8%B2%E0%B8%A2?type=used&page_number=43&page_size=26","2014 Honda City 1.5 (ปี 14-18) S Sedan - AT","189,000 บาท","สภาพยอดเยี่ยม เพิ่งทำการเช็คสภาพรถ เพิ่งทำการเช็คสภาพรถ สภาพยางยังดีอยู่ ...","119000 กม.","ชลบุรี","Honda City","มือสอง","เกียร์อัตโนมัติ"
"1786479435-782","https://www.one2car.com/%E0%B8%A3%E0%B8%96%E0%B8%A1%E0%B8%B7%E0%B8%AD%E0%B8%AA%E0%B8%AD%E0%B8%87-%E0%B8%AA%E0%B8%B3%E0%B8%AB%E0%B8%A3%E0%B8%B1%E0%B8%9A-%E0%B8%82%E0%B8%B2%E0%B8%A2","https://www.one2car.com/%E0%B8%A3%E0%B8%96-%E0%B8%AA%E0%B8%B3%E0%B8%AB%E0%B8%A3%E0%B8%B1%E0%B8%9A-%E0%B8%82%E0%B8%B2%E0%B8%A2?type=used&page_number=43&page_size=26","2018 BMW 320d 2.0 F34 (ปี 13-16) Gran Turismo M Sport Seda...","679,000 บาท","BMW 320d GT LCI M Sport ปี 2018 สีเทา รุ่น TOP สุด ชุดแต่ง M Sport ครับ เครื่องยนดีเซล ...","180 - 185K กม.","กรุงเทพมหานคร","BMW 320d","มือสอง","เกียร์อัตโนมัติ"
"1786479435-783","https://www.one2car.com/%E0%B8%A3%E0%B8%96%E0%B8%A1%E0%B8%B7%E0%B8%AD%E0%B8%AA%E0%B8%AD%E0%B8%87-%E0%B8%AA%E0%B8%B3%E0%B8%AB%E0%B8%A3%E0%B8%B1%E0%B8%9A-%E0%B8%82%E0%B8%B2%E0%B8%A2","https://www.one2car.com/%E0%B8%A3%E0%B8%96-%E0%B8%AA%E0%B8%B3%E0%B8%AB%E0%B8%A3%E0%B8%B1%E0%B8%9A-%E0%B8%82%E0%B8%B2%E0%B8%A2?type=used&page_number=43&page_size=26","2019 Toyota CAMRY 2.0 (ปี 18-24) G Sedan","699,000 บาท","ปี 2019 Toyota CAMRY 2.0 G Sedan ราคา 699,000 บาท ✅ผ่อนเริ่มต้น 13,xxx / เดือน ...","80 - 85K กม.","กรุงเทพมหานคร","Toyota CAMRY","มือสอง","เกียร์อัตโนมัติ"
"1786479435-784","https://www.one2car.com/%E0%B8%A3%E0%B8%96%E0%B8%A1%E0%B8%B7%E0%B8%AD%E0%B8%AA%E0%B8%AD%E0%B8%87-%E0%B8%AA%E0%B8%B3%E0%B8%AB%E0%B8%A3%E0%B8%B1%E0%B8%9A-%E0%B8%82%E0%B8%B2%E0%B8%A2","https://www.one2car.com/%E0%B8%A3%E0%B8%96-%E0%B8%AA%E0%B8%B3%E0%B8%AB%E0%B8%A3%E0%B8%B1%E0%B8%9A-%E0%B8%82%E0%B8%B2%E0%B8%A2?type=used&page_number=43&page_size=26","2021 Toyota ALPHARD 2.5 (ปี 15-23) S C-Package Van","1,900,000 บาท","ขาย TOYOTA ALPHARD 2.5 SC PACKAGE ปี 2021 ✨ รถบ้านแท้ ใช้งานเอง สภาพสวย พร้อมใช้ 💰 ราคา ...","50 - 55K กม.","กรุงเทพมหานคร","Toyota ALPHARD","มือสอง","เกียร์อัตโนมัติ"
"1786479435-785","https://www.one2car.com/%E0%B8%A3%E0%B8%96%E0%B8%A1%E0%B8%B7%E0%B8%AD%E0%B8%AA%E0%B8%AD%E0%B8%87-%E0%B8%AA%E0%B8%B3%E0%B8%AB%E0%B8%A3%E0%B8%B1%E0%B8%9A-%E0%B8%82%E0%B8%B2%E0%B8%A2","https://www.one2car.com/%E0%B8%A3%E0%B8%96-%E0%B8%AA%E0%B8%B3%E0%B8%AB%E0%B8%A3%E0%B8%B1%E0%B8%9A-%E0%B8%82%E0%B8%B2%E0%B8%A2?type=used&page_number=43&page_size=26","2023 Mercedes-Benz C300 2.0 W205 (ปี 14-22) e AMG Sport Se...","849,000 บาท","AMG Sport Package Push Start/key less Go Memory Seat Ambient Light กล้องถอย ฝาท้ายไฟฟ้า ...","80 - 85K กม.","กรุงเทพมหานคร","Mercedes-Benz C300","มือสอง","เกียร์อัตโนมัติ"
"1786479435-786","https://www.one2car.com/%E0%B8%A3%E0%B8%96%E0%B8%A1%E0%B8%B7%E0%B8%AD%E0%B8%AA%E0%B8%AD%E0%B8%87-%E0%B8%AA%E0%B8%B3%E0%B8%AB%E0%B8%A3%E0%B8%B1%E0%B8%9A-%E0%B8%82%E0%B8%B2%E0%B8%A2","https://www.one2car.com/%E0%B8%A3%E0%B8%96-%E0%B8%AA%E0%B8%B3%E0%B8%AB%E0%B8%A3%E0%B8%B1%E0%B8%9A-%E0%B8%82%E0%B8%B2%E0%B8%A2?type=used&page_number=43&page_size=26","2018 Honda CR-V 1.6 (ปี 17-21) DT E SUV","499,000 บาท","เพิ่งทำการเช็คสภาพรถ มีประวัติการเข้าศูนย์บริการ ไม่มีการเกิดอุบัติเหตุ ...","124977 กม.","กรุงเทพมหานคร","Honda CR-V","มือสอง","เกียร์อัตโนมัติ"
"1786479435-787","https://www.one2car.com/%E0%B8%A3%E0%B8%96%E0%B8%A1%E0%B8%B7%E0%B8%AD%E0%B8%AA%E0%B8%AD%E0%B8%87-%E0%B8%AA%E0%B8%B3%E0%B8%AB%E0%B8%A3%E0%B8%B1%E0%B8%9A-%E0%B8%82%E0%B8%B2%E0%B8%A2","https://www.one2car.com/%E0%B8%A3%E0%B8%96-%E0%B8%AA%E0%B8%B3%E0%B8%AB%E0%B8%A3%E0%B8%B1%E0%B8%9A-%E0%B8%82%E0%B8%B2%E0%B8%A2?type=used&page_number=43&page_size=26","2020 BMW 520d 2.0 G30 (ปี 17-22) M Sport Sedan - AT","999,000 บาท","520d M Sport Model G30 (Top ที่สุดของเครื่องยนต์ดีเซล) เครื่องยนต์ดีเซลมีความทนทานสูงดูแลร ...","113068 กม.","กรุงเทพมหานคร","BMW 520d","มือสอง","เกียร์อัตโนมัติ"
"1786479435-788","https://www.one2car.com/%E0%B8%A3%E0%B8%96%E0%B8%A1%E0%B8%B7%E0%B8%AD%E0%B8%AA%E0%B8%AD%E0%B8%87-%E0%B8%AA%E0%B8%B3%E0%B8%AB%E0%B8%A3%E0%B8%B1%E0%B8%9A-%E0%B8%82%E0%B8%B2%E0%B8%A2","https://www.one2car.com/%E0%B8%A3%E0%B8%96-%E0%B8%AA%E0%B8%B3%E0%B8%AB%E0%B8%A3%E0%B8%B1%E0%B8%9A-%E0%B8%82%E0%B8%B2%E0%B8%A2?type=used&page_number=43&page_size=26","2013 Toyota VIOS 1.5 (ปี 13-17) J Sedan","239,000 บาท","ปี 2013 Toyota VIOS 1.5 J Sedan ราคา 239,000 บาท ✅ผ่อนเริ่มต้น 5,xxx / เดือน ...","140 - 145K กม.","กรุงเทพมหานคร","Toyota VIOS","มือสอง","เกียร์อัตโนมัติ"
"1786479435-789","https://www.one2car.com/%E0%B8%A3%E0%B8%96%E0%B8%A1%E0%B8%B7%E0%B8%AD%E0%B8%AA%E0%B8%AD%E0%B8%87-%E0%B8%AA%E0%B8%B3%E0%B8%AB%E0%B8%A3%E0%B8%B1%E0%B8%9A-%E0%B8%82%E0%B8%B2%E0%B8%A2","https://www.one2car.com/%E0%B8%A3%E0%B8%96-%E0%B8%AA%E0%B8%B3%E0%B8%AB%E0%B8%A3%E0%B8%B1%E0%B8%9A-%E0%B8%82%E0%B8%B2%E0%B8%A2?type=used&page_number=43&page_size=26","2022 Ford RANGER 2.0 Double Cab (ปี 22-28) WildTrak Hi-Rid...","598,000 บาท","🛑Ford Ranger Wildtrak Double Cab 2.0L Turbo Hi-Rider AT 2022 สีดำสุดหล่อ🛞🎉 โปรออกรถ‼️ฟรี ...","185 - 190K กม.","ชลบุรี","Ford RANGER","มือสอง","เกียร์อัตโนมัติ"
"1786479435-790","https://www.one2car.com/%E0%B8%A3%E0%B8%96%E0%B8%A1%E0%B8%B7%E0%B8%AD%E0%B8%AA%E0%B8%AD%E0%B8%87-%E0%B8%AA%E0%B8%B3%E0%B8%AB%E0%B8%A3%E0%B8%B1%E0%B8%9A-%E0%B8%82%E0%B8%B2%E0%B8%A2","https://www.one2car.com/%E0%B8%A3%E0%B8%96-%E0%B8%AA%E0%B8%B3%E0%B8%AB%E0%B8%A3%E0%B8%B1%E0%B8%9A-%E0%B8%82%E0%B8%B2%E0%B8%A2?type=used&page_number=43&page_size=26","2011 Mitsubishi PAJERO SPORT 2.5 (ปี 08-15) GT SUV - 4WD A...","230,000 บาท","รถบ้าน มือแรกเป็นครูวิทยาลัยเทคนิคชลบุรี และซื้อต่อมาเป็นครูวิทยาลัยเทคนิคชลบุรีเหมือนกัน ...","330000 กม.","ชลบุรี","Mitsubishi PAJERO SPORT","มือสอง","เกียร์อัตโนมัติ"
"1786479435-791","https://www.one2car.com/%E0%B8%A3%E0%B8%96%E0%B8%A1%E0%B8%B7%E0%B8%AD%E0%B8%AA%E0%B8%AD%E0%B8%87-%E0%B8%AA%E0%B8%B3%E0%B8%AB%E0%B8%A3%E0%B8%B1%E0%B8%9A-%E0%B8%82%E0%B8%B2%E0%B8%A2","https://www.one2car.com/%E0%B8%A3%E0%B8%96-%E0%B8%AA%E0%B8%B3%E0%B8%AB%E0%B8%A3%E0%B8%B1%E0%B8%9A-%E0%B8%82%E0%B8%B2%E0%B8%A2?type=used&page_number=43&page_size=26","2023 Toyota CAMRY 2.5 (ปี 18-24) HEV Premium Sedan","858,000 บาท","💎 รถหรูผู้บริหาร ประหยัดน้ำมัน ค่าตัวคุ้ม 💎 Toyota Camry 2.5 HEV Premium 2023 💎ราคา ...","155 - 160K กม.","ชลบุรี","Toyota CAMRY","มือสอง","เกียร์อัตโนมัติ"
"1786479435-792","https://www.one2car.com/%E0%B8%A3%E0%B8%96%E0%B8%A1%E0%B8%B7%E0%B8%AD%E0%B8%AA%E0%B8%AD%E0%B8%87-%E0%B8%AA%E0%B8%B3%E0%B8%AB%E0%B8%A3%E0%B8%B1%E0%B8%9A-%E0%B8%82%E0%B8%B2%E0%B8%A2","https://www.one2car.com/%E0%B8%A3%E0%B8%96-%E0%B8%AA%E0%B8%B3%E0%B8%AB%E0%B8%A3%E0%B8%B1%E0%B8%9A-%E0%B8%82%E0%B8%B2%E0%B8%A2?type=used&page_number=43&page_size=26","2016 Mitsubishi TRITON 2.4 Double Cab (ปี 14-19) GLS Plus ...","348,000 บาท","Mitsubishi Triton 2.4 Double Cab GLS Plus ปี 2016 🔥กระบะ4ประตูเกียร์ออโต้ราคาเบาๆ🔥 ...","165 - 170K กม.","ชลบุรี","Mitsubishi TRITON","มือสอง","เกียร์อัตโนมัติ"
"1786479435-793","https://www.one2car.com/%E0%B8%A3%E0%B8%96%E0%B8%A1%E0%B8%B7%E0%B8%AD%E0%B8%AA%E0%B8%AD%E0%B8%87-%E0%B8%AA%E0%B8%B3%E0%B8%AB%E0%B8%A3%E0%B8%B1%E0%B8%9A-%E0%B8%82%E0%B8%B2%E0%B8%A2","https://www.one2car.com/%E0%B8%A3%E0%B8%96-%E0%B8%AA%E0%B8%B3%E0%B8%AB%E0%B8%A3%E0%B8%B1%E0%B8%9A-%E0%B8%82%E0%B8%B2%E0%B8%A2?type=used&page_number=43&page_size=26","2014 Mitsubishi TRITON 2.5 Double Cab (ปี 05-15) GLS Plus ...","268,000 บาท","🕹️Mitsubishi Triton 2.5 GLS Plus Double Cab MT ปี 2014🔥กระบะเกียร์ธรรมดาราคาเบาๆ ⭐️ ขายสด ...","145 - 150K กม.","ชลบุรี","Mitsubishi TRITON","มือสอง","เกียร์อัตโนมัติ"
"1786479435-794","https://www.one2car.com/%E0%B8%A3%E0%B8%96%E0%B8%A1%E0%B8%B7%E0%B8%AD%E0%B8%AA%E0%B8%AD%E0%B8%87-%E0%B8%AA%E0%B8%B3%E0%B8%AB%E0%B8%A3%E0%B8%B1%E0%B8%9A-%E0%B8%82%E0%B8%B2%E0%B8%A2","https://www.one2car.com/%E0%B8%A3%E0%B8%96-%E0%B8%AA%E0%B8%B3%E0%B8%AB%E0%B8%A3%E0%B8%B1%E0%B8%9A-%E0%B8%82%E0%B8%B2%E0%B8%A2?type=used&page_number=43&page_size=26","2019 Ford RANGER 2.0 Double Cab (ปี 15-21) WildTrak Hi-Rid...","498,000 บาท","Ford Ranger Wildtrak Double cab 2.0 Hi-Rider 2WD AT ปี 2019 🛑4ประตูหล่อๆ สายOff-road 🛑 ...","35 - 40K กม.","ชลบุรี","Ford RANGER","มือสอง","เกียร์อัตโนมัติ"
"1786479440-795","https://www.one2car.com/%E0%B8%A3%E0%B8%96%E0%B8%A1%E0%B8%B7%E0%B8%AD%E0%B8%AA%E0%B8%AD%E0%B8%87-%E0%B8%AA%E0%B8%B3%E0%B8%AB%E0%B8%A3%E0%B8%B1%E0%B8%9A-%E0%B8%82%E0%B8%B2%E0%B8%A2","https://www.one2car.com/%E0%B8%A3%E0%B8%96-%E0%B8%AA%E0%B8%B3%E0%B8%AB%E0%B8%A3%E0%B8%B1%E0%B8%9A-%E0%B8%82%E0%B8%B2%E0%B8%A2?type=used&page_number=44&page_size=26","2016 Toyota VIOS 1.5 (ปี 13-17) E Sedan","259,000 บาท","TOYOTA VIOS 1.5 E 2016 💰..279,000 ..💰 ผ่อนเริ่มต้น 5,XXX 84 งวด 💰..เครดิตดีฟรีดาวจ้า ...","155 - 160K กม.","กรุงเทพมหานคร","Toyota VIOS","มือสอง","เกียร์อัตโนมัติ"
"1786479440-796","https://www.one2car.com/%E0%B8%A3%E0%B8%96%E0%B8%A1%E0%B8%B7%E0%B8%AD%E0%B8%AA%E0%B8%AD%E0%B8%87-%E0%B8%AA%E0%B8%B3%E0%B8%AB%E0%B8%A3%E0%B8%B1%E0%B8%9A-%E0%B8%82%E0%B8%B2%E0%B8%A2","https://www.one2car.com/%E0%B8%A3%E0%B8%96-%E0%B8%AA%E0%B8%B3%E0%B8%AB%E0%B8%A3%E0%B8%B1%E0%B8%9A-%E0%B8%82%E0%B8%B2%E0%B8%A2?type=used&page_number=44&page_size=26","2011 Isuzu ELF 3.0 รวมทุกโฉม NLR Truck - MT","120,000 บาท","รถยนต์บรรทุกส่วนบุคคล (มีหลังคาฝาปิด้ายข้าง-ท้าย) ISUZU สีดำ เลขตัวรถ NHR69E7448822 ...","15 - 20K กม.","นครสวรรค์","","มือสอง","เกียร์ธรรมดา"
"1786479440-797","https://www.one2car.com/%E0%B8%A3%E0%B8%96%E0%B8%A1%E0%B8%B7%E0%B8%AD%E0%B8%AA%E0%B8%AD%E0%B8%87-%E0%B8%AA%E0%B8%B3%E0%B8%AB%E0%B8%A3%E0%B8%B1%E0%B8%9A-%E0%B8%82%E0%B8%B2%E0%B8%A2","https://www.one2car.com/%E0%B8%A3%E0%B8%96-%E0%B8%AA%E0%B8%B3%E0%B8%AB%E0%B8%A3%E0%B8%B1%E0%B8%9A-%E0%B8%82%E0%B8%B2%E0%B8%A2?type=used&page_number=44&page_size=26","2016 Toyota FORTUNER 2.4 (ปี 15-25) V SUV","629,000 บาท","🌸TOYOTA FORTUNER 2.4 V 2WD ปี 2016🌸 😱พิเศษสุดวันนี้ 629,000 บาท 🔑ทะเบียน 5กท 1421 กรุงเทพ ...","190 - 195K กม.","กรุงเทพมหานคร","Toyota FORTUNER","มือสอง","เกียร์อัตโนมัติ"
"1786479440-798","https://www.one2car.com/%E0%B8%A3%E0%B8%96%E0%B8%A1%E0%B8%B7%E0%B8%AD%E0%B8%AA%E0%B8%AD%E0%B8%87-%E0%B8%AA%E0%B8%B3%E0%B8%AB%E0%B8%A3%E0%B8%B1%E0%B8%9A-%E0%B8%82%E0%B8%B2%E0%B8%A2","https://www.one2car.com/%E0%B8%A3%E0%B8%96-%E0%B8%AA%E0%B8%B3%E0%B8%AB%E0%B8%A3%E0%B8%B1%E0%B8%9A-%E0%B8%82%E0%B8%B2%E0%B8%A2?type=used&page_number=44&page_size=26","2020 Honda HR-V 1.8 (ปี 14-18) EL SUV","489,000 บาท","ปี 2020 Honda HR-V 1.8 EL SUV รถสวย อุปกรณ์ครบ คู่มือ กุญแจสำรอง ราคา 489,000 บาท ...","150 - 155K กม.","กรุงเทพมหานคร","Honda HR-V","มือสอง","เกียร์อัตโนมัติ"
"1786479440-799","https://www.one2car.com/%E0%B8%A3%E0%B8%96%E0%B8%A1%E0%B8%B7%E0%B8%AD%E0%B8%AA%E0%B8%AD%E0%B8%87-%E0%B8%AA%E0%B8%B3%E0%B8%AB%E0%B8%A3%E0%B8%B1%E0%B8%9A-%E0%B8%82%E0%B8%B2%E0%B8%A2","https://www.one2car.com/%E0%B8%A3%E0%B8%96-%E0%B8%AA%E0%B8%B3%E0%B8%AB%E0%B8%A3%E0%B8%B1%E0%B8%9A-%E0%B8%82%E0%B8%B2%E0%B8%A2?type=used&page_number=44&page_size=26","2025 ORA Good Cat (ปี 21-27) Ultra Hatchback - 0.0","460,000 บาท","goodcat 500 ultra รถมือเดียว เจ้าของขาย 🚗 เลขไมล์ประมาณ 12,000 กม. 📌 รถใช้งานปกติ สภาพสวย ...","12000 กม.","สงขลา","","มือสอง","เกียร์อัตโนมัติ"
"1786479440-800","https://www.one2car.com/%E0%B8%A3%E0%B8%96%E0%B8%A1%E0%B8%B7%E0%B8%AD%E0%B8%AA%E0%B8%AD%E0%B8%87-%E0%B8%AA%E0%B8%B3%E0%B8%AB%E0%B8%A3%E0%B8%B1%E0%B8%9A-%E0%B8%82%E0%B8%B2%E0%B8%A2","https://www.one2car.com/%E0%B8%A3%E0%B8%96-%E0%B8%AA%E0%B8%B3%E0%B8%AB%E0%B8%A3%E0%B8%B1%E0%B8%9A-%E0%B8%82%E0%B8%B2%E0%B8%A2?type=used&page_number=44&page_size=26","2022 MG ZS 1.5 (ปี 17-25) X SUV","289,000 บาท","ราคาตัด289000 ผ่อน4950/เดือน ท้องตลาดขาย 37 ถึง 39 #SUVราคาถูกOptionแน่น MG ZS 1.5 X Top ...","0 - 5K กม.","เชียงใหม่","","มือสอง","เกียร์อัตโนมัติ"
"1786479440-801","https://www.one2car.com/%E0%B8%A3%E0%B8%96%E0%B8%A1%E0%B8%B7%E0%B8%AD%E0%B8%AA%E0%B8%AD%E0%B8%87-%E0%B8%AA%E0%B8%B3%E0%B8%AB%E0%B8%A3%E0%B8%B1%E0%B8%9A-%E0%B8%82%E0%B8%B2%E0%B8%A2","https://www.one2car.com/%E0%B8%A3%E0%B8%96-%E0%B8%AA%E0%B8%B3%E0%B8%AB%E0%B8%A3%E0%B8%B1%E0%B8%9A-%E0%B8%82%E0%B8%B2%E0%B8%A2?type=used&page_number=44&page_size=26","2011 Toyota Corolla Altis 1.8 (ปี 08-13) G Sedan","169,000 บาท","🚗 ขาย Toyota Altis 1.8 G ปี2011 สีดำ 💥 รถบ้านมือเดียวตั้งแต่ป้ายแดง ดูแลดี ไม่เคยชน ...","140 - 145K กม.","กรุงเทพมหานคร","Toyota Corolla Altis","มือสอง","เกียร์อัตโนมัติ"
"1786479440-802","https://www.one2car.com/%E0%B8%A3%E0%B8%96%E0%B8%A1%E0%B8%B7%E0%B8%AD%E0%B8%AA%E0%B8%AD%E0%B8%87-%E0%B8%AA%E0%B8%B3%E0%B8%AB%E0%B8%A3%E0%B8%B1%E0%B8%9A-%E0%B8%82%E0%B8%B2%E0%B8%A2","https://www.one2car.com/%E0%B8%A3%E0%B8%96-%E0%B8%AA%E0%B8%B3%E0%B8%AB%E0%B8%A3%E0%B8%B1%E0%B8%9A-%E0%B8%82%E0%B8%B2%E0%B8%A2?type=used&page_number=44&page_size=26","2023 Mercedes-Benz GLC350 2.0 W254 (ปี 23-30) e 4MATIC AMG...","2,700,000 บาท","Excellent Condition Low Mileage Accident Free Excellent Service Record Tire in Good ...","25 - 30K กม.","กรุงเทพมหานคร","","มือสอง","เกียร์อัตโนมัติ"
"1786479440-803","https://www.one2car.com/%E0%B8%A3%E0%B8%96%E0%B8%A1%E0%B8%B7%E0%B8%AD%E0%B8%AA%E0%B8%AD%E0%B8%87-%E0%B8%AA%E0%B8%B3%E0%B8%AB%E0%B8%A3%E0%B8%B1%E0%B8%9A-%E0%B8%82%E0%B8%B2%E0%B8%A2","https://www.one2car.com/%E0%B8%A3%E0%B8%96-%E0%B8%AA%E0%B8%B3%E0%B8%AB%E0%B8%A3%E0%B8%B1%E0%B8%9A-%E0%B8%82%E0%B8%B2%E0%B8%A2?type=used&page_number=44&page_size=26","2020 Honda HR-V 1.8 (ปี 14-18) E SUV","459,000 บาท","2020 Honda HR-V 1.8 (ปี 14-18) E SUV ราคา 459,000 บาท ✅ผ่อนเริ่มต้น 9,xxx / เดือน ...","105 - 110K กม.","กรุงเทพมหานคร","Honda HR-V","มือสอง","เกียร์อัตโนมัติ"
"1786479440-804","https://www.one2car.com/%E0%B8%A3%E0%B8%96%E0%B8%A1%E0%B8%B7%E0%B8%AD%E0%B8%AA%E0%B8%AD%E0%B8%87-%E0%B8%AA%E0%B8%B3%E0%B8%AB%E0%B8%A3%E0%B8%B1%E0%B8%9A-%E0%B8%82%E0%B8%B2%E0%B8%A2","https://www.one2car.com/%E0%B8%A3%E0%B8%96-%E0%B8%AA%E0%B8%B3%E0%B8%AB%E0%B8%A3%E0%B8%B1%E0%B8%9A-%E0%B8%82%E0%B8%B2%E0%B8%A2?type=used&page_number=44&page_size=26","2023 Isuzu D-MAX 1.9 Space Cab (ปี 19-26) Hi-Lander L Pick...","450,000 บาท","Excellent Condition Low Mileage Accident Free Excellent Service Record Accident Free Tire ...","20 - 25K กม.","ร้อยเอ็ด","Isuzu D-MAX","มือสอง","เกียร์ธรรมดา"
"1786479440-805","https://www.one2car.com/%E0%B8%A3%E0%B8%96%E0%B8%A1%E0%B8%B7%E0%B8%AD%E0%B8%AA%E0%B8%AD%E0%B8%87-%E0%B8%AA%E0%B8%B3%E0%B8%AB%E0%B8%A3%E0%B8%B1%E0%B8%9A-%E0%B8%82%E0%B8%B2%E0%B8%A2","https://www.one2car.com/%E0%B8%A3%E0%B8%96-%E0%B8%AA%E0%B8%B3%E0%B8%AB%E0%B8%A3%E0%B8%B1%E0%B8%9A-%E0%B8%82%E0%B8%B2%E0%B8%A2?type=used&page_number=44&page_size=26","2019 Honda ACCORD 2.0 (ปี 19-23) Hybrid Sedan","689,000 บาท","ปี 2019 Honda ACCORD 2.0 Hybrid Sedan AT ราคา 689,000 บาท ✅ผ่อนเริ่มต้น 1x,xxx / เดือน ...","150 - 155K กม.","กรุงเทพมหานคร","Honda ACCORD","มือสอง","เกียร์อัตโนมัติ"
"1786479440-806","https://www.one2car.com/%E0%B8%A3%E0%B8%96%E0%B8%A1%E0%B8%B7%E0%B8%AD%E0%B8%AA%E0%B8%AD%E0%B8%87-%E0%B8%AA%E0%B8%B3%E0%B8%AB%E0%B8%A3%E0%B8%B1%E0%B8%9A-%E0%B8%82%E0%B8%B2%E0%B8%A2","https://www.one2car.com/%E0%B8%A3%E0%B8%96-%E0%B8%AA%E0%B8%B3%E0%B8%AB%E0%B8%A3%E0%B8%B1%E0%B8%9A-%E0%B8%82%E0%B8%B2%E0%B8%A2?type=used&page_number=44&page_size=26","2019 Honda ACCORD 1.5 (ปี 19-23) Turbo EL Sedan","719,000 บาท","2019 Honda ACCORD 1.5 Turbo EL Sedan รถสวย อุปกรณ์ครบ คู่มือ กุญแจสำรอง ราคา 719,000 บาท ...","90 - 95K กม.","กรุงเทพมหานคร","Honda ACCORD","มือสอง","เกียร์อัตโนมัติ"
"1786479440-807","https://www.one2car.com/%E0%B8%A3%E0%B8%96%E0%B8%A1%E0%B8%B7%E0%B8%AD%E0%B8%AA%E0%B8%AD%E0%B8%87-%E0%B8%AA%E0%B8%B3%E0%B8%AB%E0%B8%A3%E0%B8%B1%E0%B8%9A-%E0%B8%82%E0%B8%B2%E0%B8%A2","https://www.one2car.com/%E0%B8%A3%E0%B8%96-%E0%B8%AA%E0%B8%B3%E0%B8%AB%E0%B8%A3%E0%B8%B1%E0%B8%9A-%E0%B8%82%E0%B8%B2%E0%B8%A2?type=used&page_number=44&page_size=26","2020 Mitsubishi Xpander Cross 1.5 (ปี 20-23) Wagon","410,000 บาท","Accident Free Tire in Good Condition Just Complete Service Excellent Condition","120 - 125K กม.","กรุงเทพมหานคร","","มือสอง","เกียร์อัตโนมัติ"
"1786479440-808","https://www.one2car.com/%E0%B8%A3%E0%B8%96%E0%B8%A1%E0%B8%B7%E0%B8%AD%E0%B8%AA%E0%B8%AD%E0%B8%87-%E0%B8%AA%E0%B8%B3%E0%B8%AB%E0%B8%A3%E0%B8%B1%E0%B8%9A-%E0%B8%82%E0%B8%B2%E0%B8%A2","https://www.one2car.com/%E0%B8%A3%E0%B8%96-%E0%B8%AA%E0%B8%B3%E0%B8%AB%E0%B8%A3%E0%B8%B1%E0%B8%9A-%E0%B8%82%E0%B8%B2%E0%B8%A2?type=used&page_number=44&page_size=26","2016 Honda ACCORD 2.0 (ปี 13-19) E Sedan","489,000 บาท","2016 Honda ACCORD 2.0 E Sedan รถสวย อุปกรณ์ครบ บุ๊ค คู่มือ กุญแจสำรอง ราคา 489,000 บาท ...","75 - 80K กม.","กรุงเทพมหานคร","Honda ACCORD","มือสอง","เกียร์อัตโนมัติ"
"1786479440-809","https://www.one2car.com/%E0%B8%A3%E0%B8%96%E0%B8%A1%E0%B8%B7%E0%B8%AD%E0%B8%AA%E0%B8%AD%E0%B8%87-%E0%B8%AA%E0%B8%B3%E0%B8%AB%E0%B8%A3%E0%B8%B1%E0%B8%9A-%E0%B8%82%E0%B8%B2%E0%B8%A2","https://www.one2car.com/%E0%B8%A3%E0%B8%96-%E0%B8%AA%E0%B8%B3%E0%B8%AB%E0%B8%A3%E0%B8%B1%E0%B8%9A-%E0%B8%82%E0%B8%B2%E0%B8%A2?type=used&page_number=44&page_size=26","2022 Suzuki SWIFT 1.2 (ปี 18-25) GL Plus Hatchback","359,000 บาท","#รับประกัน35000กิโลเมตร #ประหยัดจากป้ายแดงไป2แสนหนึ่งหมื่นสามพันบาท ✨ ผ่อนแค่ 6,XXX / ...","77583 กม.","กรุงเทพมหานคร","Suzuki SWIFT","มือสอง","เกียร์อัตโนมัติ"
"1786479440-810","https://www.one2car.com/%E0%B8%A3%E0%B8%96%E0%B8%A1%E0%B8%B7%E0%B8%AD%E0%B8%AA%E0%B8%AD%E0%B8%87-%E0%B8%AA%E0%B8%B3%E0%B8%AB%E0%B8%A3%E0%B8%B1%E0%B8%9A-%E0%B8%82%E0%B8%B2%E0%B8%A2","https://www.one2car.com/%E0%B8%A3%E0%B8%96-%E0%B8%AA%E0%B8%B3%E0%B8%AB%E0%B8%A3%E0%B8%B1%E0%B8%9A-%E0%B8%82%E0%B8%B2%E0%B8%A2?type=used&page_number=44&page_size=26","2024 Honda HR-V 1.5 (ปี 22-28) e:HEV EL SUV - e HEV EL AT ...","765,000 บาท","2024 Honda HR-V e:HEV EL - รถอยู่ในสภาพดีอย่างแน่นอน ได้รับการดูแลเป็นอย่างดีและให้บริการท ...","25 - 30K กม.","กรุงเทพมหานคร","Honda HR-V","มือสอง","เกียร์อัตโนมัติ"
"1786479440-811","https://www.one2car.com/%E0%B8%A3%E0%B8%96%E0%B8%A1%E0%B8%B7%E0%B8%AD%E0%B8%AA%E0%B8%AD%E0%B8%87-%E0%B8%AA%E0%B8%B3%E0%B8%AB%E0%B8%A3%E0%B8%B1%E0%B8%9A-%E0%B8%82%E0%B8%B2%E0%B8%A2","https://www.one2car.com/%E0%B8%A3%E0%B8%96-%E0%B8%AA%E0%B8%B3%E0%B8%AB%E0%B8%A3%E0%B8%B1%E0%B8%9A-%E0%B8%82%E0%B8%B2%E0%B8%A2?type=used&page_number=44&page_size=26","2022 Mitsubishi PAJERO SPORT 2.4 (ปี 19-25) GT Plus SUV   ...","679,000 บาท","#รับประกัน35000กิโลเมตร #ประหยัดจากป้ายแดงไป6แสนเจ็ดหมื่นห้าพันบาท ✨ ผ่อนแค่ 11,XXX / ...","85279 กม.","กรุงเทพมหานคร","Mitsubishi PAJERO SPORT","มือสอง","เกียร์อัตโนมัติ"
"1786479440-812","https://www.one2car.com/%E0%B8%A3%E0%B8%96%E0%B8%A1%E0%B8%B7%E0%B8%AD%E0%B8%AA%E0%B8%AD%E0%B8%87-%E0%B8%AA%E0%B8%B3%E0%B8%AB%E0%B8%A3%E0%B8%B1%E0%B8%9A-%E0%B8%82%E0%B8%B2%E0%B8%A2","https://www.one2car.com/%E0%B8%A3%E0%B8%96-%E0%B8%AA%E0%B8%B3%E0%B8%AB%E0%B8%A3%E0%B8%B1%E0%B8%9A-%E0%B8%82%E0%B8%B2%E0%B8%A2?type=used&page_number=44&page_size=26","2022 Ford EVEREST 2.0 (ปี 15-22) Titanium+ SUV - Titanium ...","799,000 บาท","#รับประกัน35000กิโลเมตร #ประหยัดจากป้ายแดงไป8แสนบาท ✨ ผ่อนแค่ 13,XXX / เดือน ✨ ...","89147 กม.","กรุงเทพมหานคร","Ford EVEREST","มือสอง","เกียร์อัตโนมัติ"
"1786479445-813","https://www.one2car.com/%E0%B8%A3%E0%B8%96%E0%B8%A1%E0%B8%B7%E0%B8%AD%E0%B8%AA%E0%B8%AD%E0%B8%87-%E0%B8%AA%E0%B8%B3%E0%B8%AB%E0%B8%A3%E0%B8%B1%E0%B8%9A-%E0%B8%82%E0%B8%B2%E0%B8%A2","https://www.one2car.com/%E0%B8%A3%E0%B8%96-%E0%B8%AA%E0%B8%B3%E0%B8%AB%E0%B8%A3%E0%B8%B1%E0%B8%9A-%E0%B8%82%E0%B8%B2%E0%B8%A2?type=used&page_number=45&page_size=26","2023 Ford RANGER 2.0 Double Cab (ปี 22-28) Stormtrak Hi-Ri...","779,000 บาท","#รับประกัน35000กิโลเมตร #ประหยัดจากป้ายแดงไป4แสนห้าพันบาท ✨ ผ่อนแค่ 14,XXX / เดือน ✨ ...","79154 กม.","กรุงเทพมหานคร","Ford RANGER","มือสอง","เกียร์อัตโนมัติ"
"1786479445-814","https://www.one2car.com/%E0%B8%A3%E0%B8%96%E0%B8%A1%E0%B8%B7%E0%B8%AD%E0%B8%AA%E0%B8%AD%E0%B8%87-%E0%B8%AA%E0%B8%B3%E0%B8%AB%E0%B8%A3%E0%B8%B1%E0%B8%9A-%E0%B8%82%E0%B8%B2%E0%B8%A2","https://www.one2car.com/%E0%B8%A3%E0%B8%96-%E0%B8%AA%E0%B8%B3%E0%B8%AB%E0%B8%A3%E0%B8%B1%E0%B8%9A-%E0%B8%82%E0%B8%B2%E0%B8%A2?type=used&page_number=45&page_size=26","2023 Isuzu D-MAX 1.9 Cab-4 (ปี 19-26) Hi-Lander M Pickup  ...","699,000 บาท","#รับประกัน35000กิโลเมตร #ประหยัดจากป้ายแดงไป3แสนสามหมื่นสี่พันบาท ✨ ผ่อนแค่ 11,XXX / ...","93536 กม.","กรุงเทพมหานคร","Isuzu D-MAX","มือสอง","เกียร์อัตโนมัติ"
"1786479445-815","https://www.one2car.com/%E0%B8%A3%E0%B8%96%E0%B8%A1%E0%B8%B7%E0%B8%AD%E0%B8%AA%E0%B8%AD%E0%B8%87-%E0%B8%AA%E0%B8%B3%E0%B8%AB%E0%B8%A3%E0%B8%B1%E0%B8%9A-%E0%B8%82%E0%B8%B2%E0%B8%A2","https://www.one2car.com/%E0%B8%A3%E0%B8%96-%E0%B8%AA%E0%B8%B3%E0%B8%AB%E0%B8%A3%E0%B8%B1%E0%B8%9A-%E0%B8%82%E0%B8%B2%E0%B8%A2?type=used&page_number=45&page_size=26","2020 Toyota Corolla Altis 1.8 (ปี 19-25) Hybrid Entry Seda...","459,000 บาท","#รับประกัน35000กิโลเมตร #ประหยัดจากป้ายแดงไป4แสนสองหมื่นบาท ✨ ผ่อนแค่ 7,XXX / เดือน ✨ ...","133000 กม.","กรุงเทพมหานคร","Toyota Corolla Altis","มือสอง","เกียร์อัตโนมัติ"
"1786479445-816","https://www.one2car.com/%E0%B8%A3%E0%B8%96%E0%B8%A1%E0%B8%B7%E0%B8%AD%E0%B8%AA%E0%B8%AD%E0%B8%87-%E0%B8%AA%E0%B8%B3%E0%B8%AB%E0%B8%A3%E0%B8%B1%E0%B8%9A-%E0%B8%82%E0%B8%B2%E0%B8%A2","https://www.one2car.com/%E0%B8%A3%E0%B8%96-%E0%B8%AA%E0%B8%B3%E0%B8%AB%E0%B8%A3%E0%B8%B1%E0%B8%9A-%E0%B8%82%E0%B8%B2%E0%B8%A2?type=used&page_number=45&page_size=26","2020 Honda CR-V 2.4 (ปี 17-21) S SUV","535,000 บาท","#รับประกัน35000กิโลเมตร #ประหยัดจากป้ายแดงไป8แสนสองหมื่นสี่พันบาท ✨ ผ่อนแค่ 8,XXX / เดือน ...","81827 กม.","กรุงเทพมหานคร","Honda CR-V","มือสอง","เกียร์อัตโนมัติ"
"1786479445-817","https://www.one2car.com/%E0%B8%A3%E0%B8%96%E0%B8%A1%E0%B8%B7%E0%B8%AD%E0%B8%AA%E0%B8%AD%E0%B8%87-%E0%B8%AA%E0%B8%B3%E0%B8%AB%E0%B8%A3%E0%B8%B1%E0%B8%9A-%E0%B8%82%E0%B8%B2%E0%B8%A2","https://www.one2car.com/%E0%B8%A3%E0%B8%96-%E0%B8%AA%E0%B8%B3%E0%B8%AB%E0%B8%A3%E0%B8%B1%E0%B8%9A-%E0%B8%82%E0%B8%B2%E0%B8%A2?type=used&page_number=45&page_size=26","2022 Toyota HILUX REVO 2.4 Double Cab Prerunner Mid Pickup...","639,000 บาท","#รับประกัน35000กิโลเมตร #ประหยัดจากป้ายแดงไป2แสนสามหมื่นห้าพันบาท ✨ ผ่อนแค่ 10,XXX / ...","79513 กม.","กรุงเทพมหานคร","Toyota HILUX REVO","มือสอง","เกียร์อัตโนมัติ"
"1786479445-818","https://www.one2car.com/%E0%B8%A3%E0%B8%96%E0%B8%A1%E0%B8%B7%E0%B8%AD%E0%B8%AA%E0%B8%AD%E0%B8%87-%E0%B8%AA%E0%B8%B3%E0%B8%AB%E0%B8%A3%E0%B8%B1%E0%B8%9A-%E0%B8%82%E0%B8%B2%E0%B8%A2","https://www.one2car.com/%E0%B8%A3%E0%B8%96-%E0%B8%AA%E0%B8%B3%E0%B8%AB%E0%B8%A3%E0%B8%B1%E0%B8%9A-%E0%B8%82%E0%B8%B2%E0%B8%A2?type=used&page_number=45&page_size=26","2022 Isuzu D-MAX 1.9 Cab-4 (ปี 19-26) Hi-Lander L DA Picku...","579,000 บาท","#รับประกัน35000กิโลเมตร #ประหยัดจากป้ายแดงไป2แสนสามหมื่นหกพันบาท ✨ ผ่อนแค่ 10,XXX / เดือน ...","42784 กม.","กรุงเทพมหานคร","Isuzu D-MAX","มือสอง","เกียร์อัตโนมัติ"
"1786479445-819","https://www.one2car.com/%E0%B8%A3%E0%B8%96%E0%B8%A1%E0%B8%B7%E0%B8%AD%E0%B8%AA%E0%B8%AD%E0%B8%87-%E0%B8%AA%E0%B8%B3%E0%B8%AB%E0%B8%A3%E0%B8%B1%E0%B8%9A-%E0%B8%82%E0%B8%B2%E0%B8%A2","https://www.one2car.com/%E0%B8%A3%E0%B8%96-%E0%B8%AA%E0%B8%B3%E0%B8%AB%E0%B8%A3%E0%B8%B1%E0%B8%9A-%E0%B8%82%E0%B8%B2%E0%B8%A2?type=used&page_number=45&page_size=26","2019 MG MG3 1.5 (ปี 18-22) V Hatchback - 3 AT","150,000 บาท","สภาพเหมือนป้ายแดง ผู้หญิงใช้แค่ 88,000 โลไมล์แท้ใช้ น้อยมาก มี Sunroof จอled ...","88000 กม.","กรุงเทพมหานคร","","มือสอง","เกียร์อัตโนมัติ"
"1786479445-820","https://www.one2car.com/%E0%B8%A3%E0%B8%96%E0%B8%A1%E0%B8%B7%E0%B8%AD%E0%B8%AA%E0%B8%AD%E0%B8%87-%E0%B8%AA%E0%B8%B3%E0%B8%AB%E0%B8%A3%E0%B8%B1%E0%B8%9A-%E0%B8%82%E0%B8%B2%E0%B8%A2","https://www.one2car.com/%E0%B8%A3%E0%B8%96-%E0%B8%AA%E0%B8%B3%E0%B8%AB%E0%B8%A3%E0%B8%B1%E0%B8%9A-%E0%B8%82%E0%B8%B2%E0%B8%A2?type=used&page_number=45&page_size=26","2019 Isuzu MU-X 1.9 (ปี 13-19) DVD Navi DA SUV","599,000 บาท","NEW ARRIVAL !!!! รถสวยเข้าใหม่ครับ !!!! 😍 ISUZU MUX 1.9 DVD NAVI 2019 😍 👍 รถมือเดียว ...","180000 กม.","ขอนแก่น","Isuzu MU-X","มือสอง","เกียร์อัตโนมัติ"
"1786479445-821","https://www.one2car.com/%E0%B8%A3%E0%B8%96%E0%B8%A1%E0%B8%B7%E0%B8%AD%E0%B8%AA%E0%B8%AD%E0%B8%87-%E0%B8%AA%E0%B8%B3%E0%B8%AB%E0%B8%A3%E0%B8%B1%E0%B8%9A-%E0%B8%82%E0%B8%B2%E0%B8%A2","https://www.one2car.com/%E0%B8%A3%E0%B8%96-%E0%B8%AA%E0%B8%B3%E0%B8%AB%E0%B8%A3%E0%B8%B1%E0%B8%9A-%E0%B8%82%E0%B8%B2%E0%B8%A2?type=used&page_number=45&page_size=26","2019 Toyota CAMRY 2.5 (ปี 18-24) G Sedan","659,000 บาท","#รับประกัน35000กิโลเมตร #ประหยัดจากป้ายแดงไป9แสนสองหมื่นบาท ✨ ผ่อนแค่ 11,XXX / เดือน ✨ ...","155121 กม.","กรุงเทพมหานคร","Toyota CAMRY","มือสอง","เกียร์อัตโนมัติ"
"1786479445-822","https://www.one2car.com/%E0%B8%A3%E0%B8%96%E0%B8%A1%E0%B8%B7%E0%B8%AD%E0%B8%AA%E0%B8%AD%E0%B8%87-%E0%B8%AA%E0%B8%B3%E0%B8%AB%E0%B8%A3%E0%B8%B1%E0%B8%9A-%E0%B8%82%E0%B8%B2%E0%B8%A2","https://www.one2car.com/%E0%B8%A3%E0%B8%96-%E0%B8%AA%E0%B8%B3%E0%B8%AB%E0%B8%A3%E0%B8%B1%E0%B8%9A-%E0%B8%82%E0%B8%B2%E0%B8%A2?type=used&page_number=45&page_size=26","2021 Mazda CX-30 2.0 (ปี 20-26) SP SUV","528,000 บาท","NEW ARRIVAL !!!! รถสวยเข้าใหม่ครับ !!!! 😍 MAZDA CX30 2.0SP รุ่น TOP 2021 😍 👍 ...","98000 กม.","ขอนแก่น","","มือสอง","เกียร์อัตโนมัติ"
"1786479445-823","https://www.one2car.com/%E0%B8%A3%E0%B8%96%E0%B8%A1%E0%B8%B7%E0%B8%AD%E0%B8%AA%E0%B8%AD%E0%B8%87-%E0%B8%AA%E0%B8%B3%E0%B8%AB%E0%B8%A3%E0%B8%B1%E0%B8%9A-%E0%B8%82%E0%B8%B2%E0%B8%A2","https://www.one2car.com/%E0%B8%A3%E0%B8%96-%E0%B8%AA%E0%B8%B3%E0%B8%AB%E0%B8%A3%E0%B8%B1%E0%B8%9A-%E0%B8%82%E0%B8%B2%E0%B8%A2?type=used&page_number=45&page_size=26","2019 Toyota C-HR 1.8 (ปี 17-23) Mid SUV","458,000 บาท","🎉 NEW ARRIVAL !!!! รถสวยเข้าใหม่ครับ !!!! 🎉 😍 TOYOTA CHR 1.8 MID 2019 😍 👍 ...","99000 กม.","ขอนแก่น","Toyota C-HR","มือสอง","เกียร์อัตโนมัติ"
"1786479445-824","https://www.one2car.com/%E0%B8%A3%E0%B8%96%E0%B8%A1%E0%B8%B7%E0%B8%AD%E0%B8%AA%E0%B8%AD%E0%B8%87-%E0%B8%AA%E0%B8%B3%E0%B8%AB%E0%B8%A3%E0%B8%B1%E0%B8%9A-%E0%B8%82%E0%B8%B2%E0%B8%A2","https://www.one2car.com/%E0%B8%A3%E0%B8%96-%E0%B8%AA%E0%B8%B3%E0%B8%AB%E0%B8%A3%E0%B8%B1%E0%B8%9A-%E0%B8%82%E0%B8%B2%E0%B8%A2?type=used&page_number=45&page_size=26","2019 Toyota Yaris Ativ 1.2 (ปี 17-22) G Sedan","314,000 บาท","🎉 NEW ARRIVAL !!!! รถสวยเข้าใหม่ครับ !!!! 🎉 🥰 TOYOTA YARIS ATIV 1.2G 2019 🥰 👍 ...","50000 กม.","ขอนแก่น","Toyota Yaris Ativ","มือสอง","เกียร์อัตโนมัติ"
"1786479445-825","https://www.one2car.com/%E0%B8%A3%E0%B8%96%E0%B8%A1%E0%B8%B7%E0%B8%AD%E0%B8%AA%E0%B8%AD%E0%B8%87-%E0%B8%AA%E0%B8%B3%E0%B8%AB%E0%B8%A3%E0%B8%B1%E0%B8%9A-%E0%B8%82%E0%B8%B2%E0%B8%A2","https://www.one2car.com/%E0%B8%A3%E0%B8%96-%E0%B8%AA%E0%B8%B3%E0%B8%AB%E0%B8%A3%E0%B8%B1%E0%B8%9A-%E0%B8%82%E0%B8%B2%E0%B8%A2?type=used&page_number=45&page_size=26","2017 BMW 320d 2.0 F30 (ปี 11-16) Luxury Sedan","539,000 บาท","🎉 NEW ARRIVAL !!!! รถสวยเข้าใหม่ครับ !!!! 🎉 😍 BMW SERIES 3 320D LCI 2017 😍 👍 ...","100000 กม.","ขอนแก่น","BMW 320d","มือสอง","เกียร์อัตโนมัติ"
"1786479445-826","https://www.one2car.com/%E0%B8%A3%E0%B8%96%E0%B8%A1%E0%B8%B7%E0%B8%AD%E0%B8%AA%E0%B8%AD%E0%B8%87-%E0%B8%AA%E0%B8%B3%E0%B8%AB%E0%B8%A3%E0%B8%B1%E0%B8%9A-%E0%B8%82%E0%B8%B2%E0%B8%A2","https://www.one2car.com/%E0%B8%A3%E0%B8%96-%E0%B8%AA%E0%B8%B3%E0%B8%AB%E0%B8%A3%E0%B8%B1%E0%B8%9A-%E0%B8%82%E0%B8%B2%E0%B8%A2?type=used&page_number=45&page_size=26","2024 Toyota Yaris Ativ 1.2 (ปี 22-28) Premium Luxury Sedan...","508,000 บาท","🎉 NEW ARRIVAL !!!! รถสวยเข้าใหม่ครับ !!!! 🎉 🥰 YARIS ATIV 1.2 PREMIUM LUXURY 2024 🥰 👍 ...","30000 กม.","ขอนแก่น","Toyota Yaris Ativ","มือสอง","เกียร์อัตโนมัติ"
"1786479445-827","https://www.one2car.com/%E0%B8%A3%E0%B8%96%E0%B8%A1%E0%B8%B7%E0%B8%AD%E0%B8%AA%E0%B8%AD%E0%B8%87-%E0%B8%AA%E0%B8%B3%E0%B8%AB%E0%B8%A3%E0%B8%B1%E0%B8%9A-%E0%B8%82%E0%B8%B2%E0%B8%A2","https://www.one2car.com/%E0%B8%A3%E0%B8%96-%E0%B8%AA%E0%B8%B3%E0%B8%AB%E0%B8%A3%E0%B8%B1%E0%B8%9A-%E0%B8%82%E0%B8%B2%E0%B8%A2?type=used&page_number=45&page_size=26","2016 BMW X1 2.0 E84 (ปี 09-15) sDrive18i xLine SUV","399,000 บาท","🎉 NEW ARRIVAL !!!! รถสวยเข้าใหม่ครับ !!!! 🎉 😍 BMW X1 XLINE E84 LCI 2016 😍 👍 รถศูนย์ BMW ...","99000 กม.","ขอนแก่น","BMW X1","มือสอง","เกียร์อัตโนมัติ"
"1786479445-828","https://www.one2car.com/%E0%B8%A3%E0%B8%96%E0%B8%A1%E0%B8%B7%E0%B8%AD%E0%B8%AA%E0%B8%AD%E0%B8%87-%E0%B8%AA%E0%B8%B3%E0%B8%AB%E0%B8%A3%E0%B8%B1%E0%B8%9A-%E0%B8%82%E0%B8%B2%E0%B8%A2","https://www.one2car.com/%E0%B8%A3%E0%B8%96-%E0%B8%AA%E0%B8%B3%E0%B8%AB%E0%B8%A3%E0%B8%B1%E0%B8%9A-%E0%B8%82%E0%B8%B2%E0%B8%A2?type=used&page_number=45&page_size=26","2024 Toyota YARIS 1.2 (ปี 17-25) Sport Hatchback","419,000 บาท","#รับประกัน35000กิโลเมตร #ประหยัดจากป้ายแดงไป1แสนสามหมื่นบาท ✨ ผ่อนแค่ 7,XXX / เดือน ✨ ...","32072 กม.","กรุงเทพมหานคร","Toyota YARIS","มือสอง","เกียร์อัตโนมัติ"
"1786479445-829","https://www.one2car.com/%E0%B8%A3%E0%B8%96%E0%B8%A1%E0%B8%B7%E0%B8%AD%E0%B8%AA%E0%B8%AD%E0%B8%87-%E0%B8%AA%E0%B8%B3%E0%B8%AB%E0%B8%A3%E0%B8%B1%E0%B8%9A-%E0%B8%82%E0%B8%B2%E0%B8%A2","https://www.one2car.com/%E0%B8%A3%E0%B8%96-%E0%B8%AA%E0%B8%B3%E0%B8%AB%E0%B8%A3%E0%B8%B1%E0%B8%9A-%E0%B8%82%E0%B8%B2%E0%B8%A2?type=used&page_number=45&page_size=26","2021 Honda City 1.0 (ปี 19-26) V Sedan","347,000 บาท","🎉 NEW ARRIVAL !!!! รถสวยเข้าใหม่ครับ !!!! 🎉 😍 HONDA CITY 1.0 V TURBO 2021 😍 🌈 มาพร้อม ...","89000 กม.","ขอนแก่น","Honda City","มือสอง","เกียร์อัตโนมัติ"
"1786479445-830","https://www.one2car.com/%E0%B8%A3%E0%B8%96%E0%B8%A1%E0%B8%B7%E0%B8%AD%E0%B8%AA%E0%B8%AD%E0%B8%87-%E0%B8%AA%E0%B8%B3%E0%B8%AB%E0%B8%A3%E0%B8%B1%E0%B8%9A-%E0%B8%82%E0%B8%B2%E0%B8%A2","https://www.one2car.com/%E0%B8%A3%E0%B8%96-%E0%B8%AA%E0%B8%B3%E0%B8%AB%E0%B8%A3%E0%B8%B1%E0%B8%9A-%E0%B8%82%E0%B8%B2%E0%B8%A2?type=used&page_number=45&page_size=26","2017 BMW X1 1.5 F48 (ปี 16-20) sDrive18i xLine SUV","509,000 บาท","🎉 NEW ARRIVAL !!!! รถสวยเข้าใหม่ครับ !!!! 🎉 😍 BMW X1 F48 2017 😍 👍 รถออกศูนย์ BMW THAILAND ...","100000 กม.","ขอนแก่น","BMW X1","มือสอง","เกียร์อัตโนมัติ"
"1786479445-831","https://www.one2car.com/%E0%B8%A3%E0%B8%96%E0%B8%A1%E0%B8%B7%E0%B8%AD%E0%B8%AA%E0%B8%AD%E0%B8%87-%E0%B8%AA%E0%B8%B3%E0%B8%AB%E0%B8%A3%E0%B8%B1%E0%B8%9A-%E0%B8%82%E0%B8%B2%E0%B8%A2","https://www.one2car.com/%E0%B8%A3%E0%B8%96-%E0%B8%AA%E0%B8%B3%E0%B8%AB%E0%B8%A3%E0%B8%B1%E0%B8%9A-%E0%B8%82%E0%B8%B2%E0%B8%A2?type=used&page_number=45&page_size=26","2015 BMW 525d 2.0 F10 (ปี 10-16) M Sport Sedan","599,000 บาท","🎉 NEW ARRIVAL !!!! รถสวยเข้าใหม่ครับ !!!! 🎉 😍 BMW 525D MSPORT LCI 2015 😍 👍 รถออกศูนย์ BMW ...","180000 กม.","ขอนแก่น","","มือสอง","เกียร์อัตโนมัติ"
"1786479445-832","https://www.one2car.com/%E0%B8%A3%E0%B8%96%E0%B8%A1%E0%B8%B7%E0%B8%AD%E0%B8%AA%E0%B8%AD%E0%B8%87-%E0%B8%AA%E0%B8%B3%E0%B8%AB%E0%B8%A3%E0%B8%B1%E0%B8%9A-%E0%B8%82%E0%B8%B2%E0%B8%A2","https://www.one2car.com/%E0%B8%A3%E0%B8%96-%E0%B8%AA%E0%B8%B3%E0%B8%AB%E0%B8%A3%E0%B8%B1%E0%B8%9A-%E0%B8%82%E0%B8%B2%E0%B8%A2?type=used&page_number=45&page_size=26","2014 Toyota FORTUNER 3.0 (ปี 12-15) V SUV","462,000 บาท","🎉 NEW ARRIVAL !!!! รถสวยเข้าใหม่ครับ !!!! 🎉 😍 TOYOTA FORTUNER 3.0V 5 เกียร์ 2014 😍 👍 ...","200000 กม.","ขอนแก่น","Toyota FORTUNER","มือสอง","เกียร์อัตโนมัติ"
"1786479445-833","https://www.one2car.com/%E0%B8%A3%E0%B8%96%E0%B8%A1%E0%B8%B7%E0%B8%AD%E0%B8%AA%E0%B8%AD%E0%B8%87-%E0%B8%AA%E0%B8%B3%E0%B8%AB%E0%B8%A3%E0%B8%B1%E0%B8%9A-%E0%B8%82%E0%B8%B2%E0%B8%A2","https://www.one2car.com/%E0%B8%A3%E0%B8%96-%E0%B8%AA%E0%B8%B3%E0%B8%AB%E0%B8%A3%E0%B8%B1%E0%B8%9A-%E0%B8%82%E0%B8%B2%E0%B8%A2?type=used&page_number=45&page_size=26","2021 Mazda 2 1.3 (ปี 15-25) C Sports Hatchback","339,000 บาท","#รับประกัน35000กิโลเมตร #ประหยัดจากป้ายแดงไป2แสนห้าหมื่นเจ็ดพันบาท ✨ ผ่อนแค่ 5,XXX / ...","67106 กม.","กรุงเทพมหานคร","Mazda 2","มือสอง","เกียร์อัตโนมัติ"
"1786479445-834","https://www.one2car.com/%E0%B8%A3%E0%B8%96%E0%B8%A1%E0%B8%B7%E0%B8%AD%E0%B8%AA%E0%B8%AD%E0%B8%87-%E0%B8%AA%E0%B8%B3%E0%B8%AB%E0%B8%A3%E0%B8%B1%E0%B8%9A-%E0%B8%82%E0%B8%B2%E0%B8%A2","https://www.one2car.com/%E0%B8%A3%E0%B8%96-%E0%B8%AA%E0%B8%B3%E0%B8%AB%E0%B8%A3%E0%B8%B1%E0%B8%9A-%E0%B8%82%E0%B8%B2%E0%B8%A2?type=used&page_number=45&page_size=26","2019 Mazda CX-5 2.0 (ปี 17-26) SP SUV","529,000 บาท","NEW ARRIVAL !!!! รถสวยเข้าใหม่ครับ !!!! 😍 MAZDA CX5 2.0SP 2019 😍 👍 รถมือเดียวออกป้ายแดง 👍 ...","90000 กม.","ขอนแก่น","Mazda CX-5","มือสอง","เกียร์อัตโนมัติ"
"1786479445-835","https://www.one2car.com/%E0%B8%A3%E0%B8%96%E0%B8%A1%E0%B8%B7%E0%B8%AD%E0%B8%AA%E0%B8%AD%E0%B8%87-%E0%B8%AA%E0%B8%B3%E0%B8%AB%E0%B8%A3%E0%B8%B1%E0%B8%9A-%E0%B8%82%E0%B8%B2%E0%B8%A2","https://www.one2car.com/%E0%B8%A3%E0%B8%96-%E0%B8%AA%E0%B8%B3%E0%B8%AB%E0%B8%A3%E0%B8%B1%E0%B8%9A-%E0%B8%82%E0%B8%B2%E0%B8%A2?type=used&page_number=45&page_size=26","2023 Honda CIVIC 2.0 FE (ปี 21-26) e:HEV EL+ Sedan - e HEV...","779,000 บาท","#รับประกัน35000กิโลเมตร #ประหยัดจากป้ายแดงไป3แสนสามหมื่นบาท ✨ ผ่อนแค่ 13,XXX / เดือน ✨ ...","82145 กม.","กรุงเทพมหานคร","Honda CIVIC","มือสอง","เกียร์อัตโนมัติ"
"1786479445-836","https://www.one2car.com/%E0%B8%A3%E0%B8%96%E0%B8%A1%E0%B8%B7%E0%B8%AD%E0%B8%AA%E0%B8%AD%E0%B8%87-%E0%B8%AA%E0%B8%B3%E0%B8%AB%E0%B8%A3%E0%B8%B1%E0%B8%9A-%E0%B8%82%E0%B8%B2%E0%B8%A2","https://www.one2car.com/%E0%B8%A3%E0%B8%96-%E0%B8%AA%E0%B8%B3%E0%B8%AB%E0%B8%A3%E0%B8%B1%E0%B8%9A-%E0%B8%82%E0%B8%B2%E0%B8%A2?type=used&page_number=45&page_size=26","2018 Toyota C-HR 1.8 (ปี 17-23) HV Hi SUV","499,000 บาท","#รับประกัน35000กิโลเมตร #ประหยัดจากป้ายแดงไป6แสนหกหมื่นบาท ✨ ผ่อนแค่ 8,XXX / เดือน ✨ ...","90001 กม.","กรุงเทพมหานคร","Toyota C-HR","มือสอง","เกียร์อัตโนมัติ"
"1786479445-837","https://www.one2car.com/%E0%B8%A3%E0%B8%96%E0%B8%A1%E0%B8%B7%E0%B8%AD%E0%B8%AA%E0%B8%AD%E0%B8%87-%E0%B8%AA%E0%B8%B3%E0%B8%AB%E0%B8%A3%E0%B8%B1%E0%B8%9A-%E0%B8%82%E0%B8%B2%E0%B8%A2","https://www.one2car.com/%E0%B8%A3%E0%B8%96-%E0%B8%AA%E0%B8%B3%E0%B8%AB%E0%B8%A3%E0%B8%B1%E0%B8%9A-%E0%B8%82%E0%B8%B2%E0%B8%A2?type=used&page_number=45&page_size=26","2022 Isuzu MU-X 1.9 (ปี 20-26) Active SUV","829,000 บาท","#รับประกัน35000กิโลเมตร #ประหยัดจากป้ายแดงไป2แสนเก้าหมื่นบาท ✨ ผ่อนแค่ 13,XXX / เดือน ✨ ...","58168 กม.","กรุงเทพมหานคร","Isuzu MU-X","มือสอง","เกียร์อัตโนมัติ"
"1786479445-838","https://www.one2car.com/%E0%B8%A3%E0%B8%96%E0%B8%A1%E0%B8%B7%E0%B8%AD%E0%B8%AA%E0%B8%AD%E0%B8%87-%E0%B8%AA%E0%B8%B3%E0%B8%AB%E0%B8%A3%E0%B8%B1%E0%B8%9A-%E0%B8%82%E0%B8%B2%E0%B8%A2","https://www.one2car.com/%E0%B8%A3%E0%B8%96-%E0%B8%AA%E0%B8%B3%E0%B8%AB%E0%B8%A3%E0%B8%B1%E0%B8%9A-%E0%B8%82%E0%B8%B2%E0%B8%A2?type=used&page_number=45&page_size=26","2018 Ford EVEREST 3.2 (ปี 15-22) Titanium+ SUV - Titanium ...","600,000 บาท","2018 Ford EVEREST 3.2 (ปี 15-22) Titanium+ 4WD SUV รถมือเดียว เจ้าของขายเอง","150 - 155K กม.","กรุงเทพมหานคร","Ford EVEREST","มือสอง","เกียร์อัตโนมัติ"
"1786479449-839","https://www.one2car.com/%E0%B8%A3%E0%B8%96%E0%B8%A1%E0%B8%B7%E0%B8%AD%E0%B8%AA%E0%B8%AD%E0%B8%87-%E0%B8%AA%E0%B8%B3%E0%B8%AB%E0%B8%A3%E0%B8%B1%E0%B8%9A-%E0%B8%82%E0%B8%B2%E0%B8%A2","https://www.one2car.com/%E0%B8%A3%E0%B8%96-%E0%B8%AA%E0%B8%B3%E0%B8%AB%E0%B8%A3%E0%B8%B1%E0%B8%9A-%E0%B8%82%E0%B8%B2%E0%B8%A2?type=used&page_number=46&page_size=26","2022 Honda CIVIC 1.5 FE (ปี 21-26) EL Sedan","619,000 บาท","HONDA CIVIC FE 1.5 TURBO ปี 2022 สีเทา เกียร์A/T 💸ราคา 619,000 บาท💸 ...","90 - 95K กม.","กรุงเทพมหานคร","Honda CIVIC","มือสอง","เกียร์อัตโนมัติ"
"1786479449-840","https://www.one2car.com/%E0%B8%A3%E0%B8%96%E0%B8%A1%E0%B8%B7%E0%B8%AD%E0%B8%AA%E0%B8%AD%E0%B8%87-%E0%B8%AA%E0%B8%B3%E0%B8%AB%E0%B8%A3%E0%B8%B1%E0%B8%9A-%E0%B8%82%E0%B8%B2%E0%B8%A2","https://www.one2car.com/%E0%B8%A3%E0%B8%96-%E0%B8%AA%E0%B8%B3%E0%B8%AB%E0%B8%A3%E0%B8%B1%E0%B8%9A-%E0%B8%82%E0%B8%B2%E0%B8%A2?type=used&page_number=46&page_size=26","2017 Toyota SIENTA 1.5 (ปี 16-23) V Wagon","399,000 บาท","😀 ราคา 399,000 บาท😀 TOYOTA SIENTA 1.5V รุ่น Top สุด ปี 2017 สีดำ พร้อมชุดแต่งรอบคัน ...","35 - 40K กม.","กรุงเทพมหานคร","Toyota SIENTA","มือสอง","เกียร์อัตโนมัติ"
"1786479449-841","https://www.one2car.com/%E0%B8%A3%E0%B8%96%E0%B8%A1%E0%B8%B7%E0%B8%AD%E0%B8%AA%E0%B8%AD%E0%B8%87-%E0%B8%AA%E0%B8%B3%E0%B8%AB%E0%B8%A3%E0%B8%B1%E0%B8%9A-%E0%B8%82%E0%B8%B2%E0%B8%A2","https://www.one2car.com/%E0%B8%A3%E0%B8%96-%E0%B8%AA%E0%B8%B3%E0%B8%AB%E0%B8%A3%E0%B8%B1%E0%B8%9A-%E0%B8%82%E0%B8%B2%E0%B8%A2?type=used&page_number=46&page_size=26","2011 Toyota YARIS 1.5 (ปี 06-13) E Hatchback","169,000 บาท","• รถสภาพดี ทั้งภายนอกและภายใน ดูแลรักษาอย่างดี • ไม่เคยเกิดอุบัติเหตุ • ...","170 - 175K กม.","เพชรบุรี","Toyota YARIS","มือสอง","เกียร์อัตโนมัติ"
"1786479449-842","https://www.one2car.com/%E0%B8%A3%E0%B8%96%E0%B8%A1%E0%B8%B7%E0%B8%AD%E0%B8%AA%E0%B8%AD%E0%B8%87-%E0%B8%AA%E0%B8%B3%E0%B8%AB%E0%B8%A3%E0%B8%B1%E0%B8%9A-%E0%B8%82%E0%B8%B2%E0%B8%A2","https://www.one2car.com/%E0%B8%A3%E0%B8%96-%E0%B8%AA%E0%B8%B3%E0%B8%AB%E0%B8%A3%E0%B8%B1%E0%B8%9A-%E0%B8%82%E0%B8%B2%E0%B8%A2?type=used&page_number=46&page_size=26","2023 Toyota Veloz 1.5 (ปี 22-30) Smart Wagon","557,000 บาท","🚗 ขายเอง! Toyota Veloz 1.5 Smart ปี 2023 (จดทะเบียน มี.ค. 2023) สีแดง — มือเดียวออกห้าง ...","100 - 105K กม.","กรุงเทพมหานคร","","มือสอง","เกียร์อัตโนมัติ"
"1786479449-843","https://www.one2car.com/%E0%B8%A3%E0%B8%96%E0%B8%A1%E0%B8%B7%E0%B8%AD%E0%B8%AA%E0%B8%AD%E0%B8%87-%E0%B8%AA%E0%B8%B3%E0%B8%AB%E0%B8%A3%E0%B8%B1%E0%B8%9A-%E0%B8%82%E0%B8%B2%E0%B8%A2","https://www.one2car.com/%E0%B8%A3%E0%B8%96-%E0%B8%AA%E0%B8%B3%E0%B8%AB%E0%B8%A3%E0%B8%B1%E0%B8%9A-%E0%B8%82%E0%B8%B2%E0%B8%A2?type=used&page_number=46&page_size=26","2024 DEEPAL S07 (ปี 23-30) SUV - 0.0","750,000 บาท","Deepal S07 (รุ่นแรก) เป็นรถยนต์ไฟฟ้าสไตล์ SUV ขนาดกลาง (C-SUV) ...","73500 กม.","กรุงเทพมหานคร","","มือสอง","เกียร์อัตโนมัติ"
"1786479449-844","https://www.one2car.com/%E0%B8%A3%E0%B8%96%E0%B8%A1%E0%B8%B7%E0%B8%AD%E0%B8%AA%E0%B8%AD%E0%B8%87-%E0%B8%AA%E0%B8%B3%E0%B8%AB%E0%B8%A3%E0%B8%B1%E0%B8%9A-%E0%B8%82%E0%B8%B2%E0%B8%A2","https://www.one2car.com/%E0%B8%A3%E0%B8%96-%E0%B8%AA%E0%B8%B3%E0%B8%AB%E0%B8%A3%E0%B8%B1%E0%B8%9A-%E0%B8%82%E0%B8%B2%E0%B8%A2?type=used&page_number=46&page_size=26","2022 Toyota YARIS 1.2 (ปี 17-25) Sport Hatchback","389,000 บาท","รถHatchback ผ่อนเริ่ม 6,xxx-./เดือน เครดิตดีฟรีดาวน์* รับประกัน 5 ปี ...","105 - 110K กม.","ชลบุรี","Toyota YARIS","มือสอง","เกียร์อัตโนมัติ"
"1786479449-845","https://www.one2car.com/%E0%B8%A3%E0%B8%96%E0%B8%A1%E0%B8%B7%E0%B8%AD%E0%B8%AA%E0%B8%AD%E0%B8%87-%E0%B8%AA%E0%B8%B3%E0%B8%AB%E0%B8%A3%E0%B8%B1%E0%B8%9A-%E0%B8%82%E0%B8%B2%E0%B8%A2","https://www.one2car.com/%E0%B8%A3%E0%B8%96-%E0%B8%AA%E0%B8%B3%E0%B8%AB%E0%B8%A3%E0%B8%B1%E0%B8%9A-%E0%B8%82%E0%B8%B2%E0%B8%A2?type=used&page_number=46&page_size=26","2019 Honda ACCORD 1.5 (ปี 19-23) Turbo EL Sedan","649,000 บาท","รถเก๋ง ผ่อนเริ่ม 11,xxx-./เดือน เครดิตดีฟรีดาวน์* รับประกัน 5 ปี มีรถให้ใช้ระหว่างซ่อม ...","111921 กม.","กรุงเทพมหานคร","Honda ACCORD","มือสอง","เกียร์อัตโนมัติ"
"1786479449-846","https://www.one2car.com/%E0%B8%A3%E0%B8%96%E0%B8%A1%E0%B8%B7%E0%B8%AD%E0%B8%AA%E0%B8%AD%E0%B8%87-%E0%B8%AA%E0%B8%B3%E0%B8%AB%E0%B8%A3%E0%B8%B1%E0%B8%9A-%E0%B8%82%E0%B8%B2%E0%B8%A2","https://www.one2car.com/%E0%B8%A3%E0%B8%96-%E0%B8%AA%E0%B8%B3%E0%B8%AB%E0%B8%A3%E0%B8%B1%E0%B8%9A-%E0%B8%82%E0%B8%B2%E0%B8%A2?type=used&page_number=46&page_size=26","2023 Isuzu MU-X 3.0 (ปี 20-26) Phantom Collection Ultimate...","1,179,000 บาท","🔸CARS X คัดมาให้แล้วรถสวยคุณภาพดี ISUZU MU-X 3.0 PHANTOM COLLECTION ULTIMATE 4WD สีเทา ...","20 - 25K กม.","กรุงเทพมหานคร","Isuzu MU-X","มือสอง","เกียร์อัตโนมัติ"
"1786479449-847","https://www.one2car.com/%E0%B8%A3%E0%B8%96%E0%B8%A1%E0%B8%B7%E0%B8%AD%E0%B8%AA%E0%B8%AD%E0%B8%87-%E0%B8%AA%E0%B8%B3%E0%B8%AB%E0%B8%A3%E0%B8%B1%E0%B8%9A-%E0%B8%82%E0%B8%B2%E0%B8%A2","https://www.one2car.com/%E0%B8%A3%E0%B8%96-%E0%B8%AA%E0%B8%B3%E0%B8%AB%E0%B8%A3%E0%B8%B1%E0%B8%9A-%E0%B8%82%E0%B8%B2%E0%B8%A2?type=used&page_number=46&page_size=26","2017 Toyota CAMRY 2.5 (ปี 12-18) G Sedan","519,000 บาท","ออกรถ 55 บาท ผ่อนเพียง 8,XXX **-. /เดือน ราคาพิเศษ 519,000 ราคากลาง : 565,000 ...","94156 กม.","ระยอง","Toyota CAMRY","มือสอง","เกียร์อัตโนมัติ"
"1786479449-848","https://www.one2car.com/%E0%B8%A3%E0%B8%96%E0%B8%A1%E0%B8%B7%E0%B8%AD%E0%B8%AA%E0%B8%AD%E0%B8%87-%E0%B8%AA%E0%B8%B3%E0%B8%AB%E0%B8%A3%E0%B8%B1%E0%B8%9A-%E0%B8%82%E0%B8%B2%E0%B8%A2","https://www.one2car.com/%E0%B8%A3%E0%B8%96-%E0%B8%AA%E0%B8%B3%E0%B8%AB%E0%B8%A3%E0%B8%B1%E0%B8%9A-%E0%B8%82%E0%B8%B2%E0%B8%A2?type=used&page_number=46&page_size=26","2020 Toyota HILUX REVO 2.8 Double Cab G Pickup - 4WD","759,000 บาท","รถกระบะ ผ่อนเริ่ม 13,xxx-./เดือน เครดิตดีฟรีดาวน์* รับประกัน 5 ปี มีรถให้ใช้ระหว่างซ่อม ...","95 - 100K กม.","ระยอง","Toyota HILUX REVO","มือสอง","เกียร์อัตโนมัติ"
"1786479449-849","https://www.one2car.com/%E0%B8%A3%E0%B8%96%E0%B8%A1%E0%B8%B7%E0%B8%AD%E0%B8%AA%E0%B8%AD%E0%B8%87-%E0%B8%AA%E0%B8%B3%E0%B8%AB%E0%B8%A3%E0%B8%B1%E0%B8%9A-%E0%B8%82%E0%B8%B2%E0%B8%A2","https://www.one2car.com/%E0%B8%A3%E0%B8%96-%E0%B8%AA%E0%B8%B3%E0%B8%AB%E0%B8%A3%E0%B8%B1%E0%B8%9A-%E0%B8%82%E0%B8%B2%E0%B8%A2?type=used&page_number=46&page_size=26","2020 Mazda CX-30 2.0 (ปี 20-26) SP SUV","589,000 บาท","รถ SUV ผ่อนเริ่ม 10,xxx-./เดือน เครดิตดีฟรีดาวน์* รับประกัน 5 ปี มีรถให้ใช้ระหว่างซ่อม ...","58281 กม.","นครปฐม","","มือสอง","เกียร์อัตโนมัติ"
"1786479449-850","https://www.one2car.com/%E0%B8%A3%E0%B8%96%E0%B8%A1%E0%B8%B7%E0%B8%AD%E0%B8%AA%E0%B8%AD%E0%B8%87-%E0%B8%AA%E0%B8%B3%E0%B8%AB%E0%B8%A3%E0%B8%B1%E0%B8%9A-%E0%B8%82%E0%B8%B2%E0%B8%A2","https://www.one2car.com/%E0%B8%A3%E0%B8%96-%E0%B8%AA%E0%B8%B3%E0%B8%AB%E0%B8%A3%E0%B8%B1%E0%B8%9A-%E0%B8%82%E0%B8%B2%E0%B8%A2?type=used&page_number=46&page_size=26","2022 Toyota HILUX REVO 2.4 Double Cab Mid Pickup - 4WD","489,000 บาท","ออกรถ 55 บาท ผ่อนเพียง 8,XXX **-. /เดือน ราคาพิเศษ 489,000 ราคากลาง : 540,000 ...","105384 กม.","ระยอง","Toyota HILUX REVO","มือสอง","เกียร์ธรรมดา"
"1786479449-851","https://www.one2car.com/%E0%B8%A3%E0%B8%96%E0%B8%A1%E0%B8%B7%E0%B8%AD%E0%B8%AA%E0%B8%AD%E0%B8%87-%E0%B8%AA%E0%B8%B3%E0%B8%AB%E0%B8%A3%E0%B8%B1%E0%B8%9A-%E0%B8%82%E0%B8%B2%E0%B8%A2","https://www.one2car.com/%E0%B8%A3%E0%B8%96-%E0%B8%AA%E0%B8%B3%E0%B8%AB%E0%B8%A3%E0%B8%B1%E0%B8%9A-%E0%B8%82%E0%B8%B2%E0%B8%A2?type=used&page_number=46&page_size=26","2025 Isuzu D-MAX 2.2 Cab-4 (ปี 19-26) Hi-Lander M Pickup  ...","869,000 บาท","รถปีใหม่ ไมล์น้อย ผ่อนเริ่ม 15,xxx-./เดือน เครดิตดีฟรีดาวน์* รับประกัน 5 ปี ...","10 - 15K กม.","นครปฐม","Isuzu D-MAX","มือสอง","เกียร์อัตโนมัติ"
"1786479449-852","https://www.one2car.com/%E0%B8%A3%E0%B8%96%E0%B8%A1%E0%B8%B7%E0%B8%AD%E0%B8%AA%E0%B8%AD%E0%B8%87-%E0%B8%AA%E0%B8%B3%E0%B8%AB%E0%B8%A3%E0%B8%B1%E0%B8%9A-%E0%B8%82%E0%B8%B2%E0%B8%A2","https://www.one2car.com/%E0%B8%A3%E0%B8%96-%E0%B8%AA%E0%B8%B3%E0%B8%AB%E0%B8%A3%E0%B8%B1%E0%B8%9A-%E0%B8%82%E0%B8%B2%E0%B8%A2?type=used&page_number=46&page_size=26","2021 Nissan ALMERA 1.0 (ปี 19-25) VL Sedan","369,000 บาท","รถเก๋ง ผ่อนเริ่ม 6,xxx-./เดือน เครดิตดีฟรีดาวน์* รับประกัน 5 ปี มีรถให้ใช้ระหว่างซ่อม ...","30 - 35K กม.","ระยอง","Nissan ALMERA","มือสอง","เกียร์อัตโนมัติ"
"1786479449-853","https://www.one2car.com/%E0%B8%A3%E0%B8%96%E0%B8%A1%E0%B8%B7%E0%B8%AD%E0%B8%AA%E0%B8%AD%E0%B8%87-%E0%B8%AA%E0%B8%B3%E0%B8%AB%E0%B8%A3%E0%B8%B1%E0%B8%9A-%E0%B8%82%E0%B8%B2%E0%B8%A2","https://www.one2car.com/%E0%B8%A3%E0%B8%96-%E0%B8%AA%E0%B8%B3%E0%B8%AB%E0%B8%A3%E0%B8%B1%E0%B8%9A-%E0%B8%82%E0%B8%B2%E0%B8%A2?type=used&page_number=46&page_size=26","2024 Honda City 1.5 (ปี 19-26) e:HEV RS Sedan - e HEV RS  ...","549,000 บาท","รถเก๋ง ผ่อนเริ่ม 9,xxx-./เดือน เครดิตดีฟรีดาวน์* รับประกัน 5 ปี มีรถให้ใช้ระหว่างซ่อม ...","15326 กม.","สมุทรปราการ","Honda City","มือสอง","เกียร์อัตโนมัติ"
"1786479449-854","https://www.one2car.com/%E0%B8%A3%E0%B8%96%E0%B8%A1%E0%B8%B7%E0%B8%AD%E0%B8%AA%E0%B8%AD%E0%B8%87-%E0%B8%AA%E0%B8%B3%E0%B8%AB%E0%B8%A3%E0%B8%B1%E0%B8%9A-%E0%B8%82%E0%B8%B2%E0%B8%A2","https://www.one2car.com/%E0%B8%A3%E0%B8%96-%E0%B8%AA%E0%B8%B3%E0%B8%AB%E0%B8%A3%E0%B8%B1%E0%B8%9A-%E0%B8%82%E0%B8%B2%E0%B8%A2?type=used&page_number=46&page_size=26","2020 Honda ACCORD 1.5 (ปี 19-23) Turbo EL Sedan","689,000 บาท","รถเก๋งระดับผู้บริหาร ผ่อนเริ่ม 11,xxx-./เดือน เครดิตดีฟรีดาวน์* รับประกัน 5 ปี ...","80 - 85K กม.","นครปฐม","Honda ACCORD","มือสอง","เกียร์อัตโนมัติ"
"1786479449-855","https://www.one2car.com/%E0%B8%A3%E0%B8%96%E0%B8%A1%E0%B8%B7%E0%B8%AD%E0%B8%AA%E0%B8%AD%E0%B8%87-%E0%B8%AA%E0%B8%B3%E0%B8%AB%E0%B8%A3%E0%B8%B1%E0%B8%9A-%E0%B8%82%E0%B8%B2%E0%B8%A2","https://www.one2car.com/%E0%B8%A3%E0%B8%96-%E0%B8%AA%E0%B8%B3%E0%B8%AB%E0%B8%A3%E0%B8%B1%E0%B8%9A-%E0%B8%82%E0%B8%B2%E0%B8%A2?type=used&page_number=46&page_size=26","2022 Honda City 1.5 (ปี 19-26) e:HEV RS Sedan - e HEV RS  ...","519,000 บาท","รถเก๋ง ผ่อนเริ่ม 8,xxx-./เดือน เครดิตดีฟรีดาวน์* รับประกัน 5 ปี มีรถให้ใช้ระหว่างซ่อม ...","95 - 100K กม.","นครปฐม","Honda City","มือสอง","เกียร์อัตโนมัติ"
"1786479449-856","https://www.one2car.com/%E0%B8%A3%E0%B8%96%E0%B8%A1%E0%B8%B7%E0%B8%AD%E0%B8%AA%E0%B8%AD%E0%B8%87-%E0%B8%AA%E0%B8%B3%E0%B8%AB%E0%B8%A3%E0%B8%B1%E0%B8%9A-%E0%B8%82%E0%B8%B2%E0%B8%A2","https://www.one2car.com/%E0%B8%A3%E0%B8%96-%E0%B8%AA%E0%B8%B3%E0%B8%AB%E0%B8%A3%E0%B8%B1%E0%B8%9A-%E0%B8%82%E0%B8%B2%E0%B8%A2?type=used&page_number=46&page_size=26","2024 Isuzu D-MAX 1.9 Cab-4 (ปี 19-26) Hi-Lander L DA Picku...","649,000 บาท","ออกรถ 55 บาท ผ่อนเพียง 11,XXX **-. /เดือน ราคาพิเศษ 649,000 ราคากลาง : 660,000 ...","28166 กม.","ชลบุรี","Isuzu D-MAX","มือสอง","เกียร์ธรรมดา"
"1786479449-857","https://www.one2car.com/%E0%B8%A3%E0%B8%96%E0%B8%A1%E0%B8%B7%E0%B8%AD%E0%B8%AA%E0%B8%AD%E0%B8%87-%E0%B8%AA%E0%B8%B3%E0%B8%AB%E0%B8%A3%E0%B8%B1%E0%B8%9A-%E0%B8%82%E0%B8%B2%E0%B8%A2","https://www.one2car.com/%E0%B8%A3%E0%B8%96-%E0%B8%AA%E0%B8%B3%E0%B8%AB%E0%B8%A3%E0%B8%B1%E0%B8%9A-%E0%B8%82%E0%B8%B2%E0%B8%A2?type=used&page_number=46&page_size=26","2017 BMW 320d 2.0 F34 (ปี 13-16) Gran Turismo M Sport Seda...","720,000 บาท","รถบ้าน สภาพดี ไม่มีการเกิดอุบัติเหตุ ไม่เคยเคลม100% รถออกต้นปี2018 พร้อมชุดแต่งM SPORT ...","168000 กม.","กรุงเทพมหานคร","BMW 320d","มือสอง","เกียร์อัตโนมัติ"
"1786479449-858","https://www.one2car.com/%E0%B8%A3%E0%B8%96%E0%B8%A1%E0%B8%B7%E0%B8%AD%E0%B8%AA%E0%B8%AD%E0%B8%87-%E0%B8%AA%E0%B8%B3%E0%B8%AB%E0%B8%A3%E0%B8%B1%E0%B8%9A-%E0%B8%82%E0%B8%B2%E0%B8%A2","https://www.one2car.com/%E0%B8%A3%E0%B8%96-%E0%B8%AA%E0%B8%B3%E0%B8%AB%E0%B8%A3%E0%B8%B1%E0%B8%9A-%E0%B8%82%E0%B8%B2%E0%B8%A2?type=used&page_number=46&page_size=26","2011 Mercedes-Benz S300 3.0 W221 (ปี 06-14) Sedan","535,000 บาท","2011 BENZ S300L W221 สีบรอนซ์เงิน เกียร์ออโต้ทิปโทนิคปรับที่พวงมาลัย Minor Change ...","95 - 100K กม.","กรุงเทพมหานคร","","มือสอง","เกียร์อัตโนมัติ"
"1786479449-859","https://www.one2car.com/%E0%B8%A3%E0%B8%96%E0%B8%A1%E0%B8%B7%E0%B8%AD%E0%B8%AA%E0%B8%AD%E0%B8%87-%E0%B8%AA%E0%B8%B3%E0%B8%AB%E0%B8%A3%E0%B8%B1%E0%B8%9A-%E0%B8%82%E0%B8%B2%E0%B8%A2","https://www.one2car.com/%E0%B8%A3%E0%B8%96-%E0%B8%AA%E0%B8%B3%E0%B8%AB%E0%B8%A3%E0%B8%B1%E0%B8%9A-%E0%B8%82%E0%B8%B2%E0%B8%A2?type=used&page_number=46&page_size=26","2019 Honda JAZZ 1.5 (ปี 14-22) RS Hatchback","399,000 บาท","ปี 2019 Honda JAZZ 1.5 RS Hatchback รถสวย อุปกรณ์ครบ คู่มือ กุญแจสำรอง ราคา 399,000 บาท ...","165 - 170K กม.","กรุงเทพมหานคร","Honda JAZZ","มือสอง","เกียร์อัตโนมัติ"
"1786479449-860","https://www.one2car.com/%E0%B8%A3%E0%B8%96%E0%B8%A1%E0%B8%B7%E0%B8%AD%E0%B8%AA%E0%B8%AD%E0%B8%87-%E0%B8%AA%E0%B8%B3%E0%B8%AB%E0%B8%A3%E0%B8%B1%E0%B8%9A-%E0%B8%82%E0%B8%B2%E0%B8%A2","https://www.one2car.com/%E0%B8%A3%E0%B8%96-%E0%B8%AA%E0%B8%B3%E0%B8%AB%E0%B8%A3%E0%B8%B1%E0%B8%9A-%E0%B8%82%E0%B8%B2%E0%B8%A2?type=used&page_number=46&page_size=26","1995 Mercedes-Benz S280 2.8 W140 (ปี 91-98) Sedan","178,000 บาท","1995 BENZ S280 W140 Option 500 สีขาวมุก เกียร์ออโต้ 5 speed airbag abs ...","130 - 135K กม.","กรุงเทพมหานคร","","มือสอง","เกียร์อัตโนมัติ"
"1786479449-861","https://www.one2car.com/%E0%B8%A3%E0%B8%96%E0%B8%A1%E0%B8%B7%E0%B8%AD%E0%B8%AA%E0%B8%AD%E0%B8%87-%E0%B8%AA%E0%B8%B3%E0%B8%AB%E0%B8%A3%E0%B8%B1%E0%B8%9A-%E0%B8%82%E0%B8%B2%E0%B8%A2","https://www.one2car.com/%E0%B8%A3%E0%B8%96-%E0%B8%AA%E0%B8%B3%E0%B8%AB%E0%B8%A3%E0%B8%B1%E0%B8%9A-%E0%B8%82%E0%B8%B2%E0%B8%A2?type=used&page_number=46&page_size=26","2005 Mercedes-Benz E200 Kompressor 1.8 W211 (ปี 03-09) Ava...","178,000 บาท","ปี2005 Benz E200 Compressor สีเทา เกียร์ออโต้ airbag ABS เบาะหนังปรับไฟฟ้าเมมโมรี่ ...","220 - 225K กม.","กรุงเทพมหานคร","Mercedes-Benz E200 Kompressor","มือสอง","เกียร์อัตโนมัติ"
"1786479449-862","https://www.one2car.com/%E0%B8%A3%E0%B8%96%E0%B8%A1%E0%B8%B7%E0%B8%AD%E0%B8%AA%E0%B8%AD%E0%B8%87-%E0%B8%AA%E0%B8%B3%E0%B8%AB%E0%B8%A3%E0%B8%B1%E0%B8%9A-%E0%B8%82%E0%B8%B2%E0%B8%A2","https://www.one2car.com/%E0%B8%A3%E0%B8%96-%E0%B8%AA%E0%B8%B3%E0%B8%AB%E0%B8%A3%E0%B8%B1%E0%B8%9A-%E0%B8%82%E0%B8%B2%E0%B8%A2?type=used&page_number=46&page_size=26","2013 Mitsubishi PAJERO SPORT 2.4 (ปี 08-15) GLS SUV","275,000 บาท","2013 Mitsubishi Pajero Sport 2.4 (ปี 08-15) GLS SUV 2013 MITSUBISHI PAJERO SPORT 2.4 GLS ...","0 - 5K กม.","กรุงเทพมหานคร","Mitsubishi PAJERO SPORT","มือสอง","เกียร์ธรรมดา"
"1786479449-863","https://www.one2car.com/%E0%B8%A3%E0%B8%96%E0%B8%A1%E0%B8%B7%E0%B8%AD%E0%B8%AA%E0%B8%AD%E0%B8%87-%E0%B8%AA%E0%B8%B3%E0%B8%AB%E0%B8%A3%E0%B8%B1%E0%B8%9A-%E0%B8%82%E0%B8%B2%E0%B8%A2","https://www.one2car.com/%E0%B8%A3%E0%B8%96-%E0%B8%AA%E0%B8%B3%E0%B8%AB%E0%B8%A3%E0%B8%B1%E0%B8%9A-%E0%B8%82%E0%B8%B2%E0%B8%A2?type=used&page_number=46&page_size=26","2002 Honda CR-V 2.0 (ปี 02-06) E SUV - 4WD","115,000 บาท","2002 Honda CRV 2.0E (i-VTEC) AT สีแดง เกียร์ออโต้ airbag ABS รถอเนกประสงค์ทรงสวย ...","0 - 5K กม.","กรุงเทพมหานคร","Honda CR-V","มือสอง","เกียร์อัตโนมัติ"
"1786479449-864","https://www.one2car.com/%E0%B8%A3%E0%B8%96%E0%B8%A1%E0%B8%B7%E0%B8%AD%E0%B8%AA%E0%B8%AD%E0%B8%87-%E0%B8%AA%E0%B8%B3%E0%B8%AB%E0%B8%A3%E0%B8%B1%E0%B8%9A-%E0%B8%82%E0%B8%B2%E0%B8%A2","https://www.one2car.com/%E0%B8%A3%E0%B8%96-%E0%B8%AA%E0%B8%B3%E0%B8%AB%E0%B8%A3%E0%B8%B1%E0%B8%9A-%E0%B8%82%E0%B8%B2%E0%B8%A2?type=used&page_number=46&page_size=26","1996 Mercedes-Benz E230 2.3 W210 (ปี 95-03) Elegance Sedan...","145,000 บาท","1996 Benz E230 Elegance สีบรอนซ์เกียร์ออโต้ แต่งVIPทั้งคัน(หลายหมื่น) เรือนไมล์Benz แต่ง ...","0 - 5K กม.","กรุงเทพมหานคร","","มือสอง","เกียร์อัตโนมัติ"
"1786479455-865","https://www.one2car.com/%E0%B8%A3%E0%B8%96%E0%B8%A1%E0%B8%B7%E0%B8%AD%E0%B8%AA%E0%B8%AD%E0%B8%87-%E0%B8%AA%E0%B8%B3%E0%B8%AB%E0%B8%A3%E0%B8%B1%E0%B8%9A-%E0%B8%82%E0%B8%B2%E0%B8%A2","https://www.one2car.com/%E0%B8%A3%E0%B8%96-%E0%B8%AA%E0%B8%B3%E0%B8%AB%E0%B8%A3%E0%B8%B1%E0%B8%9A-%E0%B8%82%E0%B8%B2%E0%B8%A2?type=used&page_number=47&page_size=26","2005 BMW 525i 2.4 E60 (ปี 03-10) Sedan","299,000 บาท","2005 Bmw 525IA เกียร์ออโต้ AIRBAG10ใบ เบาะหนังแท้ปรับไฟฟ้าเมมโมรี่ พวงมาลัยมัลติฟังชั่น ...","0 - 5K กม.","กรุงเทพมหานคร","","มือสอง","เกียร์อัตโนมัติ"
"1786479455-866","https://www.one2car.com/%E0%B8%A3%E0%B8%96%E0%B8%A1%E0%B8%B7%E0%B8%AD%E0%B8%AA%E0%B8%AD%E0%B8%87-%E0%B8%AA%E0%B8%B3%E0%B8%AB%E0%B8%A3%E0%B8%B1%E0%B8%9A-%E0%B8%82%E0%B8%B2%E0%B8%A2","https://www.one2car.com/%E0%B8%A3%E0%B8%96-%E0%B8%AA%E0%B8%B3%E0%B8%AB%E0%B8%A3%E0%B8%B1%E0%B8%9A-%E0%B8%82%E0%B8%B2%E0%B8%A2?type=used&page_number=47&page_size=26","2001 Mercedes-Benz S500 5.0 W220 (ปี 99-05) L Sedan","289,000 บาท","2001 BENZ S500L LONG WHEEL BASE W220 5.0ATตัวยาวTopสุด สีเทา เกียร์ออโต้ Airbag10ใบ ...","0 - 5K กม.","กรุงเทพมหานคร","Mercedes-Benz S500","มือสอง","เกียร์อัตโนมัติ"
"1786479455-867","https://www.one2car.com/%E0%B8%A3%E0%B8%96%E0%B8%A1%E0%B8%B7%E0%B8%AD%E0%B8%AA%E0%B8%AD%E0%B8%87-%E0%B8%AA%E0%B8%B3%E0%B8%AB%E0%B8%A3%E0%B8%B1%E0%B8%9A-%E0%B8%82%E0%B8%B2%E0%B8%A2","https://www.one2car.com/%E0%B8%A3%E0%B8%96-%E0%B8%AA%E0%B8%B3%E0%B8%AB%E0%B8%A3%E0%B8%B1%E0%B8%9A-%E0%B8%82%E0%B8%B2%E0%B8%A2?type=used&page_number=47&page_size=26","2017 Toyota FORTUNER 2.4 (ปี 15-25) V SUV","769,000 บาท","TOYOTA ALL NEW FORTUNER 2.4V ปี 2017 รถบ้านแท้ๆ มือเดียวป้ายแดง ไม่ใช่รถยึด ...","70 - 75K กม.","ปทุมธานี","Toyota FORTUNER","มือสอง","เกียร์อัตโนมัติ"
"1786479455-868","https://www.one2car.com/%E0%B8%A3%E0%B8%96%E0%B8%A1%E0%B8%B7%E0%B8%AD%E0%B8%AA%E0%B8%AD%E0%B8%87-%E0%B8%AA%E0%B8%B3%E0%B8%AB%E0%B8%A3%E0%B8%B1%E0%B8%9A-%E0%B8%82%E0%B8%B2%E0%B8%A2","https://www.one2car.com/%E0%B8%A3%E0%B8%96-%E0%B8%AA%E0%B8%B3%E0%B8%AB%E0%B8%A3%E0%B8%B1%E0%B8%9A-%E0%B8%82%E0%B8%B2%E0%B8%A2?type=used&page_number=47&page_size=26","2022 Mazda CX-30 2.0 (ปี 20-26) SP SUV","625,000 บาท","Mazda CX30 ตัวท้อปสุด 2.0SP เจ้าของขายเองครับ รถบ้านมือเดียว คุณพ่อขับ เข้าศูนย์ Mazda ...","65 - 70K กม.","นนทบุรี","","มือสอง","เกียร์อัตโนมัติ"
"1786479455-869","https://www.one2car.com/%E0%B8%A3%E0%B8%96%E0%B8%A1%E0%B8%B7%E0%B8%AD%E0%B8%AA%E0%B8%AD%E0%B8%87-%E0%B8%AA%E0%B8%B3%E0%B8%AB%E0%B8%A3%E0%B8%B1%E0%B8%9A-%E0%B8%82%E0%B8%B2%E0%B8%A2","https://www.one2car.com/%E0%B8%A3%E0%B8%96-%E0%B8%AA%E0%B8%B3%E0%B8%AB%E0%B8%A3%E0%B8%B1%E0%B8%9A-%E0%B8%82%E0%B8%B2%E0%B8%A2?type=used&page_number=47&page_size=26","2024 Toyota Yaris Cross 1.5 (ปี 23-29) HEV Premium Luxury ...","725,000 บาท","TOYOTA YARIS CROSS 1.5 HEV PREMIUM LUXURY ปี2024 ไมล์แท้ๆ 9,700 KM. เจ้าของขายเอง ...","5 - 10K กม.","นนทบุรี","","มือสอง","เกียร์อัตโนมัติ"
"1786479455-870","https://www.one2car.com/%E0%B8%A3%E0%B8%96%E0%B8%A1%E0%B8%B7%E0%B8%AD%E0%B8%AA%E0%B8%AD%E0%B8%87-%E0%B8%AA%E0%B8%B3%E0%B8%AB%E0%B8%A3%E0%B8%B1%E0%B8%9A-%E0%B8%82%E0%B8%B2%E0%B8%A2","https://www.one2car.com/%E0%B8%A3%E0%B8%96-%E0%B8%AA%E0%B8%B3%E0%B8%AB%E0%B8%A3%E0%B8%B1%E0%B8%9A-%E0%B8%82%E0%B8%B2%E0%B8%A2?type=used&page_number=47&page_size=26","2025 Volvo EX30 (ปี 24-29) Ultra Extended Range SUV - 0.0 ...","999,000 บาท","""รถสภาพป้ายแดงวิ่งแค่ 900 โล Volvo x30 EV Ultra Single Motor Extended ปี 2025"" ☆ ...","0 - 5K กม.","กรุงเทพมหานคร","","มือสอง","เกียร์อัตโนมัติ"
"1786479455-871","https://www.one2car.com/%E0%B8%A3%E0%B8%96%E0%B8%A1%E0%B8%B7%E0%B8%AD%E0%B8%AA%E0%B8%AD%E0%B8%87-%E0%B8%AA%E0%B8%B3%E0%B8%AB%E0%B8%A3%E0%B8%B1%E0%B8%9A-%E0%B8%82%E0%B8%B2%E0%B8%A2","https://www.one2car.com/%E0%B8%A3%E0%B8%96-%E0%B8%AA%E0%B8%B3%E0%B8%AB%E0%B8%A3%E0%B8%B1%E0%B8%9A-%E0%B8%82%E0%B8%B2%E0%B8%A2?type=used&page_number=47&page_size=26","2005 Toyota LAND CRUISER 4.7 100 Cygnus SUV - 4WD","990,000 บาท","Toyota Land Cruiser ตัวท็อปหายากมาก เครื่องยนต์เบนซิน V8 *รถมีโดนหน้าขวามาคับ ...","255 - 260K กม.","กรุงเทพมหานคร","","มือสอง","เกียร์อัตโนมัติ"
"1786479455-872","https://www.one2car.com/%E0%B8%A3%E0%B8%96%E0%B8%A1%E0%B8%B7%E0%B8%AD%E0%B8%AA%E0%B8%AD%E0%B8%87-%E0%B8%AA%E0%B8%B3%E0%B8%AB%E0%B8%A3%E0%B8%B1%E0%B8%9A-%E0%B8%82%E0%B8%B2%E0%B8%A2","https://www.one2car.com/%E0%B8%A3%E0%B8%96-%E0%B8%AA%E0%B8%B3%E0%B8%AB%E0%B8%A3%E0%B8%B1%E0%B8%9A-%E0%B8%82%E0%B8%B2%E0%B8%A2?type=used&page_number=47&page_size=26","2016 Subaru XV 2.0 (ปี 12-16) SUV - AWD AT","245,000 บาท","ขาย!!! Subaru XV 2.0i-P ปี 2016 รถบ้านเจ้าของขายเอง ไมล์น้อย 91,xxx กม. รถวิ่งน้อยมาก ...","91000 กม.","กรุงเทพมหานคร","Subaru XV","มือสอง","เกียร์อัตโนมัติ"
"1786479455-873","https://www.one2car.com/%E0%B8%A3%E0%B8%96%E0%B8%A1%E0%B8%B7%E0%B8%AD%E0%B8%AA%E0%B8%AD%E0%B8%87-%E0%B8%AA%E0%B8%B3%E0%B8%AB%E0%B8%A3%E0%B8%B1%E0%B8%9A-%E0%B8%82%E0%B8%B2%E0%B8%A2","https://www.one2car.com/%E0%B8%A3%E0%B8%96-%E0%B8%AA%E0%B8%B3%E0%B8%AB%E0%B8%A3%E0%B8%B1%E0%B8%9A-%E0%B8%82%E0%B8%B2%E0%B8%A2?type=used&page_number=47&page_size=26","2025 Honda HR-V 1.5 (ปี 22-28) e:HEV RS SUV - e HEV RS","919,000 บาท","🔥รถสวยบอดี้เดิม 🔥ไมล์เดิมแท้วิ่งน้อย 🔥กุญแจรีโมท ระบบ PushStart 🔥แอร์Auto 🔥เกียร์ Paddle ...","6787 กม.","กรุงเทพมหานคร","Honda HR-V","มือสอง","เกียร์อัตโนมัติ"
"1786479455-874","https://www.one2car.com/%E0%B8%A3%E0%B8%96%E0%B8%A1%E0%B8%B7%E0%B8%AD%E0%B8%AA%E0%B8%AD%E0%B8%87-%E0%B8%AA%E0%B8%B3%E0%B8%AB%E0%B8%A3%E0%B8%B1%E0%B8%9A-%E0%B8%82%E0%B8%B2%E0%B8%A2","https://www.one2car.com/%E0%B8%A3%E0%B8%96-%E0%B8%AA%E0%B8%B3%E0%B8%AB%E0%B8%A3%E0%B8%B1%E0%B8%9A-%E0%B8%82%E0%B8%B2%E0%B8%A2?type=used&page_number=47&page_size=26","2017 Honda ACCORD 2.0 (ปี 13-19) Hybrid TECH Sedan","425,000 บาท","********ฟรีดาวน์ ถ้าเครดิตดี แต่ติด BL ก็ออกรถได้ แต่อต้องใช้เงินออกรถ ประมาณ 4-5 หมืน ...","245 - 250K กม.","กรุงเทพมหานคร","Honda ACCORD","มือสอง","เกียร์อัตโนมัติ"
"1786479459-875","https://www.one2car.com/%E0%B8%A3%E0%B8%96%E0%B8%A1%E0%B8%B7%E0%B8%AD%E0%B8%AA%E0%B8%AD%E0%B8%87-%E0%B8%AA%E0%B8%B3%E0%B8%AB%E0%B8%A3%E0%B8%B1%E0%B8%9A-%E0%B8%82%E0%B8%B2%E0%B8%A2","https://www.one2car.com/%E0%B8%A3%E0%B8%96-%E0%B8%AA%E0%B8%B3%E0%B8%AB%E0%B8%A3%E0%B8%B1%E0%B8%9A-%E0%B8%82%E0%B8%B2%E0%B8%A2?type=used&page_number=48&page_size=26","2021 Isuzu MU-X 1.9 (ปี 20-26) Active SUV","689,000 บาท","ออกจากศูนย์ป้ายแดงทุกคัน เข้าศูนย์ทุกระยะ เช็คประวัติได้ รถสวยสภาพดี ...","120 - 125K กม.","กรุงเทพมหานคร","Isuzu MU-X","มือสอง","เกียร์อัตโนมัติ"
"1786479459-876","https://www.one2car.com/%E0%B8%A3%E0%B8%96%E0%B8%A1%E0%B8%B7%E0%B8%AD%E0%B8%AA%E0%B8%AD%E0%B8%87-%E0%B8%AA%E0%B8%B3%E0%B8%AB%E0%B8%A3%E0%B8%B1%E0%B8%9A-%E0%B8%82%E0%B8%B2%E0%B8%A2","https://www.one2car.com/%E0%B8%A3%E0%B8%96-%E0%B8%AA%E0%B8%B3%E0%B8%AB%E0%B8%A3%E0%B8%B1%E0%B8%9A-%E0%B8%82%E0%B8%B2%E0%B8%A2?type=used&page_number=48&page_size=26","2015 Toyota FORTUNER 2.4 (ปี 15-25) V SUV - AT","559,990 บาท","ขาย Toyota Fortuner โฉมปัจจุบันปี 2015 จดทะเบียนสิ้นปีวันที่ 31 ธันวาคม ...","100 - 105K กม.","กรุงเทพมหานคร","Toyota FORTUNER","มือสอง","เกียร์อัตโนมัติ"
"1786479459-877","https://www.one2car.com/%E0%B8%A3%E0%B8%96%E0%B8%A1%E0%B8%B7%E0%B8%AD%E0%B8%AA%E0%B8%AD%E0%B8%87-%E0%B8%AA%E0%B8%B3%E0%B8%AB%E0%B8%A3%E0%B8%B1%E0%B8%9A-%E0%B8%82%E0%B8%B2%E0%B8%A2","https://www.one2car.com/%E0%B8%A3%E0%B8%96-%E0%B8%AA%E0%B8%B3%E0%B8%AB%E0%B8%A3%E0%B8%B1%E0%B8%9A-%E0%B8%82%E0%B8%B2%E0%B8%A2?type=used&page_number=48&page_size=26","2019 BMW 530e 2.0 G30 (ปี 17-22) M Sport Sedan","999,000 บาท","Low Mileage Excellent Condition Accident Free Tire in Good Condition Excellent Service ...","82600 กม.","กรุงเทพมหานคร","","มือสอง","เกียร์อัตโนมัติ"
"1786479459-878","https://www.one2car.com/%E0%B8%A3%E0%B8%96%E0%B8%A1%E0%B8%B7%E0%B8%AD%E0%B8%AA%E0%B8%AD%E0%B8%87-%E0%B8%AA%E0%B8%B3%E0%B8%AB%E0%B8%A3%E0%B8%B1%E0%B8%9A-%E0%B8%82%E0%B8%B2%E0%B8%A2","https://www.one2car.com/%E0%B8%A3%E0%B8%96-%E0%B8%AA%E0%B8%B3%E0%B8%AB%E0%B8%A3%E0%B8%B1%E0%B8%9A-%E0%B8%82%E0%B8%B2%E0%B8%A2?type=used&page_number=48&page_size=26","2017 Honda CIVIC 1.5 FC (ปี 16-20) Turbo RS Sedan - AT","539,000 บาท","สภาพยอดเยี่ยม เลขไมล์ต่ำ มีประวัติการเข้าศูนย์บริการ ไม่มีการเกิดอุบัติเหตุ ...","98000 กม.","นครราชสีมา","Honda CIVIC","มือสอง","เกียร์อัตโนมัติ"
"1786479459-879","https://www.one2car.com/%E0%B8%A3%E0%B8%96%E0%B8%A1%E0%B8%B7%E0%B8%AD%E0%B8%AA%E0%B8%AD%E0%B8%87-%E0%B8%AA%E0%B8%B3%E0%B8%AB%E0%B8%A3%E0%B8%B1%E0%B8%9A-%E0%B8%82%E0%B8%B2%E0%B8%A2","https://www.one2car.com/%E0%B8%A3%E0%B8%96-%E0%B8%AA%E0%B8%B3%E0%B8%AB%E0%B8%A3%E0%B8%B1%E0%B8%9A-%E0%B8%82%E0%B8%B2%E0%B8%A2?type=used&page_number=48&page_size=26","2011 BMW 520d 2.0 F11 (ปี 10-16) Touring Sport Wagon","1,059,000 บาท","BMW 520d M-Sport package Touring F11 ปี 2011 (ดีเซล) สปอร์ตสุดเท่ห์ สวยกริป น่าขับมาก ๆ ...","110 - 115K กม.","กรุงเทพมหานคร","BMW 520d","มือสอง","เกียร์อัตโนมัติ"
"1786479459-880","https://www.one2car.com/%E0%B8%A3%E0%B8%96%E0%B8%A1%E0%B8%B7%E0%B8%AD%E0%B8%AA%E0%B8%AD%E0%B8%87-%E0%B8%AA%E0%B8%B3%E0%B8%AB%E0%B8%A3%E0%B8%B1%E0%B8%9A-%E0%B8%82%E0%B8%B2%E0%B8%A2","https://www.one2car.com/%E0%B8%A3%E0%B8%96-%E0%B8%AA%E0%B8%B3%E0%B8%AB%E0%B8%A3%E0%B8%B1%E0%B8%9A-%E0%B8%82%E0%B8%B2%E0%B8%A2?type=used&page_number=48&page_size=26","2015 Honda ACCORD 2.0 (ปี 13-19) Hybrid TECH Sedan","439,000 บาท","Honda ACCORD (G9) 2.0 Hybrid TECH ปี 2015 -ออโต้ (เบนซิน+ไฟฟ้า) 🚗รถผู้บริหาร ...","200 - 205K กม.","กรุงเทพมหานคร","Honda ACCORD","มือสอง","เกียร์อัตโนมัติ"
"1786479459-881","https://www.one2car.com/%E0%B8%A3%E0%B8%96%E0%B8%A1%E0%B8%B7%E0%B8%AD%E0%B8%AA%E0%B8%AD%E0%B8%87-%E0%B8%AA%E0%B8%B3%E0%B8%AB%E0%B8%A3%E0%B8%B1%E0%B8%9A-%E0%B8%82%E0%B8%B2%E0%B8%A2","https://www.one2car.com/%E0%B8%A3%E0%B8%96-%E0%B8%AA%E0%B8%B3%E0%B8%AB%E0%B8%A3%E0%B8%B1%E0%B8%9A-%E0%B8%82%E0%B8%B2%E0%B8%A2?type=used&page_number=48&page_size=26","2019 Ford EVEREST 2.0 (ปี 15-22) Titanium+ SUV - Titanium ...","639,000 บาท","FORD EVEREST 2.0 Bi-Turbo Titanium+ 4WD ปี 2019 -ออโต้ (ดีเซล) 🚗รถยอดนิยม ...","150 - 155K กม.","กรุงเทพมหานคร","Ford EVEREST","มือสอง","เกียร์อัตโนมัติ"
"1786479459-882","https://www.one2car.com/%E0%B8%A3%E0%B8%96%E0%B8%A1%E0%B8%B7%E0%B8%AD%E0%B8%AA%E0%B8%AD%E0%B8%87-%E0%B8%AA%E0%B8%B3%E0%B8%AB%E0%B8%A3%E0%B8%B1%E0%B8%9A-%E0%B8%82%E0%B8%B2%E0%B8%A2","https://www.one2car.com/%E0%B8%A3%E0%B8%96-%E0%B8%AA%E0%B8%B3%E0%B8%AB%E0%B8%A3%E0%B8%B1%E0%B8%9A-%E0%B8%82%E0%B8%B2%E0%B8%A2?type=used&page_number=48&page_size=26","2021 Toyota Corolla Cross 1.8 (ปี 20-26) Hybrid Premium Sa...","659,000 บาท","Toyota Corolla Cross 1.8 Hybrid Premium Safety ปี 2021 -ออโต้ (เบนซิน+ไฟฟ้า) รถสวยกริป ...","100 - 105K กม.","กรุงเทพมหานคร","","มือสอง","เกียร์อัตโนมัติ"
"1786479459-883","https://www.one2car.com/%E0%B8%A3%E0%B8%96%E0%B8%A1%E0%B8%B7%E0%B8%AD%E0%B8%AA%E0%B8%AD%E0%B8%87-%E0%B8%AA%E0%B8%B3%E0%B8%AB%E0%B8%A3%E0%B8%B1%E0%B8%9A-%E0%B8%82%E0%B8%B2%E0%B8%A2","https://www.one2car.com/%E0%B8%A3%E0%B8%96-%E0%B8%AA%E0%B8%B3%E0%B8%AB%E0%B8%A3%E0%B8%B1%E0%B8%9A-%E0%B8%82%E0%B8%B2%E0%B8%A2?type=used&page_number=48&page_size=26","2018 Mercedes-Benz GLC43 3.0 W253 (ปี 15-22) AMG Coupe - A...","1,499,000 บาท","Benz AMG GLC 43 4MATIC Coupe W253 ปี 2018 -ออโต้ (เบนซิน) รถบ้านแท้ มือเดียว ฟังชั่นครบ ...","125 - 130K กม.","กรุงเทพมหานคร","","มือสอง","เกียร์อัตโนมัติ"
"1786479459-884","https://www.one2car.com/%E0%B8%A3%E0%B8%96%E0%B8%A1%E0%B8%B7%E0%B8%AD%E0%B8%AA%E0%B8%AD%E0%B8%87-%E0%B8%AA%E0%B8%B3%E0%B8%AB%E0%B8%A3%E0%B8%B1%E0%B8%9A-%E0%B8%82%E0%B8%B2%E0%B8%A2","https://www.one2car.com/%E0%B8%A3%E0%B8%96-%E0%B8%AA%E0%B8%B3%E0%B8%AB%E0%B8%A3%E0%B8%B1%E0%B8%9A-%E0%B8%82%E0%B8%B2%E0%B8%A2?type=used&page_number=48&page_size=26","2020 Mercedes-Benz GLC43 3.0 W253 (ปี 15-22) AMG 4MATIC Co...","1,539,000 บาท","Benz AMG GLC 43 4MATIC Coupe W253 ปี 2020 -ออโต้ (เบนซิน) รถสวยเรียบหรู มือเดียว ไมล์น้อย ...","95 - 100K กม.","กรุงเทพมหานคร","","มือสอง","เกียร์อัตโนมัติ"
"1786479459-885","https://www.one2car.com/%E0%B8%A3%E0%B8%96%E0%B8%A1%E0%B8%B7%E0%B8%AD%E0%B8%AA%E0%B8%AD%E0%B8%87-%E0%B8%AA%E0%B8%B3%E0%B8%AB%E0%B8%A3%E0%B8%B1%E0%B8%9A-%E0%B8%82%E0%B8%B2%E0%B8%A2","https://www.one2car.com/%E0%B8%A3%E0%B8%96-%E0%B8%AA%E0%B8%B3%E0%B8%AB%E0%B8%A3%E0%B8%B1%E0%B8%9A-%E0%B8%82%E0%B8%B2%E0%B8%A2?type=used&page_number=48&page_size=26","2017 Toyota FORTUNER 2.8 (ปี 15-25) TRD Sportivo (Blacktop...","729,000 บาท","TOYOTA FORTUNER 2.8 TRD Sportivo Black TOP 2WD ปี 2017 - ออโต้ (ดีเซล) รถครอบครัว ...","220 - 225K กม.","กรุงเทพมหานคร","Toyota FORTUNER","มือสอง","เกียร์อัตโนมัติ"
"1786479459-886","https://www.one2car.com/%E0%B8%A3%E0%B8%96%E0%B8%A1%E0%B8%B7%E0%B8%AD%E0%B8%AA%E0%B8%AD%E0%B8%87-%E0%B8%AA%E0%B8%B3%E0%B8%AB%E0%B8%A3%E0%B8%B1%E0%B8%9A-%E0%B8%82%E0%B8%B2%E0%B8%A2","https://www.one2car.com/%E0%B8%A3%E0%B8%96-%E0%B8%AA%E0%B8%B3%E0%B8%AB%E0%B8%A3%E0%B8%B1%E0%B8%9A-%E0%B8%82%E0%B8%B2%E0%B8%A2?type=used&page_number=48&page_size=26","2012 BMW 520d 2.0 F11 (ปี 10-16) Touring Sport Wagon","1,099,000 บาท","BMW 520d M-Sport package Touring F11 ปี 2012 -ออโต้ (ดีเซล) 🚗สปอร์ตสุดเท่ห์ ...","160 - 165K กม.","กรุงเทพมหานคร","BMW 520d","มือสอง","เกียร์อัตโนมัติ"
"1786479459-887","https://www.one2car.com/%E0%B8%A3%E0%B8%96%E0%B8%A1%E0%B8%B7%E0%B8%AD%E0%B8%AA%E0%B8%AD%E0%B8%87-%E0%B8%AA%E0%B8%B3%E0%B8%AB%E0%B8%A3%E0%B8%B1%E0%B8%9A-%E0%B8%82%E0%B8%B2%E0%B8%A2","https://www.one2car.com/%E0%B8%A3%E0%B8%96-%E0%B8%AA%E0%B8%B3%E0%B8%AB%E0%B8%A3%E0%B8%B1%E0%B8%9A-%E0%B8%82%E0%B8%B2%E0%B8%A2?type=used&page_number=48&page_size=26","2020 Mercedes-Benz C220 2.0 W205 (ปี 14-22) d Avantgarde S...","899,000 บาท","Mercedes-Benz C220d Avantgarde 2.0 W205 ปี 2020 -ออโต้(ดีเซล) หล่อ หรู ภูมิฐานสุด รถสวย ...","105 - 110K กม.","กรุงเทพมหานคร","","มือสอง","เกียร์อัตโนมัติ"
"1786479459-888","https://www.one2car.com/%E0%B8%A3%E0%B8%96%E0%B8%A1%E0%B8%B7%E0%B8%AD%E0%B8%AA%E0%B8%AD%E0%B8%87-%E0%B8%AA%E0%B8%B3%E0%B8%AB%E0%B8%A3%E0%B8%B1%E0%B8%9A-%E0%B8%82%E0%B8%B2%E0%B8%A2","https://www.one2car.com/%E0%B8%A3%E0%B8%96-%E0%B8%AA%E0%B8%B3%E0%B8%AB%E0%B8%A3%E0%B8%B1%E0%B8%9A-%E0%B8%82%E0%B8%B2%E0%B8%A2?type=used&page_number=48&page_size=26","2023 Audi A5 2.0 (ปี 16-24) 45 TFSI Quattro S line Coupe -...","1,490,000 บาท","Audi A5 45 TFSI SportBack (4 ประตู แบบท้าย Sport) Quattro S-Line Black Edition ปี 2023 ...","80 - 85K กม.","สมุทรสาคร","Audi A5","มือสอง","เกียร์อัตโนมัติ"
"1786479459-889","https://www.one2car.com/%E0%B8%A3%E0%B8%96%E0%B8%A1%E0%B8%B7%E0%B8%AD%E0%B8%AA%E0%B8%AD%E0%B8%87-%E0%B8%AA%E0%B8%B3%E0%B8%AB%E0%B8%A3%E0%B8%B1%E0%B8%9A-%E0%B8%82%E0%B8%B2%E0%B8%A2","https://www.one2car.com/%E0%B8%A3%E0%B8%96-%E0%B8%AA%E0%B8%B3%E0%B8%AB%E0%B8%A3%E0%B8%B1%E0%B8%9A-%E0%B8%82%E0%B8%B2%E0%B8%A2?type=used&page_number=48&page_size=26","2020 Mercedes-Benz C220 2.0 W205 (ปี 14-22) d Avantgarde S...","869,000 บาท","Mercedes-Benz C220d Avantgarde 2.0 W205 ปี 2020 - ออโต้ (ดีเซล) หรูหราดูภูมิฐานสุด รถสวย ...","125 - 130K กม.","กรุงเทพมหานคร","","มือสอง","เกียร์อัตโนมัติ"
"1786479459-890","https://www.one2car.com/%E0%B8%A3%E0%B8%96%E0%B8%A1%E0%B8%B7%E0%B8%AD%E0%B8%AA%E0%B8%AD%E0%B8%87-%E0%B8%AA%E0%B8%B3%E0%B8%AB%E0%B8%A3%E0%B8%B1%E0%B8%9A-%E0%B8%82%E0%B8%B2%E0%B8%A2","https://www.one2car.com/%E0%B8%A3%E0%B8%96-%E0%B8%AA%E0%B8%B3%E0%B8%AB%E0%B8%A3%E0%B8%B1%E0%B8%9A-%E0%B8%82%E0%B8%B2%E0%B8%A2?type=used&page_number=48&page_size=26","2019 Toyota CAMRY 2.5 (ปี 18-24) G Sedan","659,000 บาท","Toyota Camry 2.5 G Top Sunroof ปี 2019 ออโต้ (เบนซิน) สีเทา Graphite Metallic ...","140 - 145K กม.","กรุงเทพมหานคร","Toyota CAMRY","มือสอง","เกียร์อัตโนมัติ"
"1786479459-891","https://www.one2car.com/%E0%B8%A3%E0%B8%96%E0%B8%A1%E0%B8%B7%E0%B8%AD%E0%B8%AA%E0%B8%AD%E0%B8%87-%E0%B8%AA%E0%B8%B3%E0%B8%AB%E0%B8%A3%E0%B8%B1%E0%B8%9A-%E0%B8%82%E0%B8%B2%E0%B8%A2","https://www.one2car.com/%E0%B8%A3%E0%B8%96-%E0%B8%AA%E0%B8%B3%E0%B8%AB%E0%B8%A3%E0%B8%B1%E0%B8%9A-%E0%B8%82%E0%B8%B2%E0%B8%A2?type=used&page_number=48&page_size=26","2016 Mercedes-Benz C350 2.0 W205 (ปี 14-22) e Exclusive Se...","539,000 บาท","Benz C350e (W205) Exclusive ปี 2016 -ออโต้ (เบนซิน+ไฟฟ้า เสียบปลั๊ก) รถสวยมือเดียว ...","70 - 75K กม.","กรุงเทพมหานคร","Mercedes-Benz C350","มือสอง","เกียร์อัตโนมัติ"
"1786479459-892","https://www.one2car.com/%E0%B8%A3%E0%B8%96%E0%B8%A1%E0%B8%B7%E0%B8%AD%E0%B8%AA%E0%B8%AD%E0%B8%87-%E0%B8%AA%E0%B8%B3%E0%B8%AB%E0%B8%A3%E0%B8%B1%E0%B8%9A-%E0%B8%82%E0%B8%B2%E0%B8%A2","https://www.one2car.com/%E0%B8%A3%E0%B8%96-%E0%B8%AA%E0%B8%B3%E0%B8%AB%E0%B8%A3%E0%B8%B1%E0%B8%9A-%E0%B8%82%E0%B8%B2%E0%B8%A2?type=used&page_number=48&page_size=26","2022 Mercedes-Benz GLS350 2.9 W167 (ปี 20-26) d AMG Premiu...","3,999,500 บาท","Excellent Condition Low Mileage Excellent Service Record Accident Free Tire in Good ...","25 - 30K กม.","กรุงเทพมหานคร","","มือสอง","เกียร์อัตโนมัติ"
"1786479459-893","https://www.one2car.com/%E0%B8%A3%E0%B8%96%E0%B8%A1%E0%B8%B7%E0%B8%AD%E0%B8%AA%E0%B8%AD%E0%B8%87-%E0%B8%AA%E0%B8%B3%E0%B8%AB%E0%B8%A3%E0%B8%B1%E0%B8%9A-%E0%B8%82%E0%B8%B2%E0%B8%A2","https://www.one2car.com/%E0%B8%A3%E0%B8%96-%E0%B8%AA%E0%B8%B3%E0%B8%AB%E0%B8%A3%E0%B8%B1%E0%B8%9A-%E0%B8%82%E0%B8%B2%E0%B8%A2?type=used&page_number=48&page_size=26","2013 BMW X6 3.0 E71 (ปี 08-14) xDrive30d SUV - AWD","869,000 บาท","BMW X6 xDrive30d RHD V6 4WD (E71) SUV ปี 2013 -ออโต้ (ดีเซล) รถออกศูนย์ไทย สุดยอดรถ SUV ...","160 - 165K กม.","กรุงเทพมหานคร","","มือสอง","เกียร์อัตโนมัติ"
"1786479459-894","https://www.one2car.com/%E0%B8%A3%E0%B8%96%E0%B8%A1%E0%B8%B7%E0%B8%AD%E0%B8%AA%E0%B8%AD%E0%B8%87-%E0%B8%AA%E0%B8%B3%E0%B8%AB%E0%B8%A3%E0%B8%B1%E0%B8%9A-%E0%B8%82%E0%B8%B2%E0%B8%A2","https://www.one2car.com/%E0%B8%A3%E0%B8%96-%E0%B8%AA%E0%B8%B3%E0%B8%AB%E0%B8%A3%E0%B8%B1%E0%B8%9A-%E0%B8%82%E0%B8%B2%E0%B8%A2?type=used&page_number=48&page_size=26","2016 Toyota HILUX REVO 2.4 Smart Cab G Prerunner Pickup - ...","354,998 บาท","✔️รถบ้านล้าน℅✔️เจ้าของขายเอง✔️ความคุ้มค่า เริ่มต้นจากรถที่มีประวัติดี ✔️ ไม่เคยชน✔️ ...","155 - 160K กม.","กรุงเทพมหานคร","Toyota HILUX REVO","มือสอง","เกียร์อัตโนมัติ"
"1786479459-895","https://www.one2car.com/%E0%B8%A3%E0%B8%96%E0%B8%A1%E0%B8%B7%E0%B8%AD%E0%B8%AA%E0%B8%AD%E0%B8%87-%E0%B8%AA%E0%B8%B3%E0%B8%AB%E0%B8%A3%E0%B8%B1%E0%B8%9A-%E0%B8%82%E0%B8%B2%E0%B8%A2","https://www.one2car.com/%E0%B8%A3%E0%B8%96-%E0%B8%AA%E0%B8%B3%E0%B8%AB%E0%B8%A3%E0%B8%B1%E0%B8%9A-%E0%B8%82%E0%B8%B2%E0%B8%A2?type=used&page_number=48&page_size=26","2016 Nissan X-TRAIL 2.0 (ปี 14-20) V Hybrid SUV - 4WD","319,000 บาท","รถมือเดียวออกห้าง ออกรถปลายปี 2015 จดทะเบียนปี 2016 NISSAN X-TRAIL 2.0 V Hybrid 4WD ...","120 - 125K กม.","กรุงเทพมหานคร","Nissan X-TRAIL","มือสอง","เกียร์อัตโนมัติ"
"1786479459-896","https://www.one2car.com/%E0%B8%A3%E0%B8%96%E0%B8%A1%E0%B8%B7%E0%B8%AD%E0%B8%AA%E0%B8%AD%E0%B8%87-%E0%B8%AA%E0%B8%B3%E0%B8%AB%E0%B8%A3%E0%B8%B1%E0%B8%9A-%E0%B8%82%E0%B8%B2%E0%B8%A2","https://www.one2car.com/%E0%B8%A3%E0%B8%96-%E0%B8%AA%E0%B8%B3%E0%B8%AB%E0%B8%A3%E0%B8%B1%E0%B8%9A-%E0%B8%82%E0%B8%B2%E0%B8%A2?type=used&page_number=48&page_size=26","2016 Honda HR-V 1.8 (ปี 14-18) E SUV - AT","329,000 บาท","สีเดิม ไม่เคยชนหนัก-น้ำท่วม มีรอยเฉี่ยวชนด้านท้าย","150 - 155K กม.","กรุงเทพมหานคร","Honda HR-V","มือสอง","เกียร์อัตโนมัติ"
"1786479459-897","https://www.one2car.com/%E0%B8%A3%E0%B8%96%E0%B8%A1%E0%B8%B7%E0%B8%AD%E0%B8%AA%E0%B8%AD%E0%B8%87-%E0%B8%AA%E0%B8%B3%E0%B8%AB%E0%B8%A3%E0%B8%B1%E0%B8%9A-%E0%B8%82%E0%B8%B2%E0%B8%A2","https://www.one2car.com/%E0%B8%A3%E0%B8%96-%E0%B8%AA%E0%B8%B3%E0%B8%AB%E0%B8%A3%E0%B8%B1%E0%B8%9A-%E0%B8%82%E0%B8%B2%E0%B8%A2?type=used&page_number=48&page_size=26","2012 Isuzu D-MAX 3.0 Cab-4 (ปี 11-17) Hi-Lander Z-Prestige...","350,000 บาท","สภาพยอดเยี่ยม เลขไมล์ต่ำ มีประวัติการเข้าศูนย์บริการ","150000 กม.","บุรีรัมย์","Isuzu D-MAX","มือสอง","เกียร์ธรรมดา"
"1786479459-898","https://www.one2car.com/%E0%B8%A3%E0%B8%96%E0%B8%A1%E0%B8%B7%E0%B8%AD%E0%B8%AA%E0%B8%AD%E0%B8%87-%E0%B8%AA%E0%B8%B3%E0%B8%AB%E0%B8%A3%E0%B8%B1%E0%B8%9A-%E0%B8%82%E0%B8%B2%E0%B8%A2","https://www.one2car.com/%E0%B8%A3%E0%B8%96-%E0%B8%AA%E0%B8%B3%E0%B8%AB%E0%B8%A3%E0%B8%B1%E0%B8%9A-%E0%B8%82%E0%B8%B2%E0%B8%A2?type=used&page_number=48&page_size=26","2014 Mini Countryman 2.0 R60 Cooper D Hatchback - AT","490,000 บาท","2014 MINI Countryman · Hatchback · Driven 59,000 kilometers 🚗 ขาย MINI Countryman Cooper ...","59000 กม.","กรุงเทพมหานคร","","มือสอง","เกียร์อัตโนมัติ"
"1786479459-899","https://www.one2car.com/%E0%B8%A3%E0%B8%96%E0%B8%A1%E0%B8%B7%E0%B8%AD%E0%B8%AA%E0%B8%AD%E0%B8%87-%E0%B8%AA%E0%B8%B3%E0%B8%AB%E0%B8%A3%E0%B8%B1%E0%B8%9A-%E0%B8%82%E0%B8%B2%E0%B8%A2","https://www.one2car.com/%E0%B8%A3%E0%B8%96-%E0%B8%AA%E0%B8%B3%E0%B8%AB%E0%B8%A3%E0%B8%B1%E0%B8%9A-%E0%B8%82%E0%B8%B2%E0%B8%A2?type=used&page_number=48&page_size=26","2020 Mitsubishi Xpander 1.5 (ปี 18-22) GT Wagon","399,000 บาท","2020 MITSUBISHI XPANDER 1.5 GT Wagon สีขาวรถบ้านมือเดียว รถใหม่มาก สภาพดี เลขไมล์ 87,XXX ...","87134 กม.","ขอนแก่น","Mitsubishi Xpander","มือสอง","เกียร์อัตโนมัติ"
"1786479459-900","https://www.one2car.com/%E0%B8%A3%E0%B8%96%E0%B8%A1%E0%B8%B7%E0%B8%AD%E0%B8%AA%E0%B8%AD%E0%B8%87-%E0%B8%AA%E0%B8%B3%E0%B8%AB%E0%B8%A3%E0%B8%B1%E0%B8%9A-%E0%B8%82%E0%B8%B2%E0%B8%A2","https://www.one2car.com/%E0%B8%A3%E0%B8%96-%E0%B8%AA%E0%B8%B3%E0%B8%AB%E0%B8%A3%E0%B8%B1%E0%B8%9A-%E0%B8%82%E0%B8%B2%E0%B8%A2?type=used&page_number=48&page_size=26","2013 Nissan ALMERA 1.2 (ปี 11-19) VL Sedan","119,000 บาท","ขาย Nissan Almera 1.2 CVT ปี 2013 รถบ้าน ประหยัดน้ำมัน ดูแลใช้งานปกติ พร้อมใช้งาน ...","155 - 160K กม.","สกลนคร","Nissan ALMERA","มือสอง","เกียร์อัตโนมัติ"
"1786479463-901","https://www.one2car.com/%E0%B8%A3%E0%B8%96%E0%B8%A1%E0%B8%B7%E0%B8%AD%E0%B8%AA%E0%B8%AD%E0%B8%87-%E0%B8%AA%E0%B8%B3%E0%B8%AB%E0%B8%A3%E0%B8%B1%E0%B8%9A-%E0%B8%82%E0%B8%B2%E0%B8%A2","https://www.one2car.com/%E0%B8%A3%E0%B8%96-%E0%B8%AA%E0%B8%B3%E0%B8%AB%E0%B8%A3%E0%B8%B1%E0%B8%9A-%E0%B8%82%E0%B8%B2%E0%B8%A2?type=used&page_number=49&page_size=26","2022 Toyota Veloz 1.5 (ปี 22-30) Premium Wagon","500,000 บาท","รถผู้บริหารทางบริษัทขายเอง รถใหม่ เลขไมล์แท้ รถใช้งานน้อย สามารถนัดเข้ามาดูรถก่อนได้ค่ะ","40651 กม.","กรุงเทพมหานคร","","มือสอง","เกียร์อัตโนมัติ"
"1786479463-902","https://www.one2car.com/%E0%B8%A3%E0%B8%96%E0%B8%A1%E0%B8%B7%E0%B8%AD%E0%B8%AA%E0%B8%AD%E0%B8%87-%E0%B8%AA%E0%B8%B3%E0%B8%AB%E0%B8%A3%E0%B8%B1%E0%B8%9A-%E0%B8%82%E0%B8%B2%E0%B8%A2","https://www.one2car.com/%E0%B8%A3%E0%B8%96-%E0%B8%AA%E0%B8%B3%E0%B8%AB%E0%B8%A3%E0%B8%B1%E0%B8%9A-%E0%B8%82%E0%B8%B2%E0%B8%A2?type=used&page_number=49&page_size=26","2022 Toyota Veloz 1.5 (ปี 22-30) Smart Wagon","490,000 บาท","The car is officially registered as 2022, but it was bought brand new from the official ...","70 - 75K กม.","สุราษฎร์ธานี","","มือสอง","เกียร์อัตโนมัติ"
"1786479463-903","https://www.one2car.com/%E0%B8%A3%E0%B8%96%E0%B8%A1%E0%B8%B7%E0%B8%AD%E0%B8%AA%E0%B8%AD%E0%B8%87-%E0%B8%AA%E0%B8%B3%E0%B8%AB%E0%B8%A3%E0%B8%B1%E0%B8%9A-%E0%B8%82%E0%B8%B2%E0%B8%A2","https://www.one2car.com/%E0%B8%A3%E0%B8%96-%E0%B8%AA%E0%B8%B3%E0%B8%AB%E0%B8%A3%E0%B8%B1%E0%B8%9A-%E0%B8%82%E0%B8%B2%E0%B8%A2?type=used&page_number=49&page_size=26","2018 Honda CR-V 2.4 (ปี 17-21) EL SUV - AWD AT","559,000 บาท","สภาพยางยังดีอยู่ สภาพยอดเยี่ยม ไม่ใช้งานหนัก จอดในบ้านไม่ตากแดด ประกันเหลืออีก 6 เดือน","154000 กม.","กรุงเทพมหานคร","Honda CR-V","มือสอง","เกียร์อัตโนมัติ"
"1786479463-904","https://www.one2car.com/%E0%B8%A3%E0%B8%96%E0%B8%A1%E0%B8%B7%E0%B8%AD%E0%B8%AA%E0%B8%AD%E0%B8%87-%E0%B8%AA%E0%B8%B3%E0%B8%AB%E0%B8%A3%E0%B8%B1%E0%B8%9A-%E0%B8%82%E0%B8%B2%E0%B8%A2","https://www.one2car.com/%E0%B8%A3%E0%B8%96-%E0%B8%AA%E0%B8%B3%E0%B8%AB%E0%B8%A3%E0%B8%B1%E0%B8%9A-%E0%B8%82%E0%B8%B2%E0%B8%A2?type=used&page_number=49&page_size=26","2020 Mazda CX-8 2.5 (ปี 19-26) SP SUV","649,000 บาท","ดูแลให้ทั้งภายในและภายนอก ❌ไม่ชน ❌ไม่สวม ❌ไม่ย้อม ❌ไม่ซาก ❌ไม่ท่วม ✅ ซื้อง่าย อนุมัติไว ...","95 - 100K กม.","กรุงเทพมหานคร","","มือสอง","เกียร์อัตโนมัติ"
"1786479463-905","https://www.one2car.com/%E0%B8%A3%E0%B8%96%E0%B8%A1%E0%B8%B7%E0%B8%AD%E0%B8%AA%E0%B8%AD%E0%B8%87-%E0%B8%AA%E0%B8%B3%E0%B8%AB%E0%B8%A3%E0%B8%B1%E0%B8%9A-%E0%B8%82%E0%B8%B2%E0%B8%A2","https://www.one2car.com/%E0%B8%A3%E0%B8%96-%E0%B8%AA%E0%B8%B3%E0%B8%AB%E0%B8%A3%E0%B8%B1%E0%B8%9A-%E0%B8%82%E0%B8%B2%E0%B8%A2?type=used&page_number=49&page_size=26","2021 Mercedes-Benz S560 3.0 W222 (ปี 13-21) e AMG Premium ...","2,150,000 บาท","Benz S560e AMG Premium (W222) รถออกจากศูนย์เบนซ์ 26/3/2021 ไมล์ 91xxx km ...","90 - 95K กม.","กรุงเทพมหานคร","","มือสอง","เกียร์อัตโนมัติ"
"1786479463-906","https://www.one2car.com/%E0%B8%A3%E0%B8%96%E0%B8%A1%E0%B8%B7%E0%B8%AD%E0%B8%AA%E0%B8%AD%E0%B8%87-%E0%B8%AA%E0%B8%B3%E0%B8%AB%E0%B8%A3%E0%B8%B1%E0%B8%9A-%E0%B8%82%E0%B8%B2%E0%B8%A2","https://www.one2car.com/%E0%B8%A3%E0%B8%96-%E0%B8%AA%E0%B8%B3%E0%B8%AB%E0%B8%A3%E0%B8%B1%E0%B8%9A-%E0%B8%82%E0%B8%B2%E0%B8%A2?type=used&page_number=49&page_size=26","2011 Toyota FORTUNER 3.0 (ปี 08-11) V SUV - 4WD","345,000 บาท","[ตัวท็อปสายลุย] Toyota Fortuner 3.0 V (4WD) ปี 2011 เครื่องดีเซล พันธุ์อึด! 🦖💥 หล่อ ล่ำ ...","180 - 185K กม.","กรุงเทพมหานคร","Toyota FORTUNER","มือสอง","เกียร์อัตโนมัติ"
"1786479463-907","https://www.one2car.com/%E0%B8%A3%E0%B8%96%E0%B8%A1%E0%B8%B7%E0%B8%AD%E0%B8%AA%E0%B8%AD%E0%B8%87-%E0%B8%AA%E0%B8%B3%E0%B8%AB%E0%B8%A3%E0%B8%B1%E0%B8%9A-%E0%B8%82%E0%B8%B2%E0%B8%A2","https://www.one2car.com/%E0%B8%A3%E0%B8%96-%E0%B8%AA%E0%B8%B3%E0%B8%AB%E0%B8%A3%E0%B8%B1%E0%B8%9A-%E0%B8%82%E0%B8%B2%E0%B8%A2?type=used&page_number=49&page_size=26","2023 Toyota Corolla Altis 1.8 (ปี 19-25) Hybrid GR Sport S...","928,000 บาท","รถสวยสภาพดี รับประกัน คุณภาพ #ถูกดีชัวร์ #รถมือสอง #จัดไฟแนนส์ง่ายๆ #เงื่อนไขพิเศษ ...","10 - 15K กม.","ปทุมธานี","Toyota Corolla Altis","มือสอง","เกียร์อัตโนมัติ"
"1786479463-908","https://www.one2car.com/%E0%B8%A3%E0%B8%96%E0%B8%A1%E0%B8%B7%E0%B8%AD%E0%B8%AA%E0%B8%AD%E0%B8%87-%E0%B8%AA%E0%B8%B3%E0%B8%AB%E0%B8%A3%E0%B8%B1%E0%B8%9A-%E0%B8%82%E0%B8%B2%E0%B8%A2","https://www.one2car.com/%E0%B8%A3%E0%B8%96-%E0%B8%AA%E0%B8%B3%E0%B8%AB%E0%B8%A3%E0%B8%B1%E0%B8%9A-%E0%B8%82%E0%B8%B2%E0%B8%A2?type=used&page_number=49&page_size=26","2015 Toyota VELLFIRE 2.5 (ปี 15-23) Van - AT","1,200,000 บาท","Low Mileage Excellent Condition Accident Free Excellent Service Record","95 - 100K กม.","กรุงเทพมหานคร","Toyota VELLFIRE","มือสอง","เกียร์อัตโนมัติ"
"1786479463-909","https://www.one2car.com/%E0%B8%A3%E0%B8%96%E0%B8%A1%E0%B8%B7%E0%B8%AD%E0%B8%AA%E0%B8%AD%E0%B8%87-%E0%B8%AA%E0%B8%B3%E0%B8%AB%E0%B8%A3%E0%B8%B1%E0%B8%9A-%E0%B8%82%E0%B8%B2%E0%B8%A2","https://www.one2car.com/%E0%B8%A3%E0%B8%96-%E0%B8%AA%E0%B8%B3%E0%B8%AB%E0%B8%A3%E0%B8%B1%E0%B8%9A-%E0%B8%82%E0%B8%B2%E0%B8%A2?type=used&page_number=49&page_size=26","2024 Toyota HILUX REVO 2.4 Smart Cab Z Edition Mid Pickup ...","628,000 บาท","รถสวยสภาพดี รับประกัน คุณภาพ #ถูกดีชัวร์ #รถมือสอง #จัดไฟแนนส์ง่ายๆ #เงื่อนไขพิเศษ ...","5 - 10K กม.","ปทุมธานี","Toyota HILUX REVO","มือสอง","เกียร์อัตโนมัติ"
"1786479463-910","https://www.one2car.com/%E0%B8%A3%E0%B8%96%E0%B8%A1%E0%B8%B7%E0%B8%AD%E0%B8%AA%E0%B8%AD%E0%B8%87-%E0%B8%AA%E0%B8%B3%E0%B8%AB%E0%B8%A3%E0%B8%B1%E0%B8%9A-%E0%B8%82%E0%B8%B2%E0%B8%A2","https://www.one2car.com/%E0%B8%A3%E0%B8%96-%E0%B8%AA%E0%B8%B3%E0%B8%AB%E0%B8%A3%E0%B8%B1%E0%B8%9A-%E0%B8%82%E0%B8%B2%E0%B8%A2?type=used&page_number=49&page_size=26","2013 Toyota VIOS 1.5 (ปี 07-13) E Sedan","185,000 บาท","2013 Toyota Vios 1.5 (ปี 07-13) E Sedan ยอดเจริญยนต์ - รับปิดบัญชี - รับรีไฟแนนท์ - ...","160 - 165K กม.","ปทุมธานี","Toyota VIOS","มือสอง","เกียร์อัตโนมัติ"
"1786479463-911","https://www.one2car.com/%E0%B8%A3%E0%B8%96%E0%B8%A1%E0%B8%B7%E0%B8%AD%E0%B8%AA%E0%B8%AD%E0%B8%87-%E0%B8%AA%E0%B8%B3%E0%B8%AB%E0%B8%A3%E0%B8%B1%E0%B8%9A-%E0%B8%82%E0%B8%B2%E0%B8%A2","https://www.one2car.com/%E0%B8%A3%E0%B8%96-%E0%B8%AA%E0%B8%B3%E0%B8%AB%E0%B8%A3%E0%B8%B1%E0%B8%9A-%E0%B8%82%E0%B8%B2%E0%B8%A2?type=used&page_number=49&page_size=26","2020 Audi Q2 1.4 (ปี 17-22) TFSI SUV - AT","599,000 บาท","🚗 AUDI Q2 35 TFSI ปี 2020 สีแดง เจ้าของผู้หญิงใช้เอง ขายเองค่ะ 💰 ราคา 599,000 บาท ...","65 - 70K กม.","ปทุมธานี","","มือสอง","เกียร์อัตโนมัติ"
"1786479463-912","https://www.one2car.com/%E0%B8%A3%E0%B8%96%E0%B8%A1%E0%B8%B7%E0%B8%AD%E0%B8%AA%E0%B8%AD%E0%B8%87-%E0%B8%AA%E0%B8%B3%E0%B8%AB%E0%B8%A3%E0%B8%B1%E0%B8%9A-%E0%B8%82%E0%B8%B2%E0%B8%A2","https://www.one2car.com/%E0%B8%A3%E0%B8%96-%E0%B8%AA%E0%B8%B3%E0%B8%AB%E0%B8%A3%E0%B8%B1%E0%B8%9A-%E0%B8%82%E0%B8%B2%E0%B8%A2?type=used&page_number=49&page_size=26","2016 Honda CIVIC 1.8 FC (ปี 16-20) EL Sedan","369,000 บาท","Honda Civic 2016 EL Good condition One owner 2 key","205 - 210K กม.","ภูเก็ต","Honda CIVIC","มือสอง","เกียร์อัตโนมัติ"
"1786479463-913","https://www.one2car.com/%E0%B8%A3%E0%B8%96%E0%B8%A1%E0%B8%B7%E0%B8%AD%E0%B8%AA%E0%B8%AD%E0%B8%87-%E0%B8%AA%E0%B8%B3%E0%B8%AB%E0%B8%A3%E0%B8%B1%E0%B8%9A-%E0%B8%82%E0%B8%B2%E0%B8%A2","https://www.one2car.com/%E0%B8%A3%E0%B8%96-%E0%B8%AA%E0%B8%B3%E0%B8%AB%E0%B8%A3%E0%B8%B1%E0%B8%9A-%E0%B8%82%E0%B8%B2%E0%B8%A2?type=used&page_number=49&page_size=26","2018 Toyota SIENTA 1.5 (ปี 16-23) V Wagon","420,000 บาท","TOYOTA Sienta 1.5V ปี 2018 สีขาว . ติดต่อสอบถาม สายตรง **** ( คุณหญิง ) , **** ( คุณปิง ) ...","170 - 175K กม.","นครราชสีมา","Toyota SIENTA","มือสอง","เกียร์อัตโนมัติ"
"1786479463-914","https://www.one2car.com/%E0%B8%A3%E0%B8%96%E0%B8%A1%E0%B8%B7%E0%B8%AD%E0%B8%AA%E0%B8%AD%E0%B8%87-%E0%B8%AA%E0%B8%B3%E0%B8%AB%E0%B8%A3%E0%B8%B1%E0%B8%9A-%E0%B8%82%E0%B8%B2%E0%B8%A2","https://www.one2car.com/%E0%B8%A3%E0%B8%96-%E0%B8%AA%E0%B8%B3%E0%B8%AB%E0%B8%A3%E0%B8%B1%E0%B8%9A-%E0%B8%82%E0%B8%B2%E0%B8%A2?type=used&page_number=49&page_size=26","2021 Nissan ALMERA 1.0 (ปี 19-25) VL Sedan","419,000 บาท","NISSAN ALMERA 1.0 VL ปี 2021 สีขาว . ติดต่อสอบถาม สายตรง **** ( คุณหญิง ) **** ( คุณปิง ) ...","130 - 135K กม.","นครราชสีมา","Nissan ALMERA","มือสอง","เกียร์อัตโนมัติ"
"1786479463-915","https://www.one2car.com/%E0%B8%A3%E0%B8%96%E0%B8%A1%E0%B8%B7%E0%B8%AD%E0%B8%AA%E0%B8%AD%E0%B8%87-%E0%B8%AA%E0%B8%B3%E0%B8%AB%E0%B8%A3%E0%B8%B1%E0%B8%9A-%E0%B8%82%E0%B8%B2%E0%B8%A2","https://www.one2car.com/%E0%B8%A3%E0%B8%96-%E0%B8%AA%E0%B8%B3%E0%B8%AB%E0%B8%A3%E0%B8%B1%E0%B8%9A-%E0%B8%82%E0%B8%B2%E0%B8%A2?type=used&page_number=49&page_size=26","2019 Toyota Yaris Ativ 1.2 (ปี 17-22) Mid Sedan","389,000 บาท","TOYOTA YARIS ATIV 1.2 MID ปี 2019 สีขาว . ติดต่อสอบถาม สายตรง **** ( คุณหญิง ) , **** ( ...","80 - 85K กม.","นครราชสีมา","Toyota Yaris Ativ","มือสอง","เกียร์อัตโนมัติ"
"1786479463-916","https://www.one2car.com/%E0%B8%A3%E0%B8%96%E0%B8%A1%E0%B8%B7%E0%B8%AD%E0%B8%AA%E0%B8%AD%E0%B8%87-%E0%B8%AA%E0%B8%B3%E0%B8%AB%E0%B8%A3%E0%B8%B1%E0%B8%9A-%E0%B8%82%E0%B8%B2%E0%B8%A2","https://www.one2car.com/%E0%B8%A3%E0%B8%96-%E0%B8%AA%E0%B8%B3%E0%B8%AB%E0%B8%A3%E0%B8%B1%E0%B8%9A-%E0%B8%82%E0%B8%B2%E0%B8%A2?type=used&page_number=49&page_size=26","2020 Mitsubishi TRITON 2.5 Mega Cab (ปี 18-23) GLX Limited...","344,000 บาท","ยอดเจริญยนต์ - รับปิดบัญชี - รับรีไฟแนนท์ - ซื้อ-ขาย แลกเปลื่ยน ให้ราคาสูง (*)รถสวยทุกคัน ...","40 - 45K กม.","ปทุมธานี","Mitsubishi TRITON","มือสอง","เกียร์ธรรมดา"
"1786479463-917","https://www.one2car.com/%E0%B8%A3%E0%B8%96%E0%B8%A1%E0%B8%B7%E0%B8%AD%E0%B8%AA%E0%B8%AD%E0%B8%87-%E0%B8%AA%E0%B8%B3%E0%B8%AB%E0%B8%A3%E0%B8%B1%E0%B8%9A-%E0%B8%82%E0%B8%B2%E0%B8%A2","https://www.one2car.com/%E0%B8%A3%E0%B8%96-%E0%B8%AA%E0%B8%B3%E0%B8%AB%E0%B8%A3%E0%B8%B1%E0%B8%9A-%E0%B8%82%E0%B8%B2%E0%B8%A2?type=used&page_number=49&page_size=26","2022 Nissan Kicks 1.2 (ปี 20-26) VL SUV - AT","450,000 บาท","มือแรก Nissan Kicsks e-Power Gen 2 รุ่น VL อยู่ในระยะรับประกันอีก 1 ...","85 - 90K กม.","ปทุมธานี","","มือสอง","เกียร์อัตโนมัติ"
"1786479463-918","https://www.one2car.com/%E0%B8%A3%E0%B8%96%E0%B8%A1%E0%B8%B7%E0%B8%AD%E0%B8%AA%E0%B8%AD%E0%B8%87-%E0%B8%AA%E0%B8%B3%E0%B8%AB%E0%B8%A3%E0%B8%B1%E0%B8%9A-%E0%B8%82%E0%B8%B2%E0%B8%A2","https://www.one2car.com/%E0%B8%A3%E0%B8%96-%E0%B8%AA%E0%B8%B3%E0%B8%AB%E0%B8%A3%E0%B8%B1%E0%B8%9A-%E0%B8%82%E0%B8%B2%E0%B8%A2?type=used&page_number=49&page_size=26","2017 Honda CIVIC 1.8 FC (ปี 16-20) EL Sedan","428,000 บาท","2017 Honda Civic 1.8 FC (ปี 16-20) EL i-VTEC Sedan การันตีรถบ้านมือเดียวไมล์แท้ ...","265 - 270K กม.","ปทุมธานี","Honda CIVIC","มือสอง","เกียร์อัตโนมัติ"
"1786479463-919","https://www.one2car.com/%E0%B8%A3%E0%B8%96%E0%B8%A1%E0%B8%B7%E0%B8%AD%E0%B8%AA%E0%B8%AD%E0%B8%87-%E0%B8%AA%E0%B8%B3%E0%B8%AB%E0%B8%A3%E0%B8%B1%E0%B8%9A-%E0%B8%82%E0%B8%B2%E0%B8%A2","https://www.one2car.com/%E0%B8%A3%E0%B8%96-%E0%B8%AA%E0%B8%B3%E0%B8%AB%E0%B8%A3%E0%B8%B1%E0%B8%9A-%E0%B8%82%E0%B8%B2%E0%B8%A2?type=used&page_number=49&page_size=26","2012 BMW X1 2.0 E84 (ปี 09-15) sDrive18i SUV","308,000 บาท","BMW.X1 ราคา 398,000.- ออกรถ 0 บาท ผ่อนเดือนละ 8,000.-/6ปี การันตีรถบ้านมือเดียว ไมล์แท้ ...","175 - 180K กม.","ปทุมธานี","BMW X1","มือสอง","เกียร์อัตโนมัติ"
